{"algorithm":"OpenAPSSMBDynamicISFPlugin","input":{"glucoseStatus":{"glucose":254,"noise":0,"delta":8,"short_avgdelta":7.94,"long_avgdelta":0.91,"date":1703246751275},"currenttemp":{"temp":"absolute","duration":75,"rate":0,"minutesrunning":45},"iob_data":[{"iob":5.009,"basaliob":-0.44,"bolussnooze":2.9818,"activity":0.0316,"lastBolusTime":1703246571000,"time":"2023-12-22T12:06:28.871Z","iobWithZeroTemp":{"iob":5.009,"basaliob":-0.44,"bolussnooze":2.9818,"activity":0.0316,"lastBolusTime":1703246571000,"time":"2023-12-22T12:06:28.871Z"}},{"iob":4.845,"basaliob":-0.42,"bolussnooze":2.7785,"activity":0.0341,"lastBolusTime":1703246571000,"time":"2023-12-22T12:11:28.871Z","iobWithZeroTemp":{"iob":4.818,"basaliob":-0.447,"bolussnooze":2.7785,"activity":0.0341,"lastBolusTime":1703246571000,"time":"2023-12-22T12:11:28.871Z"}},{"iob":4.669,"basaliob":-0.401,"bolussnooze":2.5578,"activity":0.0358,"lastBolusTime":1703246571000,"time":"2023-12-22T12:16:28.871Z","iobWithZeroTemp":{"iob":4.609,"basaliob":-0.461,"bolussnooze":2.5578,"activity":0.0357,"lastBolusTime":1703246571000,"time":"2023-12-22T12:16:28.871Z"}},{"iob":4.487,"basaliob":-0.381,"bolussnooze":2.3312,"activity":0.037,"lastBolusTime":1703246571000,"time":"2023-12-22T12:21:28.871Z","iobWithZeroTemp":{"iob":4.395,"basaliob":-0.473,"bolussnooze":2.3312,"activity":0.0368,"lastBolusTime":1703246571000,"time":"2023-12-22T12:21:28.871Z"}},{"iob":4.3,"basaliob":-0.362,"bolussnooze":2.1068,"activity":0.0378,"lastBolusTime":1703246571000,"time":"2023-12-22T12:26:28.871Z","iobWithZeroTemp":{"iob":4.175,"basaliob":-0.487,"bolussnooze":2.1068,"activity":0.0375,"lastBolusTime":1703246571000,"time":"2023-12-22T12:26:28.871Z"}},{"iob":4.11,"basaliob":-0.343,"bolussnooze":1.8903,"activity":0.0381,"lastBolusTime":1703246571000,"time":"2023-12-22T12:31:28.871Z","iobWithZeroTemp":{"iob":3.954,"basaliob":-0.499,"bolussnooze":1.8903,"activity":0.0376,"lastBolusTime":1703246571000,"time":"2023-12-22T12:31:28.871Z"}},{"iob":3.92,"basaliob":-0.325,"bolussnooze":1.6853,"activity":0.0381,"lastBolusTime":1703246571000,"time":"2023-12-22T12:36:28.871Z","iobWithZeroTemp":{"iob":3.734,"basaliob":-0.511,"bolussnooze":1.6853,"activity":0.0374,"lastBolusTime":1703246571000,"time":"2023-12-22T12:36:28.871Z"}},{"iob":3.73,"basaliob":-0.307,"bolussnooze":1.4942,"activity":0.0377,"lastBolusTime":1703246571000,"time":"2023-12-22T12:41:28.871Z","iobWithZeroTemp":{"iob":3.514,"basaliob":-0.523,"bolussnooze":1.4942,"activity":0.0368,"lastBolusTime":1703246571000,"time":"2023-12-22T12:41:28.871Z"}},{"iob":3.543,"basaliob":-0.29,"bolussnooze":1.3182,"activity":0.0372,"lastBolusTime":1703246571000,"time":"2023-12-22T12:46:28.871Z","iobWithZeroTemp":{"iob":3.299,"basaliob":-0.534,"bolussnooze":1.3182,"activity":0.0361,"lastBolusTime":1703246571000,"time":"2023-12-22T12:46:28.871Z"}},{"iob":3.359,"basaliob":-0.273,"bolussnooze":1.1577,"activity":0.0364,"lastBolusTime":1703246571000,"time":"2023-12-22T12:51:28.871Z","iobWithZeroTemp":{"iob":3.087,"basaliob":-0.545,"bolussnooze":1.1577,"activity":0.0351,"lastBolusTime":1703246571000,"time":"2023-12-22T12:51:28.871Z"}},{"iob":3.179,"basaliob":-0.257,"bolussnooze":1.0125,"activity":0.0355,"lastBolusTime":1703246571000,"time":"2023-12-22T12:56:28.871Z","iobWithZeroTemp":{"iob":2.881,"basaliob":-0.555,"bolussnooze":1.0125,"activity":0.034,"lastBolusTime":1703246571000,"time":"2023-12-22T12:56:28.871Z"}},{"iob":3.005,"basaliob":-0.241,"bolussnooze":0.8821,"activity":0.0345,"lastBolusTime":1703246571000,"time":"2023-12-22T13:01:28.871Z","iobWithZeroTemp":{"iob":2.682,"basaliob":-0.564,"bolussnooze":0.8821,"activity":0.0327,"lastBolusTime":1703246571000,"time":"2023-12-22T13:01:28.871Z"}},{"iob":2.835,"basaliob":-0.226,"bolussnooze":0.7658,"activity":0.0333,"lastBolusTime":1703246571000,"time":"2023-12-22T13:06:28.871Z","iobWithZeroTemp":{"iob":2.488,"basaliob":-0.573,"bolussnooze":0.7658,"activity":0.0313,"lastBolusTime":1703246571000,"time":"2023-12-22T13:06:28.871Z"}},{"iob":2.671,"basaliob":-0.212,"bolussnooze":0.6625,"activity":0.0321,"lastBolusTime":1703246571000,"time":"2023-12-22T13:11:28.871Z","iobWithZeroTemp":{"iob":2.301,"basaliob":-0.582,"bolussnooze":0.6625,"activity":0.0299,"lastBolusTime":1703246571000,"time":"2023-12-22T13:11:28.871Z"}},{"iob":2.513,"basaliob":-0.199,"bolussnooze":0.5714,"activity":0.0309,"lastBolusTime":1703246571000,"time":"2023-12-22T13:16:28.871Z","iobWithZeroTemp":{"iob":2.122,"basaliob":-0.59,"bolussnooze":0.5714,"activity":0.0285,"lastBolusTime":1703246571000,"time":"2023-12-22T13:16:28.871Z"}},{"iob":2.362,"basaliob":-0.186,"bolussnooze":0.4913,"activity":0.0296,"lastBolusTime":1703246571000,"time":"2023-12-22T13:21:28.871Z","iobWithZeroTemp":{"iob":1.95,"basaliob":-0.598,"bolussnooze":0.4913,"activity":0.0269,"lastBolusTime":1703246571000,"time":"2023-12-22T13:21:28.871Z"}},{"iob":2.217,"basaliob":-0.174,"bolussnooze":0.4211,"activity":0.0283,"lastBolusTime":1703246571000,"time":"2023-12-22T13:26:28.871Z","iobWithZeroTemp":{"iob":1.786,"basaliob":-0.605,"bolussnooze":0.4211,"activity":0.0254,"lastBolusTime":1703246571000,"time":"2023-12-22T13:26:28.871Z"}},{"iob":2.079,"basaliob":-0.162,"bolussnooze":0.3599,"activity":0.027,"lastBolusTime":1703246571000,"time":"2023-12-22T13:31:28.871Z","iobWithZeroTemp":{"iob":1.629,"basaliob":-0.612,"bolussnooze":0.3599,"activity":0.0239,"lastBolusTime":1703246571000,"time":"2023-12-22T13:31:28.871Z"}},{"iob":1.948,"basaliob":-0.151,"bolussnooze":0.3068,"activity":0.0257,"lastBolusTime":1703246571000,"time":"2023-12-22T13:36:28.871Z","iobWithZeroTemp":{"iob":1.481,"basaliob":-0.618,"bolussnooze":0.3068,"activity":0.0224,"lastBolusTime":1703246571000,"time":"2023-12-22T13:36:28.871Z"}},{"iob":1.822,"basaliob":-0.141,"bolussnooze":0.2607,"activity":0.0244,"lastBolusTime":1703246571000,"time":"2023-12-22T13:41:28.871Z","iobWithZeroTemp":{"iob":1.338,"basaliob":-0.625,"bolussnooze":0.2607,"activity":0.0209,"lastBolusTime":1703246571000,"time":"2023-12-22T13:41:28.871Z"}},{"iob":1.703,"basaliob":-0.131,"bolussnooze":0.2209,"activity":0.0231,"lastBolusTime":1703246571000,"time":"2023-12-22T13:46:28.871Z","iobWithZeroTemp":{"iob":1.204,"basaliob":-0.63,"bolussnooze":0.2209,"activity":0.0194,"lastBolusTime":1703246571000,"time":"2023-12-22T13:46:28.871Z"}},{"iob":1.591,"basaliob":-0.122,"bolussnooze":0.1867,"activity":0.0219,"lastBolusTime":1703246571000,"time":"2023-12-22T13:51:28.871Z","iobWithZeroTemp":{"iob":1.077,"basaliob":-0.636,"bolussnooze":0.1867,"activity":0.018,"lastBolusTime":1703246571000,"time":"2023-12-22T13:51:28.871Z"}},{"iob":1.484,"basaliob":-0.113,"bolussnooze":0.1573,"activity":0.0207,"lastBolusTime":1703246571000,"time":"2023-12-22T13:56:28.871Z","iobWithZeroTemp":{"iob":0.957,"basaliob":-0.64,"bolussnooze":0.1573,"activity":0.0167,"lastBolusTime":1703246571000,"time":"2023-12-22T13:56:28.871Z"}},{"iob":1.384,"basaliob":-0.105,"bolussnooze":0.1322,"activity":0.0195,"lastBolusTime":1703246571000,"time":"2023-12-22T14:01:28.871Z","iobWithZeroTemp":{"iob":0.844,"basaliob":-0.645,"bolussnooze":0.1322,"activity":0.0153,"lastBolusTime":1703246571000,"time":"2023-12-22T14:01:28.871Z"}},{"iob":1.288,"basaliob":-0.098,"bolussnooze":0.1107,"activity":0.0184,"lastBolusTime":1703246571000,"time":"2023-12-22T14:06:28.871Z","iobWithZeroTemp":{"iob":0.736,"basaliob":-0.65,"bolussnooze":0.1107,"activity":0.0141,"lastBolusTime":1703246571000,"time":"2023-12-22T14:06:28.871Z"}},{"iob":1.198,"basaliob":-0.091,"bolussnooze":0.0924,"activity":0.0173,"lastBolusTime":1703246571000,"time":"2023-12-22T14:11:28.871Z","iobWithZeroTemp":{"iob":0.635,"basaliob":-0.654,"bolussnooze":0.0924,"activity":0.0128,"lastBolusTime":1703246571000,"time":"2023-12-22T14:11:28.871Z"}},{"iob":1.114,"basaliob":-0.084,"bolussnooze":0.0769,"activity":0.0163,"lastBolusTime":1703246571000,"time":"2023-12-22T14:16:28.871Z","iobWithZeroTemp":{"iob":0.54,"basaliob":-0.658,"bolussnooze":0.0769,"activity":0.0117,"lastBolusTime":1703246571000,"time":"2023-12-22T14:16:28.871Z"}},{"iob":1.035,"basaliob":-0.078,"bolussnooze":0.0638,"activity":0.0153,"lastBolusTime":1703246571000,"time":"2023-12-22T14:21:28.871Z","iobWithZeroTemp":{"iob":0.451,"basaliob":-0.662,"bolussnooze":0.0638,"activity":0.0105,"lastBolusTime":1703246571000,"time":"2023-12-22T14:21:28.871Z"}},{"iob":0.961,"basaliob":-0.072,"bolussnooze":0.0527,"activity":0.0144,"lastBolusTime":1703246571000,"time":"2023-12-22T14:26:28.871Z","iobWithZeroTemp":{"iob":0.368,"basaliob":-0.665,"bolussnooze":0.0527,"activity":0.0095,"lastBolusTime":1703246571000,"time":"2023-12-22T14:26:28.871Z"}},{"iob":0.892,"basaliob":-0.066,"bolussnooze":0.0434,"activity":0.0135,"lastBolusTime":1703246571000,"time":"2023-12-22T14:31:28.871Z","iobWithZeroTemp":{"iob":0.291,"basaliob":-0.667,"bolussnooze":0.0434,"activity":0.0085,"lastBolusTime":1703246571000,"time":"2023-12-22T14:31:28.871Z"}},{"iob":0.827,"basaliob":-0.061,"bolussnooze":0.0356,"activity":0.0126,"lastBolusTime":1703246571000,"time":"2023-12-22T14:36:28.871Z","iobWithZeroTemp":{"iob":0.218,"basaliob":-0.67,"bolussnooze":0.0356,"activity":0.0075,"lastBolusTime":1703246571000,"time":"2023-12-22T14:36:28.871Z"}},{"iob":0.765,"basaliob":-0.057,"bolussnooze":0.029,"activity":0.0118,"lastBolusTime":1703246571000,"time":"2023-12-22T14:41:28.871Z","iobWithZeroTemp":{"iob":0.148,"basaliob":-0.674,"bolussnooze":0.029,"activity":0.0066,"lastBolusTime":1703246571000,"time":"2023-12-22T14:41:28.871Z"}},{"iob":0.709,"basaliob":-0.052,"bolussnooze":0.0236,"activity":0.0111,"lastBolusTime":1703246571000,"time":"2023-12-22T14:46:28.871Z","iobWithZeroTemp":{"iob":0.085,"basaliob":-0.676,"bolussnooze":0.0236,"activity":0.0058,"lastBolusTime":1703246571000,"time":"2023-12-22T14:46:28.871Z"}},{"iob":0.655,"basaliob":-0.048,"bolussnooze":0.019,"activity":0.0103,"lastBolusTime":1703246571000,"time":"2023-12-22T14:51:28.871Z","iobWithZeroTemp":{"iob":0.025,"basaliob":-0.678,"bolussnooze":0.019,"activity":0.0049,"lastBolusTime":1703246571000,"time":"2023-12-22T14:51:28.871Z"}},{"iob":0.606,"basaliob":-0.044,"bolussnooze":0.0153,"activity":0.0096,"lastBolusTime":1703246571000,"time":"2023-12-22T14:56:28.871Z","iobWithZeroTemp":{"iob":-0.03,"basaliob":-0.68,"bolussnooze":0.0153,"activity":0.0041,"lastBolusTime":1703246571000,"time":"2023-12-22T14:56:28.871Z"}},{"iob":0.559,"basaliob":-0.041,"bolussnooze":0.0122,"activity":0.0089,"lastBolusTime":1703246571000,"time":"2023-12-22T15:01:28.871Z","iobWithZeroTemp":{"iob":-0.083,"basaliob":-0.683,"bolussnooze":0.0122,"activity":0.0033,"lastBolusTime":1703246571000,"time":"2023-12-22T15:01:28.871Z"}},{"iob":0.515,"basaliob":-0.038,"bolussnooze":0.0097,"activity":0.0084,"lastBolusTime":1703246571000,"time":"2023-12-22T15:06:28.871Z","iobWithZeroTemp":{"iob":-0.132,"basaliob":-0.685,"bolussnooze":0.0097,"activity":0.0027,"lastBolusTime":1703246571000,"time":"2023-12-22T15:06:28.871Z"}},{"iob":0.475,"basaliob":-0.035,"bolussnooze":0.0076,"activity":0.0077,"lastBolusTime":1703246571000,"time":"2023-12-22T15:11:28.871Z","iobWithZeroTemp":{"iob":-0.176,"basaliob":-0.686,"bolussnooze":0.0076,"activity":0.0019,"lastBolusTime":1703246571000,"time":"2023-12-22T15:11:28.871Z"}},{"iob":0.438,"basaliob":-0.032,"bolussnooze":0.0059,"activity":0.0072,"lastBolusTime":1703246571000,"time":"2023-12-22T15:16:28.871Z","iobWithZeroTemp":{"iob":-0.218,"basaliob":-0.688,"bolussnooze":0.0059,"activity":0.0014,"lastBolusTime":1703246571000,"time":"2023-12-22T15:16:28.871Z"}},{"iob":0.404,"basaliob":-0.029,"bolussnooze":0.0046,"activity":0.0067,"lastBolusTime":1703246571000,"time":"2023-12-22T15:21:28.871Z","iobWithZeroTemp":{"iob":-0.256,"basaliob":-0.689,"bolussnooze":0.0046,"activity":8.0E-4,"lastBolusTime":1703246571000,"time":"2023-12-22T15:21:28.871Z"}},{"iob":0.371,"basaliob":-0.027,"bolussnooze":0.0035,"activity":0.0062,"lastBolusTime":1703246571000,"time":"2023-12-22T15:26:28.871Z","iobWithZeroTemp":{"iob":-0.293,"basaliob":-0.691,"bolussnooze":0.0035,"activity":3.0E-4,"lastBolusTime":1703246571000,"time":"2023-12-22T15:26:28.871Z"}},{"iob":0.342,"basaliob":-0.024,"bolussnooze":0.0026,"activity":0.0058,"lastBolusTime":1703246571000,"time":"2023-12-22T15:31:28.871Z","iobWithZeroTemp":{"iob":-0.325,"basaliob":-0.691,"bolussnooze":0.0026,"activity":-2.0E-4,"lastBolusTime":1703246571000,"time":"2023-12-22T15:31:28.871Z"}},{"iob":0.314,"basaliob":-0.022,"bolussnooze":0.0019,"activity":0.0053,"lastBolusTime":1703246571000,"time":"2023-12-22T15:36:28.871Z","iobWithZeroTemp":{"iob":-0.356,"basaliob":-0.692,"bolussnooze":0.0019,"activity":-8.0E-4,"lastBolusTime":1703246571000,"time":"2023-12-22T15:36:28.871Z"}},{"iob":0.288,"basaliob":-0.021,"bolussnooze":0.0014,"activity":0.0049,"lastBolusTime":1703246571000,"time":"2023-12-22T15:41:28.871Z","iobWithZeroTemp":{"iob":-0.385,"basaliob":-0.694,"bolussnooze":0.0014,"activity":-0.0012,"lastBolusTime":1703246571000,"time":"2023-12-22T15:41:28.871Z"}},{"iob":0.264,"basaliob":-0.019,"bolussnooze":0.001,"activity":0.0046,"lastBolusTime":1703246571000,"time":"2023-12-22T15:46:28.871Z","iobWithZeroTemp":{"iob":-0.412,"basaliob":-0.695,"bolussnooze":0.001,"activity":-0.0015,"lastBolusTime":1703246571000,"time":"2023-12-22T15:46:28.871Z"}},{"iob":0.243,"basaliob":-0.017,"bolussnooze":7.0E-4,"activity":0.0042,"lastBolusTime":1703246571000,"time":"2023-12-22T15:51:28.871Z","iobWithZeroTemp":{"iob":-0.435,"basaliob":-0.695,"bolussnooze":7.0E-4,"activity":-0.002,"lastBolusTime":1703246571000,"time":"2023-12-22T15:51:28.871Z"}},{"iob":0.222,"basaliob":-0.016,"bolussnooze":5.0E-4,"activity":0.0039,"lastBolusTime":1703246571000,"time":"2023-12-22T15:56:28.871Z","iobWithZeroTemp":{"iob":-0.459,"basaliob":-0.697,"bolussnooze":5.0E-4,"activity":-0.0023,"lastBolusTime":1703246571000,"time":"2023-12-22T15:56:28.871Z"}},{"iob":0.204,"basaliob":-0.014,"bolussnooze":3.0E-4,"activity":0.0036,"lastBolusTime":1703246571000,"time":"2023-12-22T16:01:28.871Z","iobWithZeroTemp":{"iob":-0.479,"basaliob":-0.697,"bolussnooze":3.0E-4,"activity":-0.0027,"lastBolusTime":1703246571000,"time":"2023-12-22T16:01:28.871Z"}}],"profile":{"max_iob":7,"type":"current","max_daily_basal":0.45,"max_basal":1.35,"min_bg":81.0000000000001,"max_bg":81.0000000000001,"target_bg":81.0000000000001,"carb_ratio":11,"sens":352.8,"max_daily_safety_multiplier":3,"current_basal_safety_multiplier":4,"lgsThreshold":65,"high_temptarget_raises_sensitivity":false,"low_temptarget_lowers_sensitivity":false,"sensitivity_raises_target":true,"resistance_lowers_target":true,"adv_target_adjustments":false,"exercise_mode":false,"half_basal_exercise_target":160,"maxCOB":120,"skip_neutral_temps":false,"remainingCarbsCap":90,"enableUAM":true,"A52_risk_enable":false,"SMBInterval":4,"enableSMB_with_COB":true,"enableSMB_with_temptarget":false,"allowSMB_with_high_temptarget":true,"enableSMB_always":true,"enableSMB_after_carbs":false,"maxSMBBasalMinutes":60,"maxUAMSMBBasalMinutes":60,"bolus_increment":0.05,"carbsReqThreshold":10,"current_basal":0.4,"temptargetSet":true,"autosens_max":1.2,"autosens_min":0.8,"out_units":"mmol\/L","variable_sens":86,"insulinDivisor":65,"TDD":13.159516833333335},"autosens_data":{"ratio":1.252603386297397},"meal_data":{"carbs":70,"mealCOB":30.66138548752833,"slopeFromMaxDeviation":0,"slopeFromMinDeviation":2.205909090909091,"lastBolusTime":1703246571000,"lastCarbTime":1703246648000},"microBolusAllowed":true,"currentTime":1703246790621,"flatBGsDetected":false,"tdd1D":36.428166666666655,"tdd7D":29.994130952380967,"tddLast24H":37.57074999999997,"tddLast4H":8.913333333333336,"tddLast8to4H":5.093333333333334},"output":{"temp":"absolute","bg":254,"tick":"+8","eventualBG":129,"targetBG":81.0000000000001,"insulinReq":-0.21,"deliverAt":"2023-12-22T12:06:30.621Z","sensitivityRatio":1.252603386297397,"variable_sens":86,"predBGs":{"IOB":[254,258,260,259,257,252,245,237,226,214,200,185,167,149,131,112,92,70,44,39],"ZT":[254,240,225,209,192,173,153,132,109,84,55,39,39,39,39,39,39,39,39,39,39,39,39,39,39,39,39,39,39,39,39,39,39,39,39,39,39,39,39,39,39,39,39,39,39,39,39,39],"COB":[254,259,262,264,265,264,262,260,257,253,249,244,240,234,229,223,217,211,205,198,191,184,177,169,161,154,146,139,133,126,121,115,110,105,101,97,93,89,86,83,80,77,75,73,70,68,67,65],"UAM":[254,261,267,271,274,276,278,278,278,278,277,276,274,273,270,268,265,262,259,256,252,248,244,239,235,229,224,218,212,205,199,193,187,181,176,171,166,162,157,153,150,146,143,140,137,134,131,129]},"reason":"COB: 30.7, Dev: 7.2, BGI: -0.8, ISF: 4.8, CR: 11, Target: 4.5, minPredBG 3.5, minGuardBG 5.5, IOBpredBG 2.2, COBpredBG 3.6, UAMpredBG 7.2; Eventual BG 7.2 >= 4.5,  insulinReq -0.21; setting 60m low temp of 0U\/h. Waiting 0m 18s to microbolus again. ","COB":30.66138548752833,"IOB":5.009,"rate":0,"duration":60,"timestamp":"2023-12-22T12:06:30.649Z"}}