{"algorithm":"OpenAPSSMBDynamicISFPlugin","input":{"glucoseStatus":{"glucose":162,"noise":0,"delta":13,"short_avgdelta":16.44,"long_avgdelta":11.73,"date":1703182846818},"currenttemp":{"temp":"absolute","duration":10,"rate":1.32,"minutesrunning":5},"iob_data":[{"iob":2.488,"basaliob":-0.502,"bolussnooze":0.2221,"activity":0.0273,"lastBolusTime":1703182596000,"time":"2023-12-21T18:21:07.333Z","iobWithZeroTemp":{"iob":2.488,"basaliob":-0.502,"bolussnooze":0.2221,"activity":0.0273,"lastBolusTime":1703182596000,"time":"2023-12-21T18:21:07.333Z"}},{"iob":2.353,"basaliob":-0.474,"bolussnooze":0.189,"activity":0.0266,"lastBolusTime":1703182596000,"time":"2023-12-21T18:26:07.333Z","iobWithZeroTemp":{"iob":2.326,"basaliob":-0.501,"bolussnooze":0.189,"activity":0.0266,"lastBolusTime":1703182596000,"time":"2023-12-21T18:26:07.333Z"}},{"iob":2.222,"basaliob":-0.446,"bolussnooze":0.1604,"activity":0.0258,"lastBolusTime":1703182596000,"time":"2023-12-21T18:31:07.333Z","iobWithZeroTemp":{"iob":2.162,"basaliob":-0.506,"bolussnooze":0.1604,"activity":0.0257,"lastBolusTime":1703182596000,"time":"2023-12-21T18:31:07.333Z"}},{"iob":2.095,"basaliob":-0.419,"bolussnooze":0.1357,"activity":0.025,"lastBolusTime":1703182596000,"time":"2023-12-21T18:36:07.333Z","iobWithZeroTemp":{"iob":2.003,"basaliob":-0.511,"bolussnooze":0.1357,"activity":0.0248,"lastBolusTime":1703182596000,"time":"2023-12-21T18:36:07.333Z"}},{"iob":1.972,"basaliob":-0.394,"bolussnooze":0.1146,"activity":0.024,"lastBolusTime":1703182596000,"time":"2023-12-21T18:41:07.333Z","iobWithZeroTemp":{"iob":1.847,"basaliob":-0.519,"bolussnooze":0.1146,"activity":0.0237,"lastBolusTime":1703182596000,"time":"2023-12-21T18:41:07.333Z"}},{"iob":1.855,"basaliob":-0.369,"bolussnooze":0.0964,"activity":0.023,"lastBolusTime":1703182596000,"time":"2023-12-21T18:46:07.333Z","iobWithZeroTemp":{"iob":1.699,"basaliob":-0.525,"bolussnooze":0.0964,"activity":0.0225,"lastBolusTime":1703182596000,"time":"2023-12-21T18:46:07.333Z"}},{"iob":1.742,"basaliob":-0.346,"bolussnooze":0.0809,"activity":0.0221,"lastBolusTime":1703182596000,"time":"2023-12-21T18:51:07.333Z","iobWithZeroTemp":{"iob":1.556,"basaliob":-0.532,"bolussnooze":0.0809,"activity":0.0214,"lastBolusTime":1703182596000,"time":"2023-12-21T18:51:07.333Z"}},{"iob":1.635,"basaliob":-0.323,"bolussnooze":0.0677,"activity":0.0211,"lastBolusTime":1703182596000,"time":"2023-12-21T18:56:07.333Z","iobWithZeroTemp":{"iob":1.419,"basaliob":-0.539,"bolussnooze":0.0677,"activity":0.0202,"lastBolusTime":1703182596000,"time":"2023-12-21T18:56:07.333Z"}},{"iob":1.532,"basaliob":-0.302,"bolussnooze":0.0564,"activity":0.0201,"lastBolusTime":1703182596000,"time":"2023-12-21T19:01:07.333Z","iobWithZeroTemp":{"iob":1.288,"basaliob":-0.546,"bolussnooze":0.0564,"activity":0.019,"lastBolusTime":1703182596000,"time":"2023-12-21T19:01:07.333Z"}},{"iob":1.434,"basaliob":-0.282,"bolussnooze":0.0469,"activity":0.0191,"lastBolusTime":1703182596000,"time":"2023-12-21T19:06:07.333Z","iobWithZeroTemp":{"iob":1.162,"basaliob":-0.554,"bolussnooze":0.0469,"activity":0.0178,"lastBolusTime":1703182596000,"time":"2023-12-21T19:06:07.333Z"}},{"iob":1.34,"basaliob":-0.264,"bolussnooze":0.0388,"activity":0.0181,"lastBolusTime":1703182596000,"time":"2023-12-21T19:11:07.333Z","iobWithZeroTemp":{"iob":1.042,"basaliob":-0.562,"bolussnooze":0.0388,"activity":0.0166,"lastBolusTime":1703182596000,"time":"2023-12-21T19:11:07.333Z"}},{"iob":1.252,"basaliob":-0.246,"bolussnooze":0.0321,"activity":0.0172,"lastBolusTime":1703182596000,"time":"2023-12-21T19:16:07.333Z","iobWithZeroTemp":{"iob":0.929,"basaliob":-0.569,"bolussnooze":0.0321,"activity":0.0154,"lastBolusTime":1703182596000,"time":"2023-12-21T19:16:07.333Z"}},{"iob":1.169,"basaliob":-0.229,"bolussnooze":0.0264,"activity":0.0162,"lastBolusTime":1703182596000,"time":"2023-12-21T19:21:07.333Z","iobWithZeroTemp":{"iob":0.822,"basaliob":-0.576,"bolussnooze":0.0264,"activity":0.0142,"lastBolusTime":1703182596000,"time":"2023-12-21T19:21:07.333Z"}},{"iob":1.09,"basaliob":-0.213,"bolussnooze":0.0216,"activity":0.0153,"lastBolusTime":1703182596000,"time":"2023-12-21T19:26:07.333Z","iobWithZeroTemp":{"iob":0.72,"basaliob":-0.583,"bolussnooze":0.0216,"activity":0.0131,"lastBolusTime":1703182596000,"time":"2023-12-21T19:26:07.333Z"}},{"iob":1.015,"basaliob":-0.198,"bolussnooze":0.0176,"activity":0.0145,"lastBolusTime":1703182596000,"time":"2023-12-21T19:31:07.333Z","iobWithZeroTemp":{"iob":0.624,"basaliob":-0.589,"bolussnooze":0.0176,"activity":0.0121,"lastBolusTime":1703182596000,"time":"2023-12-21T19:31:07.333Z"}},{"iob":0.945,"basaliob":-0.184,"bolussnooze":0.0143,"activity":0.0137,"lastBolusTime":1703182596000,"time":"2023-12-21T19:36:07.333Z","iobWithZeroTemp":{"iob":0.533,"basaliob":-0.596,"bolussnooze":0.0143,"activity":0.011,"lastBolusTime":1703182596000,"time":"2023-12-21T19:36:07.333Z"}},{"iob":0.878,"basaliob":-0.171,"bolussnooze":0.0115,"activity":0.0128,"lastBolusTime":1703182596000,"time":"2023-12-21T19:41:07.333Z","iobWithZeroTemp":{"iob":0.447,"basaliob":-0.602,"bolussnooze":0.0115,"activity":0.0099,"lastBolusTime":1703182596000,"time":"2023-12-21T19:41:07.333Z"}},{"iob":0.817,"basaliob":-0.158,"bolussnooze":0.0092,"activity":0.0121,"lastBolusTime":1703182596000,"time":"2023-12-21T19:46:07.333Z","iobWithZeroTemp":{"iob":0.367,"basaliob":-0.608,"bolussnooze":0.0092,"activity":0.009,"lastBolusTime":1703182596000,"time":"2023-12-21T19:46:07.333Z"}},{"iob":0.758,"basaliob":-0.147,"bolussnooze":0.0073,"activity":0.0114,"lastBolusTime":1703182596000,"time":"2023-12-21T19:51:07.333Z","iobWithZeroTemp":{"iob":0.291,"basaliob":-0.614,"bolussnooze":0.0073,"activity":0.0081,"lastBolusTime":1703182596000,"time":"2023-12-21T19:51:07.333Z"}},{"iob":0.703,"basaliob":-0.136,"bolussnooze":0.0058,"activity":0.0106,"lastBolusTime":1703182596000,"time":"2023-12-21T19:56:07.333Z","iobWithZeroTemp":{"iob":0.219,"basaliob":-0.62,"bolussnooze":0.0058,"activity":0.0071,"lastBolusTime":1703182596000,"time":"2023-12-21T19:56:07.333Z"}},{"iob":0.652,"basaliob":-0.126,"bolussnooze":0.0045,"activity":0.0099,"lastBolusTime":1703182596000,"time":"2023-12-21T20:01:07.333Z","iobWithZeroTemp":{"iob":0.153,"basaliob":-0.625,"bolussnooze":0.0045,"activity":0.0062,"lastBolusTime":1703182596000,"time":"2023-12-21T20:01:07.333Z"}},{"iob":0.604,"basaliob":-0.116,"bolussnooze":0.0035,"activity":0.0093,"lastBolusTime":1703182596000,"time":"2023-12-21T20:06:07.333Z","iobWithZeroTemp":{"iob":0.09,"basaliob":-0.63,"bolussnooze":0.0035,"activity":0.0054,"lastBolusTime":1703182596000,"time":"2023-12-21T20:06:07.333Z"}},{"iob":0.558,"basaliob":-0.108,"bolussnooze":0.0027,"activity":0.0087,"lastBolusTime":1703182596000,"time":"2023-12-21T20:11:07.333Z","iobWithZeroTemp":{"iob":0.031,"basaliob":-0.635,"bolussnooze":0.0027,"activity":0.0047,"lastBolusTime":1703182596000,"time":"2023-12-21T20:11:07.333Z"}},{"iob":0.517,"basaliob":-0.099,"bolussnooze":0.002,"activity":0.0081,"lastBolusTime":1703182596000,"time":"2023-12-21T20:16:07.333Z","iobWithZeroTemp":{"iob":-0.023,"basaliob":-0.639,"bolussnooze":0.002,"activity":0.0039,"lastBolusTime":1703182596000,"time":"2023-12-21T20:16:07.333Z"}},{"iob":0.477,"basaliob":-0.092,"bolussnooze":0.0015,"activity":0.0075,"lastBolusTime":1703182596000,"time":"2023-12-21T20:21:07.333Z","iobWithZeroTemp":{"iob":-0.075,"basaliob":-0.644,"bolussnooze":0.0015,"activity":0.0032,"lastBolusTime":1703182596000,"time":"2023-12-21T20:21:07.333Z"}},{"iob":0.441,"basaliob":-0.085,"bolussnooze":0.0011,"activity":0.007,"lastBolusTime":1703182596000,"time":"2023-12-21T20:26:07.333Z","iobWithZeroTemp":{"iob":-0.122,"basaliob":-0.648,"bolussnooze":0.0011,"activity":0.0025,"lastBolusTime":1703182596000,"time":"2023-12-21T20:26:07.333Z"}},{"iob":0.407,"basaliob":-0.078,"bolussnooze":8.0E-4,"activity":0.0065,"lastBolusTime":1703182596000,"time":"2023-12-21T20:31:07.333Z","iobWithZeroTemp":{"iob":-0.167,"basaliob":-0.652,"bolussnooze":8.0E-4,"activity":0.0019,"lastBolusTime":1703182596000,"time":"2023-12-21T20:31:07.333Z"}},{"iob":0.375,"basaliob":-0.072,"bolussnooze":5.0E-4,"activity":0.0061,"lastBolusTime":1703182596000,"time":"2023-12-21T20:36:07.333Z","iobWithZeroTemp":{"iob":-0.209,"basaliob":-0.656,"bolussnooze":5.0E-4,"activity":0.0013,"lastBolusTime":1703182596000,"time":"2023-12-21T20:36:07.333Z"}},{"iob":0.346,"basaliob":-0.066,"bolussnooze":4.0E-4,"activity":0.0057,"lastBolusTime":1703182596000,"time":"2023-12-21T20:41:07.333Z","iobWithZeroTemp":{"iob":-0.247,"basaliob":-0.659,"bolussnooze":4.0E-4,"activity":8.0E-4,"lastBolusTime":1703182596000,"time":"2023-12-21T20:41:07.333Z"}},{"iob":0.318,"basaliob":-0.061,"bolussnooze":2.0E-4,"activity":0.0053,"lastBolusTime":1703182596000,"time":"2023-12-21T20:46:07.333Z","iobWithZeroTemp":{"iob":-0.283,"basaliob":-0.662,"bolussnooze":2.0E-4,"activity":3.0E-4,"lastBolusTime":1703182596000,"time":"2023-12-21T20:46:07.333Z"}},{"iob":0.293,"basaliob":-0.056,"bolussnooze":1.0E-4,"activity":0.0049,"lastBolusTime":1703182596000,"time":"2023-12-21T20:51:07.333Z","iobWithZeroTemp":{"iob":-0.316,"basaliob":-0.665,"bolussnooze":1.0E-4,"activity":-2.0E-4,"lastBolusTime":1703182596000,"time":"2023-12-21T20:51:07.333Z"}},{"iob":0.27,"basaliob":-0.051,"bolussnooze":1.0E-4,"activity":0.0045,"lastBolusTime":1703182596000,"time":"2023-12-21T20:56:07.333Z","iobWithZeroTemp":{"iob":-0.347,"basaliob":-0.668,"bolussnooze":1.0E-4,"activity":-7.0E-4,"lastBolusTime":1703182596000,"time":"2023-12-21T20:56:07.333Z"}},{"iob":0.248,"basaliob":-0.047,"bolussnooze":0,"activity":0.0042,"lastBolusTime":1703182596000,"time":"2023-12-21T21:01:07.333Z","iobWithZeroTemp":{"iob":-0.376,"basaliob":-0.671,"bolussnooze":0,"activity":-0.0011,"lastBolusTime":1703182596000,"time":"2023-12-21T21:01:07.333Z"}},{"iob":0.228,"basaliob":-0.043,"bolussnooze":0,"activity":0.0038,"lastBolusTime":1703182596000,"time":"2023-12-21T21:06:07.333Z","iobWithZeroTemp":{"iob":-0.402,"basaliob":-0.673,"bolussnooze":0,"activity":-0.0016,"lastBolusTime":1703182596000,"time":"2023-12-21T21:06:07.333Z"}},{"iob":0.208,"basaliob":-0.04,"bolussnooze":0,"activity":0.0036,"lastBolusTime":1703182596000,"time":"2023-12-21T21:11:07.333Z","iobWithZeroTemp":{"iob":-0.428,"basaliob":-0.676,"bolussnooze":0,"activity":-0.0019,"lastBolusTime":1703182596000,"time":"2023-12-21T21:11:07.333Z"}},{"iob":0.192,"basaliob":-0.036,"bolussnooze":0,"activity":0.0034,"lastBolusTime":1703182596000,"time":"2023-12-21T21:16:07.333Z","iobWithZeroTemp":{"iob":-0.45,"basaliob":-0.678,"bolussnooze":0,"activity":-0.0022,"lastBolusTime":1703182596000,"time":"2023-12-21T21:16:07.333Z"}},{"iob":0.175,"basaliob":-0.033,"bolussnooze":0,"activity":0.0031,"lastBolusTime":1703182596000,"time":"2023-12-21T21:21:07.333Z","iobWithZeroTemp":{"iob":-0.472,"basaliob":-0.68,"bolussnooze":0,"activity":-0.0026,"lastBolusTime":1703182596000,"time":"2023-12-21T21:21:07.333Z"}},{"iob":0.161,"basaliob":-0.03,"bolussnooze":0,"activity":0.0029,"lastBolusTime":1703182596000,"time":"2023-12-21T21:26:07.333Z","iobWithZeroTemp":{"iob":-0.49,"basaliob":-0.681,"bolussnooze":0,"activity":-0.0029,"lastBolusTime":1703182596000,"time":"2023-12-21T21:26:07.333Z"}},{"iob":0.147,"basaliob":-0.028,"bolussnooze":0,"activity":0.0026,"lastBolusTime":1703182596000,"time":"2023-12-21T21:31:07.333Z","iobWithZeroTemp":{"iob":-0.509,"basaliob":-0.684,"bolussnooze":0,"activity":-0.0032,"lastBolusTime":1703182596000,"time":"2023-12-21T21:31:07.333Z"}},{"iob":0.135,"basaliob":-0.025,"bolussnooze":0,"activity":0.0024,"lastBolusTime":1703182596000,"time":"2023-12-21T21:36:07.333Z","iobWithZeroTemp":{"iob":-0.525,"basaliob":-0.685,"bolussnooze":0,"activity":-0.0035,"lastBolusTime":1703182596000,"time":"2023-12-21T21:36:07.333Z"}},{"iob":0.123,"basaliob":-0.023,"bolussnooze":0,"activity":0.0023,"lastBolusTime":1703182596000,"time":"2023-12-21T21:41:07.333Z","iobWithZeroTemp":{"iob":-0.541,"basaliob":-0.687,"bolussnooze":0,"activity":-0.0036,"lastBolusTime":1703182596000,"time":"2023-12-21T21:41:07.333Z"}},{"iob":0.112,"basaliob":-0.021,"bolussnooze":0,"activity":0.002,"lastBolusTime":1703182596000,"time":"2023-12-21T21:46:07.333Z","iobWithZeroTemp":{"iob":-0.555,"basaliob":-0.688,"bolussnooze":0,"activity":-0.004,"lastBolusTime":1703182596000,"time":"2023-12-21T21:46:07.333Z"}},{"iob":0.102,"basaliob":-0.019,"bolussnooze":0,"activity":0.0019,"lastBolusTime":1703182596000,"time":"2023-12-21T21:51:07.333Z","iobWithZeroTemp":{"iob":-0.568,"basaliob":-0.689,"bolussnooze":0,"activity":-0.0042,"lastBolusTime":1703182596000,"time":"2023-12-21T21:51:07.333Z"}},{"iob":0.093,"basaliob":-0.017,"bolussnooze":0,"activity":0.0018,"lastBolusTime":1703182596000,"time":"2023-12-21T21:56:07.333Z","iobWithZeroTemp":{"iob":-0.58,"basaliob":-0.69,"bolussnooze":0,"activity":-0.0043,"lastBolusTime":1703182596000,"time":"2023-12-21T21:56:07.333Z"}},{"iob":0.084,"basaliob":-0.016,"bolussnooze":0,"activity":0.0016,"lastBolusTime":1703182596000,"time":"2023-12-21T22:01:07.333Z","iobWithZeroTemp":{"iob":-0.592,"basaliob":-0.692,"bolussnooze":0,"activity":-0.0045,"lastBolusTime":1703182596000,"time":"2023-12-21T22:01:07.333Z"}},{"iob":0.077,"basaliob":-0.014,"bolussnooze":0,"activity":0.0014,"lastBolusTime":1703182596000,"time":"2023-12-21T22:06:07.333Z","iobWithZeroTemp":{"iob":-0.606,"basaliob":-0.697,"bolussnooze":0,"activity":-0.0048,"lastBolusTime":1703182596000,"time":"2023-12-21T22:06:07.333Z"}},{"iob":0.07,"basaliob":-0.013,"bolussnooze":0,"activity":0.0013,"lastBolusTime":1703182596000,"time":"2023-12-21T22:11:07.333Z","iobWithZeroTemp":{"iob":-0.619,"basaliob":-0.702,"bolussnooze":0,"activity":-0.0049,"lastBolusTime":1703182596000,"time":"2023-12-21T22:11:07.333Z"}},{"iob":0.063,"basaliob":-0.012,"bolussnooze":0,"activity":0.0013,"lastBolusTime":1703182596000,"time":"2023-12-21T22:16:07.333Z","iobWithZeroTemp":{"iob":-0.632,"basaliob":-0.707,"bolussnooze":0,"activity":-0.005,"lastBolusTime":1703182596000,"time":"2023-12-21T22:16:07.333Z"}}],"profile":{"max_iob":7,"type":"current","max_daily_basal":0.45,"max_basal":1.35,"min_bg":81.0000000000001,"max_bg":81.0000000000001,"target_bg":81.0000000000001,"carb_ratio":11,"sens":352.8,"max_daily_safety_multiplier":3,"current_basal_safety_multiplier":4,"lgsThreshold":65,"high_temptarget_raises_sensitivity":false,"low_temptarget_lowers_sensitivity":false,"sensitivity_raises_target":true,"resistance_lowers_target":true,"adv_target_adjustments":false,"exercise_mode":false,"half_basal_exercise_target":160,"maxCOB":120,"skip_neutral_temps":false,"remainingCarbsCap":90,"enableUAM":true,"A52_risk_enable":false,"SMBInterval":4,"enableSMB_with_COB":true,"enableSMB_with_temptarget":false,"allowSMB_with_high_temptarget":true,"enableSMB_always":true,"enableSMB_after_carbs":false,"maxSMBBasalMinutes":60,"maxUAMSMBBasalMinutes":60,"bolus_increment":0.05,"carbsReqThreshold":10,"current_basal":0.4,"temptargetSet":true,"autosens_max":1.2,"autosens_min":0.8,"out_units":"mmol\/L","variable_sens":40.3,"insulinDivisor":65,"TDD":35.687482500000016},"autosens_data":{"ratio":1.278661785385539},"meal_data":{"carbs":55,"mealCOB":21.142325396825377,"slopeFromMaxDeviation":-1.8848333333333331,"slopeFromMinDeviation":1.6817272727272732,"lastBolusTime":1703182596000,"lastCarbTime":1703177376272},"microBolusAllowed":true,"currentTime":1703182869453,"flatBGsDetected":false,"tdd1D":29.01841666666669,"tdd7D":27.79325000000001,"tddLast24H":35.53816666666665,"tddLast4H":8.31,"tddLast8to4H":8.66},"output":{"temp":"absolute","bg":162,"tick":"+13","eventualBG":173,"targetBG":81.0000000000001,"insulinReq":1.32,"deliverAt":"2023-12-21T18:21:09.453Z","sensitivityRatio":1.278661785385539,"variable_sens":40.3,"predBGs":{"IOB":[162,165,167,169,170,171,171,171,169,168,166,163,159,156,153,150,147,144,142,139,137,135,132,131,129,127,125,124,122,121,120,119,117,116,115,115,114,113,112,112,111,110,110,109,109,109,108],"ZT":[162,156,151,146,140,135,130,125,120,116,111,107,103,99,96,93,89,87,84,81,79,77,75,74,73,72,71,70,70,69,69,69,70,70,70,71,72,73,74,75,76,77,78,80,81],"COB":[162,165,168,170,172,174,175,176,177,177,177,176,175,174,173,171,169,166,164,161,159,157,155,154,152,150,149,148,146,145,144,143,142,141,141,140,139,139,138,138,137,137,136,136,135],"UAM":[162,173,183,191,197,202,205,206,206,204,201,198,194,191,189,186,183,181,179,177,174,173,171,169,167,166,165,163,162,161,160,159,158,157,156,156,155,154,154,153,153,152,152,151,151,151,150]},"reason":"COB: 21.1, Dev: 6.2, BGI: -0.3, ISF: 2.2, CR: 11, Target: 4.5, minPredBG 7.4, minGuardBG 8.0, IOBpredBG 6.0, COBpredBG 7.5, UAMpredBG 8.3; Eventual BG 9.6 >= 4.5,  insulinReq 1.32; maxBolus 0.4. Microbolusing 0.4U. adj. req. rate: 3.15 to maxSafeBasal: 1.35, temp 1.32 < 1.35U\/hr. ","COB":21.142325396825377,"IOB":2.488,"units":0.4,"duration":30,"rate":1.35,"timestamp":"2023-12-21T18:21:09.479Z"}}