{"algorithm":"OpenAPSSMBDynamicISFPlugin","input":{"glucoseStatus":{"glucose":160,"noise":0,"delta":0,"short_avgdelta":0.5,"long_avgdelta":1.01,"date":1703457660530},"currenttemp":{"temp":"absolute","duration":30,"rate":0,"minutesrunning":90},"iob_data":[{"iob":1.716,"basaliob":-0.653,"bolussnooze":0.067,"activity":0.0159,"lastBolusTime":1703457390000,"time":"2023-12-24T22:41:29.464Z","iobWithZeroTemp":{"iob":1.716,"basaliob":-0.653,"bolussnooze":0.067,"activity":0.0159,"lastBolusTime":1703457390000,"time":"2023-12-24T22:41:29.464Z"}},{"iob":1.636,"basaliob":-0.624,"bolussnooze":0.0573,"activity":0.0159,"lastBolusTime":1703457390000,"time":"2023-12-24T22:46:29.464Z","iobWithZeroTemp":{"iob":1.606,"basaliob":-0.654,"bolussnooze":0.0573,"activity":0.0159,"lastBolusTime":1703457390000,"time":"2023-12-24T22:46:29.464Z"}},{"iob":1.557,"basaliob":-0.595,"bolussnooze":0.0488,"activity":0.0157,"lastBolusTime":1703457390000,"time":"2023-12-24T22:51:29.464Z","iobWithZeroTemp":{"iob":1.49,"basaliob":-0.662,"bolussnooze":0.0488,"activity":0.0156,"lastBolusTime":1703457390000,"time":"2023-12-24T22:51:29.464Z"}},{"iob":1.479,"basaliob":-0.566,"bolussnooze":0.0415,"activity":0.0156,"lastBolusTime":1703457390000,"time":"2023-12-24T22:56:29.464Z","iobWithZeroTemp":{"iob":1.375,"basaliob":-0.67,"bolussnooze":0.0415,"activity":0.0154,"lastBolusTime":1703457390000,"time":"2023-12-24T22:56:29.464Z"}},{"iob":1.402,"basaliob":-0.538,"bolussnooze":0.0351,"activity":0.0153,"lastBolusTime":1703457390000,"time":"2023-12-24T23:01:29.464Z","iobWithZeroTemp":{"iob":1.262,"basaliob":-0.678,"bolussnooze":0.0351,"activity":0.0149,"lastBolusTime":1703457390000,"time":"2023-12-24T23:01:29.464Z"}},{"iob":1.327,"basaliob":-0.51,"bolussnooze":0.0297,"activity":0.0149,"lastBolusTime":1703457390000,"time":"2023-12-24T23:06:29.464Z","iobWithZeroTemp":{"iob":1.152,"basaliob":-0.685,"bolussnooze":0.0297,"activity":0.0143,"lastBolusTime":1703457390000,"time":"2023-12-24T23:06:29.464Z"}},{"iob":1.254,"basaliob":-0.482,"bolussnooze":0.025,"activity":0.0144,"lastBolusTime":1703457390000,"time":"2023-12-24T23:11:29.464Z","iobWithZeroTemp":{"iob":1.044,"basaliob":-0.692,"bolussnooze":0.025,"activity":0.0136,"lastBolusTime":1703457390000,"time":"2023-12-24T23:11:29.464Z"}},{"iob":1.183,"basaliob":-0.456,"bolussnooze":0.021,"activity":0.014,"lastBolusTime":1703457390000,"time":"2023-12-24T23:16:29.464Z","iobWithZeroTemp":{"iob":0.94,"basaliob":-0.699,"bolussnooze":0.021,"activity":0.013,"lastBolusTime":1703457390000,"time":"2023-12-24T23:16:29.464Z"}},{"iob":1.115,"basaliob":-0.43,"bolussnooze":0.0176,"activity":0.0134,"lastBolusTime":1703457390000,"time":"2023-12-24T23:21:29.464Z","iobWithZeroTemp":{"iob":0.84,"basaliob":-0.705,"bolussnooze":0.0176,"activity":0.0122,"lastBolusTime":1703457390000,"time":"2023-12-24T23:21:29.464Z"}},{"iob":1.049,"basaliob":-0.405,"bolussnooze":0.0147,"activity":0.0129,"lastBolusTime":1703457390000,"time":"2023-12-24T23:26:29.464Z","iobWithZeroTemp":{"iob":0.743,"basaliob":-0.711,"bolussnooze":0.0147,"activity":0.0114,"lastBolusTime":1703457390000,"time":"2023-12-24T23:26:29.464Z"}},{"iob":0.986,"basaliob":-0.381,"bolussnooze":0.0123,"activity":0.0124,"lastBolusTime":1703457390000,"time":"2023-12-24T23:31:29.464Z","iobWithZeroTemp":{"iob":0.651,"basaliob":-0.716,"bolussnooze":0.0123,"activity":0.0107,"lastBolusTime":1703457390000,"time":"2023-12-24T23:31:29.464Z"}},{"iob":0.925,"basaliob":-0.358,"bolussnooze":0.0102,"activity":0.0118,"lastBolusTime":1703457390000,"time":"2023-12-24T23:36:29.464Z","iobWithZeroTemp":{"iob":0.562,"basaliob":-0.721,"bolussnooze":0.0102,"activity":0.0098,"lastBolusTime":1703457390000,"time":"2023-12-24T23:36:29.464Z"}},{"iob":0.867,"basaliob":-0.336,"bolussnooze":0.0084,"activity":0.0113,"lastBolusTime":1703457390000,"time":"2023-12-24T23:41:29.464Z","iobWithZeroTemp":{"iob":0.477,"basaliob":-0.726,"bolussnooze":0.0084,"activity":0.0091,"lastBolusTime":1703457390000,"time":"2023-12-24T23:41:29.464Z"}},{"iob":0.812,"basaliob":-0.315,"bolussnooze":0.0069,"activity":0.0107,"lastBolusTime":1703457390000,"time":"2023-12-24T23:46:29.464Z","iobWithZeroTemp":{"iob":0.396,"basaliob":-0.731,"bolussnooze":0.0069,"activity":0.0082,"lastBolusTime":1703457390000,"time":"2023-12-24T23:46:29.464Z"}},{"iob":0.76,"basaliob":-0.295,"bolussnooze":0.0057,"activity":0.0102,"lastBolusTime":1703457390000,"time":"2023-12-24T23:51:29.464Z","iobWithZeroTemp":{"iob":0.32,"basaliob":-0.735,"bolussnooze":0.0057,"activity":0.0075,"lastBolusTime":1703457390000,"time":"2023-12-24T23:51:29.464Z"}},{"iob":0.71,"basaliob":-0.276,"bolussnooze":0.0047,"activity":0.0097,"lastBolusTime":1703457390000,"time":"2023-12-24T23:56:29.464Z","iobWithZeroTemp":{"iob":0.247,"basaliob":-0.739,"bolussnooze":0.0047,"activity":0.0067,"lastBolusTime":1703457390000,"time":"2023-12-24T23:56:29.464Z"}},{"iob":0.663,"basaliob":-0.258,"bolussnooze":0.0038,"activity":0.0092,"lastBolusTime":1703457390000,"time":"2023-12-25T00:01:29.464Z","iobWithZeroTemp":{"iob":0.178,"basaliob":-0.743,"bolussnooze":0.0038,"activity":0.006,"lastBolusTime":1703457390000,"time":"2023-12-25T00:01:29.464Z"}},{"iob":0.618,"basaliob":-0.241,"bolussnooze":0.0031,"activity":0.0087,"lastBolusTime":1703457390000,"time":"2023-12-25T00:06:29.464Z","iobWithZeroTemp":{"iob":0.12,"basaliob":-0.739,"bolussnooze":0.0031,"activity":0.0052,"lastBolusTime":1703457390000,"time":"2023-12-25T00:06:29.464Z"}},{"iob":0.576,"basaliob":-0.225,"bolussnooze":0.0025,"activity":0.0082,"lastBolusTime":1703457390000,"time":"2023-12-25T00:11:29.464Z","iobWithZeroTemp":{"iob":0.067,"basaliob":-0.734,"bolussnooze":0.0025,"activity":0.0045,"lastBolusTime":1703457390000,"time":"2023-12-25T00:11:29.464Z"}},{"iob":0.537,"basaliob":-0.209,"bolussnooze":0.002,"activity":0.0077,"lastBolusTime":1703457390000,"time":"2023-12-25T00:16:29.464Z","iobWithZeroTemp":{"iob":0.017,"basaliob":-0.729,"bolussnooze":0.002,"activity":0.0038,"lastBolusTime":1703457390000,"time":"2023-12-25T00:16:29.464Z"}},{"iob":0.499,"basaliob":-0.195,"bolussnooze":0.0016,"activity":0.0072,"lastBolusTime":1703457390000,"time":"2023-12-25T00:21:29.464Z","iobWithZeroTemp":{"iob":-0.03,"basaliob":-0.724,"bolussnooze":0.0016,"activity":0.0032,"lastBolusTime":1703457390000,"time":"2023-12-25T00:21:29.464Z"}},{"iob":0.465,"basaliob":-0.181,"bolussnooze":0.0012,"activity":0.0068,"lastBolusTime":1703457390000,"time":"2023-12-25T00:26:29.464Z","iobWithZeroTemp":{"iob":-0.073,"basaliob":-0.719,"bolussnooze":0.0012,"activity":0.0026,"lastBolusTime":1703457390000,"time":"2023-12-25T00:26:29.464Z"}},{"iob":0.431,"basaliob":-0.169,"bolussnooze":0.001,"activity":0.0064,"lastBolusTime":1703457390000,"time":"2023-12-25T00:31:29.464Z","iobWithZeroTemp":{"iob":-0.115,"basaliob":-0.715,"bolussnooze":0.001,"activity":0.002,"lastBolusTime":1703457390000,"time":"2023-12-25T00:31:29.464Z"}},{"iob":0.4,"basaliob":-0.157,"bolussnooze":7.0E-4,"activity":0.006,"lastBolusTime":1703457390000,"time":"2023-12-25T00:36:29.464Z","iobWithZeroTemp":{"iob":-0.153,"basaliob":-0.71,"bolussnooze":7.0E-4,"activity":0.0015,"lastBolusTime":1703457390000,"time":"2023-12-25T00:36:29.464Z"}},{"iob":0.372,"basaliob":-0.145,"bolussnooze":6.0E-4,"activity":0.0056,"lastBolusTime":1703457390000,"time":"2023-12-25T00:41:29.464Z","iobWithZeroTemp":{"iob":-0.187,"basaliob":-0.704,"bolussnooze":6.0E-4,"activity":0.001,"lastBolusTime":1703457390000,"time":"2023-12-25T00:41:29.464Z"}},{"iob":0.344,"basaliob":-0.135,"bolussnooze":4.0E-4,"activity":0.0053,"lastBolusTime":1703457390000,"time":"2023-12-25T00:46:29.464Z","iobWithZeroTemp":{"iob":-0.221,"basaliob":-0.7,"bolussnooze":4.0E-4,"activity":6.0E-4,"lastBolusTime":1703457390000,"time":"2023-12-25T00:46:29.464Z"}},{"iob":0.319,"basaliob":-0.125,"bolussnooze":3.0E-4,"activity":0.0049,"lastBolusTime":1703457390000,"time":"2023-12-25T00:51:29.464Z","iobWithZeroTemp":{"iob":-0.251,"basaliob":-0.695,"bolussnooze":3.0E-4,"activity":1.0E-4,"lastBolusTime":1703457390000,"time":"2023-12-25T00:51:29.464Z"}},{"iob":0.294,"basaliob":-0.116,"bolussnooze":2.0E-4,"activity":0.0046,"lastBolusTime":1703457390000,"time":"2023-12-25T00:56:29.464Z","iobWithZeroTemp":{"iob":-0.281,"basaliob":-0.691,"bolussnooze":2.0E-4,"activity":-3.0E-4,"lastBolusTime":1703457390000,"time":"2023-12-25T00:56:29.464Z"}},{"iob":0.273,"basaliob":-0.107,"bolussnooze":2.0E-4,"activity":0.0043,"lastBolusTime":1703457390000,"time":"2023-12-25T01:01:29.464Z","iobWithZeroTemp":{"iob":-0.307,"basaliob":-0.687,"bolussnooze":2.0E-4,"activity":-7.0E-4,"lastBolusTime":1703457390000,"time":"2023-12-25T01:01:29.464Z"}},{"iob":0.252,"basaliob":-0.099,"bolussnooze":1.0E-4,"activity":0.004,"lastBolusTime":1703457390000,"time":"2023-12-25T01:06:29.464Z","iobWithZeroTemp":{"iob":-0.325,"basaliob":-0.676,"bolussnooze":1.0E-4,"activity":-0.0011,"lastBolusTime":1703457390000,"time":"2023-12-25T01:06:29.464Z"}},{"iob":0.233,"basaliob":-0.091,"bolussnooze":1.0E-4,"activity":0.0037,"lastBolusTime":1703457390000,"time":"2023-12-25T01:11:29.464Z","iobWithZeroTemp":{"iob":-0.341,"basaliob":-0.665,"bolussnooze":1.0E-4,"activity":-0.0014,"lastBolusTime":1703457390000,"time":"2023-12-25T01:11:29.464Z"}},{"iob":0.215,"basaliob":-0.084,"bolussnooze":0,"activity":0.0034,"lastBolusTime":1703457390000,"time":"2023-12-25T01:16:29.464Z","iobWithZeroTemp":{"iob":-0.356,"basaliob":-0.655,"bolussnooze":0,"activity":-0.0018,"lastBolusTime":1703457390000,"time":"2023-12-25T01:16:29.464Z"}},{"iob":0.198,"basaliob":-0.078,"bolussnooze":0,"activity":0.0032,"lastBolusTime":1703457390000,"time":"2023-12-25T01:21:29.464Z","iobWithZeroTemp":{"iob":-0.369,"basaliob":-0.645,"bolussnooze":0,"activity":-0.002,"lastBolusTime":1703457390000,"time":"2023-12-25T01:21:29.464Z"}},{"iob":0.182,"basaliob":-0.072,"bolussnooze":0,"activity":0.003,"lastBolusTime":1703457390000,"time":"2023-12-25T01:26:29.464Z","iobWithZeroTemp":{"iob":-0.382,"basaliob":-0.636,"bolussnooze":0,"activity":-0.0022,"lastBolusTime":1703457390000,"time":"2023-12-25T01:26:29.464Z"}},{"iob":0.168,"basaliob":-0.066,"bolussnooze":0,"activity":0.0028,"lastBolusTime":1703457390000,"time":"2023-12-25T01:31:29.464Z","iobWithZeroTemp":{"iob":-0.392,"basaliob":-0.626,"bolussnooze":0,"activity":-0.0024,"lastBolusTime":1703457390000,"time":"2023-12-25T01:31:29.464Z"}},{"iob":0.154,"basaliob":-0.061,"bolussnooze":0,"activity":0.0026,"lastBolusTime":1703457390000,"time":"2023-12-25T01:36:29.464Z","iobWithZeroTemp":{"iob":-0.402,"basaliob":-0.617,"bolussnooze":0,"activity":-0.0026,"lastBolusTime":1703457390000,"time":"2023-12-25T01:36:29.464Z"}},{"iob":0.142,"basaliob":-0.056,"bolussnooze":0,"activity":0.0024,"lastBolusTime":1703457390000,"time":"2023-12-25T01:41:29.464Z","iobWithZeroTemp":{"iob":-0.411,"basaliob":-0.609,"bolussnooze":0,"activity":-0.0028,"lastBolusTime":1703457390000,"time":"2023-12-25T01:41:29.464Z"}},{"iob":0.13,"basaliob":-0.052,"bolussnooze":0,"activity":0.0022,"lastBolusTime":1703457390000,"time":"2023-12-25T01:46:29.464Z","iobWithZeroTemp":{"iob":-0.419,"basaliob":-0.601,"bolussnooze":0,"activity":-0.003,"lastBolusTime":1703457390000,"time":"2023-12-25T01:46:29.464Z"}},{"iob":0.12,"basaliob":-0.047,"bolussnooze":0,"activity":0.0021,"lastBolusTime":1703457390000,"time":"2023-12-25T01:51:29.464Z","iobWithZeroTemp":{"iob":-0.425,"basaliob":-0.592,"bolussnooze":0,"activity":-0.0031,"lastBolusTime":1703457390000,"time":"2023-12-25T01:51:29.464Z"}},{"iob":0.11,"basaliob":-0.043,"bolussnooze":0,"activity":0.0019,"lastBolusTime":1703457390000,"time":"2023-12-25T01:56:29.464Z","iobWithZeroTemp":{"iob":-0.432,"basaliob":-0.585,"bolussnooze":0,"activity":-0.0033,"lastBolusTime":1703457390000,"time":"2023-12-25T01:56:29.464Z"}},{"iob":0.101,"basaliob":-0.04,"bolussnooze":0,"activity":0.0017,"lastBolusTime":1703457390000,"time":"2023-12-25T02:01:29.464Z","iobWithZeroTemp":{"iob":-0.437,"basaliob":-0.578,"bolussnooze":0,"activity":-0.0035,"lastBolusTime":1703457390000,"time":"2023-12-25T02:01:29.464Z"}},{"iob":0.092,"basaliob":-0.037,"bolussnooze":0,"activity":0.0017,"lastBolusTime":1703457390000,"time":"2023-12-25T02:06:29.464Z","iobWithZeroTemp":{"iob":-0.443,"basaliob":-0.572,"bolussnooze":0,"activity":-0.0035,"lastBolusTime":1703457390000,"time":"2023-12-25T02:06:29.464Z"}},{"iob":0.084,"basaliob":-0.034,"bolussnooze":0,"activity":0.0015,"lastBolusTime":1703457390000,"time":"2023-12-25T02:11:29.464Z","iobWithZeroTemp":{"iob":-0.448,"basaliob":-0.566,"bolussnooze":0,"activity":-0.0037,"lastBolusTime":1703457390000,"time":"2023-12-25T02:11:29.464Z"}},{"iob":0.078,"basaliob":-0.03,"bolussnooze":0,"activity":0.0014,"lastBolusTime":1703457390000,"time":"2023-12-25T02:16:29.464Z","iobWithZeroTemp":{"iob":-0.45,"basaliob":-0.558,"bolussnooze":0,"activity":-0.0037,"lastBolusTime":1703457390000,"time":"2023-12-25T02:16:29.464Z"}},{"iob":0.071,"basaliob":-0.028,"bolussnooze":0,"activity":0.0013,"lastBolusTime":1703457390000,"time":"2023-12-25T02:21:29.464Z","iobWithZeroTemp":{"iob":-0.454,"basaliob":-0.553,"bolussnooze":0,"activity":-0.0038,"lastBolusTime":1703457390000,"time":"2023-12-25T02:21:29.464Z"}},{"iob":0.065,"basaliob":-0.025,"bolussnooze":0,"activity":0.0011,"lastBolusTime":1703457390000,"time":"2023-12-25T02:26:29.464Z","iobWithZeroTemp":{"iob":-0.457,"basaliob":-0.547,"bolussnooze":0,"activity":-0.004,"lastBolusTime":1703457390000,"time":"2023-12-25T02:26:29.464Z"}},{"iob":0.059,"basaliob":-0.023,"bolussnooze":0,"activity":0.0011,"lastBolusTime":1703457390000,"time":"2023-12-25T02:31:29.464Z","iobWithZeroTemp":{"iob":-0.461,"basaliob":-0.543,"bolussnooze":0,"activity":-0.004,"lastBolusTime":1703457390000,"time":"2023-12-25T02:31:29.464Z"}},{"iob":0.054,"basaliob":-0.021,"bolussnooze":0,"activity":0.001,"lastBolusTime":1703457390000,"time":"2023-12-25T02:36:29.464Z","iobWithZeroTemp":{"iob":-0.463,"basaliob":-0.538,"bolussnooze":0,"activity":-0.004,"lastBolusTime":1703457390000,"time":"2023-12-25T02:36:29.464Z"}}],"profile":{"max_iob":7,"type":"current","max_daily_basal":0.45,"max_basal":1.35,"min_bg":81.0000000000001,"max_bg":81.0000000000001,"target_bg":81.0000000000001,"carb_ratio":11,"sens":369,"max_daily_safety_multiplier":3,"current_basal_safety_multiplier":4,"lgsThreshold":65,"high_temptarget_raises_sensitivity":false,"low_temptarget_lowers_sensitivity":false,"sensitivity_raises_target":true,"resistance_lowers_target":true,"adv_target_adjustments":false,"exercise_mode":false,"half_basal_exercise_target":160,"maxCOB":120,"skip_neutral_temps":false,"remainingCarbsCap":90,"enableUAM":true,"A52_risk_enable":false,"SMBInterval":4,"enableSMB_with_COB":true,"enableSMB_with_temptarget":false,"allowSMB_with_high_temptarget":true,"enableSMB_always":true,"enableSMB_after_carbs":false,"maxSMBBasalMinutes":60,"maxUAMSMBBasalMinutes":60,"bolus_increment":0.05,"carbsReqThreshold":10,"current_basal":0.45,"temptargetSet":true,"autosens_max":1.2,"autosens_min":0.8,"out_units":"mmol\/L","variable_sens":135.6,"insulinDivisor":65,"TDD":10.689107914285714},"autosens_data":{"ratio":0.8736514527544627},"meal_data":{"carbs":25,"mealCOB":15.938639234555597,"slopeFromMaxDeviation":0,"slopeFromMinDeviation":0.8186666666666664,"lastBolusTime":1703457390000,"lastCarbTime":1703453842000},"microBolusAllowed":true,"currentTime":1703457691687,"flatBGsDetected":false,"tdd1D":26.494500000000002,"tdd7D":31.37635714285714,"tddLast24H":27.412000000000003,"tddLast4H":4.953333333333332,"tddLast8to4H":5.750000000000002},"output":{"temp":"absolute","bg":160,"tick":"+0","eventualBG":121,"targetBG":81.0000000000001,"insulinReq":0.18,"deliverAt":"2023-12-24T22:41:31.687Z","sensitivityRatio":0.8736514527544627,"variable_sens":135.6,"predBGs":{"IOB":[160,159,157,155,151,147,141,135,129,121,112,103,92,82,71,59,46,39],"ZT":[160,149,138,126,114,102,89,76,62,47,39,39,39,39,39,39,39,39,39,39,39,39,39,39,39,39,39,39,39,39,39,39,39,39,39,39,39,39,39,39,39,39,39,39,39,39,39,39],"COB":[160,160,159,158,157,156,155,154,153,152,151,150,150,149,148,148,147,147,146,146,146,145,145,145,144,144,143,143,142,141,141,140,139,137,136,135,133,131,130,128,127,126,125,124,123,122,121],"UAM":[160,160,159,158,157,156,155,154,152,151,150,149,147,146,145,144,143,142,141,141,140,139,138,137,136,136,135,134,133,131,130,129,127,126,124,122,120,118,116,115,113,112,110,109,108,107,106,105]},"reason":"COB: 15.9, Dev: 3.6, BGI: -0.6, ISF: 7.5, CR: 11, Target: 4.5, minPredBG 6.3, minGuardBG 6.3, IOBpredBG 2.2, COBpredBG 6.7, UAMpredBG 5.8; Eventual BG 6.7 >= 4.5,  insulinReq 0.18; setting 60m low temp of 0U\/h. Microbolusing 0.05U. ","COB":15.938639234555597,"IOB":1.716,"units":0.05,"rate":0,"duration":60,"timestamp":"2023-12-24T22:41:31.714Z"}}