{"algorithm":"OpenAPSSMBDynamicISFPlugin","input":{"glucoseStatus":{"glucose":124,"noise":0,"delta":6,"short_avgdelta":5.67,"long_avgdelta":4.51,"date":1703631111126},"currenttemp":{"temp":"absolute","duration":10,"rate":0.765,"minutesrunning":5},"iob_data":[{"iob":-0.018,"basaliob":-0.311,"bolussnooze":0,"activity":-0.001,"lastBolusTime":1703630847000,"time":"2023-12-26T22:52:12.320Z","iobWithZeroTemp":{"iob":-0.018,"basaliob":-0.311,"bolussnooze":0,"activity":-0.001,"lastBolusTime":1703630847000,"time":"2023-12-26T22:52:12.320Z"}},{"iob":-0.013,"basaliob":-0.289,"bolussnooze":0,"activity":-9.0E-4,"lastBolusTime":1703630847000,"time":"2023-12-26T22:57:12.320Z","iobWithZeroTemp":{"iob":-0.043,"basaliob":-0.319,"bolussnooze":0,"activity":-9.0E-4,"lastBolusTime":1703630847000,"time":"2023-12-26T22:57:12.320Z"}},{"iob":-0.008,"basaliob":-0.268,"bolussnooze":0,"activity":-8.0E-4,"lastBolusTime":1703630847000,"time":"2023-12-26T23:02:12.320Z","iobWithZeroTemp":{"iob":-0.075,"basaliob":-0.335,"bolussnooze":0,"activity":-9.0E-4,"lastBolusTime":1703630847000,"time":"2023-12-26T23:02:12.320Z"}},{"iob":-0.005,"basaliob":-0.249,"bolussnooze":0,"activity":-6.0E-4,"lastBolusTime":1703630847000,"time":"2023-12-26T23:07:12.320Z","iobWithZeroTemp":{"iob":-0.109,"basaliob":-0.353,"bolussnooze":0,"activity":-8.0E-4,"lastBolusTime":1703630847000,"time":"2023-12-26T23:07:12.320Z"}},{"iob":-0.002,"basaliob":-0.231,"bolussnooze":0,"activity":-5.0E-4,"lastBolusTime":1703630847000,"time":"2023-12-26T23:12:12.320Z","iobWithZeroTemp":{"iob":-0.142,"basaliob":-0.371,"bolussnooze":0,"activity":-9.0E-4,"lastBolusTime":1703630847000,"time":"2023-12-26T23:12:12.320Z"}},{"iob":0.001,"basaliob":-0.214,"bolussnooze":0,"activity":-5.0E-4,"lastBolusTime":1703630847000,"time":"2023-12-26T23:17:12.320Z","iobWithZeroTemp":{"iob":-0.174,"basaliob":-0.389,"bolussnooze":0,"activity":-0.0011,"lastBolusTime":1703630847000,"time":"2023-12-26T23:17:12.320Z"}},{"iob":0.003,"basaliob":-0.198,"bolussnooze":0,"activity":-4.0E-4,"lastBolusTime":1703630847000,"time":"2023-12-26T23:22:12.320Z","iobWithZeroTemp":{"iob":-0.207,"basaliob":-0.408,"bolussnooze":0,"activity":-0.0012,"lastBolusTime":1703630847000,"time":"2023-12-26T23:22:12.320Z"}},{"iob":0.004,"basaliob":-0.184,"bolussnooze":0,"activity":-3.0E-4,"lastBolusTime":1703630847000,"time":"2023-12-26T23:27:12.320Z","iobWithZeroTemp":{"iob":-0.239,"basaliob":-0.427,"bolussnooze":0,"activity":-0.0013,"lastBolusTime":1703630847000,"time":"2023-12-26T23:27:12.320Z"}},{"iob":0.005,"basaliob":-0.17,"bolussnooze":0,"activity":-3.0E-4,"lastBolusTime":1703630847000,"time":"2023-12-26T23:32:12.320Z","iobWithZeroTemp":{"iob":-0.27,"basaliob":-0.445,"bolussnooze":0,"activity":-0.0015,"lastBolusTime":1703630847000,"time":"2023-12-26T23:32:12.320Z"}},{"iob":0.007,"basaliob":-0.157,"bolussnooze":0,"activity":-2.0E-4,"lastBolusTime":1703630847000,"time":"2023-12-26T23:37:12.320Z","iobWithZeroTemp":{"iob":-0.299,"basaliob":-0.463,"bolussnooze":0,"activity":-0.0017,"lastBolusTime":1703630847000,"time":"2023-12-26T23:37:12.320Z"}},{"iob":0.007,"basaliob":-0.145,"bolussnooze":0,"activity":-1.0E-4,"lastBolusTime":1703630847000,"time":"2023-12-26T23:42:12.320Z","iobWithZeroTemp":{"iob":-0.328,"basaliob":-0.48,"bolussnooze":0,"activity":-0.0018,"lastBolusTime":1703630847000,"time":"2023-12-26T23:42:12.320Z"}},{"iob":0.008,"basaliob":-0.134,"bolussnooze":0,"activity":-2.0E-4,"lastBolusTime":1703630847000,"time":"2023-12-26T23:47:12.320Z","iobWithZeroTemp":{"iob":-0.355,"basaliob":-0.497,"bolussnooze":0,"activity":-0.0022,"lastBolusTime":1703630847000,"time":"2023-12-26T23:47:12.320Z"}},{"iob":0.009,"basaliob":-0.123,"bolussnooze":0,"activity":-1.0E-4,"lastBolusTime":1703630847000,"time":"2023-12-26T23:52:12.320Z","iobWithZeroTemp":{"iob":-0.381,"basaliob":-0.513,"bolussnooze":0,"activity":-0.0023,"lastBolusTime":1703630847000,"time":"2023-12-26T23:52:12.320Z"}},{"iob":0.009,"basaliob":-0.114,"bolussnooze":0,"activity":-1.0E-4,"lastBolusTime":1703630847000,"time":"2023-12-26T23:57:12.320Z","iobWithZeroTemp":{"iob":-0.407,"basaliob":-0.53,"bolussnooze":0,"activity":-0.0026,"lastBolusTime":1703630847000,"time":"2023-12-26T23:57:12.320Z"}},{"iob":0.009,"basaliob":-0.105,"bolussnooze":0,"activity":0,"lastBolusTime":1703630847000,"time":"2023-12-27T00:02:12.320Z","iobWithZeroTemp":{"iob":-0.431,"basaliob":-0.545,"bolussnooze":0,"activity":-0.0027,"lastBolusTime":1703630847000,"time":"2023-12-27T00:02:12.320Z"}},{"iob":0.01,"basaliob":-0.096,"bolussnooze":0,"activity":0,"lastBolusTime":1703630847000,"time":"2023-12-27T00:07:12.320Z","iobWithZeroTemp":{"iob":-0.445,"basaliob":-0.551,"bolussnooze":0,"activity":-0.003,"lastBolusTime":1703630847000,"time":"2023-12-27T00:07:12.320Z"}},{"iob":0.009,"basaliob":-0.089,"bolussnooze":0,"activity":0,"lastBolusTime":1703630847000,"time":"2023-12-27T00:12:12.320Z","iobWithZeroTemp":{"iob":-0.46,"basaliob":-0.558,"bolussnooze":0,"activity":-0.0032,"lastBolusTime":1703630847000,"time":"2023-12-27T00:12:12.320Z"}},{"iob":0.009,"basaliob":-0.082,"bolussnooze":0,"activity":0,"lastBolusTime":1703630847000,"time":"2023-12-27T00:17:12.320Z","iobWithZeroTemp":{"iob":-0.473,"basaliob":-0.564,"bolussnooze":0,"activity":-0.0034,"lastBolusTime":1703630847000,"time":"2023-12-27T00:17:12.320Z"}},{"iob":0.009,"basaliob":-0.075,"bolussnooze":0,"activity":0,"lastBolusTime":1703630847000,"time":"2023-12-27T00:22:12.320Z","iobWithZeroTemp":{"iob":-0.484,"basaliob":-0.568,"bolussnooze":0,"activity":-0.0036,"lastBolusTime":1703630847000,"time":"2023-12-27T00:22:12.320Z"}},{"iob":0.009,"basaliob":-0.069,"bolussnooze":0,"activity":0,"lastBolusTime":1703630847000,"time":"2023-12-27T00:27:12.320Z","iobWithZeroTemp":{"iob":-0.488,"basaliob":-0.566,"bolussnooze":0,"activity":-0.0037,"lastBolusTime":1703630847000,"time":"2023-12-27T00:27:12.320Z"}},{"iob":0.009,"basaliob":-0.063,"bolussnooze":0,"activity":0,"lastBolusTime":1703630847000,"time":"2023-12-27T00:32:12.320Z","iobWithZeroTemp":{"iob":-0.498,"basaliob":-0.57,"bolussnooze":0,"activity":-0.0039,"lastBolusTime":1703630847000,"time":"2023-12-27T00:32:12.320Z"}},{"iob":0.008,"basaliob":-0.058,"bolussnooze":0,"activity":1.0E-4,"lastBolusTime":1703630847000,"time":"2023-12-27T00:37:12.320Z","iobWithZeroTemp":{"iob":-0.508,"basaliob":-0.574,"bolussnooze":0,"activity":-0.004,"lastBolusTime":1703630847000,"time":"2023-12-27T00:37:12.320Z"}},{"iob":0.008,"basaliob":-0.053,"bolussnooze":0,"activity":1.0E-4,"lastBolusTime":1703630847000,"time":"2023-12-27T00:42:12.320Z","iobWithZeroTemp":{"iob":-0.517,"basaliob":-0.578,"bolussnooze":0,"activity":-0.0041,"lastBolusTime":1703630847000,"time":"2023-12-27T00:42:12.320Z"}},{"iob":0.007,"basaliob":-0.049,"bolussnooze":0,"activity":0,"lastBolusTime":1703630847000,"time":"2023-12-27T00:47:12.320Z","iobWithZeroTemp":{"iob":-0.525,"basaliob":-0.581,"bolussnooze":0,"activity":-0.0043,"lastBolusTime":1703630847000,"time":"2023-12-27T00:47:12.320Z"}},{"iob":0.008,"basaliob":-0.044,"bolussnooze":0,"activity":1.0E-4,"lastBolusTime":1703630847000,"time":"2023-12-27T00:52:12.320Z","iobWithZeroTemp":{"iob":-0.532,"basaliob":-0.584,"bolussnooze":0,"activity":-0.0043,"lastBolusTime":1703630847000,"time":"2023-12-27T00:52:12.320Z"}},{"iob":0.007,"basaliob":-0.041,"bolussnooze":0,"activity":1.0E-4,"lastBolusTime":1703630847000,"time":"2023-12-27T00:57:12.320Z","iobWithZeroTemp":{"iob":-0.539,"basaliob":-0.587,"bolussnooze":0,"activity":-0.0045,"lastBolusTime":1703630847000,"time":"2023-12-27T00:57:12.320Z"}},{"iob":0.007,"basaliob":-0.037,"bolussnooze":0,"activity":0,"lastBolusTime":1703630847000,"time":"2023-12-27T01:02:12.320Z","iobWithZeroTemp":{"iob":-0.546,"basaliob":-0.59,"bolussnooze":0,"activity":-0.0047,"lastBolusTime":1703630847000,"time":"2023-12-27T01:02:12.320Z"}},{"iob":0.006,"basaliob":-0.034,"bolussnooze":0,"activity":1.0E-4,"lastBolusTime":1703630847000,"time":"2023-12-27T01:07:12.320Z","iobWithZeroTemp":{"iob":-0.546,"basaliob":-0.586,"bolussnooze":0,"activity":-0.0046,"lastBolusTime":1703630847000,"time":"2023-12-27T01:07:12.320Z"}},{"iob":0.006,"basaliob":-0.031,"bolussnooze":0,"activity":0,"lastBolusTime":1703630847000,"time":"2023-12-27T01:12:12.320Z","iobWithZeroTemp":{"iob":-0.544,"basaliob":-0.581,"bolussnooze":0,"activity":-0.0048,"lastBolusTime":1703630847000,"time":"2023-12-27T01:12:12.320Z"}},{"iob":0.006,"basaliob":-0.028,"bolussnooze":0,"activity":1.0E-4,"lastBolusTime":1703630847000,"time":"2023-12-27T01:17:12.320Z","iobWithZeroTemp":{"iob":-0.543,"basaliob":-0.577,"bolussnooze":0,"activity":-0.0048,"lastBolusTime":1703630847000,"time":"2023-12-27T01:17:12.320Z"}},{"iob":0.005,"basaliob":-0.026,"bolussnooze":0,"activity":0,"lastBolusTime":1703630847000,"time":"2023-12-27T01:22:12.320Z","iobWithZeroTemp":{"iob":-0.542,"basaliob":-0.573,"bolussnooze":0,"activity":-0.0049,"lastBolusTime":1703630847000,"time":"2023-12-27T01:22:12.320Z"}},{"iob":0.006,"basaliob":-0.023,"bolussnooze":0,"activity":1.0E-4,"lastBolusTime":1703630847000,"time":"2023-12-27T01:27:12.320Z","iobWithZeroTemp":{"iob":-0.538,"basaliob":-0.567,"bolussnooze":0,"activity":-0.0049,"lastBolusTime":1703630847000,"time":"2023-12-27T01:27:12.320Z"}},{"iob":0.005,"basaliob":-0.021,"bolussnooze":0,"activity":1.0E-4,"lastBolusTime":1703630847000,"time":"2023-12-27T01:32:12.320Z","iobWithZeroTemp":{"iob":-0.537,"basaliob":-0.563,"bolussnooze":0,"activity":-0.0049,"lastBolusTime":1703630847000,"time":"2023-12-27T01:32:12.320Z"}},{"iob":0.005,"basaliob":-0.019,"bolussnooze":0,"activity":0,"lastBolusTime":1703630847000,"time":"2023-12-27T01:37:12.320Z","iobWithZeroTemp":{"iob":-0.535,"basaliob":-0.559,"bolussnooze":0,"activity":-0.005,"lastBolusTime":1703630847000,"time":"2023-12-27T01:37:12.320Z"}},{"iob":0.005,"basaliob":-0.017,"bolussnooze":0,"activity":1.0E-4,"lastBolusTime":1703630847000,"time":"2023-12-27T01:42:12.320Z","iobWithZeroTemp":{"iob":-0.532,"basaliob":-0.554,"bolussnooze":0,"activity":-0.0049,"lastBolusTime":1703630847000,"time":"2023-12-27T01:42:12.320Z"}},{"iob":0.004,"basaliob":-0.016,"bolussnooze":0,"activity":1.0E-4,"lastBolusTime":1703630847000,"time":"2023-12-27T01:47:12.320Z","iobWithZeroTemp":{"iob":-0.531,"basaliob":-0.551,"bolussnooze":0,"activity":-0.0049,"lastBolusTime":1703630847000,"time":"2023-12-27T01:47:12.320Z"}},{"iob":0.004,"basaliob":-0.014,"bolussnooze":0,"activity":0,"lastBolusTime":1703630847000,"time":"2023-12-27T01:52:12.320Z","iobWithZeroTemp":{"iob":-0.523,"basaliob":-0.541,"bolussnooze":0,"activity":-0.005,"lastBolusTime":1703630847000,"time":"2023-12-27T01:52:12.320Z"}},{"iob":0.004,"basaliob":-0.013,"bolussnooze":0,"activity":0,"lastBolusTime":1703630847000,"time":"2023-12-27T01:57:12.320Z","iobWithZeroTemp":{"iob":-0.521,"basaliob":-0.538,"bolussnooze":0,"activity":-0.005,"lastBolusTime":1703630847000,"time":"2023-12-27T01:57:12.320Z"}},{"iob":0.003,"basaliob":-0.012,"bolussnooze":0,"activity":1.0E-4,"lastBolusTime":1703630847000,"time":"2023-12-27T02:02:12.320Z","iobWithZeroTemp":{"iob":-0.519,"basaliob":-0.534,"bolussnooze":0,"activity":-0.0049,"lastBolusTime":1703630847000,"time":"2023-12-27T02:02:12.320Z"}},{"iob":0.003,"basaliob":-0.011,"bolussnooze":0,"activity":1.0E-4,"lastBolusTime":1703630847000,"time":"2023-12-27T02:07:12.320Z","iobWithZeroTemp":{"iob":-0.517,"basaliob":-0.531,"bolussnooze":0,"activity":-0.0049,"lastBolusTime":1703630847000,"time":"2023-12-27T02:07:12.320Z"}},{"iob":0.003,"basaliob":-0.01,"bolussnooze":0,"activity":0,"lastBolusTime":1703630847000,"time":"2023-12-27T02:12:12.320Z","iobWithZeroTemp":{"iob":-0.515,"basaliob":-0.528,"bolussnooze":0,"activity":-0.005,"lastBolusTime":1703630847000,"time":"2023-12-27T02:12:12.320Z"}},{"iob":0.003,"basaliob":-0.009,"bolussnooze":0,"activity":0,"lastBolusTime":1703630847000,"time":"2023-12-27T02:17:12.320Z","iobWithZeroTemp":{"iob":-0.512,"basaliob":-0.524,"bolussnooze":0,"activity":-0.0049,"lastBolusTime":1703630847000,"time":"2023-12-27T02:17:12.320Z"}},{"iob":0.003,"basaliob":-0.008,"bolussnooze":0,"activity":0,"lastBolusTime":1703630847000,"time":"2023-12-27T02:22:12.320Z","iobWithZeroTemp":{"iob":-0.51,"basaliob":-0.521,"bolussnooze":0,"activity":-0.0049,"lastBolusTime":1703630847000,"time":"2023-12-27T02:22:12.320Z"}},{"iob":0.003,"basaliob":-0.007,"bolussnooze":0,"activity":1.0E-4,"lastBolusTime":1703630847000,"time":"2023-12-27T02:27:12.320Z","iobWithZeroTemp":{"iob":-0.508,"basaliob":-0.518,"bolussnooze":0,"activity":-0.0048,"lastBolusTime":1703630847000,"time":"2023-12-27T02:27:12.320Z"}},{"iob":0.003,"basaliob":-0.006,"bolussnooze":0,"activity":1.0E-4,"lastBolusTime":1703630847000,"time":"2023-12-27T02:32:12.320Z","iobWithZeroTemp":{"iob":-0.506,"basaliob":-0.515,"bolussnooze":0,"activity":-0.0048,"lastBolusTime":1703630847000,"time":"2023-12-27T02:32:12.320Z"}},{"iob":0.002,"basaliob":-0.006,"bolussnooze":0,"activity":0,"lastBolusTime":1703630847000,"time":"2023-12-27T02:37:12.320Z","iobWithZeroTemp":{"iob":-0.505,"basaliob":-0.513,"bolussnooze":0,"activity":-0.0049,"lastBolusTime":1703630847000,"time":"2023-12-27T02:37:12.320Z"}},{"iob":0.002,"basaliob":-0.005,"bolussnooze":0,"activity":0,"lastBolusTime":1703630847000,"time":"2023-12-27T02:42:12.320Z","iobWithZeroTemp":{"iob":-0.503,"basaliob":-0.51,"bolussnooze":0,"activity":-0.0049,"lastBolusTime":1703630847000,"time":"2023-12-27T02:42:12.320Z"}},{"iob":0.003,"basaliob":-0.004,"bolussnooze":0,"activity":0,"lastBolusTime":1703630847000,"time":"2023-12-27T02:47:12.320Z","iobWithZeroTemp":{"iob":-0.5,"basaliob":-0.507,"bolussnooze":0,"activity":-0.0049,"lastBolusTime":1703630847000,"time":"2023-12-27T02:47:12.320Z"}}],"profile":{"max_iob":7,"type":"current","max_daily_basal":0.45,"max_basal":1.35,"min_bg":106.2,"max_bg":106.2,"target_bg":106.2,"carb_ratio":11,"sens":369,"max_daily_safety_multiplier":3,"current_basal_safety_multiplier":4,"lgsThreshold":65,"high_temptarget_raises_sensitivity":false,"low_temptarget_lowers_sensitivity":false,"sensitivity_raises_target":true,"resistance_lowers_target":true,"adv_target_adjustments":false,"exercise_mode":false,"half_basal_exercise_target":160,"maxCOB":120,"skip_neutral_temps":false,"remainingCarbsCap":90,"enableUAM":true,"A52_risk_enable":false,"SMBInterval":4,"enableSMB_with_COB":true,"enableSMB_with_temptarget":false,"allowSMB_with_high_temptarget":true,"enableSMB_always":true,"enableSMB_after_carbs":false,"maxSMBBasalMinutes":60,"maxUAMSMBBasalMinutes":60,"bolus_increment":0.05,"carbsReqThreshold":10,"current_basal":0.45,"temptargetSet":false,"autosens_max":1.2,"autosens_min":0.8,"out_units":"mmol\/L","variable_sens":183.2,"insulinDivisor":65,"TDD":9.204219708333333},"autosens_data":{"ratio":0.9583011094807232},"meal_data":{"carbs":5,"mealCOB":0,"slopeFromMaxDeviation":-0.301,"slopeFromMinDeviation":0.6169999999999999,"lastBolusTime":1703630847000,"lastCarbTime":1703622476000},"microBolusAllowed":true,"currentTime":1703631134388,"flatBGsDetected":false,"tdd1D":30.685750000000006,"tdd7D":32.38752380952381,"tddLast24H":31.03700000000001,"tddLast4H":0.8541666666666667,"tddLast8to4H":6.6933333333333325},"output":{"temp":"absolute","bg":124,"tick":"+6","eventualBG":164,"targetBG":108,"insulinReq":0.28,"deliverAt":"2023-12-26T22:52:14.388Z","sensitivityRatio":0.9583011094807232,"variable_sens":183.2,"predBGs":{"IOB":[124,129,134,138,142,145,148,150,152,154,155,155,155,155,156,156,156,156,156,156,156,156,155,155,155,155,155,155,155,155,155,155,155,155,155,155,155,155,155,155,155,155,155,155,154],"ZT":[124,125,126,127,127,128,129],"UAM":[124,129,134,139,143,147,150,153,156,158,160,162,163,164,165,165,165,165,165,165,165,165,165,165,165,165,165,165,165,165,165,165,165,164]},"reason":"COB: 0, Dev: 1.6, BGI: 0.1, ISF: 10.2, CR: 11, Target: 6.0, minPredBG 8.8, minGuardBG 7.2, IOBpredBG 8.6, UAMpredBG 9.1; Eventual BG 9.1 >= 6.0,  insulinReq 0.28. Microbolusing 0.1U. temp 0.77 < 0.99U\/hr. ","COB":0,"IOB":-0.018,"units":0.1,"duration":30,"rate":0.9912354992663255,"timestamp":"2023-12-26T22:52:14.414Z"}}