{"algorithm":"OpenAPSSMBDynamicISFPlugin","input":{"glucoseStatus":{"glucose":74,"noise":0,"delta":-5,"short_avgdelta":-5.89,"long_avgdelta":-8.97,"date":1703365555059},"currenttemp":{"temp":"absolute","duration":63,"rate":0,"minutesrunning":57},"iob_data":[{"iob":1.584,"basaliob":-0.685,"bolussnooze":0.2311,"activity":0.0241,"lastBolusTime":1703361755000,"time":"2023-12-23T21:06:20.212Z","iobWithZeroTemp":{"iob":1.584,"basaliob":-0.685,"bolussnooze":0.2311,"activity":0.0241,"lastBolusTime":1703361755000,"time":"2023-12-23T21:06:20.212Z"}},{"iob":1.467,"basaliob":-0.653,"bolussnooze":0.1992,"activity":0.0226,"lastBolusTime":1703361755000,"time":"2023-12-23T21:11:20.212Z","iobWithZeroTemp":{"iob":1.44,"basaliob":-0.68,"bolussnooze":0.1992,"activity":0.0226,"lastBolusTime":1703361755000,"time":"2023-12-23T21:11:20.212Z"}},{"iob":1.358,"basaliob":-0.621,"bolussnooze":0.1712,"activity":0.021,"lastBolusTime":1703361755000,"time":"2023-12-23T21:16:20.212Z","iobWithZeroTemp":{"iob":1.298,"basaliob":-0.681,"bolussnooze":0.1712,"activity":0.0209,"lastBolusTime":1703361755000,"time":"2023-12-23T21:16:20.212Z"}},{"iob":1.256,"basaliob":-0.59,"bolussnooze":0.1467,"activity":0.0197,"lastBolusTime":1703361755000,"time":"2023-12-23T21:21:20.212Z","iobWithZeroTemp":{"iob":1.164,"basaliob":-0.682,"bolussnooze":0.1467,"activity":0.0195,"lastBolusTime":1703361755000,"time":"2023-12-23T21:21:20.212Z"}},{"iob":1.161,"basaliob":-0.559,"bolussnooze":0.1253,"activity":0.0183,"lastBolusTime":1703361755000,"time":"2023-12-23T21:26:20.212Z","iobWithZeroTemp":{"iob":1.036,"basaliob":-0.684,"bolussnooze":0.1253,"activity":0.018,"lastBolusTime":1703361755000,"time":"2023-12-23T21:26:20.212Z"}},{"iob":1.073,"basaliob":-0.529,"bolussnooze":0.1067,"activity":0.017,"lastBolusTime":1703361755000,"time":"2023-12-23T21:31:20.212Z","iobWithZeroTemp":{"iob":0.917,"basaliob":-0.685,"bolussnooze":0.1067,"activity":0.0165,"lastBolusTime":1703361755000,"time":"2023-12-23T21:31:20.212Z"}},{"iob":0.991,"basaliob":-0.499,"bolussnooze":0.0907,"activity":0.0159,"lastBolusTime":1703361755000,"time":"2023-12-23T21:36:20.212Z","iobWithZeroTemp":{"iob":0.805,"basaliob":-0.685,"bolussnooze":0.0907,"activity":0.0152,"lastBolusTime":1703361755000,"time":"2023-12-23T21:36:20.212Z"}},{"iob":0.914,"basaliob":-0.471,"bolussnooze":0.0768,"activity":0.0148,"lastBolusTime":1703361755000,"time":"2023-12-23T21:41:20.212Z","iobWithZeroTemp":{"iob":0.698,"basaliob":-0.687,"bolussnooze":0.0768,"activity":0.0139,"lastBolusTime":1703361755000,"time":"2023-12-23T21:41:20.212Z"}},{"iob":0.843,"basaliob":-0.443,"bolussnooze":0.0649,"activity":0.0137,"lastBolusTime":1703361755000,"time":"2023-12-23T21:46:20.212Z","iobWithZeroTemp":{"iob":0.599,"basaliob":-0.687,"bolussnooze":0.0649,"activity":0.0126,"lastBolusTime":1703361755000,"time":"2023-12-23T21:46:20.212Z"}},{"iob":0.776,"basaliob":-0.417,"bolussnooze":0.0546,"activity":0.0127,"lastBolusTime":1703361755000,"time":"2023-12-23T21:51:20.212Z","iobWithZeroTemp":{"iob":0.504,"basaliob":-0.689,"bolussnooze":0.0546,"activity":0.0114,"lastBolusTime":1703361755000,"time":"2023-12-23T21:51:20.212Z"}},{"iob":0.715,"basaliob":-0.392,"bolussnooze":0.0459,"activity":0.0119,"lastBolusTime":1703361755000,"time":"2023-12-23T21:56:20.212Z","iobWithZeroTemp":{"iob":0.417,"basaliob":-0.69,"bolussnooze":0.0459,"activity":0.0104,"lastBolusTime":1703361755000,"time":"2023-12-23T21:56:20.212Z"}},{"iob":0.657,"basaliob":-0.368,"bolussnooze":0.0385,"activity":0.011,"lastBolusTime":1703361755000,"time":"2023-12-23T22:01:20.212Z","iobWithZeroTemp":{"iob":0.334,"basaliob":-0.691,"bolussnooze":0.0385,"activity":0.0092,"lastBolusTime":1703361755000,"time":"2023-12-23T22:01:20.212Z"}},{"iob":0.604,"basaliob":-0.345,"bolussnooze":0.0321,"activity":0.0102,"lastBolusTime":1703361755000,"time":"2023-12-23T22:06:20.212Z","iobWithZeroTemp":{"iob":0.253,"basaliob":-0.696,"bolussnooze":0.0321,"activity":0.0082,"lastBolusTime":1703361755000,"time":"2023-12-23T22:06:20.212Z"}},{"iob":0.555,"basaliob":-0.323,"bolussnooze":0.0268,"activity":0.0094,"lastBolusTime":1703361755000,"time":"2023-12-23T22:11:20.212Z","iobWithZeroTemp":{"iob":0.177,"basaliob":-0.701,"bolussnooze":0.0268,"activity":0.0072,"lastBolusTime":1703361755000,"time":"2023-12-23T22:11:20.212Z"}},{"iob":0.51,"basaliob":-0.302,"bolussnooze":0.0222,"activity":0.0087,"lastBolusTime":1703361755000,"time":"2023-12-23T22:16:20.212Z","iobWithZeroTemp":{"iob":0.106,"basaliob":-0.706,"bolussnooze":0.0222,"activity":0.0062,"lastBolusTime":1703361755000,"time":"2023-12-23T22:16:20.212Z"}},{"iob":0.468,"basaliob":-0.282,"bolussnooze":0.0184,"activity":0.008,"lastBolusTime":1703361755000,"time":"2023-12-23T22:21:20.212Z","iobWithZeroTemp":{"iob":0.04,"basaliob":-0.71,"bolussnooze":0.0184,"activity":0.0053,"lastBolusTime":1703361755000,"time":"2023-12-23T22:21:20.212Z"}},{"iob":0.429,"basaliob":-0.263,"bolussnooze":0.0152,"activity":0.0074,"lastBolusTime":1703361755000,"time":"2023-12-23T22:26:20.212Z","iobWithZeroTemp":{"iob":-0.022,"basaliob":-0.714,"bolussnooze":0.0152,"activity":0.0045,"lastBolusTime":1703361755000,"time":"2023-12-23T22:26:20.212Z"}},{"iob":0.394,"basaliob":-0.245,"bolussnooze":0.0125,"activity":0.007,"lastBolusTime":1703361755000,"time":"2023-12-23T22:31:20.212Z","iobWithZeroTemp":{"iob":-0.08,"basaliob":-0.719,"bolussnooze":0.0125,"activity":0.0038,"lastBolusTime":1703361755000,"time":"2023-12-23T22:31:20.212Z"}},{"iob":0.36,"basaliob":-0.229,"bolussnooze":0.0103,"activity":0.0063,"lastBolusTime":1703361755000,"time":"2023-12-23T22:36:20.212Z","iobWithZeroTemp":{"iob":-0.135,"basaliob":-0.724,"bolussnooze":0.0103,"activity":0.0029,"lastBolusTime":1703361755000,"time":"2023-12-23T22:36:20.212Z"}},{"iob":0.329,"basaliob":-0.213,"bolussnooze":0.0084,"activity":0.0058,"lastBolusTime":1703361755000,"time":"2023-12-23T22:41:20.212Z","iobWithZeroTemp":{"iob":-0.186,"basaliob":-0.728,"bolussnooze":0.0084,"activity":0.0022,"lastBolusTime":1703361755000,"time":"2023-12-23T22:41:20.212Z"}},{"iob":0.301,"basaliob":-0.198,"bolussnooze":0.0068,"activity":0.0054,"lastBolusTime":1703361755000,"time":"2023-12-23T22:46:20.212Z","iobWithZeroTemp":{"iob":-0.232,"basaliob":-0.731,"bolussnooze":0.0068,"activity":0.0016,"lastBolusTime":1703361755000,"time":"2023-12-23T22:46:20.212Z"}},{"iob":0.275,"basaliob":-0.184,"bolussnooze":0.0056,"activity":0.005,"lastBolusTime":1703361755000,"time":"2023-12-23T22:51:20.212Z","iobWithZeroTemp":{"iob":-0.276,"basaliob":-0.735,"bolussnooze":0.0056,"activity":0.001,"lastBolusTime":1703361755000,"time":"2023-12-23T22:51:20.212Z"}},{"iob":0.251,"basaliob":-0.171,"bolussnooze":0.0045,"activity":0.0046,"lastBolusTime":1703361755000,"time":"2023-12-23T22:56:20.212Z","iobWithZeroTemp":{"iob":-0.317,"basaliob":-0.739,"bolussnooze":0.0045,"activity":4.0E-4,"lastBolusTime":1703361755000,"time":"2023-12-23T22:56:20.212Z"}},{"iob":0.23,"basaliob":-0.158,"bolussnooze":0.0036,"activity":0.0042,"lastBolusTime":1703361755000,"time":"2023-12-23T23:01:20.212Z","iobWithZeroTemp":{"iob":-0.354,"basaliob":-0.742,"bolussnooze":0.0036,"activity":-2.0E-4,"lastBolusTime":1703361755000,"time":"2023-12-23T23:01:20.212Z"}},{"iob":0.209,"basaliob":-0.147,"bolussnooze":0.0029,"activity":0.0039,"lastBolusTime":1703361755000,"time":"2023-12-23T23:06:20.212Z","iobWithZeroTemp":{"iob":-0.39,"basaliob":-0.746,"bolussnooze":0.0029,"activity":-7.0E-4,"lastBolusTime":1703361755000,"time":"2023-12-23T23:06:20.212Z"}},{"iob":0.19,"basaliob":-0.136,"bolussnooze":0.0023,"activity":0.0036,"lastBolusTime":1703361755000,"time":"2023-12-23T23:11:20.212Z","iobWithZeroTemp":{"iob":-0.423,"basaliob":-0.749,"bolussnooze":0.0023,"activity":-0.0012,"lastBolusTime":1703361755000,"time":"2023-12-23T23:11:20.212Z"}},{"iob":0.173,"basaliob":-0.126,"bolussnooze":0.0018,"activity":0.0032,"lastBolusTime":1703361755000,"time":"2023-12-23T23:16:20.212Z","iobWithZeroTemp":{"iob":-0.453,"basaliob":-0.752,"bolussnooze":0.0018,"activity":-0.0018,"lastBolusTime":1703361755000,"time":"2023-12-23T23:16:20.212Z"}},{"iob":0.157,"basaliob":-0.117,"bolussnooze":0.0014,"activity":0.003,"lastBolusTime":1703361755000,"time":"2023-12-23T23:21:20.212Z","iobWithZeroTemp":{"iob":-0.481,"basaliob":-0.755,"bolussnooze":0.0014,"activity":-0.0021,"lastBolusTime":1703361755000,"time":"2023-12-23T23:21:20.212Z"}},{"iob":0.143,"basaliob":-0.108,"bolussnooze":0.0011,"activity":0.0028,"lastBolusTime":1703361755000,"time":"2023-12-23T23:26:20.212Z","iobWithZeroTemp":{"iob":-0.506,"basaliob":-0.757,"bolussnooze":0.0011,"activity":-0.0025,"lastBolusTime":1703361755000,"time":"2023-12-23T23:26:20.212Z"}},{"iob":0.129,"basaliob":-0.1,"bolussnooze":9.0E-4,"activity":0.0025,"lastBolusTime":1703361755000,"time":"2023-12-23T23:31:20.212Z","iobWithZeroTemp":{"iob":-0.531,"basaliob":-0.76,"bolussnooze":9.0E-4,"activity":-0.0029,"lastBolusTime":1703361755000,"time":"2023-12-23T23:31:20.212Z"}},{"iob":0.118,"basaliob":-0.092,"bolussnooze":7.0E-4,"activity":0.0023,"lastBolusTime":1703361755000,"time":"2023-12-23T23:36:20.212Z","iobWithZeroTemp":{"iob":-0.552,"basaliob":-0.762,"bolussnooze":7.0E-4,"activity":-0.0033,"lastBolusTime":1703361755000,"time":"2023-12-23T23:36:20.212Z"}},{"iob":0.106,"basaliob":-0.085,"bolussnooze":5.0E-4,"activity":0.0021,"lastBolusTime":1703361755000,"time":"2023-12-23T23:41:20.212Z","iobWithZeroTemp":{"iob":-0.573,"basaliob":-0.764,"bolussnooze":5.0E-4,"activity":-0.0036,"lastBolusTime":1703361755000,"time":"2023-12-23T23:41:20.212Z"}},{"iob":0.096,"basaliob":-0.078,"bolussnooze":4.0E-4,"activity":0.0019,"lastBolusTime":1703361755000,"time":"2023-12-23T23:46:20.212Z","iobWithZeroTemp":{"iob":-0.592,"basaliob":-0.766,"bolussnooze":4.0E-4,"activity":-0.0039,"lastBolusTime":1703361755000,"time":"2023-12-23T23:46:20.212Z"}},{"iob":0.087,"basaliob":-0.072,"bolussnooze":3.0E-4,"activity":0.0018,"lastBolusTime":1703361755000,"time":"2023-12-23T23:51:20.212Z","iobWithZeroTemp":{"iob":-0.609,"basaliob":-0.768,"bolussnooze":3.0E-4,"activity":-0.0041,"lastBolusTime":1703361755000,"time":"2023-12-23T23:51:20.212Z"}},{"iob":0.079,"basaliob":-0.066,"bolussnooze":2.0E-4,"activity":0.0016,"lastBolusTime":1703361755000,"time":"2023-12-23T23:56:20.212Z","iobWithZeroTemp":{"iob":-0.625,"basaliob":-0.77,"bolussnooze":2.0E-4,"activity":-0.0044,"lastBolusTime":1703361755000,"time":"2023-12-23T23:56:20.212Z"}},{"iob":0.071,"basaliob":-0.061,"bolussnooze":1.0E-4,"activity":0.0015,"lastBolusTime":1703361755000,"time":"2023-12-24T00:01:20.212Z","iobWithZeroTemp":{"iob":-0.64,"basaliob":-0.772,"bolussnooze":1.0E-4,"activity":-0.0047,"lastBolusTime":1703361755000,"time":"2023-12-24T00:01:20.212Z"}},{"iob":0.064,"basaliob":-0.056,"bolussnooze":1.0E-4,"activity":0.0014,"lastBolusTime":1703361755000,"time":"2023-12-24T00:06:20.212Z","iobWithZeroTemp":{"iob":-0.645,"basaliob":-0.765,"bolussnooze":1.0E-4,"activity":-0.0048,"lastBolusTime":1703361755000,"time":"2023-12-24T00:06:20.212Z"}},{"iob":0.058,"basaliob":-0.051,"bolussnooze":0,"activity":0.0012,"lastBolusTime":1703361755000,"time":"2023-12-24T00:11:20.212Z","iobWithZeroTemp":{"iob":-0.649,"basaliob":-0.758,"bolussnooze":0,"activity":-0.0051,"lastBolusTime":1703361755000,"time":"2023-12-24T00:11:20.212Z"}},{"iob":0.052,"basaliob":-0.047,"bolussnooze":0,"activity":0.0011,"lastBolusTime":1703361755000,"time":"2023-12-24T00:16:20.212Z","iobWithZeroTemp":{"iob":-0.652,"basaliob":-0.751,"bolussnooze":0,"activity":-0.0053,"lastBolusTime":1703361755000,"time":"2023-12-24T00:16:20.212Z"}},{"iob":0.047,"basaliob":-0.043,"bolussnooze":0,"activity":0.001,"lastBolusTime":1703361755000,"time":"2023-12-24T00:21:20.212Z","iobWithZeroTemp":{"iob":-0.654,"basaliob":-0.744,"bolussnooze":0,"activity":-0.0054,"lastBolusTime":1703361755000,"time":"2023-12-24T00:21:20.212Z"}},{"iob":0.041,"basaliob":-0.04,"bolussnooze":0,"activity":9.0E-4,"lastBolusTime":1703361755000,"time":"2023-12-24T00:26:20.212Z","iobWithZeroTemp":{"iob":-0.658,"basaliob":-0.739,"bolussnooze":0,"activity":-0.0055,"lastBolusTime":1703361755000,"time":"2023-12-24T00:26:20.212Z"}},{"iob":0.037,"basaliob":-0.036,"bolussnooze":0,"activity":9.0E-4,"lastBolusTime":1703361755000,"time":"2023-12-24T00:31:20.212Z","iobWithZeroTemp":{"iob":-0.658,"basaliob":-0.731,"bolussnooze":0,"activity":-0.0056,"lastBolusTime":1703361755000,"time":"2023-12-24T00:31:20.212Z"}},{"iob":0.033,"basaliob":-0.033,"bolussnooze":0,"activity":7.0E-4,"lastBolusTime":1703361755000,"time":"2023-12-24T00:36:20.212Z","iobWithZeroTemp":{"iob":-0.659,"basaliob":-0.725,"bolussnooze":0,"activity":-0.0058,"lastBolusTime":1703361755000,"time":"2023-12-24T00:36:20.212Z"}},{"iob":0.03,"basaliob":-0.03,"bolussnooze":0,"activity":7.0E-4,"lastBolusTime":1703361755000,"time":"2023-12-24T00:41:20.212Z","iobWithZeroTemp":{"iob":-0.659,"basaliob":-0.719,"bolussnooze":0,"activity":-0.0058,"lastBolusTime":1703361755000,"time":"2023-12-24T00:41:20.212Z"}},{"iob":0.026,"basaliob":-0.028,"bolussnooze":0,"activity":6.0E-4,"lastBolusTime":1703361755000,"time":"2023-12-24T00:46:20.212Z","iobWithZeroTemp":{"iob":-0.66,"basaliob":-0.714,"bolussnooze":0,"activity":-0.0059,"lastBolusTime":1703361755000,"time":"2023-12-24T00:46:20.212Z"}},{"iob":0.024,"basaliob":-0.025,"bolussnooze":0,"activity":5.0E-4,"lastBolusTime":1703361755000,"time":"2023-12-24T00:51:20.212Z","iobWithZeroTemp":{"iob":-0.659,"basaliob":-0.708,"bolussnooze":0,"activity":-0.006,"lastBolusTime":1703361755000,"time":"2023-12-24T00:51:20.212Z"}},{"iob":0.021,"basaliob":-0.023,"bolussnooze":0,"activity":5.0E-4,"lastBolusTime":1703361755000,"time":"2023-12-24T00:56:20.212Z","iobWithZeroTemp":{"iob":-0.658,"basaliob":-0.702,"bolussnooze":0,"activity":-0.006,"lastBolusTime":1703361755000,"time":"2023-12-24T00:56:20.212Z"}},{"iob":0.018,"basaliob":-0.021,"bolussnooze":0,"activity":4.0E-4,"lastBolusTime":1703361755000,"time":"2023-12-24T01:01:20.212Z","iobWithZeroTemp":{"iob":-0.658,"basaliob":-0.697,"bolussnooze":0,"activity":-0.0061,"lastBolusTime":1703361755000,"time":"2023-12-24T01:01:20.212Z"}}],"profile":{"max_iob":7,"type":"current","max_daily_basal":0.45,"max_basal":1.35,"min_bg":81.0000000000001,"max_bg":81.0000000000001,"target_bg":81.0000000000001,"carb_ratio":11,"sens":352.8,"max_daily_safety_multiplier":3,"current_basal_safety_multiplier":4,"lgsThreshold":65,"high_temptarget_raises_sensitivity":false,"low_temptarget_lowers_sensitivity":false,"sensitivity_raises_target":true,"resistance_lowers_target":true,"adv_target_adjustments":false,"exercise_mode":false,"half_basal_exercise_target":160,"maxCOB":120,"skip_neutral_temps":false,"remainingCarbsCap":90,"enableUAM":true,"A52_risk_enable":false,"SMBInterval":4,"enableSMB_with_COB":true,"enableSMB_with_temptarget":false,"allowSMB_with_high_temptarget":true,"enableSMB_always":true,"enableSMB_after_carbs":false,"maxSMBBasalMinutes":60,"maxUAMSMBBasalMinutes":60,"bolus_increment":0.05,"carbsReqThreshold":10,"current_basal":0.4,"temptargetSet":true,"autosens_max":1.2,"autosens_min":0.8,"out_units":"mmol\/L","variable_sens":178.8,"insulinDivisor":65,"TDD":13.245540214285715},"autosens_data":{"ratio":1.233558891241135},"meal_data":{"carbs":85,"mealCOB":29.283738095238103,"slopeFromMaxDeviation":-2.905254237288135,"slopeFromMinDeviation":0,"lastBolusTime":1703361755000,"lastCarbTime":1703361756532},"microBolusAllowed":true,"currentTime":1703365582305,"flatBGsDetected":false,"tdd1D":34.144083333333334,"tdd7D":30.47294047619048,"tddLast24H":37.59016666666663,"tddLast4H":8.4,"tddLast8to4H":5.93},"output":{"temp":"absolute","bg":74,"tick":-5,"eventualBG":252,"targetBG":81.0000000000001,"insulinReq":0,"deliverAt":"2023-12-23T21:06:22.305Z","sensitivityRatio":1.233558891241135,"variable_sens":178.8,"predBGs":{"IOB":[74,67,58,48,39,39,39,39,39,39,39,39,39],"ZT":[74,52,39,39,39,39,39,39,39,39,39,39,39,39,39,39,39,39,39,39,39,39,39,39,39,39,39,39,39,39,39,39,39,39,39,39,39,39,39,39,39,39,39,39,39,39,39,39],"COB":[74,68,63,60,57,56,55,56,57,59,62,65,69,74,79,84,90,97,104,111,118,126,134,142,150,158,166,173,181,188,194,201,207,213,218,223,228,232,236,239,242,245,247,249,251,252],"UAM":[74,65,53,39,39,39,39,39,39,39,39,39,39]},"reason":"COB: 29.3, Dev: 5.2, BGI: -1.2, ISF: 9.9, CR: 11, Target: 4.5, minPredBG -7.2, minGuardBG -10.9, IOBpredBG 2.2, COBpredBG 14.0, UAMpredBG 2.2; minGuardBG -10.9<3.6","COB":29.283738095238103,"IOB":1.584,"duration":120,"rate":0,"timestamp":"2023-12-23T21:06:22.330Z"}}