{"algorithm":"OpenAPSSMBDynamicISFPlugin","input":{"glucoseStatus":{"glucose":194,"noise":0,"delta":-5,"short_avgdelta":-3.61,"long_avgdelta":-1.5,"date":1703609814693},"currenttemp":{"temp":"absolute","duration":88,"rate":0,"minutesrunning":32},"iob_data":[{"iob":1.446,"basaliob":-0.579,"bolussnooze":0.3391,"activity":0.0176,"lastBolusTime":1703607903000,"time":"2023-12-26T16:59:12.780Z","iobWithZeroTemp":{"iob":1.446,"basaliob":-0.579,"bolussnooze":0.3391,"activity":0.0176,"lastBolusTime":1703607903000,"time":"2023-12-26T16:59:12.780Z"}},{"iob":1.359,"basaliob":-0.551,"bolussnooze":0.3026,"activity":0.017,"lastBolusTime":1703607903000,"time":"2023-12-26T17:04:12.780Z","iobWithZeroTemp":{"iob":1.332,"basaliob":-0.578,"bolussnooze":0.3026,"activity":0.017,"lastBolusTime":1703607903000,"time":"2023-12-26T17:04:12.780Z"}},{"iob":1.276,"basaliob":-0.523,"bolussnooze":0.2685,"activity":0.0163,"lastBolusTime":1703607903000,"time":"2023-12-26T17:09:12.780Z","iobWithZeroTemp":{"iob":1.216,"basaliob":-0.583,"bolussnooze":0.2685,"activity":0.0162,"lastBolusTime":1703607903000,"time":"2023-12-26T17:09:12.780Z"}},{"iob":1.197,"basaliob":-0.495,"bolussnooze":0.237,"activity":0.0155,"lastBolusTime":1703607903000,"time":"2023-12-26T17:14:12.780Z","iobWithZeroTemp":{"iob":1.105,"basaliob":-0.587,"bolussnooze":0.237,"activity":0.0153,"lastBolusTime":1703607903000,"time":"2023-12-26T17:14:12.780Z"}},{"iob":1.122,"basaliob":-0.468,"bolussnooze":0.2082,"activity":0.0147,"lastBolusTime":1703607903000,"time":"2023-12-26T17:19:12.780Z","iobWithZeroTemp":{"iob":0.997,"basaliob":-0.593,"bolussnooze":0.2082,"activity":0.0144,"lastBolusTime":1703607903000,"time":"2023-12-26T17:19:12.780Z"}},{"iob":1.05,"basaliob":-0.442,"bolussnooze":0.1822,"activity":0.0141,"lastBolusTime":1703607903000,"time":"2023-12-26T17:24:12.780Z","iobWithZeroTemp":{"iob":0.894,"basaliob":-0.598,"bolussnooze":0.1822,"activity":0.0136,"lastBolusTime":1703607903000,"time":"2023-12-26T17:24:12.780Z"}},{"iob":0.981,"basaliob":-0.417,"bolussnooze":0.1588,"activity":0.0133,"lastBolusTime":1703607903000,"time":"2023-12-26T17:29:12.780Z","iobWithZeroTemp":{"iob":0.795,"basaliob":-0.603,"bolussnooze":0.1588,"activity":0.0126,"lastBolusTime":1703607903000,"time":"2023-12-26T17:29:12.780Z"}},{"iob":0.916,"basaliob":-0.393,"bolussnooze":0.1379,"activity":0.0126,"lastBolusTime":1703607903000,"time":"2023-12-26T17:34:12.780Z","iobWithZeroTemp":{"iob":0.7,"basaliob":-0.609,"bolussnooze":0.1379,"activity":0.0117,"lastBolusTime":1703607903000,"time":"2023-12-26T17:34:12.780Z"}},{"iob":0.855,"basaliob":-0.37,"bolussnooze":0.1194,"activity":0.0119,"lastBolusTime":1703607903000,"time":"2023-12-26T17:39:12.780Z","iobWithZeroTemp":{"iob":0.611,"basaliob":-0.614,"bolussnooze":0.1194,"activity":0.0108,"lastBolusTime":1703607903000,"time":"2023-12-26T17:39:12.780Z"}},{"iob":0.797,"basaliob":-0.347,"bolussnooze":0.103,"activity":0.0113,"lastBolusTime":1703607903000,"time":"2023-12-26T17:44:12.780Z","iobWithZeroTemp":{"iob":0.525,"basaliob":-0.619,"bolussnooze":0.103,"activity":0.01,"lastBolusTime":1703607903000,"time":"2023-12-26T17:44:12.780Z"}},{"iob":0.742,"basaliob":-0.326,"bolussnooze":0.0886,"activity":0.0106,"lastBolusTime":1703607903000,"time":"2023-12-26T17:49:12.780Z","iobWithZeroTemp":{"iob":0.444,"basaliob":-0.624,"bolussnooze":0.0886,"activity":0.0091,"lastBolusTime":1703607903000,"time":"2023-12-26T17:49:12.780Z"}},{"iob":0.691,"basaliob":-0.305,"bolussnooze":0.076,"activity":0.01,"lastBolusTime":1703607903000,"time":"2023-12-26T17:54:12.780Z","iobWithZeroTemp":{"iob":0.368,"basaliob":-0.628,"bolussnooze":0.076,"activity":0.0082,"lastBolusTime":1703607903000,"time":"2023-12-26T17:54:12.780Z"}},{"iob":0.642,"basaliob":-0.286,"bolussnooze":0.065,"activity":0.0094,"lastBolusTime":1703607903000,"time":"2023-12-26T17:59:12.780Z","iobWithZeroTemp":{"iob":0.295,"basaliob":-0.633,"bolussnooze":0.065,"activity":0.0074,"lastBolusTime":1703607903000,"time":"2023-12-26T17:59:12.780Z"}},{"iob":0.597,"basaliob":-0.267,"bolussnooze":0.0554,"activity":0.0089,"lastBolusTime":1703607903000,"time":"2023-12-26T18:04:12.780Z","iobWithZeroTemp":{"iob":0.227,"basaliob":-0.637,"bolussnooze":0.0554,"activity":0.0067,"lastBolusTime":1703607903000,"time":"2023-12-26T18:04:12.780Z"}},{"iob":0.553,"basaliob":-0.25,"bolussnooze":0.0471,"activity":0.0083,"lastBolusTime":1703607903000,"time":"2023-12-26T18:09:12.780Z","iobWithZeroTemp":{"iob":0.162,"basaliob":-0.641,"bolussnooze":0.0471,"activity":0.0059,"lastBolusTime":1703607903000,"time":"2023-12-26T18:09:12.780Z"}},{"iob":0.514,"basaliob":-0.233,"bolussnooze":0.04,"activity":0.0078,"lastBolusTime":1703607903000,"time":"2023-12-26T18:14:12.780Z","iobWithZeroTemp":{"iob":0.102,"basaliob":-0.645,"bolussnooze":0.04,"activity":0.0051,"lastBolusTime":1703607903000,"time":"2023-12-26T18:14:12.780Z"}},{"iob":0.476,"basaliob":-0.217,"bolussnooze":0.0338,"activity":0.0072,"lastBolusTime":1703607903000,"time":"2023-12-26T18:19:12.780Z","iobWithZeroTemp":{"iob":0.045,"basaliob":-0.648,"bolussnooze":0.0338,"activity":0.0043,"lastBolusTime":1703607903000,"time":"2023-12-26T18:19:12.780Z"}},{"iob":0.441,"basaliob":-0.202,"bolussnooze":0.0286,"activity":0.0068,"lastBolusTime":1703607903000,"time":"2023-12-26T18:24:12.780Z","iobWithZeroTemp":{"iob":-0.009,"basaliob":-0.652,"bolussnooze":0.0286,"activity":0.0037,"lastBolusTime":1703607903000,"time":"2023-12-26T18:24:12.780Z"}},{"iob":0.408,"basaliob":-0.188,"bolussnooze":0.024,"activity":0.0064,"lastBolusTime":1703607903000,"time":"2023-12-26T18:29:12.780Z","iobWithZeroTemp":{"iob":-0.059,"basaliob":-0.655,"bolussnooze":0.024,"activity":0.0031,"lastBolusTime":1703607903000,"time":"2023-12-26T18:29:12.780Z"}},{"iob":0.377,"basaliob":-0.175,"bolussnooze":0.0202,"activity":0.0059,"lastBolusTime":1703607903000,"time":"2023-12-26T18:34:12.780Z","iobWithZeroTemp":{"iob":-0.107,"basaliob":-0.659,"bolussnooze":0.0202,"activity":0.0024,"lastBolusTime":1703607903000,"time":"2023-12-26T18:34:12.780Z"}},{"iob":0.348,"basaliob":-0.163,"bolussnooze":0.0169,"activity":0.0055,"lastBolusTime":1703607903000,"time":"2023-12-26T18:39:12.780Z","iobWithZeroTemp":{"iob":-0.151,"basaliob":-0.662,"bolussnooze":0.0169,"activity":0.0018,"lastBolusTime":1703607903000,"time":"2023-12-26T18:39:12.780Z"}},{"iob":0.322,"basaliob":-0.151,"bolussnooze":0.0141,"activity":0.0051,"lastBolusTime":1703607903000,"time":"2023-12-26T18:44:12.780Z","iobWithZeroTemp":{"iob":-0.192,"basaliob":-0.665,"bolussnooze":0.0141,"activity":0.0012,"lastBolusTime":1703607903000,"time":"2023-12-26T18:44:12.780Z"}},{"iob":0.297,"basaliob":-0.14,"bolussnooze":0.0118,"activity":0.0048,"lastBolusTime":1703607903000,"time":"2023-12-26T18:49:12.780Z","iobWithZeroTemp":{"iob":-0.23,"basaliob":-0.667,"bolussnooze":0.0118,"activity":8.0E-4,"lastBolusTime":1703607903000,"time":"2023-12-26T18:49:12.780Z"}},{"iob":0.274,"basaliob":-0.13,"bolussnooze":0.0098,"activity":0.0044,"lastBolusTime":1703607903000,"time":"2023-12-26T18:54:12.780Z","iobWithZeroTemp":{"iob":-0.266,"basaliob":-0.67,"bolussnooze":0.0098,"activity":2.0E-4,"lastBolusTime":1703607903000,"time":"2023-12-26T18:54:12.780Z"}},{"iob":0.252,"basaliob":-0.12,"bolussnooze":0.0081,"activity":0.0041,"lastBolusTime":1703607903000,"time":"2023-12-26T18:59:12.780Z","iobWithZeroTemp":{"iob":-0.3,"basaliob":-0.672,"bolussnooze":0.0081,"activity":-2.0E-4,"lastBolusTime":1703607903000,"time":"2023-12-26T18:59:12.780Z"}},{"iob":0.232,"basaliob":-0.111,"bolussnooze":0.0066,"activity":0.0039,"lastBolusTime":1703607903000,"time":"2023-12-26T19:04:12.780Z","iobWithZeroTemp":{"iob":-0.331,"basaliob":-0.674,"bolussnooze":0.0066,"activity":-6.0E-4,"lastBolusTime":1703607903000,"time":"2023-12-26T19:04:12.780Z"}},{"iob":0.214,"basaliob":-0.103,"bolussnooze":0.0054,"activity":0.0036,"lastBolusTime":1703607903000,"time":"2023-12-26T19:09:12.780Z","iobWithZeroTemp":{"iob":-0.36,"basaliob":-0.677,"bolussnooze":0.0054,"activity":-0.001,"lastBolusTime":1703607903000,"time":"2023-12-26T19:09:12.780Z"}},{"iob":0.196,"basaliob":-0.095,"bolussnooze":0.0044,"activity":0.0033,"lastBolusTime":1703607903000,"time":"2023-12-26T19:14:12.780Z","iobWithZeroTemp":{"iob":-0.388,"basaliob":-0.679,"bolussnooze":0.0044,"activity":-0.0015,"lastBolusTime":1703607903000,"time":"2023-12-26T19:14:12.780Z"}},{"iob":0.18,"basaliob":-0.088,"bolussnooze":0.0036,"activity":0.0031,"lastBolusTime":1703607903000,"time":"2023-12-26T19:19:12.780Z","iobWithZeroTemp":{"iob":-0.413,"basaliob":-0.681,"bolussnooze":0.0036,"activity":-0.0018,"lastBolusTime":1703607903000,"time":"2023-12-26T19:19:12.780Z"}},{"iob":0.166,"basaliob":-0.081,"bolussnooze":0.0029,"activity":0.0029,"lastBolusTime":1703607903000,"time":"2023-12-26T19:24:12.780Z","iobWithZeroTemp":{"iob":-0.435,"basaliob":-0.682,"bolussnooze":0.0029,"activity":-0.0021,"lastBolusTime":1703607903000,"time":"2023-12-26T19:24:12.780Z"}},{"iob":0.152,"basaliob":-0.075,"bolussnooze":0.0023,"activity":0.0027,"lastBolusTime":1703607903000,"time":"2023-12-26T19:29:12.780Z","iobWithZeroTemp":{"iob":-0.457,"basaliob":-0.684,"bolussnooze":0.0023,"activity":-0.0024,"lastBolusTime":1703607903000,"time":"2023-12-26T19:29:12.780Z"}},{"iob":0.139,"basaliob":-0.069,"bolussnooze":0.0019,"activity":0.0025,"lastBolusTime":1703607903000,"time":"2023-12-26T19:34:12.780Z","iobWithZeroTemp":{"iob":-0.478,"basaliob":-0.686,"bolussnooze":0.0019,"activity":-0.0027,"lastBolusTime":1703607903000,"time":"2023-12-26T19:34:12.780Z"}},{"iob":0.128,"basaliob":-0.063,"bolussnooze":0.0015,"activity":0.0023,"lastBolusTime":1703607903000,"time":"2023-12-26T19:39:12.780Z","iobWithZeroTemp":{"iob":-0.496,"basaliob":-0.687,"bolussnooze":0.0015,"activity":-0.003,"lastBolusTime":1703607903000,"time":"2023-12-26T19:39:12.780Z"}},{"iob":0.117,"basaliob":-0.058,"bolussnooze":0.0012,"activity":0.0021,"lastBolusTime":1703607903000,"time":"2023-12-26T19:44:12.780Z","iobWithZeroTemp":{"iob":-0.513,"basaliob":-0.688,"bolussnooze":0.0012,"activity":-0.0033,"lastBolusTime":1703607903000,"time":"2023-12-26T19:44:12.780Z"}},{"iob":0.106,"basaliob":-0.054,"bolussnooze":9.0E-4,"activity":0.0019,"lastBolusTime":1703607903000,"time":"2023-12-26T19:49:12.780Z","iobWithZeroTemp":{"iob":-0.53,"basaliob":-0.69,"bolussnooze":9.0E-4,"activity":-0.0036,"lastBolusTime":1703607903000,"time":"2023-12-26T19:49:12.780Z"}},{"iob":0.098,"basaliob":-0.049,"bolussnooze":7.0E-4,"activity":0.0018,"lastBolusTime":1703607903000,"time":"2023-12-26T19:54:12.780Z","iobWithZeroTemp":{"iob":-0.544,"basaliob":-0.691,"bolussnooze":7.0E-4,"activity":-0.0038,"lastBolusTime":1703607903000,"time":"2023-12-26T19:54:12.780Z"}},{"iob":0.089,"basaliob":-0.045,"bolussnooze":5.0E-4,"activity":0.0016,"lastBolusTime":1703607903000,"time":"2023-12-26T19:59:12.780Z","iobWithZeroTemp":{"iob":-0.558,"basaliob":-0.692,"bolussnooze":5.0E-4,"activity":-0.0041,"lastBolusTime":1703607903000,"time":"2023-12-26T19:59:12.780Z"}},{"iob":0.081,"basaliob":-0.042,"bolussnooze":4.0E-4,"activity":0.0015,"lastBolusTime":1703607903000,"time":"2023-12-26T20:04:12.780Z","iobWithZeroTemp":{"iob":-0.57,"basaliob":-0.693,"bolussnooze":4.0E-4,"activity":-0.0043,"lastBolusTime":1703607903000,"time":"2023-12-26T20:04:12.780Z"}},{"iob":0.074,"basaliob":-0.038,"bolussnooze":3.0E-4,"activity":0.0013,"lastBolusTime":1703607903000,"time":"2023-12-26T20:09:12.780Z","iobWithZeroTemp":{"iob":-0.582,"basaliob":-0.694,"bolussnooze":3.0E-4,"activity":-0.0045,"lastBolusTime":1703607903000,"time":"2023-12-26T20:09:12.780Z"}},{"iob":0.067,"basaliob":-0.035,"bolussnooze":2.0E-4,"activity":0.0013,"lastBolusTime":1703607903000,"time":"2023-12-26T20:14:12.780Z","iobWithZeroTemp":{"iob":-0.593,"basaliob":-0.695,"bolussnooze":2.0E-4,"activity":-0.0046,"lastBolusTime":1703607903000,"time":"2023-12-26T20:14:12.780Z"}},{"iob":0.061,"basaliob":-0.032,"bolussnooze":1.0E-4,"activity":0.0011,"lastBolusTime":1703607903000,"time":"2023-12-26T20:19:12.780Z","iobWithZeroTemp":{"iob":-0.603,"basaliob":-0.696,"bolussnooze":1.0E-4,"activity":-0.0048,"lastBolusTime":1703607903000,"time":"2023-12-26T20:19:12.780Z"}},{"iob":0.056,"basaliob":-0.029,"bolussnooze":1.0E-4,"activity":0.0011,"lastBolusTime":1703607903000,"time":"2023-12-26T20:24:12.780Z","iobWithZeroTemp":{"iob":-0.611,"basaliob":-0.696,"bolussnooze":1.0E-4,"activity":-0.0049,"lastBolusTime":1703607903000,"time":"2023-12-26T20:24:12.780Z"}},{"iob":0.05,"basaliob":-0.027,"bolussnooze":1.0E-4,"activity":0.001,"lastBolusTime":1703607903000,"time":"2023-12-26T20:29:12.780Z","iobWithZeroTemp":{"iob":-0.62,"basaliob":-0.697,"bolussnooze":1.0E-4,"activity":-0.0051,"lastBolusTime":1703607903000,"time":"2023-12-26T20:29:12.780Z"}},{"iob":0.045,"basaliob":-0.025,"bolussnooze":0,"activity":9.0E-4,"lastBolusTime":1703607903000,"time":"2023-12-26T20:34:12.780Z","iobWithZeroTemp":{"iob":-0.628,"basaliob":-0.698,"bolussnooze":0,"activity":-0.0052,"lastBolusTime":1703607903000,"time":"2023-12-26T20:34:12.780Z"}},{"iob":0.042,"basaliob":-0.022,"bolussnooze":0,"activity":8.0E-4,"lastBolusTime":1703607903000,"time":"2023-12-26T20:39:12.780Z","iobWithZeroTemp":{"iob":-0.634,"basaliob":-0.698,"bolussnooze":0,"activity":-0.0053,"lastBolusTime":1703607903000,"time":"2023-12-26T20:39:12.780Z"}},{"iob":0.038,"basaliob":-0.02,"bolussnooze":0,"activity":7.0E-4,"lastBolusTime":1703607903000,"time":"2023-12-26T20:44:12.780Z","iobWithZeroTemp":{"iob":-0.64,"basaliob":-0.698,"bolussnooze":0,"activity":-0.0055,"lastBolusTime":1703607903000,"time":"2023-12-26T20:44:12.780Z"}},{"iob":0.034,"basaliob":-0.019,"bolussnooze":0,"activity":7.0E-4,"lastBolusTime":1703607903000,"time":"2023-12-26T20:49:12.780Z","iobWithZeroTemp":{"iob":-0.647,"basaliob":-0.7,"bolussnooze":0,"activity":-0.0055,"lastBolusTime":1703607903000,"time":"2023-12-26T20:49:12.780Z"}},{"iob":0.031,"basaliob":-0.017,"bolussnooze":0,"activity":6.0E-4,"lastBolusTime":1703607903000,"time":"2023-12-26T20:54:12.780Z","iobWithZeroTemp":{"iob":-0.652,"basaliob":-0.7,"bolussnooze":0,"activity":-0.0057,"lastBolusTime":1703607903000,"time":"2023-12-26T20:54:12.780Z"}}],"profile":{"max_iob":7,"type":"current","max_daily_basal":0.45,"max_basal":1.35,"min_bg":81.0000000000001,"max_bg":81.0000000000001,"target_bg":81.0000000000001,"carb_ratio":11,"sens":352.8,"max_daily_safety_multiplier":3,"current_basal_safety_multiplier":4,"lgsThreshold":65,"high_temptarget_raises_sensitivity":false,"low_temptarget_lowers_sensitivity":false,"sensitivity_raises_target":true,"resistance_lowers_target":true,"adv_target_adjustments":false,"exercise_mode":false,"half_basal_exercise_target":160,"maxCOB":120,"skip_neutral_temps":false,"remainingCarbsCap":90,"enableUAM":true,"A52_risk_enable":false,"SMBInterval":4,"enableSMB_with_COB":true,"enableSMB_with_temptarget":false,"allowSMB_with_high_temptarget":true,"enableSMB_always":true,"enableSMB_after_carbs":false,"maxSMBBasalMinutes":60,"maxUAMSMBBasalMinutes":60,"bolus_increment":0.05,"carbsReqThreshold":10,"current_basal":0.4,"temptargetSet":true,"autosens_max":1.2,"autosens_min":0.8,"out_units":"mmol\/L","variable_sens":101.9,"insulinDivisor":65,"TDD":12.783356625000003},"autosens_data":{"ratio":1.1098519093836665},"meal_data":{"carbs":50,"mealCOB":21.128925170068026,"slopeFromMaxDeviation":-1.5299152542372882,"slopeFromMinDeviation":0,"lastBolusTime":1703607903000,"lastCarbTime":1703605833000},"microBolusAllowed":true,"currentTime":1703609954410,"flatBGsDetected":false,"tdd1D":33.75158333333334,"tdd7D":31.95839285714286,"tddLast24H":35.46908333333334,"tddLast4H":7.193333333333336,"tddLast8to4H":7.660000000000001},"output":{"temp":"absolute","bg":194,"tick":-5,"eventualBG":236,"targetBG":81.0000000000001,"insulinReq":0,"deliverAt":"2023-12-26T16:59:14.410Z","sensitivityRatio":1.1098519093836665,"variable_sens":101.9,"predBGs":{"IOB":[194,189,183,178,172,166,161,155,149,143,137,130,124,118,112,106,100,95,89,84,79,74,70,65,60,56,52,47,43,39],"ZT":[194,185,176,167,159,151,143,135,128,121,114,108,102,96,91,87,82,79,75,72,70,68,67,67,66,67,67,68,70,71,73,76,78,81],"COB":[194,189,185,180,177,173,171,168,166,165,163,163,162,162,162,163,164,165,166,168,170,173,175,178,181,184,188,191,195,198,201,204,207,210,213,215,218,220,223,225,227,229,230,232,233,234,235,236],"UAM":[194,188,180,171,163,154,146,138,130,123,115,108,101,94,87,80,73,66,59,52,45,39]},"reason":"COB: 21.1, Dev: 1.3, BGI: -0.5, ISF: 5.7, CR: 11, Target: 4.5, minPredBG 3.8, minGuardBG 2.1, IOBpredBG 2.2, COBpredBG 13.1, UAMpredBG 2.2; minGuardBG 2.1<3.6 88m left and 0 ~ req 0U\/hr: no temp required","COB":21.128925170068026,"IOB":1.446,"timestamp":"2023-12-26T16:59:14.433Z"}}