{"algorithm":"OpenAPSSMBDynamicISFPlugin","input":{"glucoseStatus":{"glucose":148,"noise":0,"delta":4,"short_avgdelta":3,"long_avgdelta":0.89,"date":1703312758751},"currenttemp":{"temp":"absolute","duration":10,"rate":0.6,"minutesrunning":5},"iob_data":[{"iob":0.301,"basaliob":-0.316,"bolussnooze":0,"activity":0.0046,"lastBolusTime":1703308906000,"time":"2023-12-23T06:26:18.379Z","iobWithZeroTemp":{"iob":0.301,"basaliob":-0.316,"bolussnooze":0,"activity":0.0046,"lastBolusTime":1703308906000,"time":"2023-12-23T06:26:18.379Z"}},{"iob":0.278,"basaliob":-0.301,"bolussnooze":0,"activity":0.0043,"lastBolusTime":1703308906000,"time":"2023-12-23T06:31:18.379Z","iobWithZeroTemp":{"iob":0.251,"basaliob":-0.328,"bolussnooze":0,"activity":0.0043,"lastBolusTime":1703308906000,"time":"2023-12-23T06:31:18.379Z"}},{"iob":0.257,"basaliob":-0.286,"bolussnooze":0,"activity":0.0041,"lastBolusTime":1703308906000,"time":"2023-12-23T06:36:18.379Z","iobWithZeroTemp":{"iob":0.197,"basaliob":-0.346,"bolussnooze":0,"activity":0.004,"lastBolusTime":1703308906000,"time":"2023-12-23T06:36:18.379Z"}},{"iob":0.238,"basaliob":-0.271,"bolussnooze":0,"activity":0.0037,"lastBolusTime":1703308906000,"time":"2023-12-23T06:41:18.379Z","iobWithZeroTemp":{"iob":0.146,"basaliob":-0.363,"bolussnooze":0,"activity":0.0035,"lastBolusTime":1703308906000,"time":"2023-12-23T06:41:18.379Z"}},{"iob":0.22,"basaliob":-0.256,"bolussnooze":0,"activity":0.0035,"lastBolusTime":1703308906000,"time":"2023-12-23T06:46:18.379Z","iobWithZeroTemp":{"iob":0.095,"basaliob":-0.381,"bolussnooze":0,"activity":0.0032,"lastBolusTime":1703308906000,"time":"2023-12-23T06:46:18.379Z"}},{"iob":0.203,"basaliob":-0.242,"bolussnooze":0,"activity":0.0033,"lastBolusTime":1703308906000,"time":"2023-12-23T06:51:18.379Z","iobWithZeroTemp":{"iob":0.047,"basaliob":-0.398,"bolussnooze":0,"activity":0.0028,"lastBolusTime":1703308906000,"time":"2023-12-23T06:51:18.379Z"}},{"iob":0.187,"basaliob":-0.228,"bolussnooze":0,"activity":0.003,"lastBolusTime":1703308906000,"time":"2023-12-23T06:56:18.379Z","iobWithZeroTemp":{"iob":0.001,"basaliob":-0.414,"bolussnooze":0,"activity":0.0023,"lastBolusTime":1703308906000,"time":"2023-12-23T06:56:18.379Z"}},{"iob":0.172,"basaliob":-0.215,"bolussnooze":0,"activity":0.0028,"lastBolusTime":1703308906000,"time":"2023-12-23T07:01:18.379Z","iobWithZeroTemp":{"iob":-0.044,"basaliob":-0.431,"bolussnooze":0,"activity":0.0019,"lastBolusTime":1703308906000,"time":"2023-12-23T07:01:18.379Z"}},{"iob":0.159,"basaliob":-0.202,"bolussnooze":0,"activity":0.0026,"lastBolusTime":1703308906000,"time":"2023-12-23T07:06:18.379Z","iobWithZeroTemp":{"iob":-0.085,"basaliob":-0.446,"bolussnooze":0,"activity":0.0015,"lastBolusTime":1703308906000,"time":"2023-12-23T07:06:18.379Z"}},{"iob":0.146,"basaliob":-0.19,"bolussnooze":0,"activity":0.0024,"lastBolusTime":1703308906000,"time":"2023-12-23T07:11:18.379Z","iobWithZeroTemp":{"iob":-0.126,"basaliob":-0.462,"bolussnooze":0,"activity":0.0011,"lastBolusTime":1703308906000,"time":"2023-12-23T07:11:18.379Z"}},{"iob":0.135,"basaliob":-0.178,"bolussnooze":0,"activity":0.0022,"lastBolusTime":1703308906000,"time":"2023-12-23T07:16:18.379Z","iobWithZeroTemp":{"iob":-0.163,"basaliob":-0.476,"bolussnooze":0,"activity":7.0E-4,"lastBolusTime":1703308906000,"time":"2023-12-23T07:16:18.379Z"}},{"iob":0.124,"basaliob":-0.167,"bolussnooze":0,"activity":0.0021,"lastBolusTime":1703308906000,"time":"2023-12-23T07:21:18.379Z","iobWithZeroTemp":{"iob":-0.199,"basaliob":-0.49,"bolussnooze":0,"activity":3.0E-4,"lastBolusTime":1703308906000,"time":"2023-12-23T07:21:18.379Z"}},{"iob":0.114,"basaliob":-0.156,"bolussnooze":0,"activity":0.0019,"lastBolusTime":1703308906000,"time":"2023-12-23T07:26:18.379Z","iobWithZeroTemp":{"iob":-0.233,"basaliob":-0.503,"bolussnooze":0,"activity":-1.0E-4,"lastBolusTime":1703308906000,"time":"2023-12-23T07:26:18.379Z"}},{"iob":0.105,"basaliob":-0.146,"bolussnooze":0,"activity":0.0018,"lastBolusTime":1703308906000,"time":"2023-12-23T07:31:18.379Z","iobWithZeroTemp":{"iob":-0.265,"basaliob":-0.516,"bolussnooze":0,"activity":-4.0E-4,"lastBolusTime":1703308906000,"time":"2023-12-23T07:31:18.379Z"}},{"iob":0.095,"basaliob":-0.137,"bolussnooze":0,"activity":0.0016,"lastBolusTime":1703308906000,"time":"2023-12-23T07:36:18.379Z","iobWithZeroTemp":{"iob":-0.296,"basaliob":-0.528,"bolussnooze":0,"activity":-8.0E-4,"lastBolusTime":1703308906000,"time":"2023-12-23T07:36:18.379Z"}},{"iob":0.087,"basaliob":-0.128,"bolussnooze":0,"activity":0.0015,"lastBolusTime":1703308906000,"time":"2023-12-23T07:41:18.379Z","iobWithZeroTemp":{"iob":-0.325,"basaliob":-0.54,"bolussnooze":0,"activity":-0.0012,"lastBolusTime":1703308906000,"time":"2023-12-23T07:41:18.379Z"}},{"iob":0.08,"basaliob":-0.119,"bolussnooze":0,"activity":0.0014,"lastBolusTime":1703308906000,"time":"2023-12-23T07:46:18.379Z","iobWithZeroTemp":{"iob":-0.351,"basaliob":-0.55,"bolussnooze":0,"activity":-0.0015,"lastBolusTime":1703308906000,"time":"2023-12-23T07:46:18.379Z"}},{"iob":0.074,"basaliob":-0.111,"bolussnooze":0,"activity":0.0013,"lastBolusTime":1703308906000,"time":"2023-12-23T07:51:18.379Z","iobWithZeroTemp":{"iob":-0.376,"basaliob":-0.561,"bolussnooze":0,"activity":-0.0018,"lastBolusTime":1703308906000,"time":"2023-12-23T07:51:18.379Z"}},{"iob":0.068,"basaliob":-0.103,"bolussnooze":0,"activity":0.0012,"lastBolusTime":1703308906000,"time":"2023-12-23T07:56:18.379Z","iobWithZeroTemp":{"iob":-0.399,"basaliob":-0.57,"bolussnooze":0,"activity":-0.0021,"lastBolusTime":1703308906000,"time":"2023-12-23T07:56:18.379Z"}},{"iob":0.062,"basaliob":-0.096,"bolussnooze":0,"activity":0.0011,"lastBolusTime":1703308906000,"time":"2023-12-23T08:01:18.379Z","iobWithZeroTemp":{"iob":-0.422,"basaliob":-0.58,"bolussnooze":0,"activity":-0.0024,"lastBolusTime":1703308906000,"time":"2023-12-23T08:01:18.379Z"}},{"iob":0.057,"basaliob":-0.089,"bolussnooze":0,"activity":0.001,"lastBolusTime":1703308906000,"time":"2023-12-23T08:06:18.379Z","iobWithZeroTemp":{"iob":-0.442,"basaliob":-0.588,"bolussnooze":0,"activity":-0.0027,"lastBolusTime":1703308906000,"time":"2023-12-23T08:06:18.379Z"}},{"iob":0.051,"basaliob":-0.083,"bolussnooze":0,"activity":0.001,"lastBolusTime":1703308906000,"time":"2023-12-23T08:11:18.379Z","iobWithZeroTemp":{"iob":-0.463,"basaliob":-0.597,"bolussnooze":0,"activity":-0.0029,"lastBolusTime":1703308906000,"time":"2023-12-23T08:11:18.379Z"}},{"iob":0.047,"basaliob":-0.077,"bolussnooze":0,"activity":8.0E-4,"lastBolusTime":1703308906000,"time":"2023-12-23T08:16:18.379Z","iobWithZeroTemp":{"iob":-0.48,"basaliob":-0.604,"bolussnooze":0,"activity":-0.0032,"lastBolusTime":1703308906000,"time":"2023-12-23T08:16:18.379Z"}},{"iob":0.043,"basaliob":-0.071,"bolussnooze":0,"activity":8.0E-4,"lastBolusTime":1703308906000,"time":"2023-12-23T08:21:18.379Z","iobWithZeroTemp":{"iob":-0.497,"basaliob":-0.611,"bolussnooze":0,"activity":-0.0034,"lastBolusTime":1703308906000,"time":"2023-12-23T08:21:18.379Z"}},{"iob":0.039,"basaliob":-0.066,"bolussnooze":0,"activity":7.0E-4,"lastBolusTime":1703308906000,"time":"2023-12-23T08:26:18.379Z","iobWithZeroTemp":{"iob":-0.513,"basaliob":-0.618,"bolussnooze":0,"activity":-0.0036,"lastBolusTime":1703308906000,"time":"2023-12-23T08:26:18.379Z"}},{"iob":0.036,"basaliob":-0.061,"bolussnooze":0,"activity":7.0E-4,"lastBolusTime":1703308906000,"time":"2023-12-23T08:31:18.379Z","iobWithZeroTemp":{"iob":-0.527,"basaliob":-0.624,"bolussnooze":0,"activity":-0.0038,"lastBolusTime":1703308906000,"time":"2023-12-23T08:31:18.379Z"}},{"iob":0.032,"basaliob":-0.057,"bolussnooze":0,"activity":6.0E-4,"lastBolusTime":1703308906000,"time":"2023-12-23T08:36:18.379Z","iobWithZeroTemp":{"iob":-0.542,"basaliob":-0.631,"bolussnooze":0,"activity":-0.004,"lastBolusTime":1703308906000,"time":"2023-12-23T08:36:18.379Z"}},{"iob":0.03,"basaliob":-0.052,"bolussnooze":0,"activity":6.0E-4,"lastBolusTime":1703308906000,"time":"2023-12-23T08:41:18.379Z","iobWithZeroTemp":{"iob":-0.554,"basaliob":-0.636,"bolussnooze":0,"activity":-0.0042,"lastBolusTime":1703308906000,"time":"2023-12-23T08:41:18.379Z"}},{"iob":0.027,"basaliob":-0.048,"bolussnooze":0,"activity":5.0E-4,"lastBolusTime":1703308906000,"time":"2023-12-23T08:46:18.379Z","iobWithZeroTemp":{"iob":-0.566,"basaliob":-0.641,"bolussnooze":0,"activity":-0.0044,"lastBolusTime":1703308906000,"time":"2023-12-23T08:46:18.379Z"}},{"iob":0.024,"basaliob":-0.045,"bolussnooze":0,"activity":5.0E-4,"lastBolusTime":1703308906000,"time":"2023-12-23T08:51:18.379Z","iobWithZeroTemp":{"iob":-0.577,"basaliob":-0.646,"bolussnooze":0,"activity":-0.0045,"lastBolusTime":1703308906000,"time":"2023-12-23T08:51:18.379Z"}},{"iob":0.022,"basaliob":-0.041,"bolussnooze":0,"activity":4.0E-4,"lastBolusTime":1703308906000,"time":"2023-12-23T08:56:18.379Z","iobWithZeroTemp":{"iob":-0.587,"basaliob":-0.65,"bolussnooze":0,"activity":-0.0047,"lastBolusTime":1703308906000,"time":"2023-12-23T08:56:18.379Z"}},{"iob":0.02,"basaliob":-0.038,"bolussnooze":0,"activity":4.0E-4,"lastBolusTime":1703308906000,"time":"2023-12-23T09:01:18.379Z","iobWithZeroTemp":{"iob":-0.597,"basaliob":-0.655,"bolussnooze":0,"activity":-0.0048,"lastBolusTime":1703308906000,"time":"2023-12-23T09:01:18.379Z"}},{"iob":0.018,"basaliob":-0.035,"bolussnooze":0,"activity":3.0E-4,"lastBolusTime":1703308906000,"time":"2023-12-23T09:06:18.379Z","iobWithZeroTemp":{"iob":-0.606,"basaliob":-0.659,"bolussnooze":0,"activity":-0.005,"lastBolusTime":1703308906000,"time":"2023-12-23T09:06:18.379Z"}},{"iob":0.016,"basaliob":-0.032,"bolussnooze":0,"activity":4.0E-4,"lastBolusTime":1703308906000,"time":"2023-12-23T09:11:18.379Z","iobWithZeroTemp":{"iob":-0.614,"basaliob":-0.662,"bolussnooze":0,"activity":-0.005,"lastBolusTime":1703308906000,"time":"2023-12-23T09:11:18.379Z"}},{"iob":0.014,"basaliob":-0.03,"bolussnooze":0,"activity":3.0E-4,"lastBolusTime":1703308906000,"time":"2023-12-23T09:16:18.379Z","iobWithZeroTemp":{"iob":-0.622,"basaliob":-0.666,"bolussnooze":0,"activity":-0.0052,"lastBolusTime":1703308906000,"time":"2023-12-23T09:16:18.379Z"}},{"iob":0.013,"basaliob":-0.027,"bolussnooze":0,"activity":2.0E-4,"lastBolusTime":1703308906000,"time":"2023-12-23T09:21:18.379Z","iobWithZeroTemp":{"iob":-0.629,"basaliob":-0.669,"bolussnooze":0,"activity":-0.0054,"lastBolusTime":1703308906000,"time":"2023-12-23T09:21:18.379Z"}},{"iob":0.012,"basaliob":-0.025,"bolussnooze":0,"activity":3.0E-4,"lastBolusTime":1703308906000,"time":"2023-12-23T09:26:18.379Z","iobWithZeroTemp":{"iob":-0.635,"basaliob":-0.672,"bolussnooze":0,"activity":-0.0054,"lastBolusTime":1703308906000,"time":"2023-12-23T09:26:18.379Z"}},{"iob":0.011,"basaliob":-0.023,"bolussnooze":0,"activity":2.0E-4,"lastBolusTime":1703308906000,"time":"2023-12-23T09:31:18.379Z","iobWithZeroTemp":{"iob":-0.64,"basaliob":-0.674,"bolussnooze":0,"activity":-0.0056,"lastBolusTime":1703308906000,"time":"2023-12-23T09:31:18.379Z"}},{"iob":0.01,"basaliob":-0.021,"bolussnooze":0,"activity":2.0E-4,"lastBolusTime":1703308906000,"time":"2023-12-23T09:36:18.379Z","iobWithZeroTemp":{"iob":-0.646,"basaliob":-0.677,"bolussnooze":0,"activity":-0.0056,"lastBolusTime":1703308906000,"time":"2023-12-23T09:36:18.379Z"}},{"iob":0.009,"basaliob":-0.019,"bolussnooze":0,"activity":2.0E-4,"lastBolusTime":1703308906000,"time":"2023-12-23T09:41:18.379Z","iobWithZeroTemp":{"iob":-0.651,"basaliob":-0.679,"bolussnooze":0,"activity":-0.0057,"lastBolusTime":1703308906000,"time":"2023-12-23T09:41:18.379Z"}},{"iob":0.007,"basaliob":-0.018,"bolussnooze":0,"activity":2.0E-4,"lastBolusTime":1703308906000,"time":"2023-12-23T09:46:18.379Z","iobWithZeroTemp":{"iob":-0.657,"basaliob":-0.682,"bolussnooze":0,"activity":-0.0057,"lastBolusTime":1703308906000,"time":"2023-12-23T09:46:18.379Z"}},{"iob":0.007,"basaliob":-0.016,"bolussnooze":0,"activity":1.0E-4,"lastBolusTime":1703308906000,"time":"2023-12-23T09:51:18.379Z","iobWithZeroTemp":{"iob":-0.66,"basaliob":-0.683,"bolussnooze":0,"activity":-0.0059,"lastBolusTime":1703308906000,"time":"2023-12-23T09:51:18.379Z"}},{"iob":0.006,"basaliob":-0.015,"bolussnooze":0,"activity":1.0E-4,"lastBolusTime":1703308906000,"time":"2023-12-23T09:56:18.379Z","iobWithZeroTemp":{"iob":-0.664,"basaliob":-0.685,"bolussnooze":0,"activity":-0.006,"lastBolusTime":1703308906000,"time":"2023-12-23T09:56:18.379Z"}},{"iob":0.005,"basaliob":-0.014,"bolussnooze":0,"activity":2.0E-4,"lastBolusTime":1703308906000,"time":"2023-12-23T10:01:18.379Z","iobWithZeroTemp":{"iob":-0.668,"basaliob":-0.687,"bolussnooze":0,"activity":-0.0059,"lastBolusTime":1703308906000,"time":"2023-12-23T10:01:18.379Z"}},{"iob":0.005,"basaliob":-0.012,"bolussnooze":0,"activity":1.0E-4,"lastBolusTime":1703308906000,"time":"2023-12-23T10:06:18.379Z","iobWithZeroTemp":{"iob":-0.671,"basaliob":-0.688,"bolussnooze":0,"activity":-0.006,"lastBolusTime":1703308906000,"time":"2023-12-23T10:06:18.379Z"}},{"iob":0.005,"basaliob":-0.011,"bolussnooze":0,"activity":1.0E-4,"lastBolusTime":1703308906000,"time":"2023-12-23T10:11:18.379Z","iobWithZeroTemp":{"iob":-0.673,"basaliob":-0.689,"bolussnooze":0,"activity":-0.0061,"lastBolusTime":1703308906000,"time":"2023-12-23T10:11:18.379Z"}},{"iob":0.004,"basaliob":-0.01,"bolussnooze":0,"activity":1.0E-4,"lastBolusTime":1703308906000,"time":"2023-12-23T10:16:18.379Z","iobWithZeroTemp":{"iob":-0.677,"basaliob":-0.691,"bolussnooze":0,"activity":-0.0061,"lastBolusTime":1703308906000,"time":"2023-12-23T10:16:18.379Z"}},{"iob":0.004,"basaliob":-0.009,"bolussnooze":0,"activity":1.0E-4,"lastBolusTime":1703308906000,"time":"2023-12-23T10:21:18.379Z","iobWithZeroTemp":{"iob":-0.679,"basaliob":-0.692,"bolussnooze":0,"activity":-0.0062,"lastBolusTime":1703308906000,"time":"2023-12-23T10:21:18.379Z"}}],"profile":{"max_iob":7,"type":"current","max_daily_basal":0.45,"max_basal":1.35,"min_bg":106.2,"max_bg":106.2,"target_bg":106.2,"carb_ratio":9,"sens":352.8,"max_daily_safety_multiplier":3,"current_basal_safety_multiplier":4,"lgsThreshold":65,"high_temptarget_raises_sensitivity":false,"low_temptarget_lowers_sensitivity":false,"sensitivity_raises_target":true,"resistance_lowers_target":true,"adv_target_adjustments":false,"exercise_mode":false,"half_basal_exercise_target":160,"maxCOB":120,"skip_neutral_temps":false,"remainingCarbsCap":90,"enableUAM":true,"A52_risk_enable":false,"SMBInterval":4,"enableSMB_with_COB":true,"enableSMB_with_temptarget":false,"allowSMB_with_high_temptarget":true,"enableSMB_always":true,"enableSMB_after_carbs":false,"maxSMBBasalMinutes":60,"maxUAMSMBBasalMinutes":60,"bolus_increment":0.05,"carbsReqThreshold":10,"current_basal":0.4,"temptargetSet":false,"autosens_max":1.2,"autosens_min":0.8,"out_units":"mmol\/L","variable_sens":158.2,"insulinDivisor":65,"TDD":9.585569791666666},"autosens_data":{"ratio":1.100216546530157},"meal_data":{"carbs":8,"mealCOB":0.1977857142857144,"slopeFromMaxDeviation":-0.9285454545454543,"slopeFromMinDeviation":0.7421666666666669,"lastBolusTime":1703308906000,"lastCarbTime":1703304957000},"microBolusAllowed":true,"currentTime":1703312780449,"flatBGsDetected":false,"tdd1D":34.144083333333334,"tdd7D":30.47294047619048,"tddLast24H":33.52683333333333,"tddLast4H":2.9638333333333335,"tddLast8to4H":2.7796666666666674},"output":{"temp":"absolute","bg":148,"tick":"+4","eventualBG":140,"targetBG":102,"insulinReq":0.13,"deliverAt":"2023-12-23T06:26:20.449Z","sensitivityRatio":1.100216546530157,"variable_sens":158.2,"predBGs":{"IOB":[148,150,153,154,156,157,158,158,158,158,157,156,155,153,152,150,149,148,147,146,145,144,144,143,142,142,141,141,140,140,139,139,139,139,138,138,138,138,137,137,137,137,137,137,137,136],"ZT":[148,144,141,138,135,132,130,128,126,125,124,123,123,123,123],"COB":[148,145,141,138,135,132,130,127,125,123,121,119,118,116,115,114,112,111,110,109,108,108,107,106,106,105,105,104,104,103,103,102,102,102,102,101,101,101,101,101,100],"UAM":[148,150,151,152,152,151,150,147,145,143,141,139,138,136,135,133,132,131,130,129,128,127,126,125,125,124,123,123,122,122,121,121,121,120,120,120,120,119,119,119,119,119,119,118]},"reason":"COB: 0.2, Dev: 2.2, BGI: -0.2, ISF: 8.8, CR: 9, Target: 5.7, minPredBG 6.8, minGuardBG 6.6, IOBpredBG 7.6, COBpredBG 5.6, UAMpredBG 6.6; Eventual BG 7.8 >= 5.7,  insulinReq 0.13. Microbolusing 0.05U. temp 0.60 < 0.7U\/hr. ","COB":0.1977857142857144,"IOB":0.301,"units":0.05,"duration":30,"rate":0.7000866186120629,"timestamp":"2023-12-23T06:26:20.477Z"}}