{"algorithm":"OpenAPSSMBDynamicISFPlugin","input":{"glucoseStatus":{"glucose":100,"noise":0,"delta":5,"short_avgdelta":5.22,"long_avgdelta":1.91,"date":1703916718034},"currenttemp":{"temp":"absolute","duration":0,"rate":0},"iob_data":[{"iob":-0.243,"basaliob":-0.287,"bolussnooze":0,"activity":-0.0017,"lastBolusTime":1703904161000,"time":"2023-12-30T06:12:23.431Z","iobWithZeroTemp":{"iob":-0.243,"basaliob":-0.287,"bolussnooze":0,"activity":-0.0017,"lastBolusTime":1703904161000,"time":"2023-12-30T06:12:23.431Z"}},{"iob":-0.234,"basaliob":-0.274,"bolussnooze":0,"activity":-0.0018,"lastBolusTime":1703904161000,"time":"2023-12-30T06:17:23.431Z","iobWithZeroTemp":{"iob":-0.261,"basaliob":-0.301,"bolussnooze":0,"activity":-0.0018,"lastBolusTime":1703904161000,"time":"2023-12-30T06:17:23.431Z"}},{"iob":-0.224,"basaliob":-0.261,"bolussnooze":0,"activity":-0.0019,"lastBolusTime":1703904161000,"time":"2023-12-30T06:22:23.431Z","iobWithZeroTemp":{"iob":-0.284,"basaliob":-0.321,"bolussnooze":0,"activity":-0.002,"lastBolusTime":1703904161000,"time":"2023-12-30T06:22:23.431Z"}},{"iob":-0.215,"basaliob":-0.249,"bolussnooze":0,"activity":-0.0019,"lastBolusTime":1703904161000,"time":"2023-12-30T06:27:23.431Z","iobWithZeroTemp":{"iob":-0.307,"basaliob":-0.341,"bolussnooze":0,"activity":-0.0021,"lastBolusTime":1703904161000,"time":"2023-12-30T06:27:23.431Z"}},{"iob":-0.206,"basaliob":-0.236,"bolussnooze":0,"activity":-0.0019,"lastBolusTime":1703904161000,"time":"2023-12-30T06:32:23.431Z","iobWithZeroTemp":{"iob":-0.331,"basaliob":-0.361,"bolussnooze":0,"activity":-0.0022,"lastBolusTime":1703904161000,"time":"2023-12-30T06:32:23.431Z"}},{"iob":-0.196,"basaliob":-0.224,"bolussnooze":0,"activity":-0.0019,"lastBolusTime":1703904161000,"time":"2023-12-30T06:37:23.431Z","iobWithZeroTemp":{"iob":-0.352,"basaliob":-0.38,"bolussnooze":0,"activity":-0.0024,"lastBolusTime":1703904161000,"time":"2023-12-30T06:37:23.431Z"}},{"iob":-0.187,"basaliob":-0.212,"bolussnooze":0,"activity":-0.0019,"lastBolusTime":1703904161000,"time":"2023-12-30T06:42:23.431Z","iobWithZeroTemp":{"iob":-0.373,"basaliob":-0.398,"bolussnooze":0,"activity":-0.0026,"lastBolusTime":1703904161000,"time":"2023-12-30T06:42:23.431Z"}},{"iob":-0.177,"basaliob":-0.2,"bolussnooze":0,"activity":-0.0019,"lastBolusTime":1703904161000,"time":"2023-12-30T06:47:23.431Z","iobWithZeroTemp":{"iob":-0.393,"basaliob":-0.416,"bolussnooze":0,"activity":-0.0028,"lastBolusTime":1703904161000,"time":"2023-12-30T06:47:23.431Z"}},{"iob":-0.168,"basaliob":-0.189,"bolussnooze":0,"activity":-0.0018,"lastBolusTime":1703904161000,"time":"2023-12-30T06:52:23.431Z","iobWithZeroTemp":{"iob":-0.412,"basaliob":-0.433,"bolussnooze":0,"activity":-0.0029,"lastBolusTime":1703904161000,"time":"2023-12-30T06:52:23.431Z"}},{"iob":-0.159,"basaliob":-0.178,"bolussnooze":0,"activity":-0.0018,"lastBolusTime":1703904161000,"time":"2023-12-30T06:57:23.431Z","iobWithZeroTemp":{"iob":-0.431,"basaliob":-0.45,"bolussnooze":0,"activity":-0.0031,"lastBolusTime":1703904161000,"time":"2023-12-30T06:57:23.431Z"}},{"iob":-0.15,"basaliob":-0.167,"bolussnooze":0,"activity":-0.0018,"lastBolusTime":1703904161000,"time":"2023-12-30T07:02:23.431Z","iobWithZeroTemp":{"iob":-0.448,"basaliob":-0.465,"bolussnooze":0,"activity":-0.0033,"lastBolusTime":1703904161000,"time":"2023-12-30T07:02:23.431Z"}},{"iob":-0.142,"basaliob":-0.157,"bolussnooze":0,"activity":-0.0017,"lastBolusTime":1703904161000,"time":"2023-12-30T07:07:23.431Z","iobWithZeroTemp":{"iob":-0.465,"basaliob":-0.48,"bolussnooze":0,"activity":-0.0035,"lastBolusTime":1703904161000,"time":"2023-12-30T07:07:23.431Z"}},{"iob":-0.133,"basaliob":-0.147,"bolussnooze":0,"activity":-0.0016,"lastBolusTime":1703904161000,"time":"2023-12-30T07:12:23.431Z","iobWithZeroTemp":{"iob":-0.48,"basaliob":-0.494,"bolussnooze":0,"activity":-0.0036,"lastBolusTime":1703904161000,"time":"2023-12-30T07:12:23.431Z"}},{"iob":-0.126,"basaliob":-0.138,"bolussnooze":0,"activity":-0.0015,"lastBolusTime":1703904161000,"time":"2023-12-30T07:17:23.431Z","iobWithZeroTemp":{"iob":-0.496,"basaliob":-0.508,"bolussnooze":0,"activity":-0.0037,"lastBolusTime":1703904161000,"time":"2023-12-30T07:17:23.431Z"}},{"iob":-0.118,"basaliob":-0.129,"bolussnooze":0,"activity":-0.0015,"lastBolusTime":1703904161000,"time":"2023-12-30T07:22:23.431Z","iobWithZeroTemp":{"iob":-0.509,"basaliob":-0.52,"bolussnooze":0,"activity":-0.0039,"lastBolusTime":1703904161000,"time":"2023-12-30T07:22:23.431Z"}},{"iob":-0.111,"basaliob":-0.121,"bolussnooze":0,"activity":-0.0014,"lastBolusTime":1703904161000,"time":"2023-12-30T07:27:23.431Z","iobWithZeroTemp":{"iob":-0.523,"basaliob":-0.533,"bolussnooze":0,"activity":-0.0041,"lastBolusTime":1703904161000,"time":"2023-12-30T07:27:23.431Z"}},{"iob":-0.104,"basaliob":-0.113,"bolussnooze":0,"activity":-0.0013,"lastBolusTime":1703904161000,"time":"2023-12-30T07:32:23.431Z","iobWithZeroTemp":{"iob":-0.535,"basaliob":-0.544,"bolussnooze":0,"activity":-0.0042,"lastBolusTime":1703904161000,"time":"2023-12-30T07:32:23.431Z"}},{"iob":-0.097,"basaliob":-0.105,"bolussnooze":0,"activity":-0.0013,"lastBolusTime":1703904161000,"time":"2023-12-30T07:37:23.431Z","iobWithZeroTemp":{"iob":-0.547,"basaliob":-0.555,"bolussnooze":0,"activity":-0.0044,"lastBolusTime":1703904161000,"time":"2023-12-30T07:37:23.431Z"}},{"iob":-0.091,"basaliob":-0.098,"bolussnooze":0,"activity":-0.0012,"lastBolusTime":1703904161000,"time":"2023-12-30T07:42:23.431Z","iobWithZeroTemp":{"iob":-0.558,"basaliob":-0.565,"bolussnooze":0,"activity":-0.0045,"lastBolusTime":1703904161000,"time":"2023-12-30T07:42:23.431Z"}},{"iob":-0.086,"basaliob":-0.092,"bolussnooze":0,"activity":-0.0012,"lastBolusTime":1703904161000,"time":"2023-12-30T07:47:23.431Z","iobWithZeroTemp":{"iob":-0.57,"basaliob":-0.576,"bolussnooze":0,"activity":-0.0047,"lastBolusTime":1703904161000,"time":"2023-12-30T07:47:23.431Z"}},{"iob":-0.079,"basaliob":-0.085,"bolussnooze":0,"activity":-0.0011,"lastBolusTime":1703904161000,"time":"2023-12-30T07:52:23.431Z","iobWithZeroTemp":{"iob":-0.578,"basaliob":-0.584,"bolussnooze":0,"activity":-0.0048,"lastBolusTime":1703904161000,"time":"2023-12-30T07:52:23.431Z"}},{"iob":-0.074,"basaliob":-0.079,"bolussnooze":0,"activity":-0.0011,"lastBolusTime":1703904161000,"time":"2023-12-30T07:57:23.431Z","iobWithZeroTemp":{"iob":-0.588,"basaliob":-0.593,"bolussnooze":0,"activity":-0.005,"lastBolusTime":1703904161000,"time":"2023-12-30T07:57:23.431Z"}},{"iob":-0.069,"basaliob":-0.074,"bolussnooze":0,"activity":-0.001,"lastBolusTime":1703904161000,"time":"2023-12-30T08:02:23.431Z","iobWithZeroTemp":{"iob":-0.596,"basaliob":-0.601,"bolussnooze":0,"activity":-0.005,"lastBolusTime":1703904161000,"time":"2023-12-30T08:02:23.431Z"}},{"iob":-0.065,"basaliob":-0.069,"bolussnooze":0,"activity":-9.0E-4,"lastBolusTime":1703904161000,"time":"2023-12-30T08:07:23.431Z","iobWithZeroTemp":{"iob":-0.605,"basaliob":-0.609,"bolussnooze":0,"activity":-0.0051,"lastBolusTime":1703904161000,"time":"2023-12-30T08:07:23.431Z"}},{"iob":-0.06,"basaliob":-0.064,"bolussnooze":0,"activity":-9.0E-4,"lastBolusTime":1703904161000,"time":"2023-12-30T08:12:23.431Z","iobWithZeroTemp":{"iob":-0.612,"basaliob":-0.616,"bolussnooze":0,"activity":-0.0052,"lastBolusTime":1703904161000,"time":"2023-12-30T08:12:23.431Z"}},{"iob":-0.056,"basaliob":-0.059,"bolussnooze":0,"activity":-8.0E-4,"lastBolusTime":1703904161000,"time":"2023-12-30T08:17:23.431Z","iobWithZeroTemp":{"iob":-0.619,"basaliob":-0.622,"bolussnooze":0,"activity":-0.0053,"lastBolusTime":1703904161000,"time":"2023-12-30T08:17:23.431Z"}},{"iob":-0.052,"basaliob":-0.055,"bolussnooze":0,"activity":-7.0E-4,"lastBolusTime":1703904161000,"time":"2023-12-30T08:22:23.431Z","iobWithZeroTemp":{"iob":-0.626,"basaliob":-0.629,"bolussnooze":0,"activity":-0.0053,"lastBolusTime":1703904161000,"time":"2023-12-30T08:22:23.431Z"}},{"iob":-0.048,"basaliob":-0.051,"bolussnooze":0,"activity":-7.0E-4,"lastBolusTime":1703904161000,"time":"2023-12-30T08:27:23.431Z","iobWithZeroTemp":{"iob":-0.632,"basaliob":-0.635,"bolussnooze":0,"activity":-0.0055,"lastBolusTime":1703904161000,"time":"2023-12-30T08:27:23.431Z"}},{"iob":-0.045,"basaliob":-0.047,"bolussnooze":0,"activity":-6.0E-4,"lastBolusTime":1703904161000,"time":"2023-12-30T08:32:23.431Z","iobWithZeroTemp":{"iob":-0.638,"basaliob":-0.64,"bolussnooze":0,"activity":-0.0055,"lastBolusTime":1703904161000,"time":"2023-12-30T08:32:23.431Z"}},{"iob":-0.041,"basaliob":-0.043,"bolussnooze":0,"activity":-7.0E-4,"lastBolusTime":1703904161000,"time":"2023-12-30T08:37:23.431Z","iobWithZeroTemp":{"iob":-0.642,"basaliob":-0.644,"bolussnooze":0,"activity":-0.0057,"lastBolusTime":1703904161000,"time":"2023-12-30T08:37:23.431Z"}},{"iob":-0.038,"basaliob":-0.04,"bolussnooze":0,"activity":-6.0E-4,"lastBolusTime":1703904161000,"time":"2023-12-30T08:42:23.431Z","iobWithZeroTemp":{"iob":-0.647,"basaliob":-0.649,"bolussnooze":0,"activity":-0.0057,"lastBolusTime":1703904161000,"time":"2023-12-30T08:42:23.431Z"}},{"iob":-0.035,"basaliob":-0.037,"bolussnooze":0,"activity":-6.0E-4,"lastBolusTime":1703904161000,"time":"2023-12-30T08:47:23.431Z","iobWithZeroTemp":{"iob":-0.652,"basaliob":-0.654,"bolussnooze":0,"activity":-0.0058,"lastBolusTime":1703904161000,"time":"2023-12-30T08:47:23.431Z"}},{"iob":-0.033,"basaliob":-0.034,"bolussnooze":0,"activity":-6.0E-4,"lastBolusTime":1703904161000,"time":"2023-12-30T08:52:23.431Z","iobWithZeroTemp":{"iob":-0.657,"basaliob":-0.658,"bolussnooze":0,"activity":-0.0059,"lastBolusTime":1703904161000,"time":"2023-12-30T08:52:23.431Z"}},{"iob":-0.03,"basaliob":-0.031,"bolussnooze":0,"activity":-5.0E-4,"lastBolusTime":1703904161000,"time":"2023-12-30T08:57:23.431Z","iobWithZeroTemp":{"iob":-0.66,"basaliob":-0.661,"bolussnooze":0,"activity":-0.0059,"lastBolusTime":1703904161000,"time":"2023-12-30T08:57:23.431Z"}},{"iob":-0.028,"basaliob":-0.029,"bolussnooze":0,"activity":-5.0E-4,"lastBolusTime":1703904161000,"time":"2023-12-30T09:02:23.431Z","iobWithZeroTemp":{"iob":-0.664,"basaliob":-0.665,"bolussnooze":0,"activity":-0.006,"lastBolusTime":1703904161000,"time":"2023-12-30T09:02:23.431Z"}},{"iob":-0.026,"basaliob":-0.027,"bolussnooze":0,"activity":-4.0E-4,"lastBolusTime":1703904161000,"time":"2023-12-30T09:07:23.431Z","iobWithZeroTemp":{"iob":-0.668,"basaliob":-0.669,"bolussnooze":0,"activity":-0.006,"lastBolusTime":1703904161000,"time":"2023-12-30T09:07:23.431Z"}},{"iob":-0.023,"basaliob":-0.024,"bolussnooze":0,"activity":-4.0E-4,"lastBolusTime":1703904161000,"time":"2023-12-30T09:12:23.431Z","iobWithZeroTemp":{"iob":-0.67,"basaliob":-0.671,"bolussnooze":0,"activity":-0.0061,"lastBolusTime":1703904161000,"time":"2023-12-30T09:12:23.431Z"}},{"iob":-0.022,"basaliob":-0.023,"bolussnooze":0,"activity":-4.0E-4,"lastBolusTime":1703904161000,"time":"2023-12-30T09:17:23.431Z","iobWithZeroTemp":{"iob":-0.673,"basaliob":-0.674,"bolussnooze":0,"activity":-0.0062,"lastBolusTime":1703904161000,"time":"2023-12-30T09:17:23.431Z"}},{"iob":-0.02,"basaliob":-0.021,"bolussnooze":0,"activity":-4.0E-4,"lastBolusTime":1703904161000,"time":"2023-12-30T09:22:23.431Z","iobWithZeroTemp":{"iob":-0.676,"basaliob":-0.677,"bolussnooze":0,"activity":-0.0062,"lastBolusTime":1703904161000,"time":"2023-12-30T09:22:23.431Z"}},{"iob":-0.018,"basaliob":-0.019,"bolussnooze":0,"activity":-3.0E-4,"lastBolusTime":1703904161000,"time":"2023-12-30T09:27:23.431Z","iobWithZeroTemp":{"iob":-0.678,"basaliob":-0.679,"bolussnooze":0,"activity":-0.0062,"lastBolusTime":1703904161000,"time":"2023-12-30T09:27:23.431Z"}},{"iob":-0.017,"basaliob":-0.017,"bolussnooze":0,"activity":-3.0E-4,"lastBolusTime":1703904161000,"time":"2023-12-30T09:32:23.431Z","iobWithZeroTemp":{"iob":-0.681,"basaliob":-0.681,"bolussnooze":0,"activity":-0.0062,"lastBolusTime":1703904161000,"time":"2023-12-30T09:32:23.431Z"}},{"iob":-0.016,"basaliob":-0.016,"bolussnooze":0,"activity":-3.0E-4,"lastBolusTime":1703904161000,"time":"2023-12-30T09:37:23.431Z","iobWithZeroTemp":{"iob":-0.683,"basaliob":-0.683,"bolussnooze":0,"activity":-0.0063,"lastBolusTime":1703904161000,"time":"2023-12-30T09:37:23.431Z"}},{"iob":-0.015,"basaliob":-0.015,"bolussnooze":0,"activity":-3.0E-4,"lastBolusTime":1703904161000,"time":"2023-12-30T09:42:23.431Z","iobWithZeroTemp":{"iob":-0.685,"basaliob":-0.685,"bolussnooze":0,"activity":-0.0064,"lastBolusTime":1703904161000,"time":"2023-12-30T09:42:23.431Z"}},{"iob":-0.013,"basaliob":-0.013,"bolussnooze":0,"activity":-2.0E-4,"lastBolusTime":1703904161000,"time":"2023-12-30T09:47:23.431Z","iobWithZeroTemp":{"iob":-0.686,"basaliob":-0.686,"bolussnooze":0,"activity":-0.0063,"lastBolusTime":1703904161000,"time":"2023-12-30T09:47:23.431Z"}},{"iob":-0.012,"basaliob":-0.012,"bolussnooze":0,"activity":-2.0E-4,"lastBolusTime":1703904161000,"time":"2023-12-30T09:52:23.431Z","iobWithZeroTemp":{"iob":-0.688,"basaliob":-0.688,"bolussnooze":0,"activity":-0.0063,"lastBolusTime":1703904161000,"time":"2023-12-30T09:52:23.431Z"}},{"iob":-0.011,"basaliob":-0.011,"bolussnooze":0,"activity":-2.0E-4,"lastBolusTime":1703904161000,"time":"2023-12-30T09:57:23.431Z","iobWithZeroTemp":{"iob":-0.689,"basaliob":-0.689,"bolussnooze":0,"activity":-0.0064,"lastBolusTime":1703904161000,"time":"2023-12-30T09:57:23.431Z"}},{"iob":-0.01,"basaliob":-0.01,"bolussnooze":0,"activity":-2.0E-4,"lastBolusTime":1703904161000,"time":"2023-12-30T10:02:23.431Z","iobWithZeroTemp":{"iob":-0.691,"basaliob":-0.691,"bolussnooze":0,"activity":-0.0064,"lastBolusTime":1703904161000,"time":"2023-12-30T10:02:23.431Z"}},{"iob":-0.009,"basaliob":-0.009,"bolussnooze":0,"activity":-2.0E-4,"lastBolusTime":1703904161000,"time":"2023-12-30T10:07:23.431Z","iobWithZeroTemp":{"iob":-0.692,"basaliob":-0.692,"bolussnooze":0,"activity":-0.0065,"lastBolusTime":1703904161000,"time":"2023-12-30T10:07:23.431Z"}}],"profile":{"max_iob":7,"type":"current","max_daily_basal":0.45,"max_basal":1.35,"min_bg":106.2,"max_bg":106.2,"target_bg":106.2,"carb_ratio":9,"sens":352.8,"max_daily_safety_multiplier":3,"current_basal_safety_multiplier":4,"lgsThreshold":65,"high_temptarget_raises_sensitivity":false,"low_temptarget_lowers_sensitivity":false,"sensitivity_raises_target":true,"resistance_lowers_target":true,"adv_target_adjustments":false,"exercise_mode":false,"half_basal_exercise_target":160,"maxCOB":120,"skip_neutral_temps":false,"remainingCarbsCap":90,"enableUAM":true,"A52_risk_enable":false,"SMBInterval":4,"enableSMB_with_COB":true,"enableSMB_with_temptarget":false,"allowSMB_with_high_temptarget":true,"enableSMB_always":true,"enableSMB_after_carbs":false,"maxSMBBasalMinutes":60,"maxUAMSMBBasalMinutes":60,"bolus_increment":0.05,"carbsReqThreshold":10,"current_basal":0.4,"temptargetSet":false,"autosens_max":1.2,"autosens_min":0.8,"out_units":"mmol\/L","variable_sens":260.8,"insulinDivisor":65,"TDD":7.407838825000002},"autosens_data":{"ratio":0.9827759578295743},"meal_data":{"carbs":0,"mealCOB":0,"slopeFromMaxDeviation":0,"slopeFromMinDeviation":0.4599999999999999,"lastBolusTime":1703904161000,"lastCarbTime":0},"microBolusAllowed":true,"currentTime":1703916745707,"flatBGsDetected":false,"tdd1D":23.883833333333342,"tdd7D":27.277071428571436,"tddLast24H":26.807250000000007,"tddLast4H":1.1644166666666667,"tddLast8to4H":4.032833333333334},"output":{"temp":"absolute","bg":100,"tick":"+5","eventualBG":180,"targetBG":107,"insulinReq":0.16,"deliverAt":"2023-12-30T06:12:25.707Z","sensitivityRatio":0.9827759578295743,"variable_sens":260.8,"predBGs":{"IOB":[100,105,109,114,118,122,125,129,132,134,137,139,141,143,144,146,147,148,150,151,152,153,154,155,156,157,158,159,159,160,161,161,162,162,163,163,164,164,165,165,165,166,166,166,166,166,167],"ZT":[100,102,105,107,110,112,115],"UAM":[100,105,110,114,119,123,127,131,135,138,141,144,147,149,152,154,155,157,158,159,160,162,163,164,164,165,166,167,167,168,169,169,170,170,171,171,172,172,172,173,173,173,174,174,174,174,175]},"reason":"COB: 0, Dev: 0.9, BGI: 0.1, ISF: 14.5, CR: 9, Target: 5.9, minPredBG 8.3, minGuardBG 5.8, IOBpredBG 9.3, UAMpredBG 9.7; Eventual BG 10.0 >= 5.9,  insulinReq 0.16. Microbolusing 0.05U. no temp, setting 0.71U\/hr. ","COB":0,"IOB":-0.243,"units":0.05,"duration":30,"rate":0.7131103831318297,"timestamp":"2023-12-30T06:12:25.764Z"}}