{"algorithm":"OpenAPSSMBDynamicISFPlugin","input":{"glucoseStatus":{"glucose":249,"noise":0,"delta":-4,"short_avgdelta":2.39,"long_avgdelta":14.86,"date":1703926017253},"currenttemp":{"temp":"absolute","duration":35,"rate":0,"minutesrunning":25},"iob_data":[{"iob":5.202,"basaliob":-0.394,"bolussnooze":2.9092,"activity":0.0328,"lastBolusTime":1703925222000,"time":"2023-12-30T08:47:25.524Z","iobWithZeroTemp":{"iob":5.202,"basaliob":-0.394,"bolussnooze":2.9092,"activity":0.0328,"lastBolusTime":1703925222000,"time":"2023-12-30T08:47:25.524Z"}},{"iob":5.031,"basaliob":-0.377,"bolussnooze":2.6579,"activity":0.0354,"lastBolusTime":1703925222000,"time":"2023-12-30T08:52:25.524Z","iobWithZeroTemp":{"iob":5.004,"basaliob":-0.404,"bolussnooze":2.6579,"activity":0.0354,"lastBolusTime":1703925222000,"time":"2023-12-30T08:52:25.524Z"}},{"iob":4.85,"basaliob":-0.36,"bolussnooze":2.407,"activity":0.0372,"lastBolusTime":1703925222000,"time":"2023-12-30T08:57:25.524Z","iobWithZeroTemp":{"iob":4.79,"basaliob":-0.42,"bolussnooze":2.407,"activity":0.0371,"lastBolusTime":1703925222000,"time":"2023-12-30T08:57:25.524Z"}},{"iob":4.66,"basaliob":-0.343,"bolussnooze":2.1635,"activity":0.0384,"lastBolusTime":1703925222000,"time":"2023-12-30T09:02:25.524Z","iobWithZeroTemp":{"iob":4.568,"basaliob":-0.435,"bolussnooze":2.1635,"activity":0.0382,"lastBolusTime":1703925222000,"time":"2023-12-30T09:02:25.524Z"}},{"iob":4.466,"basaliob":-0.326,"bolussnooze":1.9319,"activity":0.0391,"lastBolusTime":1703925222000,"time":"2023-12-30T09:07:25.524Z","iobWithZeroTemp":{"iob":4.341,"basaliob":-0.451,"bolussnooze":1.9319,"activity":0.0388,"lastBolusTime":1703925222000,"time":"2023-12-30T09:07:25.524Z"}},{"iob":4.27,"basaliob":-0.309,"bolussnooze":1.7153,"activity":0.0395,"lastBolusTime":1703925222000,"time":"2023-12-30T09:12:25.524Z","iobWithZeroTemp":{"iob":4.114,"basaliob":-0.465,"bolussnooze":1.7153,"activity":0.039,"lastBolusTime":1703925222000,"time":"2023-12-30T09:12:25.524Z"}},{"iob":4.072,"basaliob":-0.293,"bolussnooze":1.5151,"activity":0.0395,"lastBolusTime":1703925222000,"time":"2023-12-30T09:17:25.524Z","iobWithZeroTemp":{"iob":3.886,"basaliob":-0.479,"bolussnooze":1.5151,"activity":0.0388,"lastBolusTime":1703925222000,"time":"2023-12-30T09:17:25.524Z"}},{"iob":3.876,"basaliob":-0.277,"bolussnooze":1.332,"activity":0.0391,"lastBolusTime":1703925222000,"time":"2023-12-30T09:22:25.524Z","iobWithZeroTemp":{"iob":3.66,"basaliob":-0.493,"bolussnooze":1.332,"activity":0.0382,"lastBolusTime":1703925222000,"time":"2023-12-30T09:22:25.524Z"}},{"iob":3.682,"basaliob":-0.261,"bolussnooze":1.1662,"activity":0.0386,"lastBolusTime":1703925222000,"time":"2023-12-30T09:27:25.524Z","iobWithZeroTemp":{"iob":3.438,"basaliob":-0.505,"bolussnooze":1.1662,"activity":0.0375,"lastBolusTime":1703925222000,"time":"2023-12-30T09:27:25.524Z"}},{"iob":3.491,"basaliob":-0.246,"bolussnooze":1.017,"activity":0.0378,"lastBolusTime":1703925222000,"time":"2023-12-30T09:32:25.524Z","iobWithZeroTemp":{"iob":3.219,"basaliob":-0.518,"bolussnooze":1.017,"activity":0.0365,"lastBolusTime":1703925222000,"time":"2023-12-30T09:32:25.524Z"}},{"iob":3.305,"basaliob":-0.232,"bolussnooze":0.8836,"activity":0.0368,"lastBolusTime":1703925222000,"time":"2023-12-30T09:37:25.524Z","iobWithZeroTemp":{"iob":3.007,"basaliob":-0.53,"bolussnooze":0.8836,"activity":0.0353,"lastBolusTime":1703925222000,"time":"2023-12-30T09:37:25.524Z"}},{"iob":3.123,"basaliob":-0.218,"bolussnooze":0.7652,"activity":0.0358,"lastBolusTime":1703925222000,"time":"2023-12-30T09:42:25.524Z","iobWithZeroTemp":{"iob":2.8,"basaliob":-0.541,"bolussnooze":0.7652,"activity":0.034,"lastBolusTime":1703925222000,"time":"2023-12-30T09:42:25.524Z"}},{"iob":2.947,"basaliob":-0.205,"bolussnooze":0.6604,"activity":0.0346,"lastBolusTime":1703925222000,"time":"2023-12-30T09:47:25.524Z","iobWithZeroTemp":{"iob":2.6,"basaliob":-0.552,"bolussnooze":0.6604,"activity":0.0326,"lastBolusTime":1703925222000,"time":"2023-12-30T09:47:25.524Z"}},{"iob":2.778,"basaliob":-0.192,"bolussnooze":0.5682,"activity":0.0333,"lastBolusTime":1703925222000,"time":"2023-12-30T09:52:25.524Z","iobWithZeroTemp":{"iob":2.408,"basaliob":-0.562,"bolussnooze":0.5682,"activity":0.0311,"lastBolusTime":1703925222000,"time":"2023-12-30T09:52:25.524Z"}},{"iob":2.614,"basaliob":-0.18,"bolussnooze":0.4874,"activity":0.032,"lastBolusTime":1703925222000,"time":"2023-12-30T09:57:25.524Z","iobWithZeroTemp":{"iob":2.223,"basaliob":-0.571,"bolussnooze":0.4874,"activity":0.0296,"lastBolusTime":1703925222000,"time":"2023-12-30T09:57:25.524Z"}},{"iob":2.457,"basaliob":-0.169,"bolussnooze":0.4169,"activity":0.0308,"lastBolusTime":1703925222000,"time":"2023-12-30T10:02:25.524Z","iobWithZeroTemp":{"iob":2.045,"basaliob":-0.581,"bolussnooze":0.4169,"activity":0.0281,"lastBolusTime":1703925222000,"time":"2023-12-30T10:02:25.524Z"}},{"iob":2.307,"basaliob":-0.158,"bolussnooze":0.3556,"activity":0.0294,"lastBolusTime":1703925222000,"time":"2023-12-30T10:07:25.524Z","iobWithZeroTemp":{"iob":1.876,"basaliob":-0.589,"bolussnooze":0.3556,"activity":0.0265,"lastBolusTime":1703925222000,"time":"2023-12-30T10:07:25.524Z"}},{"iob":2.164,"basaliob":-0.147,"bolussnooze":0.3024,"activity":0.028,"lastBolusTime":1703925222000,"time":"2023-12-30T10:12:25.524Z","iobWithZeroTemp":{"iob":1.714,"basaliob":-0.597,"bolussnooze":0.3024,"activity":0.0249,"lastBolusTime":1703925222000,"time":"2023-12-30T10:12:25.524Z"}},{"iob":2.027,"basaliob":-0.137,"bolussnooze":0.2564,"activity":0.0267,"lastBolusTime":1703925222000,"time":"2023-12-30T10:17:25.524Z","iobWithZeroTemp":{"iob":1.56,"basaliob":-0.604,"bolussnooze":0.2564,"activity":0.0234,"lastBolusTime":1703925222000,"time":"2023-12-30T10:17:25.524Z"}},{"iob":1.897,"basaliob":-0.128,"bolussnooze":0.2168,"activity":0.0254,"lastBolusTime":1703925222000,"time":"2023-12-30T10:22:25.524Z","iobWithZeroTemp":{"iob":1.413,"basaliob":-0.612,"bolussnooze":0.2168,"activity":0.0219,"lastBolusTime":1703925222000,"time":"2023-12-30T10:22:25.524Z"}},{"iob":1.773,"basaliob":-0.119,"bolussnooze":0.1828,"activity":0.0241,"lastBolusTime":1703925222000,"time":"2023-12-30T10:27:25.524Z","iobWithZeroTemp":{"iob":1.274,"basaliob":-0.618,"bolussnooze":0.1828,"activity":0.0204,"lastBolusTime":1703925222000,"time":"2023-12-30T10:27:25.524Z"}},{"iob":1.656,"basaliob":-0.111,"bolussnooze":0.1537,"activity":0.0228,"lastBolusTime":1703925222000,"time":"2023-12-30T10:32:25.524Z","iobWithZeroTemp":{"iob":1.142,"basaliob":-0.625,"bolussnooze":0.1537,"activity":0.0189,"lastBolusTime":1703925222000,"time":"2023-12-30T10:32:25.524Z"}},{"iob":1.546,"basaliob":-0.103,"bolussnooze":0.1288,"activity":0.0215,"lastBolusTime":1703925222000,"time":"2023-12-30T10:37:25.524Z","iobWithZeroTemp":{"iob":1.019,"basaliob":-0.63,"bolussnooze":0.1288,"activity":0.0175,"lastBolusTime":1703925222000,"time":"2023-12-30T10:37:25.524Z"}},{"iob":1.441,"basaliob":-0.096,"bolussnooze":0.1076,"activity":0.0203,"lastBolusTime":1703925222000,"time":"2023-12-30T10:42:25.524Z","iobWithZeroTemp":{"iob":0.901,"basaliob":-0.636,"bolussnooze":0.1076,"activity":0.0161,"lastBolusTime":1703925222000,"time":"2023-12-30T10:42:25.524Z"}},{"iob":1.342,"basaliob":-0.089,"bolussnooze":0.0896,"activity":0.0192,"lastBolusTime":1703925222000,"time":"2023-12-30T10:47:25.524Z","iobWithZeroTemp":{"iob":0.79,"basaliob":-0.641,"bolussnooze":0.0896,"activity":0.0149,"lastBolusTime":1703925222000,"time":"2023-12-30T10:47:25.524Z"}},{"iob":1.249,"basaliob":-0.083,"bolussnooze":0.0744,"activity":0.0181,"lastBolusTime":1703925222000,"time":"2023-12-30T10:52:25.524Z","iobWithZeroTemp":{"iob":0.686,"basaliob":-0.646,"bolussnooze":0.0744,"activity":0.0136,"lastBolusTime":1703925222000,"time":"2023-12-30T10:52:25.524Z"}},{"iob":1.161,"basaliob":-0.077,"bolussnooze":0.0615,"activity":0.0169,"lastBolusTime":1703925222000,"time":"2023-12-30T10:57:25.524Z","iobWithZeroTemp":{"iob":0.587,"basaliob":-0.651,"bolussnooze":0.0615,"activity":0.0123,"lastBolusTime":1703925222000,"time":"2023-12-30T10:57:25.524Z"}},{"iob":1.079,"basaliob":-0.071,"bolussnooze":0.0507,"activity":0.0159,"lastBolusTime":1703925222000,"time":"2023-12-30T11:02:25.524Z","iobWithZeroTemp":{"iob":0.495,"basaliob":-0.655,"bolussnooze":0.0507,"activity":0.0111,"lastBolusTime":1703925222000,"time":"2023-12-30T11:02:25.524Z"}},{"iob":1.002,"basaliob":-0.066,"bolussnooze":0.0416,"activity":0.015,"lastBolusTime":1703925222000,"time":"2023-12-30T11:07:25.524Z","iobWithZeroTemp":{"iob":0.409,"basaliob":-0.659,"bolussnooze":0.0416,"activity":0.0101,"lastBolusTime":1703925222000,"time":"2023-12-30T11:07:25.524Z"}},{"iob":0.929,"basaliob":-0.061,"bolussnooze":0.034,"activity":0.014,"lastBolusTime":1703925222000,"time":"2023-12-30T11:12:25.524Z","iobWithZeroTemp":{"iob":0.328,"basaliob":-0.662,"bolussnooze":0.034,"activity":0.009,"lastBolusTime":1703925222000,"time":"2023-12-30T11:12:25.524Z"}},{"iob":0.862,"basaliob":-0.056,"bolussnooze":0.0276,"activity":0.0131,"lastBolusTime":1703925222000,"time":"2023-12-30T11:17:25.524Z","iobWithZeroTemp":{"iob":0.253,"basaliob":-0.665,"bolussnooze":0.0276,"activity":0.008,"lastBolusTime":1703925222000,"time":"2023-12-30T11:17:25.524Z"}},{"iob":0.798,"basaliob":-0.052,"bolussnooze":0.0223,"activity":0.0123,"lastBolusTime":1703925222000,"time":"2023-12-30T11:22:25.524Z","iobWithZeroTemp":{"iob":0.181,"basaliob":-0.669,"bolussnooze":0.0223,"activity":0.0071,"lastBolusTime":1703925222000,"time":"2023-12-30T11:22:25.524Z"}},{"iob":0.739,"basaliob":-0.048,"bolussnooze":0.018,"activity":0.0114,"lastBolusTime":1703925222000,"time":"2023-12-30T11:27:25.524Z","iobWithZeroTemp":{"iob":0.115,"basaliob":-0.672,"bolussnooze":0.018,"activity":0.0061,"lastBolusTime":1703925222000,"time":"2023-12-30T11:27:25.524Z"}},{"iob":0.684,"basaliob":-0.044,"bolussnooze":0.0144,"activity":0.0107,"lastBolusTime":1703925222000,"time":"2023-12-30T11:32:25.524Z","iobWithZeroTemp":{"iob":0.054,"basaliob":-0.674,"bolussnooze":0.0144,"activity":0.0053,"lastBolusTime":1703925222000,"time":"2023-12-30T11:32:25.524Z"}},{"iob":0.632,"basaliob":-0.041,"bolussnooze":0.0114,"activity":0.01,"lastBolusTime":1703925222000,"time":"2023-12-30T11:37:25.524Z","iobWithZeroTemp":{"iob":-0.004,"basaliob":-0.677,"bolussnooze":0.0114,"activity":0.0045,"lastBolusTime":1703925222000,"time":"2023-12-30T11:37:25.524Z"}},{"iob":0.584,"basaliob":-0.037,"bolussnooze":0.009,"activity":0.0093,"lastBolusTime":1703925222000,"time":"2023-12-30T11:42:25.524Z","iobWithZeroTemp":{"iob":-0.058,"basaliob":-0.679,"bolussnooze":0.009,"activity":0.0037,"lastBolusTime":1703925222000,"time":"2023-12-30T11:42:25.524Z"}},{"iob":0.538,"basaliob":-0.035,"bolussnooze":0.007,"activity":0.0086,"lastBolusTime":1703925222000,"time":"2023-12-30T11:47:25.524Z","iobWithZeroTemp":{"iob":-0.109,"basaliob":-0.682,"bolussnooze":0.007,"activity":0.0029,"lastBolusTime":1703925222000,"time":"2023-12-30T11:47:25.524Z"}},{"iob":0.497,"basaliob":-0.032,"bolussnooze":0.0054,"activity":0.0081,"lastBolusTime":1703925222000,"time":"2023-12-30T11:52:25.524Z","iobWithZeroTemp":{"iob":-0.154,"basaliob":-0.683,"bolussnooze":0.0054,"activity":0.0023,"lastBolusTime":1703925222000,"time":"2023-12-30T11:52:25.524Z"}},{"iob":0.458,"basaliob":-0.029,"bolussnooze":0.0041,"activity":0.0075,"lastBolusTime":1703925222000,"time":"2023-12-30T11:57:25.524Z","iobWithZeroTemp":{"iob":-0.198,"basaliob":-0.685,"bolussnooze":0.0041,"activity":0.0017,"lastBolusTime":1703925222000,"time":"2023-12-30T11:57:25.524Z"}},{"iob":0.422,"basaliob":-0.027,"bolussnooze":0.0031,"activity":0.0069,"lastBolusTime":1703925222000,"time":"2023-12-30T12:02:25.524Z","iobWithZeroTemp":{"iob":-0.238,"basaliob":-0.687,"bolussnooze":0.0031,"activity":0.001,"lastBolusTime":1703925222000,"time":"2023-12-30T12:02:25.524Z"}},{"iob":0.388,"basaliob":-0.025,"bolussnooze":0.0023,"activity":0.0065,"lastBolusTime":1703925222000,"time":"2023-12-30T12:07:25.524Z","iobWithZeroTemp":{"iob":-0.276,"basaliob":-0.689,"bolussnooze":0.0023,"activity":6.0E-4,"lastBolusTime":1703925222000,"time":"2023-12-30T12:07:25.524Z"}},{"iob":0.357,"basaliob":-0.023,"bolussnooze":0.0017,"activity":0.006,"lastBolusTime":1703925222000,"time":"2023-12-30T12:12:25.524Z","iobWithZeroTemp":{"iob":-0.31,"basaliob":-0.69,"bolussnooze":0.0017,"activity":0,"lastBolusTime":1703925222000,"time":"2023-12-30T12:12:25.524Z"}},{"iob":0.328,"basaliob":-0.021,"bolussnooze":0.0012,"activity":0.0055,"lastBolusTime":1703925222000,"time":"2023-12-30T12:17:25.524Z","iobWithZeroTemp":{"iob":-0.342,"basaliob":-0.691,"bolussnooze":0.0012,"activity":-6.0E-4,"lastBolusTime":1703925222000,"time":"2023-12-30T12:17:25.524Z"}},{"iob":0.302,"basaliob":-0.019,"bolussnooze":9.0E-4,"activity":0.0052,"lastBolusTime":1703925222000,"time":"2023-12-30T12:22:25.524Z","iobWithZeroTemp":{"iob":-0.371,"basaliob":-0.692,"bolussnooze":9.0E-4,"activity":-9.0E-4,"lastBolusTime":1703925222000,"time":"2023-12-30T12:22:25.524Z"}},{"iob":0.277,"basaliob":-0.017,"bolussnooze":6.0E-4,"activity":0.0048,"lastBolusTime":1703925222000,"time":"2023-12-30T12:27:25.524Z","iobWithZeroTemp":{"iob":-0.399,"basaliob":-0.693,"bolussnooze":6.0E-4,"activity":-0.0013,"lastBolusTime":1703925222000,"time":"2023-12-30T12:27:25.524Z"}},{"iob":0.254,"basaliob":-0.016,"bolussnooze":4.0E-4,"activity":0.0044,"lastBolusTime":1703925222000,"time":"2023-12-30T12:32:25.524Z","iobWithZeroTemp":{"iob":-0.424,"basaliob":-0.694,"bolussnooze":4.0E-4,"activity":-0.0018,"lastBolusTime":1703925222000,"time":"2023-12-30T12:32:25.524Z"}},{"iob":0.233,"basaliob":-0.014,"bolussnooze":3.0E-4,"activity":0.004,"lastBolusTime":1703925222000,"time":"2023-12-30T12:37:25.524Z","iobWithZeroTemp":{"iob":-0.448,"basaliob":-0.695,"bolussnooze":3.0E-4,"activity":-0.0022,"lastBolusTime":1703925222000,"time":"2023-12-30T12:37:25.524Z"}},{"iob":0.213,"basaliob":-0.013,"bolussnooze":2.0E-4,"activity":0.0038,"lastBolusTime":1703925222000,"time":"2023-12-30T12:42:25.524Z","iobWithZeroTemp":{"iob":-0.47,"basaliob":-0.696,"bolussnooze":2.0E-4,"activity":-0.0025,"lastBolusTime":1703925222000,"time":"2023-12-30T12:42:25.524Z"}}],"profile":{"max_iob":7,"type":"current","max_daily_basal":0.45,"max_basal":1.35,"min_bg":81.0000000000001,"max_bg":81.0000000000001,"target_bg":81.0000000000001,"carb_ratio":9,"sens":352.8,"max_daily_safety_multiplier":3,"current_basal_safety_multiplier":4,"lgsThreshold":65,"high_temptarget_raises_sensitivity":false,"low_temptarget_lowers_sensitivity":false,"sensitivity_raises_target":true,"resistance_lowers_target":true,"adv_target_adjustments":false,"exercise_mode":false,"half_basal_exercise_target":160,"maxCOB":120,"skip_neutral_temps":false,"remainingCarbsCap":90,"enableUAM":true,"A52_risk_enable":false,"SMBInterval":4,"enableSMB_with_COB":true,"enableSMB_with_temptarget":false,"allowSMB_with_high_temptarget":true,"enableSMB_always":true,"enableSMB_after_carbs":false,"maxSMBBasalMinutes":60,"maxUAMSMBBasalMinutes":60,"bolus_increment":0.05,"carbsReqThreshold":10,"current_basal":0.4,"temptargetSet":true,"autosens_max":1.2,"autosens_min":0.8,"out_units":"mmol\/L","variable_sens":115.1,"insulinDivisor":65,"TDD":9.929481025000001},"autosens_data":{"ratio":1.2167942376162775},"meal_data":{"carbs":50,"mealCOB":37.881214285714286,"slopeFromMaxDeviation":0,"slopeFromMinDeviation":6.461181818181818,"lastBolusTime":1703925222000,"lastCarbTime":1703923206000},"microBolusAllowed":true,"currentTime":1703926047614,"flatBGsDetected":false,"tdd1D":23.883833333333342,"tdd7D":27.277071428571436,"tddLast24H":33.19058333333332,"tddLast4H":7.494999999999999,"tddLast8to4H":1.3905833333333333},"output":{"temp":"absolute","bg":249,"tick":-4,"eventualBG":143,"targetBG":81.0000000000001,"insulinReq":0,"deliverAt":"2023-12-30T08:47:27.614Z","sensitivityRatio":1.2167942376162775,"variable_sens":115.1,"predBGs":{"IOB":[249,244,236,225,211,196,177,156,132,105,71,39,39],"ZT":[249,230,209,186,160,132,100,62,39,39,39,39,39,39,39,39,39,39,39,39,39,39,39,39,39,39,39,39,39,39,39,39,39,39,39,39,39,39,39,39,39,39,39,39,39,39,39,39],"COB":[249,245,240,233,226,218,210,203,195,188,181,175,169,164,160,156,154,152,151,150,151,152,153,155,157,158,160,161,162,164,165,166,166,167,167,167,167,166,165,164,162,160,157,154,151,148,146,143],"UAM":[249,243,233,219,202,181,156,127,94,55,39,39,39]},"reason":"COB: 37.9, Dev: 4.9, BGI: -1.0, ISF: 6.4, CR: 9, Target: 4.5, minPredBG -10.7, minGuardBG -10.7, IOBpredBG 2.2, COBpredBG 7.9, UAMpredBG 2.2; minGuardBG -10.7<3.6","COB":37.881214285714286,"IOB":5.202,"duration":120,"rate":0,"timestamp":"2023-12-30T08:47:27.640Z"}}