{"algorithm":"OpenAPSSMBDynamicISFPlugin","input":{"glucoseStatus":{"glucose":72,"noise":0,"delta":-5,"short_avgdelta":-4.72,"long_avgdelta":-5.18,"date":1703955118798},"currenttemp":{"temp":"absolute","duration":0,"rate":0},"iob_data":[{"iob":-0.138,"basaliob":-0.494,"bolussnooze":0,"activity":1.0E-4,"lastBolusTime":1703950371000,"time":"2023-12-30T16:52:23.298Z","iobWithZeroTemp":{"iob":-0.138,"basaliob":-0.494,"bolussnooze":0,"activity":1.0E-4,"lastBolusTime":1703950371000,"time":"2023-12-30T16:52:23.298Z"}},{"iob":-0.138,"basaliob":-0.47,"bolussnooze":0,"activity":-1.0E-4,"lastBolusTime":1703950371000,"time":"2023-12-30T16:57:23.298Z","iobWithZeroTemp":{"iob":-0.165,"basaliob":-0.497,"bolussnooze":0,"activity":-1.0E-4,"lastBolusTime":1703950371000,"time":"2023-12-30T16:57:23.298Z"}},{"iob":-0.137,"basaliob":-0.446,"bolussnooze":0,"activity":-3.0E-4,"lastBolusTime":1703950371000,"time":"2023-12-30T17:02:23.298Z","iobWithZeroTemp":{"iob":-0.197,"basaliob":-0.506,"bolussnooze":0,"activity":-4.0E-4,"lastBolusTime":1703950371000,"time":"2023-12-30T17:02:23.298Z"}},{"iob":-0.135,"basaliob":-0.423,"bolussnooze":0,"activity":-5.0E-4,"lastBolusTime":1703950371000,"time":"2023-12-30T17:07:23.298Z","iobWithZeroTemp":{"iob":-0.227,"basaliob":-0.515,"bolussnooze":0,"activity":-7.0E-4,"lastBolusTime":1703950371000,"time":"2023-12-30T17:07:23.298Z"}},{"iob":-0.133,"basaliob":-0.4,"bolussnooze":0,"activity":-6.0E-4,"lastBolusTime":1703950371000,"time":"2023-12-30T17:12:23.298Z","iobWithZeroTemp":{"iob":-0.258,"basaliob":-0.525,"bolussnooze":0,"activity":-9.0E-4,"lastBolusTime":1703950371000,"time":"2023-12-30T17:12:23.298Z"}},{"iob":-0.129,"basaliob":-0.378,"bolussnooze":0,"activity":-7.0E-4,"lastBolusTime":1703950371000,"time":"2023-12-30T17:17:23.298Z","iobWithZeroTemp":{"iob":-0.285,"basaliob":-0.534,"bolussnooze":0,"activity":-0.0012,"lastBolusTime":1703950371000,"time":"2023-12-30T17:17:23.298Z"}},{"iob":-0.125,"basaliob":-0.356,"bolussnooze":0,"activity":-8.0E-4,"lastBolusTime":1703950371000,"time":"2023-12-30T17:22:23.298Z","iobWithZeroTemp":{"iob":-0.311,"basaliob":-0.542,"bolussnooze":0,"activity":-0.0015,"lastBolusTime":1703950371000,"time":"2023-12-30T17:22:23.298Z"}},{"iob":-0.121,"basaliob":-0.335,"bolussnooze":0,"activity":-9.0E-4,"lastBolusTime":1703950371000,"time":"2023-12-30T17:27:23.298Z","iobWithZeroTemp":{"iob":-0.337,"basaliob":-0.551,"bolussnooze":0,"activity":-0.0018,"lastBolusTime":1703950371000,"time":"2023-12-30T17:27:23.298Z"}},{"iob":-0.117,"basaliob":-0.316,"bolussnooze":0,"activity":-9.0E-4,"lastBolusTime":1703950371000,"time":"2023-12-30T17:32:23.298Z","iobWithZeroTemp":{"iob":-0.361,"basaliob":-0.56,"bolussnooze":0,"activity":-0.002,"lastBolusTime":1703950371000,"time":"2023-12-30T17:32:23.298Z"}},{"iob":-0.113,"basaliob":-0.297,"bolussnooze":0,"activity":-9.0E-4,"lastBolusTime":1703950371000,"time":"2023-12-30T17:37:23.298Z","iobWithZeroTemp":{"iob":-0.385,"basaliob":-0.569,"bolussnooze":0,"activity":-0.0022,"lastBolusTime":1703950371000,"time":"2023-12-30T17:37:23.298Z"}},{"iob":-0.108,"basaliob":-0.278,"bolussnooze":0,"activity":-0.001,"lastBolusTime":1703950371000,"time":"2023-12-30T17:42:23.298Z","iobWithZeroTemp":{"iob":-0.406,"basaliob":-0.576,"bolussnooze":0,"activity":-0.0025,"lastBolusTime":1703950371000,"time":"2023-12-30T17:42:23.298Z"}},{"iob":-0.103,"basaliob":-0.261,"bolussnooze":0,"activity":-9.0E-4,"lastBolusTime":1703950371000,"time":"2023-12-30T17:47:23.298Z","iobWithZeroTemp":{"iob":-0.426,"basaliob":-0.584,"bolussnooze":0,"activity":-0.0027,"lastBolusTime":1703950371000,"time":"2023-12-30T17:47:23.298Z"}},{"iob":-0.098,"basaliob":-0.244,"bolussnooze":0,"activity":-9.0E-4,"lastBolusTime":1703950371000,"time":"2023-12-30T17:52:23.298Z","iobWithZeroTemp":{"iob":-0.445,"basaliob":-0.591,"bolussnooze":0,"activity":-0.0029,"lastBolusTime":1703950371000,"time":"2023-12-30T17:52:23.298Z"}},{"iob":-0.093,"basaliob":-0.228,"bolussnooze":0,"activity":-0.001,"lastBolusTime":1703950371000,"time":"2023-12-30T17:57:23.298Z","iobWithZeroTemp":{"iob":-0.463,"basaliob":-0.598,"bolussnooze":0,"activity":-0.0032,"lastBolusTime":1703950371000,"time":"2023-12-30T17:57:23.298Z"}},{"iob":-0.089,"basaliob":-0.213,"bolussnooze":0,"activity":-9.0E-4,"lastBolusTime":1703950371000,"time":"2023-12-30T18:02:23.298Z","iobWithZeroTemp":{"iob":-0.48,"basaliob":-0.604,"bolussnooze":0,"activity":-0.0033,"lastBolusTime":1703950371000,"time":"2023-12-30T18:02:23.298Z"}},{"iob":-0.084,"basaliob":-0.199,"bolussnooze":0,"activity":-9.0E-4,"lastBolusTime":1703950371000,"time":"2023-12-30T18:07:23.298Z","iobWithZeroTemp":{"iob":-0.496,"basaliob":-0.611,"bolussnooze":0,"activity":-0.0036,"lastBolusTime":1703950371000,"time":"2023-12-30T18:07:23.298Z"}},{"iob":-0.08,"basaliob":-0.186,"bolussnooze":0,"activity":-9.0E-4,"lastBolusTime":1703950371000,"time":"2023-12-30T18:12:23.298Z","iobWithZeroTemp":{"iob":-0.511,"basaliob":-0.617,"bolussnooze":0,"activity":-0.0038,"lastBolusTime":1703950371000,"time":"2023-12-30T18:12:23.298Z"}},{"iob":-0.076,"basaliob":-0.173,"bolussnooze":0,"activity":-9.0E-4,"lastBolusTime":1703950371000,"time":"2023-12-30T18:17:23.298Z","iobWithZeroTemp":{"iob":-0.526,"basaliob":-0.623,"bolussnooze":0,"activity":-0.004,"lastBolusTime":1703950371000,"time":"2023-12-30T18:17:23.298Z"}},{"iob":-0.071,"basaliob":-0.161,"bolussnooze":0,"activity":-8.0E-4,"lastBolusTime":1703950371000,"time":"2023-12-30T18:22:23.298Z","iobWithZeroTemp":{"iob":-0.538,"basaliob":-0.628,"bolussnooze":0,"activity":-0.0041,"lastBolusTime":1703950371000,"time":"2023-12-30T18:22:23.298Z"}},{"iob":-0.068,"basaliob":-0.15,"bolussnooze":0,"activity":-8.0E-4,"lastBolusTime":1703950371000,"time":"2023-12-30T18:27:23.298Z","iobWithZeroTemp":{"iob":-0.552,"basaliob":-0.634,"bolussnooze":0,"activity":-0.0043,"lastBolusTime":1703950371000,"time":"2023-12-30T18:27:23.298Z"}},{"iob":-0.063,"basaliob":-0.139,"bolussnooze":0,"activity":-7.0E-4,"lastBolusTime":1703950371000,"time":"2023-12-30T18:32:23.298Z","iobWithZeroTemp":{"iob":-0.562,"basaliob":-0.638,"bolussnooze":0,"activity":-0.0044,"lastBolusTime":1703950371000,"time":"2023-12-30T18:32:23.298Z"}},{"iob":-0.059,"basaliob":-0.129,"bolussnooze":0,"activity":-7.0E-4,"lastBolusTime":1703950371000,"time":"2023-12-30T18:37:23.298Z","iobWithZeroTemp":{"iob":-0.573,"basaliob":-0.643,"bolussnooze":0,"activity":-0.0046,"lastBolusTime":1703950371000,"time":"2023-12-30T18:37:23.298Z"}},{"iob":-0.056,"basaliob":-0.12,"bolussnooze":0,"activity":-7.0E-4,"lastBolusTime":1703950371000,"time":"2023-12-30T18:42:23.298Z","iobWithZeroTemp":{"iob":-0.583,"basaliob":-0.647,"bolussnooze":0,"activity":-0.0047,"lastBolusTime":1703950371000,"time":"2023-12-30T18:42:23.298Z"}},{"iob":-0.052,"basaliob":-0.111,"bolussnooze":0,"activity":-7.0E-4,"lastBolusTime":1703950371000,"time":"2023-12-30T18:47:23.298Z","iobWithZeroTemp":{"iob":-0.592,"basaliob":-0.651,"bolussnooze":0,"activity":-0.0049,"lastBolusTime":1703950371000,"time":"2023-12-30T18:47:23.298Z"}},{"iob":-0.049,"basaliob":-0.103,"bolussnooze":0,"activity":-7.0E-4,"lastBolusTime":1703950371000,"time":"2023-12-30T18:52:23.298Z","iobWithZeroTemp":{"iob":-0.601,"basaliob":-0.655,"bolussnooze":0,"activity":-0.005,"lastBolusTime":1703950371000,"time":"2023-12-30T18:52:23.298Z"}},{"iob":-0.046,"basaliob":-0.095,"bolussnooze":0,"activity":-6.0E-4,"lastBolusTime":1703950371000,"time":"2023-12-30T18:57:23.298Z","iobWithZeroTemp":{"iob":-0.609,"basaliob":-0.658,"bolussnooze":0,"activity":-0.0051,"lastBolusTime":1703950371000,"time":"2023-12-30T18:57:23.298Z"}},{"iob":-0.043,"basaliob":-0.088,"bolussnooze":0,"activity":-6.0E-4,"lastBolusTime":1703950371000,"time":"2023-12-30T19:02:23.298Z","iobWithZeroTemp":{"iob":-0.617,"basaliob":-0.662,"bolussnooze":0,"activity":-0.0052,"lastBolusTime":1703950371000,"time":"2023-12-30T19:02:23.298Z"}},{"iob":-0.041,"basaliob":-0.082,"bolussnooze":0,"activity":-6.0E-4,"lastBolusTime":1703950371000,"time":"2023-12-30T19:07:23.298Z","iobWithZeroTemp":{"iob":-0.625,"basaliob":-0.666,"bolussnooze":0,"activity":-0.0054,"lastBolusTime":1703950371000,"time":"2023-12-30T19:07:23.298Z"}},{"iob":-0.037,"basaliob":-0.075,"bolussnooze":0,"activity":-5.0E-4,"lastBolusTime":1703950371000,"time":"2023-12-30T19:12:23.298Z","iobWithZeroTemp":{"iob":-0.63,"basaliob":-0.668,"bolussnooze":0,"activity":-0.0054,"lastBolusTime":1703950371000,"time":"2023-12-30T19:12:23.298Z"}},{"iob":-0.036,"basaliob":-0.07,"bolussnooze":0,"activity":-5.0E-4,"lastBolusTime":1703950371000,"time":"2023-12-30T19:17:23.298Z","iobWithZeroTemp":{"iob":-0.637,"basaliob":-0.671,"bolussnooze":0,"activity":-0.0055,"lastBolusTime":1703950371000,"time":"2023-12-30T19:17:23.298Z"}},{"iob":-0.033,"basaliob":-0.064,"bolussnooze":0,"activity":-4.0E-4,"lastBolusTime":1703950371000,"time":"2023-12-30T19:22:23.298Z","iobWithZeroTemp":{"iob":-0.642,"basaliob":-0.673,"bolussnooze":0,"activity":-0.0055,"lastBolusTime":1703950371000,"time":"2023-12-30T19:22:23.298Z"}},{"iob":-0.03,"basaliob":-0.059,"bolussnooze":0,"activity":-5.0E-4,"lastBolusTime":1703950371000,"time":"2023-12-30T19:27:23.298Z","iobWithZeroTemp":{"iob":-0.647,"basaliob":-0.676,"bolussnooze":0,"activity":-0.0057,"lastBolusTime":1703950371000,"time":"2023-12-30T19:27:23.298Z"}},{"iob":-0.029,"basaliob":-0.055,"bolussnooze":0,"activity":-4.0E-4,"lastBolusTime":1703950371000,"time":"2023-12-30T19:32:23.298Z","iobWithZeroTemp":{"iob":-0.653,"basaliob":-0.679,"bolussnooze":0,"activity":-0.0057,"lastBolusTime":1703950371000,"time":"2023-12-30T19:32:23.298Z"}},{"iob":-0.026,"basaliob":-0.05,"bolussnooze":0,"activity":-4.0E-4,"lastBolusTime":1703950371000,"time":"2023-12-30T19:37:23.298Z","iobWithZeroTemp":{"iob":-0.656,"basaliob":-0.68,"bolussnooze":0,"activity":-0.0058,"lastBolusTime":1703950371000,"time":"2023-12-30T19:37:23.298Z"}},{"iob":-0.025,"basaliob":-0.046,"bolussnooze":0,"activity":-4.0E-4,"lastBolusTime":1703950371000,"time":"2023-12-30T19:42:23.298Z","iobWithZeroTemp":{"iob":-0.661,"basaliob":-0.682,"bolussnooze":0,"activity":-0.0059,"lastBolusTime":1703950371000,"time":"2023-12-30T19:42:23.298Z"}},{"iob":-0.022,"basaliob":-0.042,"bolussnooze":0,"activity":-3.0E-4,"lastBolusTime":1703950371000,"time":"2023-12-30T19:47:23.298Z","iobWithZeroTemp":{"iob":-0.664,"basaliob":-0.684,"bolussnooze":0,"activity":-0.0059,"lastBolusTime":1703950371000,"time":"2023-12-30T19:47:23.298Z"}},{"iob":-0.021,"basaliob":-0.039,"bolussnooze":0,"activity":-4.0E-4,"lastBolusTime":1703950371000,"time":"2023-12-30T19:52:23.298Z","iobWithZeroTemp":{"iob":-0.668,"basaliob":-0.686,"bolussnooze":0,"activity":-0.0061,"lastBolusTime":1703950371000,"time":"2023-12-30T19:52:23.298Z"}},{"iob":-0.02,"basaliob":-0.036,"bolussnooze":0,"activity":-3.0E-4,"lastBolusTime":1703950371000,"time":"2023-12-30T19:57:23.298Z","iobWithZeroTemp":{"iob":-0.671,"basaliob":-0.687,"bolussnooze":0,"activity":-0.0061,"lastBolusTime":1703950371000,"time":"2023-12-30T19:57:23.298Z"}},{"iob":-0.018,"basaliob":-0.033,"bolussnooze":0,"activity":-3.0E-4,"lastBolusTime":1703950371000,"time":"2023-12-30T20:02:23.298Z","iobWithZeroTemp":{"iob":-0.674,"basaliob":-0.689,"bolussnooze":0,"activity":-0.0061,"lastBolusTime":1703950371000,"time":"2023-12-30T20:02:23.298Z"}},{"iob":-0.017,"basaliob":-0.03,"bolussnooze":0,"activity":-2.0E-4,"lastBolusTime":1703950371000,"time":"2023-12-30T20:07:23.298Z","iobWithZeroTemp":{"iob":-0.677,"basaliob":-0.69,"bolussnooze":0,"activity":-0.0061,"lastBolusTime":1703950371000,"time":"2023-12-30T20:07:23.298Z"}},{"iob":-0.016,"basaliob":-0.028,"bolussnooze":0,"activity":-3.0E-4,"lastBolusTime":1703950371000,"time":"2023-12-30T20:12:23.298Z","iobWithZeroTemp":{"iob":-0.68,"basaliob":-0.692,"bolussnooze":0,"activity":-0.0062,"lastBolusTime":1703950371000,"time":"2023-12-30T20:12:23.298Z"}},{"iob":-0.014,"basaliob":-0.025,"bolussnooze":0,"activity":-2.0E-4,"lastBolusTime":1703950371000,"time":"2023-12-30T20:17:23.298Z","iobWithZeroTemp":{"iob":-0.681,"basaliob":-0.692,"bolussnooze":0,"activity":-0.0062,"lastBolusTime":1703950371000,"time":"2023-12-30T20:17:23.298Z"}},{"iob":-0.013,"basaliob":-0.023,"bolussnooze":0,"activity":-2.0E-4,"lastBolusTime":1703950371000,"time":"2023-12-30T20:22:23.298Z","iobWithZeroTemp":{"iob":-0.683,"basaliob":-0.693,"bolussnooze":0,"activity":-0.0063,"lastBolusTime":1703950371000,"time":"2023-12-30T20:22:23.298Z"}},{"iob":-0.012,"basaliob":-0.021,"bolussnooze":0,"activity":-2.0E-4,"lastBolusTime":1703950371000,"time":"2023-12-30T20:27:23.298Z","iobWithZeroTemp":{"iob":-0.685,"basaliob":-0.694,"bolussnooze":0,"activity":-0.0063,"lastBolusTime":1703950371000,"time":"2023-12-30T20:27:23.298Z"}},{"iob":-0.011,"basaliob":-0.019,"bolussnooze":0,"activity":-2.0E-4,"lastBolusTime":1703950371000,"time":"2023-12-30T20:32:23.298Z","iobWithZeroTemp":{"iob":-0.687,"basaliob":-0.695,"bolussnooze":0,"activity":-0.0063,"lastBolusTime":1703950371000,"time":"2023-12-30T20:32:23.298Z"}},{"iob":-0.011,"basaliob":-0.018,"bolussnooze":0,"activity":-1.0E-4,"lastBolusTime":1703950371000,"time":"2023-12-30T20:37:23.298Z","iobWithZeroTemp":{"iob":-0.689,"basaliob":-0.696,"bolussnooze":0,"activity":-0.0063,"lastBolusTime":1703950371000,"time":"2023-12-30T20:37:23.298Z"}},{"iob":-0.01,"basaliob":-0.016,"bolussnooze":0,"activity":-2.0E-4,"lastBolusTime":1703950371000,"time":"2023-12-30T20:42:23.298Z","iobWithZeroTemp":{"iob":-0.691,"basaliob":-0.697,"bolussnooze":0,"activity":-0.0064,"lastBolusTime":1703950371000,"time":"2023-12-30T20:42:23.298Z"}},{"iob":-0.009,"basaliob":-0.015,"bolussnooze":0,"activity":-2.0E-4,"lastBolusTime":1703950371000,"time":"2023-12-30T20:47:23.298Z","iobWithZeroTemp":{"iob":-0.692,"basaliob":-0.698,"bolussnooze":0,"activity":-0.0065,"lastBolusTime":1703950371000,"time":"2023-12-30T20:47:23.298Z"}}],"profile":{"max_iob":7,"type":"current","max_daily_basal":0.45,"max_basal":1.35,"min_bg":144,"max_bg":144,"target_bg":144,"carb_ratio":11,"sens":352.8,"max_daily_safety_multiplier":3,"current_basal_safety_multiplier":4,"lgsThreshold":65,"high_temptarget_raises_sensitivity":false,"low_temptarget_lowers_sensitivity":false,"sensitivity_raises_target":true,"resistance_lowers_target":true,"adv_target_adjustments":false,"exercise_mode":false,"half_basal_exercise_target":160,"maxCOB":120,"skip_neutral_temps":false,"remainingCarbsCap":90,"enableUAM":true,"A52_risk_enable":false,"SMBInterval":4,"enableSMB_with_COB":true,"enableSMB_with_temptarget":false,"allowSMB_with_high_temptarget":true,"enableSMB_always":true,"enableSMB_after_carbs":false,"maxSMBBasalMinutes":60,"maxUAMSMBBasalMinutes":60,"bolus_increment":0.05,"carbsReqThreshold":10,"current_basal":0.4,"temptargetSet":true,"autosens_max":1.2,"autosens_min":0.8,"out_units":"mmol\/L","variable_sens":327.6,"insulinDivisor":65,"TDD":7.368871291666669},"autosens_data":{"ratio":0.8427406358395871},"meal_data":{"carbs":0,"mealCOB":0,"slopeFromMaxDeviation":-0.5797457627118645,"slopeFromMinDeviation":0,"lastBolusTime":1703950371000,"lastCarbTime":0},"microBolusAllowed":true,"currentTime":1703955145627,"flatBGsDetected":false,"tdd1D":25.347250000000006,"tdd7D":27.29536904761905,"tddLast24H":23.002916666666664,"tddLast4H":1.5766666666666669,"tddLast8to4H":2.06},"output":{"temp":"absolute","bg":72,"tick":-5,"eventualBG":87,"targetBG":144,"insulinReq":0,"deliverAt":"2023-12-30T16:52:25.627Z","sensitivityRatio":0.8427406358395871,"variable_sens":327.6,"predBGs":{"IOB":[72,67,64,61,58,57,56,55,55,56,57,58,60,62,64,65,67,68,70,71,73,74,75,76,77,78,79,80,81,82,82,83,84,84,85,86,86,87,87,87,88,88,88,89,89,89,89,90],"ZT":[72,72,72,73,74,75,77,80,82,85,88,92,96,100,104,108,113,117,122,127,132,136,141]},"reason":"COB: 0, Dev: -1.7, BGI: 0.0, ISF: 18.2, CR: 11, Target: 8.0, minPredBG 3.9, minGuardBG 3.1, IOBpredBG 5.0; minGuardBG 3.1<5.1","COB":0,"IOB":-0.138,"duration":30,"rate":0,"timestamp":"2023-12-30T16:52:25.693Z"}}