{"algorithm":"OpenAPSSMBDynamicISFPlugin","input":{"glucoseStatus":{"glucose":170,"noise":0,"delta":0,"short_avgdelta":-1.56,"long_avgdelta":-0.96,"date":1703899917134},"currenttemp":{"temp":"absolute","duration":110,"rate":0,"minutesrunning":10},"iob_data":[{"iob":1.123,"basaliob":-0.685,"bolussnooze":0,"activity":0.0129,"lastBolusTime":1703898748000,"time":"2023-12-30T01:32:17.480Z","iobWithZeroTemp":{"iob":1.123,"basaliob":-0.685,"bolussnooze":0,"activity":0.0129,"lastBolusTime":1703898748000,"time":"2023-12-30T01:32:17.480Z"}},{"iob":1.06,"basaliob":-0.65,"bolussnooze":0,"activity":0.0125,"lastBolusTime":1703898748000,"time":"2023-12-30T01:37:17.480Z","iobWithZeroTemp":{"iob":1.037,"basaliob":-0.673,"bolussnooze":0,"activity":0.0125,"lastBolusTime":1703898748000,"time":"2023-12-30T01:37:17.480Z"}},{"iob":0.999,"basaliob":-0.616,"bolussnooze":0,"activity":0.012,"lastBolusTime":1703898748000,"time":"2023-12-30T01:42:17.480Z","iobWithZeroTemp":{"iob":0.947,"basaliob":-0.668,"bolussnooze":0,"activity":0.0119,"lastBolusTime":1703898748000,"time":"2023-12-30T01:42:17.480Z"}},{"iob":0.94,"basaliob":-0.583,"bolussnooze":0,"activity":0.0116,"lastBolusTime":1703898748000,"time":"2023-12-30T01:47:17.480Z","iobWithZeroTemp":{"iob":0.859,"basaliob":-0.664,"bolussnooze":0,"activity":0.0114,"lastBolusTime":1703898748000,"time":"2023-12-30T01:47:17.480Z"}},{"iob":0.883,"basaliob":-0.551,"bolussnooze":0,"activity":0.0111,"lastBolusTime":1703898748000,"time":"2023-12-30T01:52:17.480Z","iobWithZeroTemp":{"iob":0.774,"basaliob":-0.66,"bolussnooze":0,"activity":0.0108,"lastBolusTime":1703898748000,"time":"2023-12-30T01:52:17.480Z"}},{"iob":0.828,"basaliob":-0.52,"bolussnooze":0,"activity":0.0106,"lastBolusTime":1703898748000,"time":"2023-12-30T01:57:17.480Z","iobWithZeroTemp":{"iob":0.692,"basaliob":-0.656,"bolussnooze":0,"activity":0.0102,"lastBolusTime":1703898748000,"time":"2023-12-30T01:57:17.480Z"}},{"iob":0.777,"basaliob":-0.49,"bolussnooze":0,"activity":0.0101,"lastBolusTime":1703898748000,"time":"2023-12-30T02:02:17.480Z","iobWithZeroTemp":{"iob":0.614,"basaliob":-0.653,"bolussnooze":0,"activity":0.0095,"lastBolusTime":1703898748000,"time":"2023-12-30T02:02:17.480Z"}},{"iob":0.727,"basaliob":-0.461,"bolussnooze":0,"activity":0.0096,"lastBolusTime":1703898748000,"time":"2023-12-30T02:07:17.480Z","iobWithZeroTemp":{"iob":0.551,"basaliob":-0.637,"bolussnooze":0,"activity":0.0089,"lastBolusTime":1703898748000,"time":"2023-12-30T02:07:17.480Z"}},{"iob":0.681,"basaliob":-0.433,"bolussnooze":0,"activity":0.0092,"lastBolusTime":1703898748000,"time":"2023-12-30T02:12:17.480Z","iobWithZeroTemp":{"iob":0.487,"basaliob":-0.627,"bolussnooze":0,"activity":0.0083,"lastBolusTime":1703898748000,"time":"2023-12-30T02:12:17.480Z"}},{"iob":0.635,"basaliob":-0.407,"bolussnooze":0,"activity":0.0087,"lastBolusTime":1703898748000,"time":"2023-12-30T02:17:17.480Z","iobWithZeroTemp":{"iob":0.423,"basaliob":-0.619,"bolussnooze":0,"activity":0.0076,"lastBolusTime":1703898748000,"time":"2023-12-30T02:17:17.480Z"}},{"iob":0.594,"basaliob":-0.381,"bolussnooze":0,"activity":0.0082,"lastBolusTime":1703898748000,"time":"2023-12-30T02:22:17.480Z","iobWithZeroTemp":{"iob":0.365,"basaliob":-0.61,"bolussnooze":0,"activity":0.007,"lastBolusTime":1703898748000,"time":"2023-12-30T02:22:17.480Z"}},{"iob":0.554,"basaliob":-0.357,"bolussnooze":0,"activity":0.0078,"lastBolusTime":1703898748000,"time":"2023-12-30T02:27:17.480Z","iobWithZeroTemp":{"iob":0.309,"basaliob":-0.602,"bolussnooze":0,"activity":0.0064,"lastBolusTime":1703898748000,"time":"2023-12-30T02:27:17.480Z"}},{"iob":0.516,"basaliob":-0.334,"bolussnooze":0,"activity":0.0073,"lastBolusTime":1703898748000,"time":"2023-12-30T02:32:17.480Z","iobWithZeroTemp":{"iob":0.256,"basaliob":-0.594,"bolussnooze":0,"activity":0.0057,"lastBolusTime":1703898748000,"time":"2023-12-30T02:32:17.480Z"}},{"iob":0.481,"basaliob":-0.312,"bolussnooze":0,"activity":0.0069,"lastBolusTime":1703898748000,"time":"2023-12-30T02:37:17.480Z","iobWithZeroTemp":{"iob":0.207,"basaliob":-0.586,"bolussnooze":0,"activity":0.0052,"lastBolusTime":1703898748000,"time":"2023-12-30T02:37:17.480Z"}},{"iob":0.447,"basaliob":-0.292,"bolussnooze":0,"activity":0.0065,"lastBolusTime":1703898748000,"time":"2023-12-30T02:42:17.480Z","iobWithZeroTemp":{"iob":0.159,"basaliob":-0.58,"bolussnooze":0,"activity":0.0046,"lastBolusTime":1703898748000,"time":"2023-12-30T02:42:17.480Z"}},{"iob":0.415,"basaliob":-0.272,"bolussnooze":0,"activity":0.0061,"lastBolusTime":1703898748000,"time":"2023-12-30T02:47:17.480Z","iobWithZeroTemp":{"iob":0.114,"basaliob":-0.573,"bolussnooze":0,"activity":0.0041,"lastBolusTime":1703898748000,"time":"2023-12-30T02:47:17.480Z"}},{"iob":0.385,"basaliob":-0.254,"bolussnooze":0,"activity":0.0057,"lastBolusTime":1703898748000,"time":"2023-12-30T02:52:17.480Z","iobWithZeroTemp":{"iob":0.072,"basaliob":-0.567,"bolussnooze":0,"activity":0.0035,"lastBolusTime":1703898748000,"time":"2023-12-30T02:52:17.480Z"}},{"iob":0.358,"basaliob":-0.236,"bolussnooze":0,"activity":0.0054,"lastBolusTime":1703898748000,"time":"2023-12-30T02:57:17.480Z","iobWithZeroTemp":{"iob":0.034,"basaliob":-0.56,"bolussnooze":0,"activity":0.0031,"lastBolusTime":1703898748000,"time":"2023-12-30T02:57:17.480Z"}},{"iob":0.332,"basaliob":-0.22,"bolussnooze":0,"activity":0.005,"lastBolusTime":1703898748000,"time":"2023-12-30T03:02:17.480Z","iobWithZeroTemp":{"iob":-0.003,"basaliob":-0.555,"bolussnooze":0,"activity":0.0026,"lastBolusTime":1703898748000,"time":"2023-12-30T03:02:17.480Z"}},{"iob":0.308,"basaliob":-0.204,"bolussnooze":0,"activity":0.0047,"lastBolusTime":1703898748000,"time":"2023-12-30T03:07:17.480Z","iobWithZeroTemp":{"iob":-0.037,"basaliob":-0.549,"bolussnooze":0,"activity":0.0021,"lastBolusTime":1703898748000,"time":"2023-12-30T03:07:17.480Z"}},{"iob":0.285,"basaliob":-0.19,"bolussnooze":0,"activity":0.0044,"lastBolusTime":1703898748000,"time":"2023-12-30T03:12:17.480Z","iobWithZeroTemp":{"iob":-0.069,"basaliob":-0.544,"bolussnooze":0,"activity":0.0017,"lastBolusTime":1703898748000,"time":"2023-12-30T03:12:17.480Z"}},{"iob":0.264,"basaliob":-0.176,"bolussnooze":0,"activity":0.0042,"lastBolusTime":1703898748000,"time":"2023-12-30T03:17:17.480Z","iobWithZeroTemp":{"iob":-0.099,"basaliob":-0.539,"bolussnooze":0,"activity":0.0014,"lastBolusTime":1703898748000,"time":"2023-12-30T03:17:17.480Z"}},{"iob":0.244,"basaliob":-0.163,"bolussnooze":0,"activity":0.0038,"lastBolusTime":1703898748000,"time":"2023-12-30T03:22:17.480Z","iobWithZeroTemp":{"iob":-0.127,"basaliob":-0.534,"bolussnooze":0,"activity":9.0E-4,"lastBolusTime":1703898748000,"time":"2023-12-30T03:22:17.480Z"}},{"iob":0.226,"basaliob":-0.151,"bolussnooze":0,"activity":0.0036,"lastBolusTime":1703898748000,"time":"2023-12-30T03:27:17.480Z","iobWithZeroTemp":{"iob":-0.153,"basaliob":-0.53,"bolussnooze":0,"activity":6.0E-4,"lastBolusTime":1703898748000,"time":"2023-12-30T03:27:17.480Z"}},{"iob":0.208,"basaliob":-0.14,"bolussnooze":0,"activity":0.0033,"lastBolusTime":1703898748000,"time":"2023-12-30T03:32:17.480Z","iobWithZeroTemp":{"iob":-0.178,"basaliob":-0.526,"bolussnooze":0,"activity":2.0E-4,"lastBolusTime":1703898748000,"time":"2023-12-30T03:32:17.480Z"}},{"iob":0.192,"basaliob":-0.13,"bolussnooze":0,"activity":0.0031,"lastBolusTime":1703898748000,"time":"2023-12-30T03:37:17.480Z","iobWithZeroTemp":{"iob":-0.201,"basaliob":-0.523,"bolussnooze":0,"activity":-1.0E-4,"lastBolusTime":1703898748000,"time":"2023-12-30T03:37:17.480Z"}},{"iob":0.177,"basaliob":-0.12,"bolussnooze":0,"activity":0.0029,"lastBolusTime":1703898748000,"time":"2023-12-30T03:42:17.480Z","iobWithZeroTemp":{"iob":-0.222,"basaliob":-0.519,"bolussnooze":0,"activity":-4.0E-4,"lastBolusTime":1703898748000,"time":"2023-12-30T03:42:17.480Z"}},{"iob":0.163,"basaliob":-0.111,"bolussnooze":0,"activity":0.0026,"lastBolusTime":1703898748000,"time":"2023-12-30T03:47:17.480Z","iobWithZeroTemp":{"iob":-0.242,"basaliob":-0.516,"bolussnooze":0,"activity":-8.0E-4,"lastBolusTime":1703898748000,"time":"2023-12-30T03:47:17.480Z"}},{"iob":0.151,"basaliob":-0.102,"bolussnooze":0,"activity":0.0025,"lastBolusTime":1703898748000,"time":"2023-12-30T03:52:17.480Z","iobWithZeroTemp":{"iob":-0.26,"basaliob":-0.513,"bolussnooze":0,"activity":-9.0E-4,"lastBolusTime":1703898748000,"time":"2023-12-30T03:52:17.480Z"}},{"iob":0.139,"basaliob":-0.094,"bolussnooze":0,"activity":0.0023,"lastBolusTime":1703898748000,"time":"2023-12-30T03:57:17.480Z","iobWithZeroTemp":{"iob":-0.277,"basaliob":-0.51,"bolussnooze":0,"activity":-0.0012,"lastBolusTime":1703898748000,"time":"2023-12-30T03:57:17.480Z"}},{"iob":0.127,"basaliob":-0.087,"bolussnooze":0,"activity":0.0022,"lastBolusTime":1703898748000,"time":"2023-12-30T04:02:17.480Z","iobWithZeroTemp":{"iob":-0.293,"basaliob":-0.507,"bolussnooze":0,"activity":-0.0014,"lastBolusTime":1703898748000,"time":"2023-12-30T04:02:17.480Z"}},{"iob":0.117,"basaliob":-0.08,"bolussnooze":0,"activity":0.002,"lastBolusTime":1703898748000,"time":"2023-12-30T04:07:17.480Z","iobWithZeroTemp":{"iob":-0.31,"basaliob":-0.507,"bolussnooze":0,"activity":-0.0017,"lastBolusTime":1703898748000,"time":"2023-12-30T04:07:17.480Z"}},{"iob":0.107,"basaliob":-0.074,"bolussnooze":0,"activity":0.0019,"lastBolusTime":1703898748000,"time":"2023-12-30T04:12:17.480Z","iobWithZeroTemp":{"iob":-0.327,"basaliob":-0.508,"bolussnooze":0,"activity":-0.0018,"lastBolusTime":1703898748000,"time":"2023-12-30T04:12:17.480Z"}},{"iob":0.098,"basaliob":-0.068,"bolussnooze":0,"activity":0.0017,"lastBolusTime":1703898748000,"time":"2023-12-30T04:17:17.480Z","iobWithZeroTemp":{"iob":-0.342,"basaliob":-0.508,"bolussnooze":0,"activity":-0.0021,"lastBolusTime":1703898748000,"time":"2023-12-30T04:17:17.480Z"}},{"iob":0.091,"basaliob":-0.062,"bolussnooze":0,"activity":0.0015,"lastBolusTime":1703898748000,"time":"2023-12-30T04:22:17.480Z","iobWithZeroTemp":{"iob":-0.355,"basaliob":-0.508,"bolussnooze":0,"activity":-0.0024,"lastBolusTime":1703898748000,"time":"2023-12-30T04:22:17.480Z"}},{"iob":0.083,"basaliob":-0.057,"bolussnooze":0,"activity":0.0014,"lastBolusTime":1703898748000,"time":"2023-12-30T04:27:17.480Z","iobWithZeroTemp":{"iob":-0.369,"basaliob":-0.509,"bolussnooze":0,"activity":-0.0025,"lastBolusTime":1703898748000,"time":"2023-12-30T04:27:17.480Z"}},{"iob":0.075,"basaliob":-0.053,"bolussnooze":0,"activity":0.0013,"lastBolusTime":1703898748000,"time":"2023-12-30T04:32:17.480Z","iobWithZeroTemp":{"iob":-0.382,"basaliob":-0.51,"bolussnooze":0,"activity":-0.0027,"lastBolusTime":1703898748000,"time":"2023-12-30T04:32:17.480Z"}},{"iob":0.07,"basaliob":-0.048,"bolussnooze":0,"activity":0.0013,"lastBolusTime":1703898748000,"time":"2023-12-30T04:37:17.480Z","iobWithZeroTemp":{"iob":-0.394,"basaliob":-0.512,"bolussnooze":0,"activity":-0.0028,"lastBolusTime":1703898748000,"time":"2023-12-30T04:37:17.480Z"}},{"iob":0.064,"basaliob":-0.044,"bolussnooze":0,"activity":0.0011,"lastBolusTime":1703898748000,"time":"2023-12-30T04:42:17.480Z","iobWithZeroTemp":{"iob":-0.404,"basaliob":-0.512,"bolussnooze":0,"activity":-0.003,"lastBolusTime":1703898748000,"time":"2023-12-30T04:42:17.480Z"}},{"iob":0.058,"basaliob":-0.041,"bolussnooze":0,"activity":0.0011,"lastBolusTime":1703898748000,"time":"2023-12-30T04:47:17.480Z","iobWithZeroTemp":{"iob":-0.415,"basaliob":-0.514,"bolussnooze":0,"activity":-0.0031,"lastBolusTime":1703898748000,"time":"2023-12-30T04:47:17.480Z"}},{"iob":0.053,"basaliob":-0.037,"bolussnooze":0,"activity":9.0E-4,"lastBolusTime":1703898748000,"time":"2023-12-30T04:52:17.480Z","iobWithZeroTemp":{"iob":-0.424,"basaliob":-0.514,"bolussnooze":0,"activity":-0.0033,"lastBolusTime":1703898748000,"time":"2023-12-30T04:52:17.480Z"}},{"iob":0.048,"basaliob":-0.034,"bolussnooze":0,"activity":9.0E-4,"lastBolusTime":1703898748000,"time":"2023-12-30T04:57:17.480Z","iobWithZeroTemp":{"iob":-0.433,"basaliob":-0.515,"bolussnooze":0,"activity":-0.0034,"lastBolusTime":1703898748000,"time":"2023-12-30T04:57:17.480Z"}},{"iob":0.044,"basaliob":-0.031,"bolussnooze":0,"activity":8.0E-4,"lastBolusTime":1703898748000,"time":"2023-12-30T05:02:17.480Z","iobWithZeroTemp":{"iob":-0.44,"basaliob":-0.515,"bolussnooze":0,"activity":-0.0035,"lastBolusTime":1703898748000,"time":"2023-12-30T05:02:17.480Z"}},{"iob":0.04,"basaliob":-0.028,"bolussnooze":0,"activity":8.0E-4,"lastBolusTime":1703898748000,"time":"2023-12-30T05:07:17.480Z","iobWithZeroTemp":{"iob":-0.456,"basaliob":-0.524,"bolussnooze":0,"activity":-0.0036,"lastBolusTime":1703898748000,"time":"2023-12-30T05:07:17.480Z"}},{"iob":0.036,"basaliob":-0.026,"bolussnooze":0,"activity":7.0E-4,"lastBolusTime":1703898748000,"time":"2023-12-30T05:12:17.480Z","iobWithZeroTemp":{"iob":-0.471,"basaliob":-0.533,"bolussnooze":0,"activity":-0.0037,"lastBolusTime":1703898748000,"time":"2023-12-30T05:12:17.480Z"}},{"iob":0.034,"basaliob":-0.023,"bolussnooze":0,"activity":7.0E-4,"lastBolusTime":1703898748000,"time":"2023-12-30T05:17:17.480Z","iobWithZeroTemp":{"iob":-0.484,"basaliob":-0.541,"bolussnooze":0,"activity":-0.0038,"lastBolusTime":1703898748000,"time":"2023-12-30T05:17:17.480Z"}},{"iob":0.031,"basaliob":-0.021,"bolussnooze":0,"activity":6.0E-4,"lastBolusTime":1703898748000,"time":"2023-12-30T05:22:17.480Z","iobWithZeroTemp":{"iob":-0.498,"basaliob":-0.55,"bolussnooze":0,"activity":-0.004,"lastBolusTime":1703898748000,"time":"2023-12-30T05:22:17.480Z"}},{"iob":0.028,"basaliob":-0.019,"bolussnooze":0,"activity":5.0E-4,"lastBolusTime":1703898748000,"time":"2023-12-30T05:27:17.480Z","iobWithZeroTemp":{"iob":-0.511,"basaliob":-0.558,"bolussnooze":0,"activity":-0.0041,"lastBolusTime":1703898748000,"time":"2023-12-30T05:27:17.480Z"}}],"profile":{"max_iob":7,"type":"current","max_daily_basal":0.45,"max_basal":1.35,"min_bg":81,"max_bg":81,"target_bg":81,"carb_ratio":11,"sens":369,"max_daily_safety_multiplier":3,"current_basal_safety_multiplier":4,"lgsThreshold":65,"high_temptarget_raises_sensitivity":false,"low_temptarget_lowers_sensitivity":false,"sensitivity_raises_target":true,"resistance_lowers_target":true,"adv_target_adjustments":false,"exercise_mode":false,"half_basal_exercise_target":160,"maxCOB":120,"skip_neutral_temps":false,"remainingCarbsCap":90,"enableUAM":true,"A52_risk_enable":false,"SMBInterval":4,"enableSMB_with_COB":true,"enableSMB_with_temptarget":false,"allowSMB_with_high_temptarget":true,"enableSMB_always":true,"enableSMB_after_carbs":false,"maxSMBBasalMinutes":60,"maxUAMSMBBasalMinutes":60,"bolus_increment":0.05,"carbsReqThreshold":10,"current_basal":0.35,"temptargetSet":true,"autosens_max":1.2,"autosens_min":0.8,"out_units":"mmol\/L","variable_sens":149.6,"insulinDivisor":65,"TDD":9.364276000000002},"autosens_data":{"ratio":0.9757767949184603},"meal_data":{"carbs":17,"mealCOB":7.00539701897019,"slopeFromMaxDeviation":-1.469705882352941,"slopeFromMinDeviation":0,"lastBolusTime":1703898748000,"lastCarbTime":1703895965000},"microBolusAllowed":true,"currentTime":1703899939943,"flatBGsDetected":false,"tdd1D":23.883833333333342,"tdd7D":27.277071428571436,"tddLast24H":26.61633333333334,"tddLast4H":4.005833333333334,"tddLast8to4H":6.813333333333334},"output":{"temp":"absolute","bg":170,"tick":"+0","eventualBG":93,"targetBG":81,"insulinReq":0,"deliverAt":"2023-12-30T01:32:19.943Z","sensitivityRatio":0.9757767949184603,"variable_sens":149.6,"predBGs":{"IOB":[170,168,165,162,159,155,150,146,140,135,129,122,115,108,101,95,88,82,75,69,63,57,50,44,39],"ZT":[170,160,151,141,132,122,113,104,95,86,77,69,60,52,44,39,39,39,39,39,39,39,39,39,39,39,39,39,39,39,39,39,39,39,39,39,39,39,39,42,48,54,59,65,70,74,79],"COB":[170,168,166,164,162,160,158,157,155,153,151,149,147,146,144,142,140,138,136,133,131,129,126,123,121,118,116,114,112,110,108,107,105,104,102,101,100,99,98,97,97,96,95,95,94,94,93],"UAM":[170,167,163,157,150,142,133,125,116,107,99,90,82,73,64,55,46,39]},"reason":"COB: 7, Dev: 2.7, BGI: -0.5, ISF: 8.3, CR: 11, Target: 4.5, minPredBG -0.3, minGuardBG -1.3, IOBpredBG 2.2, COBpredBG 5.2, UAMpredBG 2.2; minGuardBG -1.3<3.6","COB":7.00539701897019,"IOB":1.123,"duration":120,"rate":0,"timestamp":"2023-12-30T01:32:19.970Z"}}