{"algorithm":"OpenAPSSMBDynamicISFPlugin","input":{"glucoseStatus":{"glucose":100,"noise":0,"delta":0,"short_avgdelta":-0.56,"long_avgdelta":-0.43,"date":1703659011414},"currenttemp":{"temp":"absolute","duration":25,"rate":0.24,"minutesrunning":5},"iob_data":[{"iob":-0.146,"basaliob":-0.232,"bolussnooze":0,"activity":-0.0019,"lastBolusTime":1703656649000,"time":"2023-12-27T06:37:13.497Z","iobWithZeroTemp":{"iob":-0.146,"basaliob":-0.232,"bolussnooze":0,"activity":-0.0019,"lastBolusTime":1703656649000,"time":"2023-12-27T06:37:13.497Z"}},{"iob":-0.138,"basaliob":-0.22,"bolussnooze":0,"activity":-0.0017,"lastBolusTime":1703656649000,"time":"2023-12-27T06:42:13.497Z","iobWithZeroTemp":{"iob":-0.165,"basaliob":-0.247,"bolussnooze":0,"activity":-0.0017,"lastBolusTime":1703656649000,"time":"2023-12-27T06:42:13.497Z"}},{"iob":-0.128,"basaliob":-0.207,"bolussnooze":0,"activity":-0.0016,"lastBolusTime":1703656649000,"time":"2023-12-27T06:47:13.497Z","iobWithZeroTemp":{"iob":-0.188,"basaliob":-0.267,"bolussnooze":0,"activity":-0.0017,"lastBolusTime":1703656649000,"time":"2023-12-27T06:47:13.497Z"}},{"iob":-0.121,"basaliob":-0.196,"bolussnooze":0,"activity":-0.0015,"lastBolusTime":1703656649000,"time":"2023-12-27T06:52:13.497Z","iobWithZeroTemp":{"iob":-0.213,"basaliob":-0.288,"bolussnooze":0,"activity":-0.0017,"lastBolusTime":1703656649000,"time":"2023-12-27T06:52:13.497Z"}},{"iob":-0.113,"basaliob":-0.184,"bolussnooze":0,"activity":-0.0015,"lastBolusTime":1703656649000,"time":"2023-12-27T06:57:13.497Z","iobWithZeroTemp":{"iob":-0.238,"basaliob":-0.309,"bolussnooze":0,"activity":-0.0018,"lastBolusTime":1703656649000,"time":"2023-12-27T06:57:13.497Z"}},{"iob":-0.105,"basaliob":-0.173,"bolussnooze":0,"activity":-0.0015,"lastBolusTime":1703656649000,"time":"2023-12-27T07:02:13.497Z","iobWithZeroTemp":{"iob":-0.261,"basaliob":-0.329,"bolussnooze":0,"activity":-0.002,"lastBolusTime":1703656649000,"time":"2023-12-27T07:02:13.497Z"}},{"iob":-0.098,"basaliob":-0.162,"bolussnooze":0,"activity":-0.0014,"lastBolusTime":1703656649000,"time":"2023-12-27T07:07:13.497Z","iobWithZeroTemp":{"iob":-0.284,"basaliob":-0.348,"bolussnooze":0,"activity":-0.0021,"lastBolusTime":1703656649000,"time":"2023-12-27T07:07:13.497Z"}},{"iob":-0.092,"basaliob":-0.152,"bolussnooze":0,"activity":-0.0013,"lastBolusTime":1703656649000,"time":"2023-12-27T07:12:13.497Z","iobWithZeroTemp":{"iob":-0.308,"basaliob":-0.368,"bolussnooze":0,"activity":-0.0022,"lastBolusTime":1703656649000,"time":"2023-12-27T07:12:13.497Z"}},{"iob":-0.086,"basaliob":-0.143,"bolussnooze":0,"activity":-0.0012,"lastBolusTime":1703656649000,"time":"2023-12-27T07:17:13.497Z","iobWithZeroTemp":{"iob":-0.33,"basaliob":-0.387,"bolussnooze":0,"activity":-0.0023,"lastBolusTime":1703656649000,"time":"2023-12-27T07:17:13.497Z"}},{"iob":-0.08,"basaliob":-0.134,"bolussnooze":0,"activity":-0.0012,"lastBolusTime":1703656649000,"time":"2023-12-27T07:22:13.497Z","iobWithZeroTemp":{"iob":-0.352,"basaliob":-0.406,"bolussnooze":0,"activity":-0.0025,"lastBolusTime":1703656649000,"time":"2023-12-27T07:22:13.497Z"}},{"iob":-0.074,"basaliob":-0.125,"bolussnooze":0,"activity":-0.0011,"lastBolusTime":1703656649000,"time":"2023-12-27T07:27:13.497Z","iobWithZeroTemp":{"iob":-0.372,"basaliob":-0.423,"bolussnooze":0,"activity":-0.0026,"lastBolusTime":1703656649000,"time":"2023-12-27T07:27:13.497Z"}},{"iob":-0.069,"basaliob":-0.117,"bolussnooze":0,"activity":-0.001,"lastBolusTime":1703656649000,"time":"2023-12-27T07:32:13.497Z","iobWithZeroTemp":{"iob":-0.392,"basaliob":-0.44,"bolussnooze":0,"activity":-0.0028,"lastBolusTime":1703656649000,"time":"2023-12-27T07:32:13.497Z"}},{"iob":-0.064,"basaliob":-0.109,"bolussnooze":0,"activity":-9.0E-4,"lastBolusTime":1703656649000,"time":"2023-12-27T07:37:13.497Z","iobWithZeroTemp":{"iob":-0.411,"basaliob":-0.456,"bolussnooze":0,"activity":-0.0029,"lastBolusTime":1703656649000,"time":"2023-12-27T07:37:13.497Z"}},{"iob":-0.06,"basaliob":-0.102,"bolussnooze":0,"activity":-9.0E-4,"lastBolusTime":1703656649000,"time":"2023-12-27T07:42:13.497Z","iobWithZeroTemp":{"iob":-0.43,"basaliob":-0.472,"bolussnooze":0,"activity":-0.0031,"lastBolusTime":1703656649000,"time":"2023-12-27T07:42:13.497Z"}},{"iob":-0.056,"basaliob":-0.095,"bolussnooze":0,"activity":-9.0E-4,"lastBolusTime":1703656649000,"time":"2023-12-27T07:47:13.497Z","iobWithZeroTemp":{"iob":-0.447,"basaliob":-0.486,"bolussnooze":0,"activity":-0.0033,"lastBolusTime":1703656649000,"time":"2023-12-27T07:47:13.497Z"}},{"iob":-0.051,"basaliob":-0.088,"bolussnooze":0,"activity":-8.0E-4,"lastBolusTime":1703656649000,"time":"2023-12-27T07:52:13.497Z","iobWithZeroTemp":{"iob":-0.463,"basaliob":-0.5,"bolussnooze":0,"activity":-0.0035,"lastBolusTime":1703656649000,"time":"2023-12-27T07:52:13.497Z"}},{"iob":-0.048,"basaliob":-0.082,"bolussnooze":0,"activity":-7.0E-4,"lastBolusTime":1703656649000,"time":"2023-12-27T07:57:13.497Z","iobWithZeroTemp":{"iob":-0.479,"basaliob":-0.513,"bolussnooze":0,"activity":-0.0036,"lastBolusTime":1703656649000,"time":"2023-12-27T07:57:13.497Z"}},{"iob":-0.044,"basaliob":-0.076,"bolussnooze":0,"activity":-7.0E-4,"lastBolusTime":1703656649000,"time":"2023-12-27T08:02:13.497Z","iobWithZeroTemp":{"iob":-0.494,"basaliob":-0.526,"bolussnooze":0,"activity":-0.0038,"lastBolusTime":1703656649000,"time":"2023-12-27T08:02:13.497Z"}},{"iob":-0.041,"basaliob":-0.071,"bolussnooze":0,"activity":-7.0E-4,"lastBolusTime":1703656649000,"time":"2023-12-27T08:07:13.497Z","iobWithZeroTemp":{"iob":-0.508,"basaliob":-0.538,"bolussnooze":0,"activity":-0.004,"lastBolusTime":1703656649000,"time":"2023-12-27T08:07:13.497Z"}},{"iob":-0.037,"basaliob":-0.065,"bolussnooze":0,"activity":-6.0E-4,"lastBolusTime":1703656649000,"time":"2023-12-27T08:12:13.497Z","iobWithZeroTemp":{"iob":-0.521,"basaliob":-0.549,"bolussnooze":0,"activity":-0.0041,"lastBolusTime":1703656649000,"time":"2023-12-27T08:12:13.497Z"}},{"iob":-0.035,"basaliob":-0.061,"bolussnooze":0,"activity":-5.0E-4,"lastBolusTime":1703656649000,"time":"2023-12-27T08:17:13.497Z","iobWithZeroTemp":{"iob":-0.534,"basaliob":-0.56,"bolussnooze":0,"activity":-0.0042,"lastBolusTime":1703656649000,"time":"2023-12-27T08:17:13.497Z"}},{"iob":-0.032,"basaliob":-0.056,"bolussnooze":0,"activity":-6.0E-4,"lastBolusTime":1703656649000,"time":"2023-12-27T08:22:13.497Z","iobWithZeroTemp":{"iob":-0.546,"basaliob":-0.57,"bolussnooze":0,"activity":-0.0045,"lastBolusTime":1703656649000,"time":"2023-12-27T08:22:13.497Z"}},{"iob":-0.029,"basaliob":-0.052,"bolussnooze":0,"activity":-5.0E-4,"lastBolusTime":1703656649000,"time":"2023-12-27T08:27:13.497Z","iobWithZeroTemp":{"iob":-0.556,"basaliob":-0.579,"bolussnooze":0,"activity":-0.0045,"lastBolusTime":1703656649000,"time":"2023-12-27T08:27:13.497Z"}},{"iob":-0.027,"basaliob":-0.048,"bolussnooze":0,"activity":-5.0E-4,"lastBolusTime":1703656649000,"time":"2023-12-27T08:32:13.497Z","iobWithZeroTemp":{"iob":-0.567,"basaliob":-0.588,"bolussnooze":0,"activity":-0.0047,"lastBolusTime":1703656649000,"time":"2023-12-27T08:32:13.497Z"}},{"iob":-0.025,"basaliob":-0.044,"bolussnooze":0,"activity":-4.0E-4,"lastBolusTime":1703656649000,"time":"2023-12-27T08:37:13.497Z","iobWithZeroTemp":{"iob":-0.577,"basaliob":-0.596,"bolussnooze":0,"activity":-0.0047,"lastBolusTime":1703656649000,"time":"2023-12-27T08:37:13.497Z"}},{"iob":-0.023,"basaliob":-0.041,"bolussnooze":0,"activity":-4.0E-4,"lastBolusTime":1703656649000,"time":"2023-12-27T08:42:13.497Z","iobWithZeroTemp":{"iob":-0.586,"basaliob":-0.604,"bolussnooze":0,"activity":-0.0049,"lastBolusTime":1703656649000,"time":"2023-12-27T08:42:13.497Z"}},{"iob":-0.021,"basaliob":-0.038,"bolussnooze":0,"activity":-3.0E-4,"lastBolusTime":1703656649000,"time":"2023-12-27T08:47:13.497Z","iobWithZeroTemp":{"iob":-0.595,"basaliob":-0.612,"bolussnooze":0,"activity":-0.0049,"lastBolusTime":1703656649000,"time":"2023-12-27T08:47:13.497Z"}},{"iob":-0.019,"basaliob":-0.035,"bolussnooze":0,"activity":-4.0E-4,"lastBolusTime":1703656649000,"time":"2023-12-27T08:52:13.497Z","iobWithZeroTemp":{"iob":-0.603,"basaliob":-0.619,"bolussnooze":0,"activity":-0.0052,"lastBolusTime":1703656649000,"time":"2023-12-27T08:52:13.497Z"}},{"iob":-0.018,"basaliob":-0.032,"bolussnooze":0,"activity":-3.0E-4,"lastBolusTime":1703656649000,"time":"2023-12-27T08:57:13.497Z","iobWithZeroTemp":{"iob":-0.611,"basaliob":-0.625,"bolussnooze":0,"activity":-0.0052,"lastBolusTime":1703656649000,"time":"2023-12-27T08:57:13.497Z"}},{"iob":-0.017,"basaliob":-0.03,"bolussnooze":0,"activity":-3.0E-4,"lastBolusTime":1703656649000,"time":"2023-12-27T09:02:13.497Z","iobWithZeroTemp":{"iob":-0.618,"basaliob":-0.631,"bolussnooze":0,"activity":-0.0053,"lastBolusTime":1703656649000,"time":"2023-12-27T09:02:13.497Z"}},{"iob":-0.015,"basaliob":-0.027,"bolussnooze":0,"activity":-3.0E-4,"lastBolusTime":1703656649000,"time":"2023-12-27T09:07:13.497Z","iobWithZeroTemp":{"iob":-0.624,"basaliob":-0.636,"bolussnooze":0,"activity":-0.0054,"lastBolusTime":1703656649000,"time":"2023-12-27T09:07:13.497Z"}},{"iob":-0.014,"basaliob":-0.025,"bolussnooze":0,"activity":-2.0E-4,"lastBolusTime":1703656649000,"time":"2023-12-27T09:12:13.497Z","iobWithZeroTemp":{"iob":-0.631,"basaliob":-0.642,"bolussnooze":0,"activity":-0.0054,"lastBolusTime":1703656649000,"time":"2023-12-27T09:12:13.497Z"}},{"iob":-0.013,"basaliob":-0.023,"bolussnooze":0,"activity":-2.0E-4,"lastBolusTime":1703656649000,"time":"2023-12-27T09:17:13.497Z","iobWithZeroTemp":{"iob":-0.637,"basaliob":-0.647,"bolussnooze":0,"activity":-0.0055,"lastBolusTime":1703656649000,"time":"2023-12-27T09:17:13.497Z"}},{"iob":-0.011,"basaliob":-0.021,"bolussnooze":0,"activity":-2.0E-4,"lastBolusTime":1703656649000,"time":"2023-12-27T09:22:13.497Z","iobWithZeroTemp":{"iob":-0.641,"basaliob":-0.651,"bolussnooze":0,"activity":-0.0056,"lastBolusTime":1703656649000,"time":"2023-12-27T09:22:13.497Z"}},{"iob":-0.01,"basaliob":-0.019,"bolussnooze":0,"activity":-2.0E-4,"lastBolusTime":1703656649000,"time":"2023-12-27T09:27:13.497Z","iobWithZeroTemp":{"iob":-0.646,"basaliob":-0.655,"bolussnooze":0,"activity":-0.0057,"lastBolusTime":1703656649000,"time":"2023-12-27T09:27:13.497Z"}},{"iob":-0.01,"basaliob":-0.018,"bolussnooze":0,"activity":-2.0E-4,"lastBolusTime":1703656649000,"time":"2023-12-27T09:32:13.497Z","iobWithZeroTemp":{"iob":-0.652,"basaliob":-0.66,"bolussnooze":0,"activity":-0.0058,"lastBolusTime":1703656649000,"time":"2023-12-27T09:32:13.497Z"}},{"iob":-0.008,"basaliob":-0.016,"bolussnooze":0,"activity":-2.0E-4,"lastBolusTime":1703656649000,"time":"2023-12-27T09:37:13.497Z","iobWithZeroTemp":{"iob":-0.655,"basaliob":-0.663,"bolussnooze":0,"activity":-0.0059,"lastBolusTime":1703656649000,"time":"2023-12-27T09:37:13.497Z"}},{"iob":-0.008,"basaliob":-0.015,"bolussnooze":0,"activity":-2.0E-4,"lastBolusTime":1703656649000,"time":"2023-12-27T09:42:13.497Z","iobWithZeroTemp":{"iob":-0.659,"basaliob":-0.666,"bolussnooze":0,"activity":-0.006,"lastBolusTime":1703656649000,"time":"2023-12-27T09:42:13.497Z"}},{"iob":-0.008,"basaliob":-0.014,"bolussnooze":0,"activity":-1.0E-4,"lastBolusTime":1703656649000,"time":"2023-12-27T09:47:13.497Z","iobWithZeroTemp":{"iob":-0.664,"basaliob":-0.67,"bolussnooze":0,"activity":-0.0059,"lastBolusTime":1703656649000,"time":"2023-12-27T09:47:13.497Z"}},{"iob":-0.007,"basaliob":-0.013,"bolussnooze":0,"activity":-1.0E-4,"lastBolusTime":1703656649000,"time":"2023-12-27T09:52:13.497Z","iobWithZeroTemp":{"iob":-0.667,"basaliob":-0.673,"bolussnooze":0,"activity":-0.006,"lastBolusTime":1703656649000,"time":"2023-12-27T09:52:13.497Z"}},{"iob":-0.006,"basaliob":-0.011,"bolussnooze":0,"activity":-1.0E-4,"lastBolusTime":1703656649000,"time":"2023-12-27T09:57:13.497Z","iobWithZeroTemp":{"iob":-0.67,"basaliob":-0.675,"bolussnooze":0,"activity":-0.006,"lastBolusTime":1703656649000,"time":"2023-12-27T09:57:13.497Z"}},{"iob":-0.005,"basaliob":-0.01,"bolussnooze":0,"activity":-1.0E-4,"lastBolusTime":1703656649000,"time":"2023-12-27T10:02:13.497Z","iobWithZeroTemp":{"iob":-0.672,"basaliob":-0.677,"bolussnooze":0,"activity":-0.0061,"lastBolusTime":1703656649000,"time":"2023-12-27T10:02:13.497Z"}},{"iob":-0.005,"basaliob":-0.01,"bolussnooze":0,"activity":-1.0E-4,"lastBolusTime":1703656649000,"time":"2023-12-27T10:07:13.497Z","iobWithZeroTemp":{"iob":-0.675,"basaliob":-0.68,"bolussnooze":0,"activity":-0.0062,"lastBolusTime":1703656649000,"time":"2023-12-27T10:07:13.497Z"}},{"iob":-0.005,"basaliob":-0.009,"bolussnooze":0,"activity":-1.0E-4,"lastBolusTime":1703656649000,"time":"2023-12-27T10:12:13.497Z","iobWithZeroTemp":{"iob":-0.678,"basaliob":-0.682,"bolussnooze":0,"activity":-0.0062,"lastBolusTime":1703656649000,"time":"2023-12-27T10:12:13.497Z"}},{"iob":-0.004,"basaliob":-0.008,"bolussnooze":0,"activity":0,"lastBolusTime":1703656649000,"time":"2023-12-27T10:17:13.497Z","iobWithZeroTemp":{"iob":-0.68,"basaliob":-0.684,"bolussnooze":0,"activity":-0.0061,"lastBolusTime":1703656649000,"time":"2023-12-27T10:17:13.497Z"}},{"iob":-0.004,"basaliob":-0.007,"bolussnooze":0,"activity":0,"lastBolusTime":1703656649000,"time":"2023-12-27T10:22:13.497Z","iobWithZeroTemp":{"iob":-0.682,"basaliob":-0.685,"bolussnooze":0,"activity":-0.0062,"lastBolusTime":1703656649000,"time":"2023-12-27T10:22:13.497Z"}},{"iob":-0.004,"basaliob":-0.007,"bolussnooze":0,"activity":0,"lastBolusTime":1703656649000,"time":"2023-12-27T10:27:13.497Z","iobWithZeroTemp":{"iob":-0.685,"basaliob":-0.688,"bolussnooze":0,"activity":-0.0062,"lastBolusTime":1703656649000,"time":"2023-12-27T10:27:13.497Z"}},{"iob":-0.003,"basaliob":-0.006,"bolussnooze":0,"activity":0,"lastBolusTime":1703656649000,"time":"2023-12-27T10:32:13.497Z","iobWithZeroTemp":{"iob":-0.686,"basaliob":-0.689,"bolussnooze":0,"activity":-0.0063,"lastBolusTime":1703656649000,"time":"2023-12-27T10:32:13.497Z"}}],"profile":{"max_iob":7,"type":"current","max_daily_basal":0.45,"max_basal":1.35,"min_bg":106.2,"max_bg":106.2,"target_bg":106.2,"carb_ratio":9,"sens":352.8,"max_daily_safety_multiplier":3,"current_basal_safety_multiplier":4,"lgsThreshold":65,"high_temptarget_raises_sensitivity":false,"low_temptarget_lowers_sensitivity":false,"sensitivity_raises_target":true,"resistance_lowers_target":true,"adv_target_adjustments":false,"exercise_mode":false,"half_basal_exercise_target":160,"maxCOB":120,"skip_neutral_temps":false,"remainingCarbsCap":90,"enableUAM":true,"A52_risk_enable":false,"SMBInterval":4,"enableSMB_with_COB":true,"enableSMB_with_temptarget":false,"allowSMB_with_high_temptarget":true,"enableSMB_always":true,"enableSMB_after_carbs":false,"maxSMBBasalMinutes":60,"maxUAMSMBBasalMinutes":60,"bolus_increment":0.05,"carbsReqThreshold":10,"current_basal":0.4,"temptargetSet":false,"autosens_max":1.2,"autosens_min":0.8,"out_units":"mmol\/L","variable_sens":233.8,"insulinDivisor":65,"TDD":8.263726308333336},"autosens_data":{"ratio":0.827517724344177},"meal_data":{"carbs":0,"mealCOB":0,"slopeFromMaxDeviation":0,"slopeFromMinDeviation":0.060700000000000025,"lastBolusTime":1703656649000,"lastCarbTime":0},"microBolusAllowed":true,"currentTime":1703659035781,"flatBGsDetected":false,"tdd1D":30.685750000000006,"tdd7D":32.38752380952381,"tddLast24H":26.801249999999996,"tddLast4H":1.0500833333333333,"tddLast8to4H":1.7124166666666665},"output":{"temp":"absolute","bg":100,"tick":"+0","eventualBG":118,"targetBG":116,"insulinReq":-0.03,"deliverAt":"2023-12-27T06:37:15.781Z","sensitivityRatio":0.827517724344177,"variable_sens":233.8,"predBGs":{"IOB":[100,100,99,99,99,99,99,100,101,101,102,103,104,105,106,107,108,109,110,111,111,112,112,113,114,114,114,115,115,115,116,116,116,117,117,117,117,117,118],"ZT":[100,102,104,106,108,110,112,115]},"reason":"COB: 0, Dev: -0.9, BGI: 0.1, ISF: 13.0, CR: 9, Target: 6.4, minPredBG 6.1, minGuardBG 5.5, IOBpredBG 6.6; Eventual BG 6.6 >= 6.4,  insulinReq -0.03. 25m@0.24 > 2 * insulinReq. Setting temp basal of 0.27U\/hr.  25m left and 0.24 ~ req 0.27100708973767085U\/hr: no temp required","COB":0,"IOB":-0.146,"timestamp":"2023-12-27T06:37:15.806Z"}}