{"algorithm":"OpenAPSSMBDynamicISFPlugin","input":{"glucoseStatus":{"glucose":112,"noise":0,"delta":16,"short_avgdelta":7.83,"long_avgdelta":-6.08,"date":1703330754001},"currenttemp":{"temp":"absolute","duration":30,"rate":0,"minutesrunning":90},"iob_data":[{"iob":2.458,"basaliob":-0.699,"bolussnooze":0.4544,"activity":0.0344,"lastBolusTime":1703326491000,"time":"2023-12-23T11:26:18.845Z","iobWithZeroTemp":{"iob":2.458,"basaliob":-0.699,"bolussnooze":0.4544,"activity":0.0344,"lastBolusTime":1703326491000,"time":"2023-12-23T11:26:18.845Z"}},{"iob":2.292,"basaliob":-0.666,"bolussnooze":0.3885,"activity":0.0324,"lastBolusTime":1703326491000,"time":"2023-12-23T11:31:18.845Z","iobWithZeroTemp":{"iob":2.265,"basaliob":-0.693,"bolussnooze":0.3885,"activity":0.0324,"lastBolusTime":1703326491000,"time":"2023-12-23T11:31:18.845Z"}},{"iob":2.134,"basaliob":-0.634,"bolussnooze":0.3311,"activity":0.0305,"lastBolusTime":1703326491000,"time":"2023-12-23T11:36:18.845Z","iobWithZeroTemp":{"iob":2.074,"basaliob":-0.694,"bolussnooze":0.3311,"activity":0.0304,"lastBolusTime":1703326491000,"time":"2023-12-23T11:36:18.845Z"}},{"iob":1.986,"basaliob":-0.602,"bolussnooze":0.2815,"activity":0.0287,"lastBolusTime":1703326491000,"time":"2023-12-23T11:41:18.845Z","iobWithZeroTemp":{"iob":1.894,"basaliob":-0.694,"bolussnooze":0.2815,"activity":0.0285,"lastBolusTime":1703326491000,"time":"2023-12-23T11:41:18.845Z"}},{"iob":1.847,"basaliob":-0.57,"bolussnooze":0.2386,"activity":0.027,"lastBolusTime":1703326491000,"time":"2023-12-23T11:46:18.845Z","iobWithZeroTemp":{"iob":1.722,"basaliob":-0.695,"bolussnooze":0.2386,"activity":0.0267,"lastBolusTime":1703326491000,"time":"2023-12-23T11:46:18.845Z"}},{"iob":1.716,"basaliob":-0.54,"bolussnooze":0.2017,"activity":0.0253,"lastBolusTime":1703326491000,"time":"2023-12-23T11:51:18.845Z","iobWithZeroTemp":{"iob":1.56,"basaliob":-0.696,"bolussnooze":0.2017,"activity":0.0248,"lastBolusTime":1703326491000,"time":"2023-12-23T11:51:18.845Z"}},{"iob":1.593,"basaliob":-0.51,"bolussnooze":0.17,"activity":0.0238,"lastBolusTime":1703326491000,"time":"2023-12-23T11:56:18.845Z","iobWithZeroTemp":{"iob":1.407,"basaliob":-0.696,"bolussnooze":0.17,"activity":0.0231,"lastBolusTime":1703326491000,"time":"2023-12-23T11:56:18.845Z"}},{"iob":1.478,"basaliob":-0.481,"bolussnooze":0.1429,"activity":0.0223,"lastBolusTime":1703326491000,"time":"2023-12-23T12:01:18.845Z","iobWithZeroTemp":{"iob":1.262,"basaliob":-0.697,"bolussnooze":0.1429,"activity":0.0214,"lastBolusTime":1703326491000,"time":"2023-12-23T12:01:18.845Z"}},{"iob":1.37,"basaliob":-0.453,"bolussnooze":0.1197,"activity":0.0209,"lastBolusTime":1703326491000,"time":"2023-12-23T12:06:18.845Z","iobWithZeroTemp":{"iob":1.126,"basaliob":-0.697,"bolussnooze":0.1197,"activity":0.0198,"lastBolusTime":1703326491000,"time":"2023-12-23T12:06:18.845Z"}},{"iob":1.269,"basaliob":-0.426,"bolussnooze":0.1,"activity":0.0195,"lastBolusTime":1703326491000,"time":"2023-12-23T12:11:18.845Z","iobWithZeroTemp":{"iob":0.997,"basaliob":-0.698,"bolussnooze":0.1,"activity":0.0182,"lastBolusTime":1703326491000,"time":"2023-12-23T12:11:18.845Z"}},{"iob":1.175,"basaliob":-0.4,"bolussnooze":0.0833,"activity":0.0183,"lastBolusTime":1703326491000,"time":"2023-12-23T12:16:18.845Z","iobWithZeroTemp":{"iob":0.877,"basaliob":-0.698,"bolussnooze":0.0833,"activity":0.0168,"lastBolusTime":1703326491000,"time":"2023-12-23T12:16:18.845Z"}},{"iob":1.086,"basaliob":-0.376,"bolussnooze":0.0692,"activity":0.017,"lastBolusTime":1703326491000,"time":"2023-12-23T12:21:18.845Z","iobWithZeroTemp":{"iob":0.763,"basaliob":-0.699,"bolussnooze":0.0692,"activity":0.0152,"lastBolusTime":1703326491000,"time":"2023-12-23T12:21:18.845Z"}},{"iob":1.004,"basaliob":-0.352,"bolussnooze":0.0573,"activity":0.0159,"lastBolusTime":1703326491000,"time":"2023-12-23T12:26:18.845Z","iobWithZeroTemp":{"iob":0.657,"basaliob":-0.699,"bolussnooze":0.0573,"activity":0.0139,"lastBolusTime":1703326491000,"time":"2023-12-23T12:26:18.845Z"}},{"iob":0.927,"basaliob":-0.33,"bolussnooze":0.0472,"activity":0.0148,"lastBolusTime":1703326491000,"time":"2023-12-23T12:31:18.845Z","iobWithZeroTemp":{"iob":0.557,"basaliob":-0.7,"bolussnooze":0.0472,"activity":0.0126,"lastBolusTime":1703326491000,"time":"2023-12-23T12:31:18.845Z"}},{"iob":0.857,"basaliob":-0.308,"bolussnooze":0.0388,"activity":0.0137,"lastBolusTime":1703326491000,"time":"2023-12-23T12:36:18.845Z","iobWithZeroTemp":{"iob":0.466,"basaliob":-0.699,"bolussnooze":0.0388,"activity":0.0113,"lastBolusTime":1703326491000,"time":"2023-12-23T12:36:18.845Z"}},{"iob":0.79,"basaliob":-0.288,"bolussnooze":0.0317,"activity":0.0129,"lastBolusTime":1703326491000,"time":"2023-12-23T12:41:18.845Z","iobWithZeroTemp":{"iob":0.378,"basaliob":-0.7,"bolussnooze":0.0317,"activity":0.0102,"lastBolusTime":1703326491000,"time":"2023-12-23T12:41:18.845Z"}},{"iob":0.728,"basaliob":-0.269,"bolussnooze":0.0258,"activity":0.0119,"lastBolusTime":1703326491000,"time":"2023-12-23T12:46:18.845Z","iobWithZeroTemp":{"iob":0.297,"basaliob":-0.7,"bolussnooze":0.0258,"activity":0.009,"lastBolusTime":1703326491000,"time":"2023-12-23T12:46:18.845Z"}},{"iob":0.67,"basaliob":-0.251,"bolussnooze":0.0209,"activity":0.0111,"lastBolusTime":1703326491000,"time":"2023-12-23T12:51:18.845Z","iobWithZeroTemp":{"iob":0.22,"basaliob":-0.701,"bolussnooze":0.0209,"activity":0.008,"lastBolusTime":1703326491000,"time":"2023-12-23T12:51:18.845Z"}},{"iob":0.617,"basaliob":-0.234,"bolussnooze":0.0169,"activity":0.0103,"lastBolusTime":1703326491000,"time":"2023-12-23T12:56:18.845Z","iobWithZeroTemp":{"iob":0.15,"basaliob":-0.701,"bolussnooze":0.0169,"activity":0.007,"lastBolusTime":1703326491000,"time":"2023-12-23T12:56:18.845Z"}},{"iob":0.567,"basaliob":-0.218,"bolussnooze":0.0135,"activity":0.0096,"lastBolusTime":1703326491000,"time":"2023-12-23T13:01:18.845Z","iobWithZeroTemp":{"iob":0.083,"basaliob":-0.702,"bolussnooze":0.0135,"activity":0.0061,"lastBolusTime":1703326491000,"time":"2023-12-23T13:01:18.845Z"}},{"iob":0.522,"basaliob":-0.202,"bolussnooze":0.0108,"activity":0.0089,"lastBolusTime":1703326491000,"time":"2023-12-23T13:06:18.845Z","iobWithZeroTemp":{"iob":0.023,"basaliob":-0.701,"bolussnooze":0.0108,"activity":0.0052,"lastBolusTime":1703326491000,"time":"2023-12-23T13:06:18.845Z"}},{"iob":0.479,"basaliob":-0.188,"bolussnooze":0.0085,"activity":0.0081,"lastBolusTime":1703326491000,"time":"2023-12-23T13:11:18.845Z","iobWithZeroTemp":{"iob":-0.035,"basaliob":-0.702,"bolussnooze":0.0085,"activity":0.0042,"lastBolusTime":1703326491000,"time":"2023-12-23T13:11:18.845Z"}},{"iob":0.44,"basaliob":-0.175,"bolussnooze":0.0067,"activity":0.0076,"lastBolusTime":1703326491000,"time":"2023-12-23T13:16:18.845Z","iobWithZeroTemp":{"iob":-0.087,"basaliob":-0.702,"bolussnooze":0.0067,"activity":0.0036,"lastBolusTime":1703326491000,"time":"2023-12-23T13:16:18.845Z"}},{"iob":0.404,"basaliob":-0.162,"bolussnooze":0.0052,"activity":0.007,"lastBolusTime":1703326491000,"time":"2023-12-23T13:21:18.845Z","iobWithZeroTemp":{"iob":-0.136,"basaliob":-0.702,"bolussnooze":0.0052,"activity":0.0028,"lastBolusTime":1703326491000,"time":"2023-12-23T13:21:18.845Z"}},{"iob":0.37,"basaliob":-0.15,"bolussnooze":0.004,"activity":0.0065,"lastBolusTime":1703326491000,"time":"2023-12-23T13:26:18.845Z","iobWithZeroTemp":{"iob":-0.182,"basaliob":-0.702,"bolussnooze":0.004,"activity":0.0022,"lastBolusTime":1703326491000,"time":"2023-12-23T13:26:18.845Z"}},{"iob":0.339,"basaliob":-0.139,"bolussnooze":0.0031,"activity":0.006,"lastBolusTime":1703326491000,"time":"2023-12-23T13:31:18.845Z","iobWithZeroTemp":{"iob":-0.224,"basaliob":-0.702,"bolussnooze":0.0031,"activity":0.0015,"lastBolusTime":1703326491000,"time":"2023-12-23T13:31:18.845Z"}},{"iob":0.31,"basaliob":-0.129,"bolussnooze":0.0023,"activity":0.0055,"lastBolusTime":1703326491000,"time":"2023-12-23T13:36:18.845Z","iobWithZeroTemp":{"iob":-0.264,"basaliob":-0.703,"bolussnooze":0.0023,"activity":9.0E-4,"lastBolusTime":1703326491000,"time":"2023-12-23T13:36:18.845Z"}},{"iob":0.284,"basaliob":-0.119,"bolussnooze":0.0017,"activity":0.0051,"lastBolusTime":1703326491000,"time":"2023-12-23T13:41:18.845Z","iobWithZeroTemp":{"iob":-0.3,"basaliob":-0.703,"bolussnooze":0.0017,"activity":3.0E-4,"lastBolusTime":1703326491000,"time":"2023-12-23T13:41:18.845Z"}},{"iob":0.259,"basaliob":-0.11,"bolussnooze":0.0012,"activity":0.0047,"lastBolusTime":1703326491000,"time":"2023-12-23T13:46:18.845Z","iobWithZeroTemp":{"iob":-0.334,"basaliob":-0.703,"bolussnooze":0.0012,"activity":-2.0E-4,"lastBolusTime":1703326491000,"time":"2023-12-23T13:46:18.845Z"}},{"iob":0.236,"basaliob":-0.102,"bolussnooze":9.0E-4,"activity":0.0043,"lastBolusTime":1703326491000,"time":"2023-12-23T13:51:18.845Z","iobWithZeroTemp":{"iob":-0.365,"basaliob":-0.703,"bolussnooze":9.0E-4,"activity":-7.0E-4,"lastBolusTime":1703326491000,"time":"2023-12-23T13:51:18.845Z"}},{"iob":0.216,"basaliob":-0.094,"bolussnooze":6.0E-4,"activity":0.004,"lastBolusTime":1703326491000,"time":"2023-12-23T13:56:18.845Z","iobWithZeroTemp":{"iob":-0.393,"basaliob":-0.703,"bolussnooze":6.0E-4,"activity":-0.0011,"lastBolusTime":1703326491000,"time":"2023-12-23T13:56:18.845Z"}},{"iob":0.196,"basaliob":-0.087,"bolussnooze":4.0E-4,"activity":0.0037,"lastBolusTime":1703326491000,"time":"2023-12-23T14:01:18.845Z","iobWithZeroTemp":{"iob":-0.421,"basaliob":-0.704,"bolussnooze":4.0E-4,"activity":-0.0015,"lastBolusTime":1703326491000,"time":"2023-12-23T14:01:18.845Z"}},{"iob":0.179,"basaliob":-0.08,"bolussnooze":3.0E-4,"activity":0.0034,"lastBolusTime":1703326491000,"time":"2023-12-23T14:06:18.845Z","iobWithZeroTemp":{"iob":-0.445,"basaliob":-0.704,"bolussnooze":3.0E-4,"activity":-0.0019,"lastBolusTime":1703326491000,"time":"2023-12-23T14:06:18.845Z"}},{"iob":0.163,"basaliob":-0.074,"bolussnooze":2.0E-4,"activity":0.0031,"lastBolusTime":1703326491000,"time":"2023-12-23T14:11:18.845Z","iobWithZeroTemp":{"iob":-0.467,"basaliob":-0.704,"bolussnooze":2.0E-4,"activity":-0.0023,"lastBolusTime":1703326491000,"time":"2023-12-23T14:11:18.845Z"}},{"iob":0.148,"basaliob":-0.068,"bolussnooze":1.0E-4,"activity":0.0029,"lastBolusTime":1703326491000,"time":"2023-12-23T14:16:18.845Z","iobWithZeroTemp":{"iob":-0.488,"basaliob":-0.704,"bolussnooze":1.0E-4,"activity":-0.0026,"lastBolusTime":1703326491000,"time":"2023-12-23T14:16:18.845Z"}},{"iob":0.135,"basaliob":-0.062,"bolussnooze":0,"activity":0.0026,"lastBolusTime":1703326491000,"time":"2023-12-23T14:21:18.845Z","iobWithZeroTemp":{"iob":-0.507,"basaliob":-0.704,"bolussnooze":0,"activity":-0.003,"lastBolusTime":1703326491000,"time":"2023-12-23T14:21:18.845Z"}},{"iob":0.122,"basaliob":-0.057,"bolussnooze":0,"activity":0.0024,"lastBolusTime":1703326491000,"time":"2023-12-23T14:26:18.845Z","iobWithZeroTemp":{"iob":-0.525,"basaliob":-0.704,"bolussnooze":0,"activity":-0.0033,"lastBolusTime":1703326491000,"time":"2023-12-23T14:26:18.845Z"}},{"iob":0.11,"basaliob":-0.053,"bolussnooze":0,"activity":0.0022,"lastBolusTime":1703326491000,"time":"2023-12-23T14:31:18.845Z","iobWithZeroTemp":{"iob":-0.541,"basaliob":-0.704,"bolussnooze":0,"activity":-0.0036,"lastBolusTime":1703326491000,"time":"2023-12-23T14:31:18.845Z"}},{"iob":0.101,"basaliob":-0.048,"bolussnooze":0,"activity":0.002,"lastBolusTime":1703326491000,"time":"2023-12-23T14:36:18.845Z","iobWithZeroTemp":{"iob":-0.555,"basaliob":-0.704,"bolussnooze":0,"activity":-0.0038,"lastBolusTime":1703326491000,"time":"2023-12-23T14:36:18.845Z"}},{"iob":0.091,"basaliob":-0.044,"bolussnooze":0,"activity":0.0018,"lastBolusTime":1703326491000,"time":"2023-12-23T14:41:18.845Z","iobWithZeroTemp":{"iob":-0.569,"basaliob":-0.704,"bolussnooze":0,"activity":-0.0041,"lastBolusTime":1703326491000,"time":"2023-12-23T14:41:18.845Z"}},{"iob":0.082,"basaliob":-0.041,"bolussnooze":0,"activity":0.0017,"lastBolusTime":1703326491000,"time":"2023-12-23T14:46:18.845Z","iobWithZeroTemp":{"iob":-0.582,"basaliob":-0.705,"bolussnooze":0,"activity":-0.0042,"lastBolusTime":1703326491000,"time":"2023-12-23T14:46:18.845Z"}},{"iob":0.074,"basaliob":-0.037,"bolussnooze":0,"activity":0.0015,"lastBolusTime":1703326491000,"time":"2023-12-23T14:51:18.845Z","iobWithZeroTemp":{"iob":-0.593,"basaliob":-0.704,"bolussnooze":0,"activity":-0.0045,"lastBolusTime":1703326491000,"time":"2023-12-23T14:51:18.845Z"}},{"iob":0.067,"basaliob":-0.034,"bolussnooze":0,"activity":0.0014,"lastBolusTime":1703326491000,"time":"2023-12-23T14:56:18.845Z","iobWithZeroTemp":{"iob":-0.603,"basaliob":-0.704,"bolussnooze":0,"activity":-0.0047,"lastBolusTime":1703326491000,"time":"2023-12-23T14:56:18.845Z"}},{"iob":0.06,"basaliob":-0.031,"bolussnooze":0,"activity":0.0012,"lastBolusTime":1703326491000,"time":"2023-12-23T15:01:18.845Z","iobWithZeroTemp":{"iob":-0.613,"basaliob":-0.704,"bolussnooze":0,"activity":-0.0049,"lastBolusTime":1703326491000,"time":"2023-12-23T15:01:18.845Z"}},{"iob":0.054,"basaliob":-0.028,"bolussnooze":0,"activity":0.0012,"lastBolusTime":1703326491000,"time":"2023-12-23T15:06:18.845Z","iobWithZeroTemp":{"iob":-0.622,"basaliob":-0.704,"bolussnooze":0,"activity":-0.0049,"lastBolusTime":1703326491000,"time":"2023-12-23T15:06:18.845Z"}},{"iob":0.048,"basaliob":-0.026,"bolussnooze":0,"activity":0.001,"lastBolusTime":1703326491000,"time":"2023-12-23T15:11:18.845Z","iobWithZeroTemp":{"iob":-0.63,"basaliob":-0.704,"bolussnooze":0,"activity":-0.0052,"lastBolusTime":1703326491000,"time":"2023-12-23T15:11:18.845Z"}},{"iob":0.043,"basaliob":-0.024,"bolussnooze":0,"activity":0.001,"lastBolusTime":1703326491000,"time":"2023-12-23T15:16:18.845Z","iobWithZeroTemp":{"iob":-0.638,"basaliob":-0.705,"bolussnooze":0,"activity":-0.0052,"lastBolusTime":1703326491000,"time":"2023-12-23T15:16:18.845Z"}},{"iob":0.039,"basaliob":-0.022,"bolussnooze":0,"activity":9.0E-4,"lastBolusTime":1703326491000,"time":"2023-12-23T15:21:18.845Z","iobWithZeroTemp":{"iob":-0.644,"basaliob":-0.705,"bolussnooze":0,"activity":-0.0054,"lastBolusTime":1703326491000,"time":"2023-12-23T15:21:18.845Z"}}],"profile":{"max_iob":7,"type":"current","max_daily_basal":0.45,"max_basal":1.35,"min_bg":81.0000000000001,"max_bg":81.0000000000001,"target_bg":81.0000000000001,"carb_ratio":11,"sens":352.8,"max_daily_safety_multiplier":3,"current_basal_safety_multiplier":4,"lgsThreshold":65,"high_temptarget_raises_sensitivity":false,"low_temptarget_lowers_sensitivity":false,"sensitivity_raises_target":true,"resistance_lowers_target":true,"adv_target_adjustments":false,"exercise_mode":false,"half_basal_exercise_target":160,"maxCOB":120,"skip_neutral_temps":false,"remainingCarbsCap":90,"enableUAM":true,"A52_risk_enable":false,"SMBInterval":4,"enableSMB_with_COB":true,"enableSMB_with_temptarget":false,"allowSMB_with_high_temptarget":true,"enableSMB_always":true,"enableSMB_after_carbs":false,"maxSMBBasalMinutes":60,"maxUAMSMBBasalMinutes":60,"bolus_increment":0.05,"carbsReqThreshold":10,"current_basal":0.4,"temptargetSet":true,"autosens_max":1.2,"autosens_min":0.8,"out_units":"mmol\/L","variable_sens":129.6,"insulinDivisor":65,"TDD":13.859589541666665},"autosens_data":{"ratio":1.2368404911930062},"meal_data":{"carbs":128,"mealCOB":47.32066780045352,"slopeFromMaxDeviation":-2.369727272727273,"slopeFromMinDeviation":0.14249999999999913,"lastBolusTime":1703326491000,"lastCarbTime":1703325788234},"microBolusAllowed":true,"currentTime":1703330780884,"flatBGsDetected":false,"tdd1D":34.144083333333334,"tdd7D":30.47294047619048,"tddLast24H":37.69016666666668,"tddLast4H":11.65,"tddLast8to4H":3.07},"output":{"temp":"absolute","bg":112,"tick":"+16","eventualBG":330,"targetBG":81.0000000000001,"insulinReq":0,"deliverAt":"2023-12-23T11:26:20.884Z","sensitivityRatio":1.2368404911930062,"variable_sens":129.6,"predBGs":{"IOB":[112,117,121,124,126,127,127,125,121,116,108,99,87,75,62,49,39],"ZT":[112,90,65,39,39,39,39,39,39,39,39,39,39,39,39,39,39,39,39,39,39,39,39,39,39,39,39,39,39,39,39,39,39,39,39,39,39,39,39,39,39,39,39,39,39,39,39,39],"COB":[112,118,125,133,141,149,157,166,174,183,192,202,211,220,229,238,246,255,263,271,279,286,293,300,306,312,317,322,326,330,333,336,338,340,341,341,341,340,338,337,336,335,334,333,332,331,331,330],"UAM":[112,117,122,127,130,132,133,133,131,128,123,115,106,96,85,74,63,52,40,39]},"reason":"COB: 47.3, Dev: 10.1, BGI: -1.2, ISF: 7.2, CR: 11, Target: 4.5, minPredBG 2.3, minGuardBG -2.1, IOBpredBG 2.2, COBpredBG 18.3, UAMpredBG 2.2; minGuardBG -2.1<3.6","COB":47.32066780045352,"IOB":2.458,"duration":120,"rate":0,"timestamp":"2023-12-23T11:26:20.910Z"}}