{"algorithm":"OpenAPSSMBDynamicISFPlugin","input":{"glucoseStatus":{"glucose":164,"noise":0,"delta":17,"short_avgdelta":9.83,"long_avgdelta":-4.42,"date":1703860915751},"currenttemp":{"temp":"absolute","duration":15,"rate":0,"minutesrunning":105},"iob_data":[{"iob":2.983,"basaliob":-0.682,"bolussnooze":0.9252,"activity":0.0339,"lastBolusTime":1703857957000,"time":"2023-12-29T14:42:21.213Z","iobWithZeroTemp":{"iob":2.983,"basaliob":-0.682,"bolussnooze":0.9252,"activity":0.0339,"lastBolusTime":1703857957000,"time":"2023-12-29T14:42:21.213Z"}},{"iob":2.815,"basaliob":-0.651,"bolussnooze":0.8026,"activity":0.0329,"lastBolusTime":1703857957000,"time":"2023-12-29T14:47:21.213Z","iobWithZeroTemp":{"iob":2.788,"basaliob":-0.678,"bolussnooze":0.8026,"activity":0.0329,"lastBolusTime":1703857957000,"time":"2023-12-29T14:47:21.213Z"}},{"iob":2.654,"basaliob":-0.619,"bolussnooze":0.6939,"activity":0.0318,"lastBolusTime":1703857957000,"time":"2023-12-29T14:52:21.213Z","iobWithZeroTemp":{"iob":2.594,"basaliob":-0.679,"bolussnooze":0.6939,"activity":0.0317,"lastBolusTime":1703857957000,"time":"2023-12-29T14:52:21.213Z"}},{"iob":2.499,"basaliob":-0.588,"bolussnooze":0.5981,"activity":0.0305,"lastBolusTime":1703857957000,"time":"2023-12-29T14:57:21.213Z","iobWithZeroTemp":{"iob":2.407,"basaliob":-0.68,"bolussnooze":0.5981,"activity":0.0303,"lastBolusTime":1703857957000,"time":"2023-12-29T14:57:21.213Z"}},{"iob":2.349,"basaliob":-0.558,"bolussnooze":0.5139,"activity":0.0293,"lastBolusTime":1703857957000,"time":"2023-12-29T15:02:21.213Z","iobWithZeroTemp":{"iob":2.224,"basaliob":-0.683,"bolussnooze":0.5139,"activity":0.029,"lastBolusTime":1703857957000,"time":"2023-12-29T15:02:21.213Z"}},{"iob":2.206,"basaliob":-0.528,"bolussnooze":0.4402,"activity":0.028,"lastBolusTime":1703857957000,"time":"2023-12-29T15:07:21.213Z","iobWithZeroTemp":{"iob":2.05,"basaliob":-0.684,"bolussnooze":0.4402,"activity":0.0275,"lastBolusTime":1703857957000,"time":"2023-12-29T15:07:21.213Z"}},{"iob":2.069,"basaliob":-0.499,"bolussnooze":0.376,"activity":0.0267,"lastBolusTime":1703857957000,"time":"2023-12-29T15:12:21.213Z","iobWithZeroTemp":{"iob":1.883,"basaliob":-0.685,"bolussnooze":0.376,"activity":0.026,"lastBolusTime":1703857957000,"time":"2023-12-29T15:12:21.213Z"}},{"iob":1.939,"basaliob":-0.471,"bolussnooze":0.3203,"activity":0.0255,"lastBolusTime":1703857957000,"time":"2023-12-29T15:17:21.213Z","iobWithZeroTemp":{"iob":1.723,"basaliob":-0.687,"bolussnooze":0.3203,"activity":0.0246,"lastBolusTime":1703857957000,"time":"2023-12-29T15:17:21.213Z"}},{"iob":1.815,"basaliob":-0.443,"bolussnooze":0.2721,"activity":0.0242,"lastBolusTime":1703857957000,"time":"2023-12-29T15:22:21.213Z","iobWithZeroTemp":{"iob":1.571,"basaliob":-0.687,"bolussnooze":0.2721,"activity":0.0231,"lastBolusTime":1703857957000,"time":"2023-12-29T15:22:21.213Z"}},{"iob":1.697,"basaliob":-0.417,"bolussnooze":0.2304,"activity":0.023,"lastBolusTime":1703857957000,"time":"2023-12-29T15:27:21.213Z","iobWithZeroTemp":{"iob":1.425,"basaliob":-0.689,"bolussnooze":0.2304,"activity":0.0217,"lastBolusTime":1703857957000,"time":"2023-12-29T15:27:21.213Z"}},{"iob":1.585,"basaliob":-0.392,"bolussnooze":0.1946,"activity":0.0218,"lastBolusTime":1703857957000,"time":"2023-12-29T15:32:21.213Z","iobWithZeroTemp":{"iob":1.287,"basaliob":-0.69,"bolussnooze":0.1946,"activity":0.0203,"lastBolusTime":1703857957000,"time":"2023-12-29T15:32:21.213Z"}},{"iob":1.48,"basaliob":-0.368,"bolussnooze":0.1639,"activity":0.0206,"lastBolusTime":1703857957000,"time":"2023-12-29T15:37:21.213Z","iobWithZeroTemp":{"iob":1.157,"basaliob":-0.691,"bolussnooze":0.1639,"activity":0.0188,"lastBolusTime":1703857957000,"time":"2023-12-29T15:37:21.213Z"}},{"iob":1.38,"basaliob":-0.345,"bolussnooze":0.1376,"activity":0.0194,"lastBolusTime":1703857957000,"time":"2023-12-29T15:42:21.213Z","iobWithZeroTemp":{"iob":1.033,"basaliob":-0.692,"bolussnooze":0.1376,"activity":0.0174,"lastBolusTime":1703857957000,"time":"2023-12-29T15:42:21.213Z"}},{"iob":1.286,"basaliob":-0.323,"bolussnooze":0.1152,"activity":0.0183,"lastBolusTime":1703857957000,"time":"2023-12-29T15:47:21.213Z","iobWithZeroTemp":{"iob":0.916,"basaliob":-0.693,"bolussnooze":0.1152,"activity":0.0161,"lastBolusTime":1703857957000,"time":"2023-12-29T15:47:21.213Z"}},{"iob":1.197,"basaliob":-0.302,"bolussnooze":0.0961,"activity":0.0172,"lastBolusTime":1703857957000,"time":"2023-12-29T15:52:21.213Z","iobWithZeroTemp":{"iob":0.806,"basaliob":-0.693,"bolussnooze":0.0961,"activity":0.0148,"lastBolusTime":1703857957000,"time":"2023-12-29T15:52:21.213Z"}},{"iob":1.112,"basaliob":-0.283,"bolussnooze":0.0799,"activity":0.0163,"lastBolusTime":1703857957000,"time":"2023-12-29T15:57:21.213Z","iobWithZeroTemp":{"iob":0.7,"basaliob":-0.695,"bolussnooze":0.0799,"activity":0.0136,"lastBolusTime":1703857957000,"time":"2023-12-29T15:57:21.213Z"}},{"iob":1.034,"basaliob":-0.264,"bolussnooze":0.0663,"activity":0.0153,"lastBolusTime":1703857957000,"time":"2023-12-29T16:02:21.213Z","iobWithZeroTemp":{"iob":0.603,"basaliob":-0.695,"bolussnooze":0.0663,"activity":0.0124,"lastBolusTime":1703857957000,"time":"2023-12-29T16:02:21.213Z"}},{"iob":0.961,"basaliob":-0.246,"bolussnooze":0.0547,"activity":0.0143,"lastBolusTime":1703857957000,"time":"2023-12-29T16:07:21.213Z","iobWithZeroTemp":{"iob":0.511,"basaliob":-0.696,"bolussnooze":0.0547,"activity":0.0112,"lastBolusTime":1703857957000,"time":"2023-12-29T16:07:21.213Z"}},{"iob":0.892,"basaliob":-0.229,"bolussnooze":0.045,"activity":0.0134,"lastBolusTime":1703857957000,"time":"2023-12-29T16:12:21.213Z","iobWithZeroTemp":{"iob":0.425,"basaliob":-0.696,"bolussnooze":0.045,"activity":0.0101,"lastBolusTime":1703857957000,"time":"2023-12-29T16:12:21.213Z"}},{"iob":0.826,"basaliob":-0.214,"bolussnooze":0.0369,"activity":0.0125,"lastBolusTime":1703857957000,"time":"2023-12-29T16:17:21.213Z","iobWithZeroTemp":{"iob":0.342,"basaliob":-0.698,"bolussnooze":0.0369,"activity":0.009,"lastBolusTime":1703857957000,"time":"2023-12-29T16:17:21.213Z"}},{"iob":0.765,"basaliob":-0.199,"bolussnooze":0.0301,"activity":0.0117,"lastBolusTime":1703857957000,"time":"2023-12-29T16:22:21.213Z","iobWithZeroTemp":{"iob":0.266,"basaliob":-0.698,"bolussnooze":0.0301,"activity":0.008,"lastBolusTime":1703857957000,"time":"2023-12-29T16:22:21.213Z"}},{"iob":0.709,"basaliob":-0.185,"bolussnooze":0.0244,"activity":0.011,"lastBolusTime":1703857957000,"time":"2023-12-29T16:27:21.213Z","iobWithZeroTemp":{"iob":0.195,"basaliob":-0.699,"bolussnooze":0.0244,"activity":0.0071,"lastBolusTime":1703857957000,"time":"2023-12-29T16:27:21.213Z"}},{"iob":0.655,"basaliob":-0.172,"bolussnooze":0.0197,"activity":0.0103,"lastBolusTime":1703857957000,"time":"2023-12-29T16:32:21.213Z","iobWithZeroTemp":{"iob":0.128,"basaliob":-0.699,"bolussnooze":0.0197,"activity":0.0063,"lastBolusTime":1703857957000,"time":"2023-12-29T16:32:21.213Z"}},{"iob":0.606,"basaliob":-0.159,"bolussnooze":0.0158,"activity":0.0095,"lastBolusTime":1703857957000,"time":"2023-12-29T16:37:21.213Z","iobWithZeroTemp":{"iob":0.066,"basaliob":-0.699,"bolussnooze":0.0158,"activity":0.0053,"lastBolusTime":1703857957000,"time":"2023-12-29T16:37:21.213Z"}},{"iob":0.56,"basaliob":-0.148,"bolussnooze":0.0126,"activity":0.0089,"lastBolusTime":1703857957000,"time":"2023-12-29T16:42:21.213Z","iobWithZeroTemp":{"iob":0.008,"basaliob":-0.7,"bolussnooze":0.0126,"activity":0.0046,"lastBolusTime":1703857957000,"time":"2023-12-29T16:42:21.213Z"}},{"iob":0.517,"basaliob":-0.137,"bolussnooze":0.01,"activity":0.0083,"lastBolusTime":1703857957000,"time":"2023-12-29T16:47:21.213Z","iobWithZeroTemp":{"iob":-0.046,"basaliob":-0.7,"bolussnooze":0.01,"activity":0.0038,"lastBolusTime":1703857957000,"time":"2023-12-29T16:47:21.213Z"}},{"iob":0.477,"basaliob":-0.127,"bolussnooze":0.0078,"activity":0.0077,"lastBolusTime":1703857957000,"time":"2023-12-29T16:52:21.213Z","iobWithZeroTemp":{"iob":-0.097,"basaliob":-0.701,"bolussnooze":0.0078,"activity":0.0031,"lastBolusTime":1703857957000,"time":"2023-12-29T16:52:21.213Z"}},{"iob":0.44,"basaliob":-0.117,"bolussnooze":0.0061,"activity":0.0072,"lastBolusTime":1703857957000,"time":"2023-12-29T16:57:21.213Z","iobWithZeroTemp":{"iob":-0.144,"basaliob":-0.701,"bolussnooze":0.0061,"activity":0.0024,"lastBolusTime":1703857957000,"time":"2023-12-29T16:57:21.213Z"}},{"iob":0.406,"basaliob":-0.108,"bolussnooze":0.0047,"activity":0.0067,"lastBolusTime":1703857957000,"time":"2023-12-29T17:02:21.213Z","iobWithZeroTemp":{"iob":-0.187,"basaliob":-0.701,"bolussnooze":0.0047,"activity":0.0018,"lastBolusTime":1703857957000,"time":"2023-12-29T17:02:21.213Z"}},{"iob":0.373,"basaliob":-0.1,"bolussnooze":0.0035,"activity":0.0062,"lastBolusTime":1703857957000,"time":"2023-12-29T17:07:21.213Z","iobWithZeroTemp":{"iob":-0.228,"basaliob":-0.701,"bolussnooze":0.0035,"activity":0.0012,"lastBolusTime":1703857957000,"time":"2023-12-29T17:07:21.213Z"}},{"iob":0.343,"basaliob":-0.093,"bolussnooze":0.0026,"activity":0.0057,"lastBolusTime":1703857957000,"time":"2023-12-29T17:12:21.213Z","iobWithZeroTemp":{"iob":-0.266,"basaliob":-0.702,"bolussnooze":0.0026,"activity":6.0E-4,"lastBolusTime":1703857957000,"time":"2023-12-29T17:12:21.213Z"}},{"iob":0.316,"basaliob":-0.085,"bolussnooze":0.0019,"activity":0.0053,"lastBolusTime":1703857957000,"time":"2023-12-29T17:17:21.213Z","iobWithZeroTemp":{"iob":-0.301,"basaliob":-0.702,"bolussnooze":0.0019,"activity":1.0E-4,"lastBolusTime":1703857957000,"time":"2023-12-29T17:17:21.213Z"}},{"iob":0.29,"basaliob":-0.079,"bolussnooze":0.0014,"activity":0.0049,"lastBolusTime":1703857957000,"time":"2023-12-29T17:22:21.213Z","iobWithZeroTemp":{"iob":-0.334,"basaliob":-0.703,"bolussnooze":0.0014,"activity":-4.0E-4,"lastBolusTime":1703857957000,"time":"2023-12-29T17:22:21.213Z"}},{"iob":0.266,"basaliob":-0.073,"bolussnooze":0.001,"activity":0.0046,"lastBolusTime":1703857957000,"time":"2023-12-29T17:27:21.213Z","iobWithZeroTemp":{"iob":-0.364,"basaliob":-0.703,"bolussnooze":0.001,"activity":-8.0E-4,"lastBolusTime":1703857957000,"time":"2023-12-29T17:27:21.213Z"}},{"iob":0.244,"basaliob":-0.067,"bolussnooze":7.0E-4,"activity":0.0042,"lastBolusTime":1703857957000,"time":"2023-12-29T17:32:21.213Z","iobWithZeroTemp":{"iob":-0.392,"basaliob":-0.703,"bolussnooze":7.0E-4,"activity":-0.0013,"lastBolusTime":1703857957000,"time":"2023-12-29T17:32:21.213Z"}},{"iob":0.224,"basaliob":-0.061,"bolussnooze":4.0E-4,"activity":0.0039,"lastBolusTime":1703857957000,"time":"2023-12-29T17:37:21.213Z","iobWithZeroTemp":{"iob":-0.418,"basaliob":-0.703,"bolussnooze":4.0E-4,"activity":-0.0017,"lastBolusTime":1703857957000,"time":"2023-12-29T17:37:21.213Z"}},{"iob":0.206,"basaliob":-0.056,"bolussnooze":3.0E-4,"activity":0.0036,"lastBolusTime":1703857957000,"time":"2023-12-29T17:42:21.213Z","iobWithZeroTemp":{"iob":-0.441,"basaliob":-0.703,"bolussnooze":3.0E-4,"activity":-0.0021,"lastBolusTime":1703857957000,"time":"2023-12-29T17:42:21.213Z"}},{"iob":0.188,"basaliob":-0.052,"bolussnooze":2.0E-4,"activity":0.0033,"lastBolusTime":1703857957000,"time":"2023-12-29T17:47:21.213Z","iobWithZeroTemp":{"iob":-0.463,"basaliob":-0.703,"bolussnooze":2.0E-4,"activity":-0.0025,"lastBolusTime":1703857957000,"time":"2023-12-29T17:47:21.213Z"}},{"iob":0.171,"basaliob":-0.048,"bolussnooze":1.0E-4,"activity":0.0031,"lastBolusTime":1703857957000,"time":"2023-12-29T17:52:21.213Z","iobWithZeroTemp":{"iob":-0.485,"basaliob":-0.704,"bolussnooze":1.0E-4,"activity":-0.0027,"lastBolusTime":1703857957000,"time":"2023-12-29T17:52:21.213Z"}},{"iob":0.157,"basaliob":-0.044,"bolussnooze":0,"activity":0.0028,"lastBolusTime":1703857957000,"time":"2023-12-29T17:57:21.213Z","iobWithZeroTemp":{"iob":-0.503,"basaliob":-0.704,"bolussnooze":0,"activity":-0.0031,"lastBolusTime":1703857957000,"time":"2023-12-29T17:57:21.213Z"}},{"iob":0.143,"basaliob":-0.04,"bolussnooze":0,"activity":0.0026,"lastBolusTime":1703857957000,"time":"2023-12-29T18:02:21.213Z","iobWithZeroTemp":{"iob":-0.521,"basaliob":-0.704,"bolussnooze":0,"activity":-0.0033,"lastBolusTime":1703857957000,"time":"2023-12-29T18:02:21.213Z"}},{"iob":0.131,"basaliob":-0.037,"bolussnooze":0,"activity":0.0024,"lastBolusTime":1703857957000,"time":"2023-12-29T18:07:21.213Z","iobWithZeroTemp":{"iob":-0.536,"basaliob":-0.704,"bolussnooze":0,"activity":-0.0036,"lastBolusTime":1703857957000,"time":"2023-12-29T18:07:21.213Z"}},{"iob":0.119,"basaliob":-0.034,"bolussnooze":0,"activity":0.0022,"lastBolusTime":1703857957000,"time":"2023-12-29T18:12:21.213Z","iobWithZeroTemp":{"iob":-0.551,"basaliob":-0.704,"bolussnooze":0,"activity":-0.0039,"lastBolusTime":1703857957000,"time":"2023-12-29T18:12:21.213Z"}},{"iob":0.108,"basaliob":-0.031,"bolussnooze":0,"activity":0.0021,"lastBolusTime":1703857957000,"time":"2023-12-29T18:17:21.213Z","iobWithZeroTemp":{"iob":-0.565,"basaliob":-0.704,"bolussnooze":0,"activity":-0.004,"lastBolusTime":1703857957000,"time":"2023-12-29T18:17:21.213Z"}},{"iob":0.099,"basaliob":-0.028,"bolussnooze":0,"activity":0.0019,"lastBolusTime":1703857957000,"time":"2023-12-29T18:22:21.213Z","iobWithZeroTemp":{"iob":-0.577,"basaliob":-0.704,"bolussnooze":0,"activity":-0.0042,"lastBolusTime":1703857957000,"time":"2023-12-29T18:22:21.213Z"}},{"iob":0.09,"basaliob":-0.026,"bolussnooze":0,"activity":0.0017,"lastBolusTime":1703857957000,"time":"2023-12-29T18:27:21.213Z","iobWithZeroTemp":{"iob":-0.588,"basaliob":-0.704,"bolussnooze":0,"activity":-0.0045,"lastBolusTime":1703857957000,"time":"2023-12-29T18:27:21.213Z"}},{"iob":0.082,"basaliob":-0.023,"bolussnooze":0,"activity":0.0016,"lastBolusTime":1703857957000,"time":"2023-12-29T18:32:21.213Z","iobWithZeroTemp":{"iob":-0.599,"basaliob":-0.704,"bolussnooze":0,"activity":-0.0046,"lastBolusTime":1703857957000,"time":"2023-12-29T18:32:21.213Z"}},{"iob":0.075,"basaliob":-0.021,"bolussnooze":0,"activity":0.0014,"lastBolusTime":1703857957000,"time":"2023-12-29T18:37:21.213Z","iobWithZeroTemp":{"iob":-0.608,"basaliob":-0.704,"bolussnooze":0,"activity":-0.0049,"lastBolusTime":1703857957000,"time":"2023-12-29T18:37:21.213Z"}}],"profile":{"max_iob":7,"type":"current","max_daily_basal":0.45,"max_basal":1.35,"min_bg":81.0000000000001,"max_bg":81.0000000000001,"target_bg":81.0000000000001,"carb_ratio":11,"sens":352.8,"max_daily_safety_multiplier":3,"current_basal_safety_multiplier":4,"lgsThreshold":65,"high_temptarget_raises_sensitivity":false,"low_temptarget_lowers_sensitivity":false,"sensitivity_raises_target":true,"resistance_lowers_target":true,"adv_target_adjustments":false,"exercise_mode":false,"half_basal_exercise_target":160,"maxCOB":120,"skip_neutral_temps":false,"remainingCarbsCap":90,"enableUAM":true,"A52_risk_enable":false,"SMBInterval":4,"enableSMB_with_COB":true,"enableSMB_with_temptarget":false,"allowSMB_with_high_temptarget":true,"enableSMB_always":true,"enableSMB_after_carbs":false,"maxSMBBasalMinutes":60,"maxUAMSMBBasalMinutes":60,"bolus_increment":0.05,"carbsReqThreshold":10,"current_basal":0.4,"temptargetSet":true,"autosens_max":1.2,"autosens_min":0.8,"out_units":"mmol\/L","variable_sens":137.4,"insulinDivisor":65,"TDD":10.403714},"autosens_data":{"ratio":0.8604974782552413},"meal_data":{"carbs":70,"mealCOB":42.38223696145124,"slopeFromMaxDeviation":-0.3825510204081628,"slopeFromMinDeviation":0.7602542372881351,"lastBolusTime":1703857957000,"lastCarbTime":1703857726000},"microBolusAllowed":true,"currentTime":1703860943763,"flatBGsDetected":false,"tdd1D":21.22666666666668,"tdd7D":28.693285714285715,"tddLast24H":24.690499999999997,"tddLast4H":6.9366666666666665,"tddLast8to4H":5.64},"output":{"temp":"absolute","bg":164,"tick":"+17","eventualBG":401,"targetBG":81.0000000000001,"insulinReq":1.34,"deliverAt":"2023-12-29T14:42:23.763Z","sensitivityRatio":0.8604974782552413,"variable_sens":137.4,"predBGs":{"IOB":[164,169,173,175,176,175,172,167,160,151,140,126,109,92,74,55,39],"ZT":[164,141,116,89,59,39,39,39,39,39,39,39,39,39,39,39,39,39,39,39,39,39,39,39,39,39,39,39,39,39,39,39,39,39,39,39,39,39,39,39,39,39,39,39,39,39,39,39],"COB":[164,171,178,184,191,197,204,210,217,223,229,235,241,247,253,258,264,269,274,278,282,286,290,293,295,297,299,300,301,300,300,299,297,294,291,288,286,283,281,279,277,275,273,272,270,269,268,267],"UAM":[164,173,182,192,202,213,224,235,246,258,269,281,292,303,314,325,336,346,356,365,374,383,391,398,401]},"reason":"COB: 42.4, Dev: 11.1, BGI: -1.3, ISF: 7.6, CR: 11, Target: 4.5, minPredBG 14.8, minGuardBG 9.6, IOBpredBG 2.2, COBpredBG 14.8, UAMpredBG 22.3; Eventual BG 22.3 >= 4.5,  insulinReq 1.34; maxBolus 0.4; setting 60m low temp of 0U\/h. Microbolusing 0.4U. ","COB":42.38223696145124,"IOB":2.983,"units":0.4,"rate":0,"duration":60,"timestamp":"2023-12-29T14:42:23.791Z"}}