{"algorithm":"OpenAPSSMBDynamicISFPlugin","input":{"glucoseStatus":{"glucose":158,"noise":0,"delta":13,"short_avgdelta":14.33,"long_avgdelta":7.59,"date":1703961719015},"currenttemp":{"temp":"absolute","duration":5,"rate":0,"minutesrunning":55},"iob_data":[{"iob":0.855,"basaliob":-0.287,"bolussnooze":0,"activity":0.009,"lastBolusTime":1703961452000,"time":"2023-12-30T18:42:24.383Z","iobWithZeroTemp":{"iob":0.855,"basaliob":-0.287,"bolussnooze":0,"activity":0.009,"lastBolusTime":1703961452000,"time":"2023-12-30T18:42:24.383Z"}},{"iob":0.81,"basaliob":-0.277,"bolussnooze":0,"activity":0.0088,"lastBolusTime":1703961452000,"time":"2023-12-30T18:47:24.383Z","iobWithZeroTemp":{"iob":0.783,"basaliob":-0.304,"bolussnooze":0,"activity":0.0088,"lastBolusTime":1703961452000,"time":"2023-12-30T18:47:24.383Z"}},{"iob":0.767,"basaliob":-0.266,"bolussnooze":0,"activity":0.0086,"lastBolusTime":1703961452000,"time":"2023-12-30T18:52:24.383Z","iobWithZeroTemp":{"iob":0.707,"basaliob":-0.326,"bolussnooze":0,"activity":0.0085,"lastBolusTime":1703961452000,"time":"2023-12-30T18:52:24.383Z"}},{"iob":0.725,"basaliob":-0.255,"bolussnooze":0,"activity":0.0083,"lastBolusTime":1703961452000,"time":"2023-12-30T18:57:24.383Z","iobWithZeroTemp":{"iob":0.633,"basaliob":-0.347,"bolussnooze":0,"activity":0.0081,"lastBolusTime":1703961452000,"time":"2023-12-30T18:57:24.383Z"}},{"iob":0.684,"basaliob":-0.243,"bolussnooze":0,"activity":0.008,"lastBolusTime":1703961452000,"time":"2023-12-30T19:02:24.383Z","iobWithZeroTemp":{"iob":0.559,"basaliob":-0.368,"bolussnooze":0,"activity":0.0077,"lastBolusTime":1703961452000,"time":"2023-12-30T19:02:24.383Z"}},{"iob":0.645,"basaliob":-0.232,"bolussnooze":0,"activity":0.0077,"lastBolusTime":1703961452000,"time":"2023-12-30T19:07:24.383Z","iobWithZeroTemp":{"iob":0.489,"basaliob":-0.388,"bolussnooze":0,"activity":0.0072,"lastBolusTime":1703961452000,"time":"2023-12-30T19:07:24.383Z"}},{"iob":0.606,"basaliob":-0.221,"bolussnooze":0,"activity":0.0075,"lastBolusTime":1703961452000,"time":"2023-12-30T19:12:24.383Z","iobWithZeroTemp":{"iob":0.42,"basaliob":-0.407,"bolussnooze":0,"activity":0.0068,"lastBolusTime":1703961452000,"time":"2023-12-30T19:12:24.383Z"}},{"iob":0.57,"basaliob":-0.21,"bolussnooze":0,"activity":0.0071,"lastBolusTime":1703961452000,"time":"2023-12-30T19:17:24.383Z","iobWithZeroTemp":{"iob":0.354,"basaliob":-0.426,"bolussnooze":0,"activity":0.0062,"lastBolusTime":1703961452000,"time":"2023-12-30T19:17:24.383Z"}},{"iob":0.535,"basaliob":-0.199,"bolussnooze":0,"activity":0.0068,"lastBolusTime":1703961452000,"time":"2023-12-30T19:22:24.383Z","iobWithZeroTemp":{"iob":0.291,"basaliob":-0.443,"bolussnooze":0,"activity":0.0057,"lastBolusTime":1703961452000,"time":"2023-12-30T19:22:24.383Z"}},{"iob":0.502,"basaliob":-0.188,"bolussnooze":0,"activity":0.0065,"lastBolusTime":1703961452000,"time":"2023-12-30T19:27:24.383Z","iobWithZeroTemp":{"iob":0.23,"basaliob":-0.46,"bolussnooze":0,"activity":0.0052,"lastBolusTime":1703961452000,"time":"2023-12-30T19:27:24.383Z"}},{"iob":0.47,"basaliob":-0.178,"bolussnooze":0,"activity":0.0061,"lastBolusTime":1703961452000,"time":"2023-12-30T19:32:24.383Z","iobWithZeroTemp":{"iob":0.172,"basaliob":-0.476,"bolussnooze":0,"activity":0.0046,"lastBolusTime":1703961452000,"time":"2023-12-30T19:32:24.383Z"}},{"iob":0.439,"basaliob":-0.168,"bolussnooze":0,"activity":0.0059,"lastBolusTime":1703961452000,"time":"2023-12-30T19:37:24.383Z","iobWithZeroTemp":{"iob":0.116,"basaliob":-0.491,"bolussnooze":0,"activity":0.0041,"lastBolusTime":1703961452000,"time":"2023-12-30T19:37:24.383Z"}},{"iob":0.411,"basaliob":-0.158,"bolussnooze":0,"activity":0.0056,"lastBolusTime":1703961452000,"time":"2023-12-30T19:42:24.383Z","iobWithZeroTemp":{"iob":0.064,"basaliob":-0.505,"bolussnooze":0,"activity":0.0036,"lastBolusTime":1703961452000,"time":"2023-12-30T19:42:24.383Z"}},{"iob":0.384,"basaliob":-0.148,"bolussnooze":0,"activity":0.0053,"lastBolusTime":1703961452000,"time":"2023-12-30T19:47:24.383Z","iobWithZeroTemp":{"iob":0.014,"basaliob":-0.518,"bolussnooze":0,"activity":0.0031,"lastBolusTime":1703961452000,"time":"2023-12-30T19:47:24.383Z"}},{"iob":0.359,"basaliob":-0.139,"bolussnooze":0,"activity":0.005,"lastBolusTime":1703961452000,"time":"2023-12-30T19:52:24.383Z","iobWithZeroTemp":{"iob":-0.032,"basaliob":-0.53,"bolussnooze":0,"activity":0.0026,"lastBolusTime":1703961452000,"time":"2023-12-30T19:52:24.383Z"}},{"iob":0.334,"basaliob":-0.131,"bolussnooze":0,"activity":0.0047,"lastBolusTime":1703961452000,"time":"2023-12-30T19:57:24.383Z","iobWithZeroTemp":{"iob":-0.078,"basaliob":-0.543,"bolussnooze":0,"activity":0.002,"lastBolusTime":1703961452000,"time":"2023-12-30T19:57:24.383Z"}},{"iob":0.311,"basaliob":-0.123,"bolussnooze":0,"activity":0.0044,"lastBolusTime":1703961452000,"time":"2023-12-30T20:02:24.383Z","iobWithZeroTemp":{"iob":-0.12,"basaliob":-0.554,"bolussnooze":0,"activity":0.0015,"lastBolusTime":1703961452000,"time":"2023-12-30T20:02:24.383Z"}},{"iob":0.289,"basaliob":-0.115,"bolussnooze":0,"activity":0.0042,"lastBolusTime":1703961452000,"time":"2023-12-30T20:07:24.383Z","iobWithZeroTemp":{"iob":-0.161,"basaliob":-0.565,"bolussnooze":0,"activity":0.0011,"lastBolusTime":1703961452000,"time":"2023-12-30T20:07:24.383Z"}},{"iob":0.27,"basaliob":-0.107,"bolussnooze":0,"activity":0.004,"lastBolusTime":1703961452000,"time":"2023-12-30T20:12:24.383Z","iobWithZeroTemp":{"iob":-0.197,"basaliob":-0.574,"bolussnooze":0,"activity":7.0E-4,"lastBolusTime":1703961452000,"time":"2023-12-30T20:12:24.383Z"}},{"iob":0.251,"basaliob":-0.1,"bolussnooze":0,"activity":0.0037,"lastBolusTime":1703961452000,"time":"2023-12-30T20:17:24.383Z","iobWithZeroTemp":{"iob":-0.233,"basaliob":-0.584,"bolussnooze":0,"activity":2.0E-4,"lastBolusTime":1703961452000,"time":"2023-12-30T20:17:24.383Z"}},{"iob":0.232,"basaliob":-0.094,"bolussnooze":0,"activity":0.0035,"lastBolusTime":1703961452000,"time":"2023-12-30T20:22:24.383Z","iobWithZeroTemp":{"iob":-0.267,"basaliob":-0.593,"bolussnooze":0,"activity":-2.0E-4,"lastBolusTime":1703961452000,"time":"2023-12-30T20:22:24.383Z"}},{"iob":0.216,"basaliob":-0.087,"bolussnooze":0,"activity":0.0033,"lastBolusTime":1703961452000,"time":"2023-12-30T20:27:24.383Z","iobWithZeroTemp":{"iob":-0.298,"basaliob":-0.601,"bolussnooze":0,"activity":-6.0E-4,"lastBolusTime":1703961452000,"time":"2023-12-30T20:27:24.383Z"}},{"iob":0.2,"basaliob":-0.081,"bolussnooze":0,"activity":0.003,"lastBolusTime":1703961452000,"time":"2023-12-30T20:32:24.383Z","iobWithZeroTemp":{"iob":-0.327,"basaliob":-0.608,"bolussnooze":0,"activity":-0.001,"lastBolusTime":1703961452000,"time":"2023-12-30T20:32:24.383Z"}},{"iob":0.185,"basaliob":-0.076,"bolussnooze":0,"activity":0.0028,"lastBolusTime":1703961452000,"time":"2023-12-30T20:37:24.383Z","iobWithZeroTemp":{"iob":-0.355,"basaliob":-0.616,"bolussnooze":0,"activity":-0.0014,"lastBolusTime":1703961452000,"time":"2023-12-30T20:37:24.383Z"}},{"iob":0.172,"basaliob":-0.07,"bolussnooze":0,"activity":0.0027,"lastBolusTime":1703961452000,"time":"2023-12-30T20:42:24.383Z","iobWithZeroTemp":{"iob":-0.38,"basaliob":-0.622,"bolussnooze":0,"activity":-0.0016,"lastBolusTime":1703961452000,"time":"2023-12-30T20:42:24.383Z"}},{"iob":0.159,"basaliob":-0.065,"bolussnooze":0,"activity":0.0024,"lastBolusTime":1703961452000,"time":"2023-12-30T20:47:24.383Z","iobWithZeroTemp":{"iob":-0.404,"basaliob":-0.628,"bolussnooze":0,"activity":-0.0021,"lastBolusTime":1703961452000,"time":"2023-12-30T20:47:24.383Z"}},{"iob":0.146,"basaliob":-0.061,"bolussnooze":0,"activity":0.0023,"lastBolusTime":1703961452000,"time":"2023-12-30T20:52:24.383Z","iobWithZeroTemp":{"iob":-0.428,"basaliob":-0.635,"bolussnooze":0,"activity":-0.0023,"lastBolusTime":1703961452000,"time":"2023-12-30T20:52:24.383Z"}},{"iob":0.136,"basaliob":-0.056,"bolussnooze":0,"activity":0.0022,"lastBolusTime":1703961452000,"time":"2023-12-30T20:57:24.383Z","iobWithZeroTemp":{"iob":-0.448,"basaliob":-0.64,"bolussnooze":0,"activity":-0.0026,"lastBolusTime":1703961452000,"time":"2023-12-30T20:57:24.383Z"}},{"iob":0.125,"basaliob":-0.052,"bolussnooze":0,"activity":0.002,"lastBolusTime":1703961452000,"time":"2023-12-30T21:02:24.383Z","iobWithZeroTemp":{"iob":-0.468,"basaliob":-0.645,"bolussnooze":0,"activity":-0.0029,"lastBolusTime":1703961452000,"time":"2023-12-30T21:02:24.383Z"}},{"iob":0.116,"basaliob":-0.048,"bolussnooze":0,"activity":0.0019,"lastBolusTime":1703961452000,"time":"2023-12-30T21:07:24.383Z","iobWithZeroTemp":{"iob":-0.485,"basaliob":-0.649,"bolussnooze":0,"activity":-0.0031,"lastBolusTime":1703961452000,"time":"2023-12-30T21:07:24.383Z"}},{"iob":0.106,"basaliob":-0.045,"bolussnooze":0,"activity":0.0017,"lastBolusTime":1703961452000,"time":"2023-12-30T21:12:24.383Z","iobWithZeroTemp":{"iob":-0.503,"basaliob":-0.654,"bolussnooze":0,"activity":-0.0034,"lastBolusTime":1703961452000,"time":"2023-12-30T21:12:24.383Z"}},{"iob":0.098,"basaliob":-0.041,"bolussnooze":0,"activity":0.0017,"lastBolusTime":1703961452000,"time":"2023-12-30T21:17:24.383Z","iobWithZeroTemp":{"iob":-0.519,"basaliob":-0.658,"bolussnooze":0,"activity":-0.0035,"lastBolusTime":1703961452000,"time":"2023-12-30T21:17:24.383Z"}},{"iob":0.091,"basaliob":-0.038,"bolussnooze":0,"activity":0.0015,"lastBolusTime":1703961452000,"time":"2023-12-30T21:22:24.383Z","iobWithZeroTemp":{"iob":-0.533,"basaliob":-0.662,"bolussnooze":0,"activity":-0.0038,"lastBolusTime":1703961452000,"time":"2023-12-30T21:22:24.383Z"}},{"iob":0.083,"basaliob":-0.035,"bolussnooze":0,"activity":0.0014,"lastBolusTime":1703961452000,"time":"2023-12-30T21:27:24.383Z","iobWithZeroTemp":{"iob":-0.547,"basaliob":-0.665,"bolussnooze":0,"activity":-0.004,"lastBolusTime":1703961452000,"time":"2023-12-30T21:27:24.383Z"}},{"iob":0.076,"basaliob":-0.033,"bolussnooze":0,"activity":0.0013,"lastBolusTime":1703961452000,"time":"2023-12-30T21:32:24.383Z","iobWithZeroTemp":{"iob":-0.56,"basaliob":-0.669,"bolussnooze":0,"activity":-0.0042,"lastBolusTime":1703961452000,"time":"2023-12-30T21:32:24.383Z"}},{"iob":0.07,"basaliob":-0.03,"bolussnooze":0,"activity":0.0012,"lastBolusTime":1703961452000,"time":"2023-12-30T21:37:24.383Z","iobWithZeroTemp":{"iob":-0.572,"basaliob":-0.672,"bolussnooze":0,"activity":-0.0044,"lastBolusTime":1703961452000,"time":"2023-12-30T21:37:24.383Z"}},{"iob":0.064,"basaliob":-0.028,"bolussnooze":0,"activity":0.0011,"lastBolusTime":1703961452000,"time":"2023-12-30T21:42:24.383Z","iobWithZeroTemp":{"iob":-0.583,"basaliob":-0.675,"bolussnooze":0,"activity":-0.0046,"lastBolusTime":1703961452000,"time":"2023-12-30T21:42:24.383Z"}},{"iob":0.059,"basaliob":-0.026,"bolussnooze":0,"activity":0.001,"lastBolusTime":1703961452000,"time":"2023-12-30T21:47:24.383Z","iobWithZeroTemp":{"iob":-0.592,"basaliob":-0.677,"bolussnooze":0,"activity":-0.0048,"lastBolusTime":1703961452000,"time":"2023-12-30T21:47:24.383Z"}},{"iob":0.054,"basaliob":-0.024,"bolussnooze":0,"activity":9.0E-4,"lastBolusTime":1703961452000,"time":"2023-12-30T21:52:24.383Z","iobWithZeroTemp":{"iob":-0.602,"basaliob":-0.68,"bolussnooze":0,"activity":-0.0049,"lastBolusTime":1703961452000,"time":"2023-12-30T21:52:24.383Z"}},{"iob":0.049,"basaliob":-0.022,"bolussnooze":0,"activity":8.0E-4,"lastBolusTime":1703961452000,"time":"2023-12-30T21:57:24.383Z","iobWithZeroTemp":{"iob":-0.611,"basaliob":-0.682,"bolussnooze":0,"activity":-0.0051,"lastBolusTime":1703961452000,"time":"2023-12-30T21:57:24.383Z"}},{"iob":0.045,"basaliob":-0.02,"bolussnooze":0,"activity":8.0E-4,"lastBolusTime":1703961452000,"time":"2023-12-30T22:02:24.383Z","iobWithZeroTemp":{"iob":-0.619,"basaliob":-0.684,"bolussnooze":0,"activity":-0.0051,"lastBolusTime":1703961452000,"time":"2023-12-30T22:02:24.383Z"}},{"iob":0.042,"basaliob":-0.018,"bolussnooze":0,"activity":8.0E-4,"lastBolusTime":1703961452000,"time":"2023-12-30T22:07:24.383Z","iobWithZeroTemp":{"iob":-0.629,"basaliob":-0.689,"bolussnooze":0,"activity":-0.0052,"lastBolusTime":1703961452000,"time":"2023-12-30T22:07:24.383Z"}},{"iob":0.038,"basaliob":-0.017,"bolussnooze":0,"activity":7.0E-4,"lastBolusTime":1703961452000,"time":"2023-12-30T22:12:24.383Z","iobWithZeroTemp":{"iob":-0.641,"basaliob":-0.696,"bolussnooze":0,"activity":-0.0054,"lastBolusTime":1703961452000,"time":"2023-12-30T22:12:24.383Z"}},{"iob":0.035,"basaliob":-0.015,"bolussnooze":0,"activity":6.0E-4,"lastBolusTime":1703961452000,"time":"2023-12-30T22:17:24.383Z","iobWithZeroTemp":{"iob":-0.655,"basaliob":-0.705,"bolussnooze":0,"activity":-0.0055,"lastBolusTime":1703961452000,"time":"2023-12-30T22:17:24.383Z"}},{"iob":0.032,"basaliob":-0.014,"bolussnooze":0,"activity":6.0E-4,"lastBolusTime":1703961452000,"time":"2023-12-30T22:22:24.383Z","iobWithZeroTemp":{"iob":-0.664,"basaliob":-0.71,"bolussnooze":0,"activity":-0.0056,"lastBolusTime":1703961452000,"time":"2023-12-30T22:22:24.383Z"}},{"iob":0.029,"basaliob":-0.013,"bolussnooze":0,"activity":6.0E-4,"lastBolusTime":1703961452000,"time":"2023-12-30T22:27:24.383Z","iobWithZeroTemp":{"iob":-0.673,"basaliob":-0.715,"bolussnooze":0,"activity":-0.0057,"lastBolusTime":1703961452000,"time":"2023-12-30T22:27:24.383Z"}},{"iob":0.026,"basaliob":-0.012,"bolussnooze":0,"activity":5.0E-4,"lastBolusTime":1703961452000,"time":"2023-12-30T22:32:24.383Z","iobWithZeroTemp":{"iob":-0.682,"basaliob":-0.72,"bolussnooze":0,"activity":-0.0058,"lastBolusTime":1703961452000,"time":"2023-12-30T22:32:24.383Z"}},{"iob":0.024,"basaliob":-0.011,"bolussnooze":0,"activity":4.0E-4,"lastBolusTime":1703961452000,"time":"2023-12-30T22:37:24.383Z","iobWithZeroTemp":{"iob":-0.69,"basaliob":-0.725,"bolussnooze":0,"activity":-0.006,"lastBolusTime":1703961452000,"time":"2023-12-30T22:37:24.383Z"}}],"profile":{"max_iob":7,"type":"current","max_daily_basal":0.45,"max_basal":1.35,"min_bg":106.2,"max_bg":106.2,"target_bg":106.2,"carb_ratio":11,"sens":352.8,"max_daily_safety_multiplier":3,"current_basal_safety_multiplier":4,"lgsThreshold":65,"high_temptarget_raises_sensitivity":false,"low_temptarget_lowers_sensitivity":false,"sensitivity_raises_target":true,"resistance_lowers_target":true,"adv_target_adjustments":false,"exercise_mode":false,"half_basal_exercise_target":160,"maxCOB":120,"skip_neutral_temps":false,"remainingCarbsCap":90,"enableUAM":true,"A52_risk_enable":false,"SMBInterval":4,"enableSMB_with_COB":true,"enableSMB_with_temptarget":false,"allowSMB_with_high_temptarget":true,"enableSMB_always":true,"enableSMB_after_carbs":false,"maxSMBBasalMinutes":60,"maxUAMSMBBasalMinutes":60,"bolus_increment":0.05,"carbsReqThreshold":10,"current_basal":0.4,"temptargetSet":false,"autosens_max":1.2,"autosens_min":0.8,"out_units":"mmol\/L","variable_sens":182.1,"insulinDivisor":65,"TDD":8.017750291666667},"autosens_data":{"ratio":0.9141813258921032},"meal_data":{"carbs":15,"mealCOB":8.589182539682538,"slopeFromMaxDeviation":0,"slopeFromMinDeviation":4.0754285714285725,"lastBolusTime":1703961452000,"lastCarbTime":1703957667000},"microBolusAllowed":true,"currentTime":1703961746768,"flatBGsDetected":false,"tdd1D":25.347250000000006,"tdd7D":27.29536904761905,"tddLast24H":24.95291666666666,"tddLast4H":2.97,"tddLast8to4H":1.9299999999999997},"output":{"temp":"absolute","bg":158,"tick":"+13","eventualBG":178,"targetBG":111,"insulinReq":0.13,"deliverAt":"2023-12-30T18:42:26.768Z","sensitivityRatio":0.9141813258921032,"variable_sens":182.1,"predBGs":{"IOB":[158,169,179,188,195,201,205,208,210,210,208,205,201,196,192,188,184,180,177,173,170,167,164,162,159,157,154,152,150,148,147,145,143,142,140,139,138,137,136,135,134,133,133,132,131,131,130],"ZT":[158,150,142,133,125,117,109,102,94,87,80,74,68,62,57,52,48,45,43,41,41,41,43,45,48,51,55,59,64,69,74,79,84,89,94,99,104,110],"COB":[158,169,179,188,195,201,206,209,212,212,212,210,207,202,198,193,189,185,181,177,174,171,168,165,163,160,158,156,154,152,150,149,147,146,144,143,142,141,140,139,139,138,137,137,136,136,135],"UAM":[158,170,180,190,199,207,214,220,225,229,232,233,234,233,232,229,225,222,219,216,213,210,208,205,203,201,199,197,195,194,192,191,189,188,187,186,185,184,183,182,182,181,180,180,179,179,178]},"reason":"COB: 8.6, Dev: 7.1, BGI: -0.5, ISF: 10.1, CR: 11, Target: 6.2, minPredBG 7.4, minGuardBG 8.3, IOBpredBG 7.2, COBpredBG 7.5, UAMpredBG 9.9; Eventual BG 9.9 >= 6.2,  insulinReq 0.13; setting 30m low temp of 0U\/h. Microbolusing 0.05U. ","COB":8.589182539682538,"IOB":0.855,"units":0.05,"rate":0,"duration":30,"timestamp":"2023-12-30T18:42:26.794Z"}}