{"algorithm":"OpenAPSSMBDynamicISFPlugin","input":{"glucoseStatus":{"glucose":145,"noise":0,"delta":-4,"short_avgdelta":-5.11,"long_avgdelta":-6.06,"date":1703572915374},"currenttemp":{"temp":"absolute","duration":15,"rate":0,"minutesrunning":45},"iob_data":[{"iob":0.645,"basaliob":-0.358,"bolussnooze":0,"activity":0.0083,"lastBolusTime":1703570533000,"time":"2023-12-26T06:42:12.403Z","iobWithZeroTemp":{"iob":0.645,"basaliob":-0.358,"bolussnooze":0,"activity":0.0083,"lastBolusTime":1703570533000,"time":"2023-12-26T06:42:12.403Z"}},{"iob":0.604,"basaliob":-0.343,"bolussnooze":0,"activity":0.008,"lastBolusTime":1703570533000,"time":"2023-12-26T06:47:12.403Z","iobWithZeroTemp":{"iob":0.577,"basaliob":-0.37,"bolussnooze":0,"activity":0.008,"lastBolusTime":1703570533000,"time":"2023-12-26T06:47:12.403Z"}},{"iob":0.566,"basaliob":-0.327,"bolussnooze":0,"activity":0.0075,"lastBolusTime":1703570533000,"time":"2023-12-26T06:52:12.403Z","iobWithZeroTemp":{"iob":0.506,"basaliob":-0.387,"bolussnooze":0,"activity":0.0074,"lastBolusTime":1703570533000,"time":"2023-12-26T06:52:12.403Z"}},{"iob":0.529,"basaliob":-0.312,"bolussnooze":0,"activity":0.0072,"lastBolusTime":1703570533000,"time":"2023-12-26T06:57:12.403Z","iobWithZeroTemp":{"iob":0.437,"basaliob":-0.404,"bolussnooze":0,"activity":0.007,"lastBolusTime":1703570533000,"time":"2023-12-26T06:57:12.403Z"}},{"iob":0.494,"basaliob":-0.297,"bolussnooze":0,"activity":0.0068,"lastBolusTime":1703570533000,"time":"2023-12-26T07:02:12.403Z","iobWithZeroTemp":{"iob":0.369,"basaliob":-0.422,"bolussnooze":0,"activity":0.0065,"lastBolusTime":1703570533000,"time":"2023-12-26T07:02:12.403Z"}},{"iob":0.461,"basaliob":-0.282,"bolussnooze":0,"activity":0.0064,"lastBolusTime":1703570533000,"time":"2023-12-26T07:07:12.403Z","iobWithZeroTemp":{"iob":0.305,"basaliob":-0.438,"bolussnooze":0,"activity":0.0059,"lastBolusTime":1703570533000,"time":"2023-12-26T07:07:12.403Z"}},{"iob":0.43,"basaliob":-0.267,"bolussnooze":0,"activity":0.0061,"lastBolusTime":1703570533000,"time":"2023-12-26T07:12:12.403Z","iobWithZeroTemp":{"iob":0.244,"basaliob":-0.453,"bolussnooze":0,"activity":0.0054,"lastBolusTime":1703570533000,"time":"2023-12-26T07:12:12.403Z"}},{"iob":0.4,"basaliob":-0.253,"bolussnooze":0,"activity":0.0058,"lastBolusTime":1703570533000,"time":"2023-12-26T07:17:12.403Z","iobWithZeroTemp":{"iob":0.184,"basaliob":-0.469,"bolussnooze":0,"activity":0.0049,"lastBolusTime":1703570533000,"time":"2023-12-26T07:17:12.403Z"}},{"iob":0.373,"basaliob":-0.239,"bolussnooze":0,"activity":0.0053,"lastBolusTime":1703570533000,"time":"2023-12-26T07:22:12.403Z","iobWithZeroTemp":{"iob":0.129,"basaliob":-0.483,"bolussnooze":0,"activity":0.0042,"lastBolusTime":1703570533000,"time":"2023-12-26T07:22:12.403Z"}},{"iob":0.347,"basaliob":-0.225,"bolussnooze":0,"activity":0.005,"lastBolusTime":1703570533000,"time":"2023-12-26T07:27:12.403Z","iobWithZeroTemp":{"iob":0.075,"basaliob":-0.497,"bolussnooze":0,"activity":0.0037,"lastBolusTime":1703570533000,"time":"2023-12-26T07:27:12.403Z"}},{"iob":0.322,"basaliob":-0.212,"bolussnooze":0,"activity":0.0047,"lastBolusTime":1703570533000,"time":"2023-12-26T07:32:12.403Z","iobWithZeroTemp":{"iob":0.024,"basaliob":-0.51,"bolussnooze":0,"activity":0.0032,"lastBolusTime":1703570533000,"time":"2023-12-26T07:32:12.403Z"}},{"iob":0.299,"basaliob":-0.2,"bolussnooze":0,"activity":0.0044,"lastBolusTime":1703570533000,"time":"2023-12-26T07:37:12.403Z","iobWithZeroTemp":{"iob":-0.024,"basaliob":-0.523,"bolussnooze":0,"activity":0.0026,"lastBolusTime":1703570533000,"time":"2023-12-26T07:37:12.403Z"}},{"iob":0.277,"basaliob":-0.188,"bolussnooze":0,"activity":0.0041,"lastBolusTime":1703570533000,"time":"2023-12-26T07:42:12.403Z","iobWithZeroTemp":{"iob":-0.07,"basaliob":-0.535,"bolussnooze":0,"activity":0.0021,"lastBolusTime":1703570533000,"time":"2023-12-26T07:42:12.403Z"}},{"iob":0.257,"basaliob":-0.176,"bolussnooze":0,"activity":0.0039,"lastBolusTime":1703570533000,"time":"2023-12-26T07:47:12.403Z","iobWithZeroTemp":{"iob":-0.113,"basaliob":-0.546,"bolussnooze":0,"activity":0.0017,"lastBolusTime":1703570533000,"time":"2023-12-26T07:47:12.403Z"}},{"iob":0.238,"basaliob":-0.165,"bolussnooze":0,"activity":0.0036,"lastBolusTime":1703570533000,"time":"2023-12-26T07:52:12.403Z","iobWithZeroTemp":{"iob":-0.153,"basaliob":-0.556,"bolussnooze":0,"activity":0.0012,"lastBolusTime":1703570533000,"time":"2023-12-26T07:52:12.403Z"}},{"iob":0.221,"basaliob":-0.154,"bolussnooze":0,"activity":0.0034,"lastBolusTime":1703570533000,"time":"2023-12-26T07:57:12.403Z","iobWithZeroTemp":{"iob":-0.191,"basaliob":-0.566,"bolussnooze":0,"activity":7.0E-4,"lastBolusTime":1703570533000,"time":"2023-12-26T07:57:12.403Z"}},{"iob":0.205,"basaliob":-0.144,"bolussnooze":0,"activity":0.0032,"lastBolusTime":1703570533000,"time":"2023-12-26T08:02:12.403Z","iobWithZeroTemp":{"iob":-0.226,"basaliob":-0.575,"bolussnooze":0,"activity":3.0E-4,"lastBolusTime":1703570533000,"time":"2023-12-26T08:02:12.403Z"}},{"iob":0.189,"basaliob":-0.135,"bolussnooze":0,"activity":0.003,"lastBolusTime":1703570533000,"time":"2023-12-26T08:07:12.403Z","iobWithZeroTemp":{"iob":-0.261,"basaliob":-0.585,"bolussnooze":0,"activity":-1.0E-4,"lastBolusTime":1703570533000,"time":"2023-12-26T08:07:12.403Z"}},{"iob":0.174,"basaliob":-0.126,"bolussnooze":0,"activity":0.0028,"lastBolusTime":1703570533000,"time":"2023-12-26T08:12:12.403Z","iobWithZeroTemp":{"iob":-0.293,"basaliob":-0.593,"bolussnooze":0,"activity":-5.0E-4,"lastBolusTime":1703570533000,"time":"2023-12-26T08:12:12.403Z"}},{"iob":0.16,"basaliob":-0.118,"bolussnooze":0,"activity":0.0025,"lastBolusTime":1703570533000,"time":"2023-12-26T08:17:12.403Z","iobWithZeroTemp":{"iob":-0.324,"basaliob":-0.602,"bolussnooze":0,"activity":-0.001,"lastBolusTime":1703570533000,"time":"2023-12-26T08:17:12.403Z"}},{"iob":0.149,"basaliob":-0.109,"bolussnooze":0,"activity":0.0024,"lastBolusTime":1703570533000,"time":"2023-12-26T08:22:12.403Z","iobWithZeroTemp":{"iob":-0.35,"basaliob":-0.608,"bolussnooze":0,"activity":-0.0013,"lastBolusTime":1703570533000,"time":"2023-12-26T08:22:12.403Z"}},{"iob":0.137,"basaliob":-0.102,"bolussnooze":0,"activity":0.0022,"lastBolusTime":1703570533000,"time":"2023-12-26T08:27:12.403Z","iobWithZeroTemp":{"iob":-0.377,"basaliob":-0.616,"bolussnooze":0,"activity":-0.0017,"lastBolusTime":1703570533000,"time":"2023-12-26T08:27:12.403Z"}},{"iob":0.126,"basaliob":-0.095,"bolussnooze":0,"activity":0.0021,"lastBolusTime":1703570533000,"time":"2023-12-26T08:32:12.403Z","iobWithZeroTemp":{"iob":-0.401,"basaliob":-0.622,"bolussnooze":0,"activity":-0.0019,"lastBolusTime":1703570533000,"time":"2023-12-26T08:32:12.403Z"}},{"iob":0.116,"basaliob":-0.088,"bolussnooze":0,"activity":0.0019,"lastBolusTime":1703570533000,"time":"2023-12-26T08:37:12.403Z","iobWithZeroTemp":{"iob":-0.424,"basaliob":-0.628,"bolussnooze":0,"activity":-0.0023,"lastBolusTime":1703570533000,"time":"2023-12-26T08:37:12.403Z"}},{"iob":0.107,"basaliob":-0.082,"bolussnooze":0,"activity":0.0018,"lastBolusTime":1703570533000,"time":"2023-12-26T08:42:12.403Z","iobWithZeroTemp":{"iob":-0.445,"basaliob":-0.634,"bolussnooze":0,"activity":-0.0025,"lastBolusTime":1703570533000,"time":"2023-12-26T08:42:12.403Z"}},{"iob":0.098,"basaliob":-0.076,"bolussnooze":0,"activity":0.0017,"lastBolusTime":1703570533000,"time":"2023-12-26T08:47:12.403Z","iobWithZeroTemp":{"iob":-0.465,"basaliob":-0.639,"bolussnooze":0,"activity":-0.0028,"lastBolusTime":1703570533000,"time":"2023-12-26T08:47:12.403Z"}},{"iob":0.091,"basaliob":-0.07,"bolussnooze":0,"activity":0.0015,"lastBolusTime":1703570533000,"time":"2023-12-26T08:52:12.403Z","iobWithZeroTemp":{"iob":-0.483,"basaliob":-0.644,"bolussnooze":0,"activity":-0.0031,"lastBolusTime":1703570533000,"time":"2023-12-26T08:52:12.403Z"}},{"iob":0.083,"basaliob":-0.065,"bolussnooze":0,"activity":0.0014,"lastBolusTime":1703570533000,"time":"2023-12-26T08:57:12.403Z","iobWithZeroTemp":{"iob":-0.501,"basaliob":-0.649,"bolussnooze":0,"activity":-0.0034,"lastBolusTime":1703570533000,"time":"2023-12-26T08:57:12.403Z"}},{"iob":0.076,"basaliob":-0.06,"bolussnooze":0,"activity":0.0014,"lastBolusTime":1703570533000,"time":"2023-12-26T09:02:12.403Z","iobWithZeroTemp":{"iob":-0.517,"basaliob":-0.653,"bolussnooze":0,"activity":-0.0035,"lastBolusTime":1703570533000,"time":"2023-12-26T09:02:12.403Z"}},{"iob":0.069,"basaliob":-0.056,"bolussnooze":0,"activity":0.0012,"lastBolusTime":1703570533000,"time":"2023-12-26T09:07:12.403Z","iobWithZeroTemp":{"iob":-0.532,"basaliob":-0.657,"bolussnooze":0,"activity":-0.0038,"lastBolusTime":1703570533000,"time":"2023-12-26T09:07:12.403Z"}},{"iob":0.063,"basaliob":-0.052,"bolussnooze":0,"activity":0.0011,"lastBolusTime":1703570533000,"time":"2023-12-26T09:12:12.403Z","iobWithZeroTemp":{"iob":-0.546,"basaliob":-0.661,"bolussnooze":0,"activity":-0.004,"lastBolusTime":1703570533000,"time":"2023-12-26T09:12:12.403Z"}},{"iob":0.058,"basaliob":-0.048,"bolussnooze":0,"activity":0.001,"lastBolusTime":1703570533000,"time":"2023-12-26T09:17:12.403Z","iobWithZeroTemp":{"iob":-0.559,"basaliob":-0.665,"bolussnooze":0,"activity":-0.0042,"lastBolusTime":1703570533000,"time":"2023-12-26T09:17:12.403Z"}},{"iob":0.053,"basaliob":-0.044,"bolussnooze":0,"activity":0.001,"lastBolusTime":1703570533000,"time":"2023-12-26T09:22:12.403Z","iobWithZeroTemp":{"iob":-0.571,"basaliob":-0.668,"bolussnooze":0,"activity":-0.0043,"lastBolusTime":1703570533000,"time":"2023-12-26T09:22:12.403Z"}},{"iob":0.048,"basaliob":-0.041,"bolussnooze":0,"activity":8.0E-4,"lastBolusTime":1703570533000,"time":"2023-12-26T09:27:12.403Z","iobWithZeroTemp":{"iob":-0.582,"basaliob":-0.671,"bolussnooze":0,"activity":-0.0046,"lastBolusTime":1703570533000,"time":"2023-12-26T09:27:12.403Z"}},{"iob":0.045,"basaliob":-0.037,"bolussnooze":0,"activity":8.0E-4,"lastBolusTime":1703570533000,"time":"2023-12-26T09:32:12.403Z","iobWithZeroTemp":{"iob":-0.591,"basaliob":-0.673,"bolussnooze":0,"activity":-0.0047,"lastBolusTime":1703570533000,"time":"2023-12-26T09:32:12.403Z"}},{"iob":0.041,"basaliob":-0.034,"bolussnooze":0,"activity":7.0E-4,"lastBolusTime":1703570533000,"time":"2023-12-26T09:37:12.403Z","iobWithZeroTemp":{"iob":-0.601,"basaliob":-0.676,"bolussnooze":0,"activity":-0.0049,"lastBolusTime":1703570533000,"time":"2023-12-26T09:37:12.403Z"}},{"iob":0.037,"basaliob":-0.032,"bolussnooze":0,"activity":7.0E-4,"lastBolusTime":1703570533000,"time":"2023-12-26T09:42:12.403Z","iobWithZeroTemp":{"iob":-0.61,"basaliob":-0.679,"bolussnooze":0,"activity":-0.005,"lastBolusTime":1703570533000,"time":"2023-12-26T09:42:12.403Z"}},{"iob":0.034,"basaliob":-0.029,"bolussnooze":0,"activity":6.0E-4,"lastBolusTime":1703570533000,"time":"2023-12-26T09:47:12.403Z","iobWithZeroTemp":{"iob":-0.617,"basaliob":-0.68,"bolussnooze":0,"activity":-0.0052,"lastBolusTime":1703570533000,"time":"2023-12-26T09:47:12.403Z"}},{"iob":0.031,"basaliob":-0.027,"bolussnooze":0,"activity":5.0E-4,"lastBolusTime":1703570533000,"time":"2023-12-26T09:52:12.403Z","iobWithZeroTemp":{"iob":-0.625,"basaliob":-0.683,"bolussnooze":0,"activity":-0.0053,"lastBolusTime":1703570533000,"time":"2023-12-26T09:52:12.403Z"}},{"iob":0.028,"basaliob":-0.025,"bolussnooze":0,"activity":6.0E-4,"lastBolusTime":1703570533000,"time":"2023-12-26T09:57:12.403Z","iobWithZeroTemp":{"iob":-0.632,"basaliob":-0.685,"bolussnooze":0,"activity":-0.0053,"lastBolusTime":1703570533000,"time":"2023-12-26T09:57:12.403Z"}},{"iob":0.025,"basaliob":-0.023,"bolussnooze":0,"activity":5.0E-4,"lastBolusTime":1703570533000,"time":"2023-12-26T10:02:12.403Z","iobWithZeroTemp":{"iob":-0.639,"basaliob":-0.687,"bolussnooze":0,"activity":-0.0054,"lastBolusTime":1703570533000,"time":"2023-12-26T10:02:12.403Z"}},{"iob":0.023,"basaliob":-0.021,"bolussnooze":0,"activity":4.0E-4,"lastBolusTime":1703570533000,"time":"2023-12-26T10:07:12.403Z","iobWithZeroTemp":{"iob":-0.644,"basaliob":-0.688,"bolussnooze":0,"activity":-0.0056,"lastBolusTime":1703570533000,"time":"2023-12-26T10:07:12.403Z"}},{"iob":0.021,"basaliob":-0.019,"bolussnooze":0,"activity":4.0E-4,"lastBolusTime":1703570533000,"time":"2023-12-26T10:12:12.403Z","iobWithZeroTemp":{"iob":-0.649,"basaliob":-0.689,"bolussnooze":0,"activity":-0.0057,"lastBolusTime":1703570533000,"time":"2023-12-26T10:12:12.403Z"}},{"iob":0.019,"basaliob":-0.017,"bolussnooze":0,"activity":4.0E-4,"lastBolusTime":1703570533000,"time":"2023-12-26T10:17:12.403Z","iobWithZeroTemp":{"iob":-0.654,"basaliob":-0.69,"bolussnooze":0,"activity":-0.0057,"lastBolusTime":1703570533000,"time":"2023-12-26T10:17:12.403Z"}},{"iob":0.017,"basaliob":-0.016,"bolussnooze":0,"activity":3.0E-4,"lastBolusTime":1703570533000,"time":"2023-12-26T10:22:12.403Z","iobWithZeroTemp":{"iob":-0.659,"basaliob":-0.692,"bolussnooze":0,"activity":-0.0058,"lastBolusTime":1703570533000,"time":"2023-12-26T10:22:12.403Z"}},{"iob":0.015,"basaliob":-0.015,"bolussnooze":0,"activity":3.0E-4,"lastBolusTime":1703570533000,"time":"2023-12-26T10:27:12.403Z","iobWithZeroTemp":{"iob":-0.663,"basaliob":-0.693,"bolussnooze":0,"activity":-0.0059,"lastBolusTime":1703570533000,"time":"2023-12-26T10:27:12.403Z"}},{"iob":0.014,"basaliob":-0.013,"bolussnooze":0,"activity":3.0E-4,"lastBolusTime":1703570533000,"time":"2023-12-26T10:32:12.403Z","iobWithZeroTemp":{"iob":-0.667,"basaliob":-0.694,"bolussnooze":0,"activity":-0.0059,"lastBolusTime":1703570533000,"time":"2023-12-26T10:32:12.403Z"}},{"iob":0.013,"basaliob":-0.012,"bolussnooze":0,"activity":3.0E-4,"lastBolusTime":1703570533000,"time":"2023-12-26T10:37:12.403Z","iobWithZeroTemp":{"iob":-0.67,"basaliob":-0.695,"bolussnooze":0,"activity":-0.006,"lastBolusTime":1703570533000,"time":"2023-12-26T10:37:12.403Z"}}],"profile":{"max_iob":7,"type":"current","max_daily_basal":0.45,"max_basal":1.35,"min_bg":106.2,"max_bg":106.2,"target_bg":106.2,"carb_ratio":9,"sens":352.8,"max_daily_safety_multiplier":3,"current_basal_safety_multiplier":4,"lgsThreshold":65,"high_temptarget_raises_sensitivity":false,"low_temptarget_lowers_sensitivity":false,"sensitivity_raises_target":true,"resistance_lowers_target":true,"adv_target_adjustments":false,"exercise_mode":false,"half_basal_exercise_target":160,"maxCOB":120,"skip_neutral_temps":false,"remainingCarbsCap":90,"enableUAM":true,"A52_risk_enable":false,"SMBInterval":4,"enableSMB_with_COB":true,"enableSMB_with_temptarget":false,"allowSMB_with_high_temptarget":true,"enableSMB_always":true,"enableSMB_after_carbs":false,"maxSMBBasalMinutes":60,"maxUAMSMBBasalMinutes":60,"bolus_increment":0.05,"carbsReqThreshold":10,"current_basal":0.4,"temptargetSet":false,"autosens_max":1.2,"autosens_min":0.8,"out_units":"mmol\/L","variable_sens":150.3,"insulinDivisor":65,"TDD":10.210237765714288},"autosens_data":{"ratio":1.1330070161910666},"meal_data":{"carbs":0,"mealCOB":0,"slopeFromMaxDeviation":-1.375,"slopeFromMinDeviation":0.6280000000000001,"lastBolusTime":1703570533000,"lastCarbTime":0},"microBolusAllowed":true,"currentTime":1703572935398,"flatBGsDetected":false,"tdd1D":33.75158333333334,"tdd7D":31.95839285714286,"tddLast24H":36.20908333333333,"tddLast4H":2.893333333333333,"tddLast8to4H":3.952416666666667},"output":{"temp":"absolute","bg":145,"tick":-4,"eventualBG":55,"targetBG":101,"insulinReq":0,"deliverAt":"2023-12-26T06:42:15.398Z","sensitivityRatio":1.1330070161910666,"variable_sens":150.3,"predBGs":{"IOB":[145,140,135,129,124,119,115,110,105,100,96,91,87,83,78,74,71,67,63,59,56,53,49,46,43,40,39],"ZT":[145,139,133,127,121,116,110,106,101,97,94,91,88,86,84,83,82,82,82,82,83,85,87,89,91,93,96,99],"UAM":[145,139,133,127,121,115,110,104,99,94,89,84,79,75,70,66,62,57,53,49,45,41,39]},"reason":"COB: 0, Dev: 0.4, BGI: -0.3, ISF: 8.4, CR: 9, Target: 5.6, minPredBG 2.9, minGuardBG -0.4, IOBpredBG 2.2, UAMpredBG 2.2; minGuardBG -0.4<3.9","COB":0,"IOB":0.645,"duration":120,"rate":0,"timestamp":"2023-12-26T06:42:15.425Z"}}