{"algorithm":"OpenAPSSMBDynamicISFPlugin","input":{"glucoseStatus":{"glucose":137,"noise":0,"delta":-2,"short_avgdelta":-1.61,"long_avgdelta":-3.03,"date":1703907117649},"currenttemp":{"temp":"absolute","duration":80,"rate":0,"minutesrunning":40},"iob_data":[{"iob":0.341,"basaliob":-0.241,"bolussnooze":0,"activity":0.0053,"lastBolusTime":1703904161000,"time":"2023-12-30T03:32:18.610Z","iobWithZeroTemp":{"iob":0.341,"basaliob":-0.241,"bolussnooze":0,"activity":0.0053,"lastBolusTime":1703904161000,"time":"2023-12-30T03:32:18.610Z"}},{"iob":0.316,"basaliob":-0.228,"bolussnooze":0,"activity":0.005,"lastBolusTime":1703904161000,"time":"2023-12-30T03:37:18.610Z","iobWithZeroTemp":{"iob":0.298,"basaliob":-0.246,"bolussnooze":0,"activity":0.005,"lastBolusTime":1703904161000,"time":"2023-12-30T03:37:18.610Z"}},{"iob":0.292,"basaliob":-0.216,"bolussnooze":0,"activity":0.0046,"lastBolusTime":1703904161000,"time":"2023-12-30T03:42:18.610Z","iobWithZeroTemp":{"iob":0.252,"basaliob":-0.256,"bolussnooze":0,"activity":0.0045,"lastBolusTime":1703904161000,"time":"2023-12-30T03:42:18.610Z"}},{"iob":0.27,"basaliob":-0.204,"bolussnooze":0,"activity":0.0043,"lastBolusTime":1703904161000,"time":"2023-12-30T03:47:18.610Z","iobWithZeroTemp":{"iob":0.208,"basaliob":-0.266,"bolussnooze":0,"activity":0.0042,"lastBolusTime":1703904161000,"time":"2023-12-30T03:47:18.610Z"}},{"iob":0.248,"basaliob":-0.193,"bolussnooze":0,"activity":0.004,"lastBolusTime":1703904161000,"time":"2023-12-30T03:52:18.610Z","iobWithZeroTemp":{"iob":0.164,"basaliob":-0.277,"bolussnooze":0,"activity":0.0038,"lastBolusTime":1703904161000,"time":"2023-12-30T03:52:18.610Z"}},{"iob":0.229,"basaliob":-0.182,"bolussnooze":0,"activity":0.0037,"lastBolusTime":1703904161000,"time":"2023-12-30T03:57:18.610Z","iobWithZeroTemp":{"iob":0.124,"basaliob":-0.287,"bolussnooze":0,"activity":0.0034,"lastBolusTime":1703904161000,"time":"2023-12-30T03:57:18.610Z"}},{"iob":0.211,"basaliob":-0.171,"bolussnooze":0,"activity":0.0035,"lastBolusTime":1703904161000,"time":"2023-12-30T04:02:18.610Z","iobWithZeroTemp":{"iob":0.085,"basaliob":-0.297,"bolussnooze":0,"activity":0.003,"lastBolusTime":1703904161000,"time":"2023-12-30T04:02:18.610Z"}},{"iob":0.194,"basaliob":-0.161,"bolussnooze":0,"activity":0.0032,"lastBolusTime":1703904161000,"time":"2023-12-30T04:07:18.610Z","iobWithZeroTemp":{"iob":0.044,"basaliob":-0.311,"bolussnooze":0,"activity":0.0026,"lastBolusTime":1703904161000,"time":"2023-12-30T04:07:18.610Z"}},{"iob":0.179,"basaliob":-0.151,"bolussnooze":0,"activity":0.003,"lastBolusTime":1703904161000,"time":"2023-12-30T04:12:18.610Z","iobWithZeroTemp":{"iob":0.007,"basaliob":-0.323,"bolussnooze":0,"activity":0.0023,"lastBolusTime":1703904161000,"time":"2023-12-30T04:12:18.610Z"}},{"iob":0.164,"basaliob":-0.142,"bolussnooze":0,"activity":0.0028,"lastBolusTime":1703904161000,"time":"2023-12-30T04:17:18.610Z","iobWithZeroTemp":{"iob":-0.029,"basaliob":-0.335,"bolussnooze":0,"activity":0.0019,"lastBolusTime":1703904161000,"time":"2023-12-30T04:17:18.610Z"}},{"iob":0.151,"basaliob":-0.133,"bolussnooze":0,"activity":0.0025,"lastBolusTime":1703904161000,"time":"2023-12-30T04:22:18.610Z","iobWithZeroTemp":{"iob":-0.062,"basaliob":-0.346,"bolussnooze":0,"activity":0.0014,"lastBolusTime":1703904161000,"time":"2023-12-30T04:22:18.610Z"}},{"iob":0.139,"basaliob":-0.124,"bolussnooze":0,"activity":0.0023,"lastBolusTime":1703904161000,"time":"2023-12-30T04:27:18.610Z","iobWithZeroTemp":{"iob":-0.093,"basaliob":-0.356,"bolussnooze":0,"activity":0.0011,"lastBolusTime":1703904161000,"time":"2023-12-30T04:27:18.610Z"}},{"iob":0.127,"basaliob":-0.116,"bolussnooze":0,"activity":0.0022,"lastBolusTime":1703904161000,"time":"2023-12-30T04:32:18.610Z","iobWithZeroTemp":{"iob":-0.124,"basaliob":-0.367,"bolussnooze":0,"activity":8.0E-4,"lastBolusTime":1703904161000,"time":"2023-12-30T04:32:18.610Z"}},{"iob":0.117,"basaliob":-0.108,"bolussnooze":0,"activity":0.002,"lastBolusTime":1703904161000,"time":"2023-12-30T04:37:18.610Z","iobWithZeroTemp":{"iob":-0.151,"basaliob":-0.376,"bolussnooze":0,"activity":4.0E-4,"lastBolusTime":1703904161000,"time":"2023-12-30T04:37:18.610Z"}},{"iob":0.107,"basaliob":-0.101,"bolussnooze":0,"activity":0.0019,"lastBolusTime":1703904161000,"time":"2023-12-30T04:42:18.610Z","iobWithZeroTemp":{"iob":-0.178,"basaliob":-0.386,"bolussnooze":0,"activity":2.0E-4,"lastBolusTime":1703904161000,"time":"2023-12-30T04:42:18.610Z"}},{"iob":0.098,"basaliob":-0.094,"bolussnooze":0,"activity":0.0018,"lastBolusTime":1703904161000,"time":"2023-12-30T04:47:18.610Z","iobWithZeroTemp":{"iob":-0.203,"basaliob":-0.395,"bolussnooze":0,"activity":-1.0E-4,"lastBolusTime":1703904161000,"time":"2023-12-30T04:47:18.610Z"}},{"iob":0.089,"basaliob":-0.088,"bolussnooze":0,"activity":0.0016,"lastBolusTime":1703904161000,"time":"2023-12-30T04:52:18.610Z","iobWithZeroTemp":{"iob":-0.227,"basaliob":-0.404,"bolussnooze":0,"activity":-5.0E-4,"lastBolusTime":1703904161000,"time":"2023-12-30T04:52:18.610Z"}},{"iob":0.083,"basaliob":-0.081,"bolussnooze":0,"activity":0.0015,"lastBolusTime":1703904161000,"time":"2023-12-30T04:57:18.610Z","iobWithZeroTemp":{"iob":-0.247,"basaliob":-0.411,"bolussnooze":0,"activity":-7.0E-4,"lastBolusTime":1703904161000,"time":"2023-12-30T04:57:18.610Z"}},{"iob":0.075,"basaliob":-0.076,"bolussnooze":0,"activity":0.0014,"lastBolusTime":1703904161000,"time":"2023-12-30T05:02:18.610Z","iobWithZeroTemp":{"iob":-0.268,"basaliob":-0.419,"bolussnooze":0,"activity":-0.001,"lastBolusTime":1703904161000,"time":"2023-12-30T05:02:18.610Z"}},{"iob":0.069,"basaliob":-0.07,"bolussnooze":0,"activity":0.0013,"lastBolusTime":1703904161000,"time":"2023-12-30T05:07:18.610Z","iobWithZeroTemp":{"iob":-0.295,"basaliob":-0.434,"bolussnooze":0,"activity":-0.0012,"lastBolusTime":1703904161000,"time":"2023-12-30T05:07:18.610Z"}},{"iob":0.063,"basaliob":-0.065,"bolussnooze":0,"activity":0.0011,"lastBolusTime":1703904161000,"time":"2023-12-30T05:12:18.610Z","iobWithZeroTemp":{"iob":-0.321,"basaliob":-0.449,"bolussnooze":0,"activity":-0.0016,"lastBolusTime":1703904161000,"time":"2023-12-30T05:12:18.610Z"}},{"iob":0.057,"basaliob":-0.06,"bolussnooze":0,"activity":0.0011,"lastBolusTime":1703904161000,"time":"2023-12-30T05:17:18.610Z","iobWithZeroTemp":{"iob":-0.347,"basaliob":-0.464,"bolussnooze":0,"activity":-0.0018,"lastBolusTime":1703904161000,"time":"2023-12-30T05:17:18.610Z"}},{"iob":0.052,"basaliob":-0.056,"bolussnooze":0,"activity":9.0E-4,"lastBolusTime":1703904161000,"time":"2023-12-30T05:22:18.610Z","iobWithZeroTemp":{"iob":-0.378,"basaliob":-0.486,"bolussnooze":0,"activity":-0.0022,"lastBolusTime":1703904161000,"time":"2023-12-30T05:22:18.610Z"}},{"iob":0.047,"basaliob":-0.052,"bolussnooze":0,"activity":9.0E-4,"lastBolusTime":1703904161000,"time":"2023-12-30T05:27:18.610Z","iobWithZeroTemp":{"iob":-0.4,"basaliob":-0.499,"bolussnooze":0,"activity":-0.0024,"lastBolusTime":1703904161000,"time":"2023-12-30T05:27:18.610Z"}},{"iob":0.043,"basaliob":-0.048,"bolussnooze":0,"activity":9.0E-4,"lastBolusTime":1703904161000,"time":"2023-12-30T05:32:18.610Z","iobWithZeroTemp":{"iob":-0.421,"basaliob":-0.512,"bolussnooze":0,"activity":-0.0025,"lastBolusTime":1703904161000,"time":"2023-12-30T05:32:18.610Z"}},{"iob":0.039,"basaliob":-0.044,"bolussnooze":0,"activity":8.0E-4,"lastBolusTime":1703904161000,"time":"2023-12-30T05:37:18.610Z","iobWithZeroTemp":{"iob":-0.441,"basaliob":-0.524,"bolussnooze":0,"activity":-0.0028,"lastBolusTime":1703904161000,"time":"2023-12-30T05:37:18.610Z"}},{"iob":0.035,"basaliob":-0.041,"bolussnooze":0,"activity":6.0E-4,"lastBolusTime":1703904161000,"time":"2023-12-30T05:42:18.610Z","iobWithZeroTemp":{"iob":-0.46,"basaliob":-0.536,"bolussnooze":0,"activity":-0.0032,"lastBolusTime":1703904161000,"time":"2023-12-30T05:42:18.610Z"}},{"iob":0.032,"basaliob":-0.038,"bolussnooze":0,"activity":6.0E-4,"lastBolusTime":1703904161000,"time":"2023-12-30T05:47:18.610Z","iobWithZeroTemp":{"iob":-0.477,"basaliob":-0.547,"bolussnooze":0,"activity":-0.0033,"lastBolusTime":1703904161000,"time":"2023-12-30T05:47:18.610Z"}},{"iob":0.029,"basaliob":-0.035,"bolussnooze":0,"activity":5.0E-4,"lastBolusTime":1703904161000,"time":"2023-12-30T05:52:18.610Z","iobWithZeroTemp":{"iob":-0.493,"basaliob":-0.557,"bolussnooze":0,"activity":-0.0036,"lastBolusTime":1703904161000,"time":"2023-12-30T05:52:18.610Z"}},{"iob":0.027,"basaliob":-0.032,"bolussnooze":0,"activity":6.0E-4,"lastBolusTime":1703904161000,"time":"2023-12-30T05:57:18.610Z","iobWithZeroTemp":{"iob":-0.508,"basaliob":-0.567,"bolussnooze":0,"activity":-0.0036,"lastBolusTime":1703904161000,"time":"2023-12-30T05:57:18.610Z"}},{"iob":0.023,"basaliob":-0.03,"bolussnooze":0,"activity":5.0E-4,"lastBolusTime":1703904161000,"time":"2023-12-30T06:02:18.610Z","iobWithZeroTemp":{"iob":-0.524,"basaliob":-0.577,"bolussnooze":0,"activity":-0.0039,"lastBolusTime":1703904161000,"time":"2023-12-30T06:02:18.610Z"}},{"iob":0.022,"basaliob":-0.027,"bolussnooze":0,"activity":4.0E-4,"lastBolusTime":1703904161000,"time":"2023-12-30T06:07:18.610Z","iobWithZeroTemp":{"iob":-0.536,"basaliob":-0.585,"bolussnooze":0,"activity":-0.0041,"lastBolusTime":1703904161000,"time":"2023-12-30T06:07:18.610Z"}},{"iob":0.019,"basaliob":-0.025,"bolussnooze":0,"activity":4.0E-4,"lastBolusTime":1703904161000,"time":"2023-12-30T06:12:18.610Z","iobWithZeroTemp":{"iob":-0.549,"basaliob":-0.593,"bolussnooze":0,"activity":-0.0042,"lastBolusTime":1703904161000,"time":"2023-12-30T06:12:18.610Z"}},{"iob":0.018,"basaliob":-0.023,"bolussnooze":0,"activity":4.0E-4,"lastBolusTime":1703904161000,"time":"2023-12-30T06:17:18.610Z","iobWithZeroTemp":{"iob":-0.56,"basaliob":-0.601,"bolussnooze":0,"activity":-0.0044,"lastBolusTime":1703904161000,"time":"2023-12-30T06:17:18.610Z"}},{"iob":0.016,"basaliob":-0.021,"bolussnooze":0,"activity":3.0E-4,"lastBolusTime":1703904161000,"time":"2023-12-30T06:22:18.610Z","iobWithZeroTemp":{"iob":-0.571,"basaliob":-0.608,"bolussnooze":0,"activity":-0.0046,"lastBolusTime":1703904161000,"time":"2023-12-30T06:22:18.610Z"}},{"iob":0.015,"basaliob":-0.019,"bolussnooze":0,"activity":3.0E-4,"lastBolusTime":1703904161000,"time":"2023-12-30T06:27:18.610Z","iobWithZeroTemp":{"iob":-0.581,"basaliob":-0.615,"bolussnooze":0,"activity":-0.0047,"lastBolusTime":1703904161000,"time":"2023-12-30T06:27:18.610Z"}},{"iob":0.013,"basaliob":-0.018,"bolussnooze":0,"activity":3.0E-4,"lastBolusTime":1703904161000,"time":"2023-12-30T06:32:18.610Z","iobWithZeroTemp":{"iob":-0.591,"basaliob":-0.622,"bolussnooze":0,"activity":-0.0048,"lastBolusTime":1703904161000,"time":"2023-12-30T06:32:18.610Z"}},{"iob":0.012,"basaliob":-0.016,"bolussnooze":0,"activity":2.0E-4,"lastBolusTime":1703904161000,"time":"2023-12-30T06:37:18.610Z","iobWithZeroTemp":{"iob":-0.6,"basaliob":-0.628,"bolussnooze":0,"activity":-0.005,"lastBolusTime":1703904161000,"time":"2023-12-30T06:37:18.610Z"}},{"iob":0.01,"basaliob":-0.015,"bolussnooze":0,"activity":2.0E-4,"lastBolusTime":1703904161000,"time":"2023-12-30T06:42:18.610Z","iobWithZeroTemp":{"iob":-0.609,"basaliob":-0.634,"bolussnooze":0,"activity":-0.0051,"lastBolusTime":1703904161000,"time":"2023-12-30T06:42:18.610Z"}},{"iob":0.009,"basaliob":-0.014,"bolussnooze":0,"activity":3.0E-4,"lastBolusTime":1703904161000,"time":"2023-12-30T06:47:18.610Z","iobWithZeroTemp":{"iob":-0.616,"basaliob":-0.639,"bolussnooze":0,"activity":-0.0051,"lastBolusTime":1703904161000,"time":"2023-12-30T06:47:18.610Z"}},{"iob":0.009,"basaliob":-0.012,"bolussnooze":0,"activity":2.0E-4,"lastBolusTime":1703904161000,"time":"2023-12-30T06:52:18.610Z","iobWithZeroTemp":{"iob":-0.622,"basaliob":-0.643,"bolussnooze":0,"activity":-0.0053,"lastBolusTime":1703904161000,"time":"2023-12-30T06:52:18.610Z"}},{"iob":0.008,"basaliob":-0.011,"bolussnooze":0,"activity":2.0E-4,"lastBolusTime":1703904161000,"time":"2023-12-30T06:57:18.610Z","iobWithZeroTemp":{"iob":-0.629,"basaliob":-0.648,"bolussnooze":0,"activity":-0.0054,"lastBolusTime":1703904161000,"time":"2023-12-30T06:57:18.610Z"}},{"iob":0.007,"basaliob":-0.01,"bolussnooze":0,"activity":1.0E-4,"lastBolusTime":1703904161000,"time":"2023-12-30T07:02:18.610Z","iobWithZeroTemp":{"iob":-0.635,"basaliob":-0.652,"bolussnooze":0,"activity":-0.0055,"lastBolusTime":1703904161000,"time":"2023-12-30T07:02:18.610Z"}},{"iob":0.006,"basaliob":-0.009,"bolussnooze":0,"activity":1.0E-4,"lastBolusTime":1703904161000,"time":"2023-12-30T07:07:18.610Z","iobWithZeroTemp":{"iob":-0.641,"basaliob":-0.656,"bolussnooze":0,"activity":-0.0056,"lastBolusTime":1703904161000,"time":"2023-12-30T07:07:18.610Z"}},{"iob":0.005,"basaliob":-0.009,"bolussnooze":0,"activity":1.0E-4,"lastBolusTime":1703904161000,"time":"2023-12-30T07:12:18.610Z","iobWithZeroTemp":{"iob":-0.647,"basaliob":-0.661,"bolussnooze":0,"activity":-0.0057,"lastBolusTime":1703904161000,"time":"2023-12-30T07:12:18.610Z"}},{"iob":0.004,"basaliob":-0.008,"bolussnooze":0,"activity":2.0E-4,"lastBolusTime":1703904161000,"time":"2023-12-30T07:17:18.610Z","iobWithZeroTemp":{"iob":-0.652,"basaliob":-0.664,"bolussnooze":0,"activity":-0.0056,"lastBolusTime":1703904161000,"time":"2023-12-30T07:17:18.610Z"}},{"iob":0.004,"basaliob":-0.007,"bolussnooze":0,"activity":1.0E-4,"lastBolusTime":1703904161000,"time":"2023-12-30T07:22:18.610Z","iobWithZeroTemp":{"iob":-0.656,"basaliob":-0.667,"bolussnooze":0,"activity":-0.0058,"lastBolusTime":1703904161000,"time":"2023-12-30T07:22:18.610Z"}},{"iob":0.003,"basaliob":-0.007,"bolussnooze":0,"activity":1.0E-4,"lastBolusTime":1703904161000,"time":"2023-12-30T07:27:18.610Z","iobWithZeroTemp":{"iob":-0.661,"basaliob":-0.671,"bolussnooze":0,"activity":-0.0059,"lastBolusTime":1703904161000,"time":"2023-12-30T07:27:18.610Z"}}],"profile":{"max_iob":7,"type":"current","max_daily_basal":0.45,"max_basal":1.08,"min_bg":106.2,"max_bg":106.2,"target_bg":106.2,"carb_ratio":11,"sens":369,"max_daily_safety_multiplier":3,"current_basal_safety_multiplier":4,"lgsThreshold":65,"high_temptarget_raises_sensitivity":false,"low_temptarget_lowers_sensitivity":false,"sensitivity_raises_target":true,"resistance_lowers_target":true,"adv_target_adjustments":false,"exercise_mode":false,"half_basal_exercise_target":160,"maxCOB":120,"skip_neutral_temps":false,"remainingCarbsCap":90,"enableUAM":true,"A52_risk_enable":false,"SMBInterval":4,"enableSMB_with_COB":true,"enableSMB_with_temptarget":false,"allowSMB_with_high_temptarget":true,"enableSMB_always":true,"enableSMB_after_carbs":false,"maxSMBBasalMinutes":60,"maxUAMSMBBasalMinutes":60,"bolus_increment":0.05,"carbsReqThreshold":10,"current_basal":0.27,"temptargetSet":false,"autosens_max":1.2,"autosens_min":0.8,"out_units":"mmol\/L","variable_sens":193.6,"insulinDivisor":65,"TDD":8.200607725000001},"autosens_data":{"ratio":0.9898087264988822},"meal_data":{"carbs":17,"mealCOB":0,"slopeFromMaxDeviation":-0.5483050847457627,"slopeFromMinDeviation":0,"lastBolusTime":1703904161000,"lastCarbTime":1703895965000},"microBolusAllowed":true,"currentTime":1703907140967,"flatBGsDetected":false,"tdd1D":23.883833333333342,"tdd7D":27.277071428571436,"tddLast24H":26.99908333333334,"tddLast4H":2.9205833333333335,"tddLast8to4H":3.748333333333333},"output":{"temp":"absolute","bg":137,"tick":-2,"eventualBG":90,"targetBG":107,"insulinReq":0,"deliverAt":"2023-12-30T03:32:20.967Z","sensitivityRatio":0.9898087264988822,"variable_sens":193.6,"predBGs":{"IOB":[137,135,132,130,128,126,124,121,119,117,114,112,109,107,104,102,100,98,96,95,93,92,90,89,88,87,86,85,84,84,83,82,82,81,81,80,80,79,79,79,78,78,78,78,78,77],"ZT":[137,132,127,122,118,114,110,107,104,101,99,98,96,95,95,95,95,95,96,97,99,101,103,105],"UAM":[137,134,132,128,125,121,117,114,110,107,104,101,98,96,93,91,88,86,85,83,81,79,78,77,75,74,73,72,71,70,70,69,68,68,67,67,66,66,65,65,64,64,64,64,64,63]},"reason":"COB: 0, Dev: 1.1, BGI: -0.3, ISF: 10.8, CR: 11, Target: 5.9, minPredBG 3.8, minGuardBG 3.5, IOBpredBG 4.3, UAMpredBG 3.5; minGuardBG 3.5<4.1 80m left and 0 ~ req 0U\/hr: no temp required","COB":0,"IOB":0.341,"timestamp":"2023-12-30T03:32:21.001Z"}}