{"algorithm":"OpenAPSSMBDynamicISFPlugin","input":{"glucoseStatus":{"glucose":118,"noise":0,"delta":-10,"short_avgdelta":-8.5,"long_avgdelta":1.05,"date":1703941018100},"currenttemp":{"temp":"absolute","duration":15,"rate":0,"minutesrunning":15},"iob_data":[{"iob":0.775,"basaliob":-0.43,"bolussnooze":0,"activity":0.0048,"lastBolusTime":1703940167000,"time":"2023-12-30T12:57:20.512Z","iobWithZeroTemp":{"iob":0.775,"basaliob":-0.43,"bolussnooze":0,"activity":0.0048,"lastBolusTime":1703940167000,"time":"2023-12-30T12:57:20.512Z"}},{"iob":0.75,"basaliob":-0.406,"bolussnooze":0,"activity":0.0052,"lastBolusTime":1703940167000,"time":"2023-12-30T13:02:20.512Z","iobWithZeroTemp":{"iob":0.723,"basaliob":-0.433,"bolussnooze":0,"activity":0.0052,"lastBolusTime":1703940167000,"time":"2023-12-30T13:02:20.512Z"}},{"iob":0.724,"basaliob":-0.383,"bolussnooze":0,"activity":0.0054,"lastBolusTime":1703940167000,"time":"2023-12-30T13:07:20.512Z","iobWithZeroTemp":{"iob":0.664,"basaliob":-0.443,"bolussnooze":0,"activity":0.0053,"lastBolusTime":1703940167000,"time":"2023-12-30T13:07:20.512Z"}},{"iob":0.696,"basaliob":-0.36,"bolussnooze":0,"activity":0.0057,"lastBolusTime":1703940167000,"time":"2023-12-30T13:12:20.512Z","iobWithZeroTemp":{"iob":0.604,"basaliob":-0.452,"bolussnooze":0,"activity":0.0055,"lastBolusTime":1703940167000,"time":"2023-12-30T13:12:20.512Z"}},{"iob":0.667,"basaliob":-0.339,"bolussnooze":0,"activity":0.0058,"lastBolusTime":1703940167000,"time":"2023-12-30T13:17:20.512Z","iobWithZeroTemp":{"iob":0.542,"basaliob":-0.464,"bolussnooze":0,"activity":0.0055,"lastBolusTime":1703940167000,"time":"2023-12-30T13:17:20.512Z"}},{"iob":0.638,"basaliob":-0.318,"bolussnooze":0,"activity":0.0059,"lastBolusTime":1703940167000,"time":"2023-12-30T13:22:20.512Z","iobWithZeroTemp":{"iob":0.482,"basaliob":-0.474,"bolussnooze":0,"activity":0.0054,"lastBolusTime":1703940167000,"time":"2023-12-30T13:22:20.512Z"}},{"iob":0.608,"basaliob":-0.299,"bolussnooze":0,"activity":0.0058,"lastBolusTime":1703940167000,"time":"2023-12-30T13:27:20.512Z","iobWithZeroTemp":{"iob":0.422,"basaliob":-0.485,"bolussnooze":0,"activity":0.0051,"lastBolusTime":1703940167000,"time":"2023-12-30T13:27:20.512Z"}},{"iob":0.579,"basaliob":-0.28,"bolussnooze":0,"activity":0.0058,"lastBolusTime":1703940167000,"time":"2023-12-30T13:32:20.512Z","iobWithZeroTemp":{"iob":0.363,"basaliob":-0.496,"bolussnooze":0,"activity":0.0049,"lastBolusTime":1703940167000,"time":"2023-12-30T13:32:20.512Z"}},{"iob":0.55,"basaliob":-0.262,"bolussnooze":0,"activity":0.0058,"lastBolusTime":1703940167000,"time":"2023-12-30T13:37:20.512Z","iobWithZeroTemp":{"iob":0.306,"basaliob":-0.506,"bolussnooze":0,"activity":0.0047,"lastBolusTime":1703940167000,"time":"2023-12-30T13:37:20.512Z"}},{"iob":0.521,"basaliob":-0.245,"bolussnooze":0,"activity":0.0057,"lastBolusTime":1703940167000,"time":"2023-12-30T13:42:20.512Z","iobWithZeroTemp":{"iob":0.249,"basaliob":-0.517,"bolussnooze":0,"activity":0.0044,"lastBolusTime":1703940167000,"time":"2023-12-30T13:42:20.512Z"}},{"iob":0.493,"basaliob":-0.229,"bolussnooze":0,"activity":0.0056,"lastBolusTime":1703940167000,"time":"2023-12-30T13:47:20.512Z","iobWithZeroTemp":{"iob":0.195,"basaliob":-0.527,"bolussnooze":0,"activity":0.0041,"lastBolusTime":1703940167000,"time":"2023-12-30T13:47:20.512Z"}},{"iob":0.467,"basaliob":-0.213,"bolussnooze":0,"activity":0.0053,"lastBolusTime":1703940167000,"time":"2023-12-30T13:52:20.512Z","iobWithZeroTemp":{"iob":0.144,"basaliob":-0.536,"bolussnooze":0,"activity":0.0035,"lastBolusTime":1703940167000,"time":"2023-12-30T13:52:20.512Z"}},{"iob":0.44,"basaliob":-0.199,"bolussnooze":0,"activity":0.0052,"lastBolusTime":1703940167000,"time":"2023-12-30T13:57:20.512Z","iobWithZeroTemp":{"iob":0.093,"basaliob":-0.546,"bolussnooze":0,"activity":0.0032,"lastBolusTime":1703940167000,"time":"2023-12-30T13:57:20.512Z"}},{"iob":0.415,"basaliob":-0.185,"bolussnooze":0,"activity":0.005,"lastBolusTime":1703940167000,"time":"2023-12-30T14:02:20.512Z","iobWithZeroTemp":{"iob":0.045,"basaliob":-0.555,"bolussnooze":0,"activity":0.0028,"lastBolusTime":1703940167000,"time":"2023-12-30T14:02:20.512Z"}},{"iob":0.39,"basaliob":-0.172,"bolussnooze":0,"activity":0.0048,"lastBolusTime":1703940167000,"time":"2023-12-30T14:07:20.512Z","iobWithZeroTemp":{"iob":-0.001,"basaliob":-0.563,"bolussnooze":0,"activity":0.0024,"lastBolusTime":1703940167000,"time":"2023-12-30T14:07:20.512Z"}},{"iob":0.367,"basaliob":-0.16,"bolussnooze":0,"activity":0.0047,"lastBolusTime":1703940167000,"time":"2023-12-30T14:12:20.512Z","iobWithZeroTemp":{"iob":-0.045,"basaliob":-0.572,"bolussnooze":0,"activity":0.002,"lastBolusTime":1703940167000,"time":"2023-12-30T14:12:20.512Z"}},{"iob":0.344,"basaliob":-0.149,"bolussnooze":0,"activity":0.0044,"lastBolusTime":1703940167000,"time":"2023-12-30T14:17:20.512Z","iobWithZeroTemp":{"iob":-0.087,"basaliob":-0.58,"bolussnooze":0,"activity":0.0015,"lastBolusTime":1703940167000,"time":"2023-12-30T14:17:20.512Z"}},{"iob":0.323,"basaliob":-0.138,"bolussnooze":0,"activity":0.0042,"lastBolusTime":1703940167000,"time":"2023-12-30T14:22:20.512Z","iobWithZeroTemp":{"iob":-0.127,"basaliob":-0.588,"bolussnooze":0,"activity":0.0011,"lastBolusTime":1703940167000,"time":"2023-12-30T14:22:20.512Z"}},{"iob":0.302,"basaliob":-0.128,"bolussnooze":0,"activity":0.004,"lastBolusTime":1703940167000,"time":"2023-12-30T14:27:20.512Z","iobWithZeroTemp":{"iob":-0.165,"basaliob":-0.595,"bolussnooze":0,"activity":7.0E-4,"lastBolusTime":1703940167000,"time":"2023-12-30T14:27:20.512Z"}},{"iob":0.282,"basaliob":-0.119,"bolussnooze":0,"activity":0.0038,"lastBolusTime":1703940167000,"time":"2023-12-30T14:32:20.512Z","iobWithZeroTemp":{"iob":-0.202,"basaliob":-0.603,"bolussnooze":0,"activity":3.0E-4,"lastBolusTime":1703940167000,"time":"2023-12-30T14:32:20.512Z"}},{"iob":0.264,"basaliob":-0.11,"bolussnooze":0,"activity":0.0036,"lastBolusTime":1703940167000,"time":"2023-12-30T14:37:20.512Z","iobWithZeroTemp":{"iob":-0.235,"basaliob":-0.609,"bolussnooze":0,"activity":-1.0E-4,"lastBolusTime":1703940167000,"time":"2023-12-30T14:37:20.512Z"}},{"iob":0.246,"basaliob":-0.102,"bolussnooze":0,"activity":0.0034,"lastBolusTime":1703940167000,"time":"2023-12-30T14:42:20.512Z","iobWithZeroTemp":{"iob":-0.268,"basaliob":-0.616,"bolussnooze":0,"activity":-5.0E-4,"lastBolusTime":1703940167000,"time":"2023-12-30T14:42:20.512Z"}},{"iob":0.23,"basaliob":-0.094,"bolussnooze":0,"activity":0.0032,"lastBolusTime":1703940167000,"time":"2023-12-30T14:47:20.512Z","iobWithZeroTemp":{"iob":-0.297,"basaliob":-0.621,"bolussnooze":0,"activity":-8.0E-4,"lastBolusTime":1703940167000,"time":"2023-12-30T14:47:20.512Z"}},{"iob":0.214,"basaliob":-0.087,"bolussnooze":0,"activity":0.003,"lastBolusTime":1703940167000,"time":"2023-12-30T14:52:20.512Z","iobWithZeroTemp":{"iob":-0.326,"basaliob":-0.627,"bolussnooze":0,"activity":-0.0012,"lastBolusTime":1703940167000,"time":"2023-12-30T14:52:20.512Z"}},{"iob":0.2,"basaliob":-0.08,"bolussnooze":0,"activity":0.0029,"lastBolusTime":1703940167000,"time":"2023-12-30T14:57:20.512Z","iobWithZeroTemp":{"iob":-0.352,"basaliob":-0.632,"bolussnooze":0,"activity":-0.0014,"lastBolusTime":1703940167000,"time":"2023-12-30T14:57:20.512Z"}},{"iob":0.186,"basaliob":-0.074,"bolussnooze":0,"activity":0.0027,"lastBolusTime":1703940167000,"time":"2023-12-30T15:02:20.512Z","iobWithZeroTemp":{"iob":-0.377,"basaliob":-0.637,"bolussnooze":0,"activity":-0.0018,"lastBolusTime":1703940167000,"time":"2023-12-30T15:02:20.512Z"}},{"iob":0.173,"basaliob":-0.068,"bolussnooze":0,"activity":0.0025,"lastBolusTime":1703940167000,"time":"2023-12-30T15:07:20.512Z","iobWithZeroTemp":{"iob":-0.401,"basaliob":-0.642,"bolussnooze":0,"activity":-0.0021,"lastBolusTime":1703940167000,"time":"2023-12-30T15:07:20.512Z"}},{"iob":0.16,"basaliob":-0.063,"bolussnooze":0,"activity":0.0024,"lastBolusTime":1703940167000,"time":"2023-12-30T15:12:20.512Z","iobWithZeroTemp":{"iob":-0.424,"basaliob":-0.647,"bolussnooze":0,"activity":-0.0024,"lastBolusTime":1703940167000,"time":"2023-12-30T15:12:20.512Z"}},{"iob":0.149,"basaliob":-0.058,"bolussnooze":0,"activity":0.0022,"lastBolusTime":1703940167000,"time":"2023-12-30T15:17:20.512Z","iobWithZeroTemp":{"iob":-0.444,"basaliob":-0.651,"bolussnooze":0,"activity":-0.0027,"lastBolusTime":1703940167000,"time":"2023-12-30T15:17:20.512Z"}},{"iob":0.138,"basaliob":-0.053,"bolussnooze":0,"activity":0.0021,"lastBolusTime":1703940167000,"time":"2023-12-30T15:22:20.512Z","iobWithZeroTemp":{"iob":-0.463,"basaliob":-0.654,"bolussnooze":0,"activity":-0.0029,"lastBolusTime":1703940167000,"time":"2023-12-30T15:22:20.512Z"}},{"iob":0.128,"basaliob":-0.049,"bolussnooze":0,"activity":0.002,"lastBolusTime":1703940167000,"time":"2023-12-30T15:27:20.512Z","iobWithZeroTemp":{"iob":-0.481,"basaliob":-0.658,"bolussnooze":0,"activity":-0.0031,"lastBolusTime":1703940167000,"time":"2023-12-30T15:27:20.512Z"}},{"iob":0.118,"basaliob":-0.045,"bolussnooze":0,"activity":0.0018,"lastBolusTime":1703940167000,"time":"2023-12-30T15:32:20.512Z","iobWithZeroTemp":{"iob":-0.499,"basaliob":-0.662,"bolussnooze":0,"activity":-0.0034,"lastBolusTime":1703940167000,"time":"2023-12-30T15:32:20.512Z"}},{"iob":0.11,"basaliob":-0.041,"bolussnooze":0,"activity":0.0017,"lastBolusTime":1703940167000,"time":"2023-12-30T15:37:20.512Z","iobWithZeroTemp":{"iob":-0.514,"basaliob":-0.665,"bolussnooze":0,"activity":-0.0036,"lastBolusTime":1703940167000,"time":"2023-12-30T15:37:20.512Z"}},{"iob":0.101,"basaliob":-0.038,"bolussnooze":0,"activity":0.0015,"lastBolusTime":1703940167000,"time":"2023-12-30T15:42:20.512Z","iobWithZeroTemp":{"iob":-0.529,"basaliob":-0.668,"bolussnooze":0,"activity":-0.0039,"lastBolusTime":1703940167000,"time":"2023-12-30T15:42:20.512Z"}},{"iob":0.093,"basaliob":-0.035,"bolussnooze":0,"activity":0.0015,"lastBolusTime":1703940167000,"time":"2023-12-30T15:47:20.512Z","iobWithZeroTemp":{"iob":-0.543,"basaliob":-0.671,"bolussnooze":0,"activity":-0.004,"lastBolusTime":1703940167000,"time":"2023-12-30T15:47:20.512Z"}},{"iob":0.086,"basaliob":-0.032,"bolussnooze":0,"activity":0.0013,"lastBolusTime":1703940167000,"time":"2023-12-30T15:52:20.512Z","iobWithZeroTemp":{"iob":-0.556,"basaliob":-0.674,"bolussnooze":0,"activity":-0.0043,"lastBolusTime":1703940167000,"time":"2023-12-30T15:52:20.512Z"}},{"iob":0.08,"basaliob":-0.029,"bolussnooze":0,"activity":0.0013,"lastBolusTime":1703940167000,"time":"2023-12-30T15:57:20.512Z","iobWithZeroTemp":{"iob":-0.567,"basaliob":-0.676,"bolussnooze":0,"activity":-0.0044,"lastBolusTime":1703940167000,"time":"2023-12-30T15:57:20.512Z"}},{"iob":0.073,"basaliob":-0.027,"bolussnooze":0,"activity":0.0012,"lastBolusTime":1703940167000,"time":"2023-12-30T16:02:20.512Z","iobWithZeroTemp":{"iob":-0.578,"basaliob":-0.678,"bolussnooze":0,"activity":-0.0046,"lastBolusTime":1703940167000,"time":"2023-12-30T16:02:20.512Z"}},{"iob":0.068,"basaliob":-0.024,"bolussnooze":0,"activity":0.0012,"lastBolusTime":1703940167000,"time":"2023-12-30T16:07:20.512Z","iobWithZeroTemp":{"iob":-0.588,"basaliob":-0.68,"bolussnooze":0,"activity":-0.0046,"lastBolusTime":1703940167000,"time":"2023-12-30T16:07:20.512Z"}},{"iob":0.063,"basaliob":-0.022,"bolussnooze":0,"activity":0.001,"lastBolusTime":1703940167000,"time":"2023-12-30T16:12:20.512Z","iobWithZeroTemp":{"iob":-0.597,"basaliob":-0.682,"bolussnooze":0,"activity":-0.0049,"lastBolusTime":1703940167000,"time":"2023-12-30T16:12:20.512Z"}},{"iob":0.058,"basaliob":-0.02,"bolussnooze":0,"activity":9.0E-4,"lastBolusTime":1703940167000,"time":"2023-12-30T16:17:20.512Z","iobWithZeroTemp":{"iob":-0.606,"basaliob":-0.684,"bolussnooze":0,"activity":-0.005,"lastBolusTime":1703940167000,"time":"2023-12-30T16:17:20.512Z"}},{"iob":0.052,"basaliob":-0.019,"bolussnooze":0,"activity":9.0E-4,"lastBolusTime":1703940167000,"time":"2023-12-30T16:22:20.512Z","iobWithZeroTemp":{"iob":-0.615,"basaliob":-0.686,"bolussnooze":0,"activity":-0.0051,"lastBolusTime":1703940167000,"time":"2023-12-30T16:22:20.512Z"}},{"iob":0.048,"basaliob":-0.017,"bolussnooze":0,"activity":8.0E-4,"lastBolusTime":1703940167000,"time":"2023-12-30T16:27:20.512Z","iobWithZeroTemp":{"iob":-0.622,"basaliob":-0.687,"bolussnooze":0,"activity":-0.0053,"lastBolusTime":1703940167000,"time":"2023-12-30T16:27:20.512Z"}},{"iob":0.045,"basaliob":-0.015,"bolussnooze":0,"activity":7.0E-4,"lastBolusTime":1703940167000,"time":"2023-12-30T16:32:20.512Z","iobWithZeroTemp":{"iob":-0.628,"basaliob":-0.688,"bolussnooze":0,"activity":-0.0054,"lastBolusTime":1703940167000,"time":"2023-12-30T16:32:20.512Z"}},{"iob":0.041,"basaliob":-0.014,"bolussnooze":0,"activity":7.0E-4,"lastBolusTime":1703940167000,"time":"2023-12-30T16:37:20.512Z","iobWithZeroTemp":{"iob":-0.635,"basaliob":-0.69,"bolussnooze":0,"activity":-0.0054,"lastBolusTime":1703940167000,"time":"2023-12-30T16:37:20.512Z"}},{"iob":0.037,"basaliob":-0.013,"bolussnooze":0,"activity":7.0E-4,"lastBolusTime":1703940167000,"time":"2023-12-30T16:42:20.512Z","iobWithZeroTemp":{"iob":-0.641,"basaliob":-0.691,"bolussnooze":0,"activity":-0.0055,"lastBolusTime":1703940167000,"time":"2023-12-30T16:42:20.512Z"}},{"iob":0.034,"basaliob":-0.012,"bolussnooze":0,"activity":6.0E-4,"lastBolusTime":1703940167000,"time":"2023-12-30T16:47:20.512Z","iobWithZeroTemp":{"iob":-0.647,"basaliob":-0.693,"bolussnooze":0,"activity":-0.0056,"lastBolusTime":1703940167000,"time":"2023-12-30T16:47:20.512Z"}},{"iob":0.032,"basaliob":-0.01,"bolussnooze":0,"activity":6.0E-4,"lastBolusTime":1703940167000,"time":"2023-12-30T16:52:20.512Z","iobWithZeroTemp":{"iob":-0.651,"basaliob":-0.693,"bolussnooze":0,"activity":-0.0057,"lastBolusTime":1703940167000,"time":"2023-12-30T16:52:20.512Z"}}],"profile":{"max_iob":7,"type":"current","max_daily_basal":0.45,"max_basal":1.35,"min_bg":81.0000000000001,"max_bg":81.0000000000001,"target_bg":81.0000000000001,"carb_ratio":11,"sens":352.8,"max_daily_safety_multiplier":3,"current_basal_safety_multiplier":4,"lgsThreshold":65,"high_temptarget_raises_sensitivity":false,"low_temptarget_lowers_sensitivity":false,"sensitivity_raises_target":true,"resistance_lowers_target":true,"adv_target_adjustments":false,"exercise_mode":false,"half_basal_exercise_target":160,"maxCOB":120,"skip_neutral_temps":false,"remainingCarbsCap":90,"enableUAM":true,"A52_risk_enable":false,"SMBInterval":4,"enableSMB_with_COB":true,"enableSMB_with_temptarget":false,"allowSMB_with_high_temptarget":true,"enableSMB_always":true,"enableSMB_after_carbs":false,"maxSMBBasalMinutes":60,"maxUAMSMBBasalMinutes":60,"bolus_increment":0.05,"carbsReqThreshold":10,"current_basal":0.4,"temptargetSet":true,"autosens_max":1.2,"autosens_min":0.8,"out_units":"mmol\/L","variable_sens":199.3,"insulinDivisor":65,"TDD":8.725303291666666},"autosens_data":{"ratio":1.0487584890337665},"meal_data":{"carbs":25,"mealCOB":16.608953514739248,"slopeFromMaxDeviation":-0.6495762711864406,"slopeFromMinDeviation":0.5102941176470587,"lastBolusTime":1703940167000,"lastCarbTime":1703939884000},"microBolusAllowed":true,"currentTime":1703941042792,"flatBGsDetected":false,"tdd1D":25.347250000000006,"tdd7D":27.29536904761905,"tddLast24H":28.62624999999999,"tddLast4H":2.06,"tddLast8to4H":7.456666666666666},"output":{"temp":"absolute","bg":118,"tick":-10,"eventualBG":240,"targetBG":81.0000000000001,"insulinReq":0,"deliverAt":"2023-12-30T12:57:22.792Z","sensitivityRatio":1.0487584890337665,"variable_sens":199.3,"predBGs":{"IOB":[118,108,99,89,78,68,57,45,39,39,39,39,39],"ZT":[118,113,108,102,96,90,84,77,71,64,58,51,45,39,39,39,39,39,39,39,39,39,39,39,39,39,39,39,39,43,49,55,61,66,72,78],"COB":[118,109,101,94,88,83,79,77,75,75,76,79,83,88,93,100,108,116,126,137,148,158,169,178,187,195,203,210,217,223,228,233,237,240,243,245,246,247,247,246,245,245,244,243,242,241,241,240],"UAM":[118,108,99,89,78,68,57,45,39,39,39,39,39]},"reason":"COB: 16.6, Dev: 1.9, BGI: -0.3, ISF: 11.1, CR: 11, Target: 4.5, minPredBG 5.0, minGuardBG -1.1, IOBpredBG 2.2, COBpredBG 13.3, UAMpredBG 2.2; minGuardBG -1.1<3.6","COB":16.608953514739248,"IOB":0.775,"duration":90,"rate":0,"timestamp":"2023-12-30T12:57:22.820Z"}}