{"algorithm":"OpenAPSSMBDynamicISFPlugin","input":{"glucoseStatus":{"glucose":76,"noise":0,"delta":9,"short_avgdelta":8.44,"long_avgdelta":4.99,"date":1703375169264},"currenttemp":{"temp":"absolute","duration":10,"rate":0.72,"minutesrunning":5},"iob_data":[{"iob":-0.244,"basaliob":-0.509,"bolussnooze":4.0E-4,"activity":-0.0013,"lastBolusTime":1703370988000,"time":"2023-12-23T23:46:22.396Z","iobWithZeroTemp":{"iob":-0.244,"basaliob":-0.509,"bolussnooze":4.0E-4,"activity":-0.0013,"lastBolusTime":1703370988000,"time":"2023-12-23T23:46:22.396Z"}},{"iob":-0.237,"basaliob":-0.482,"bolussnooze":3.0E-4,"activity":-0.0014,"lastBolusTime":1703370988000,"time":"2023-12-23T23:51:22.396Z","iobWithZeroTemp":{"iob":-0.267,"basaliob":-0.512,"bolussnooze":3.0E-4,"activity":-0.0014,"lastBolusTime":1703370988000,"time":"2023-12-23T23:51:22.396Z"}},{"iob":-0.23,"basaliob":-0.456,"bolussnooze":2.0E-4,"activity":-0.0015,"lastBolusTime":1703370988000,"time":"2023-12-23T23:56:22.396Z","iobWithZeroTemp":{"iob":-0.297,"basaliob":-0.523,"bolussnooze":2.0E-4,"activity":-0.0016,"lastBolusTime":1703370988000,"time":"2023-12-23T23:56:22.396Z"}},{"iob":-0.221,"basaliob":-0.43,"bolussnooze":1.0E-4,"activity":-0.0016,"lastBolusTime":1703370988000,"time":"2023-12-24T00:01:22.396Z","iobWithZeroTemp":{"iob":-0.325,"basaliob":-0.534,"bolussnooze":1.0E-4,"activity":-0.0018,"lastBolusTime":1703370988000,"time":"2023-12-24T00:01:22.396Z"}},{"iob":-0.213,"basaliob":-0.405,"bolussnooze":1.0E-4,"activity":-0.0017,"lastBolusTime":1703370988000,"time":"2023-12-24T00:06:22.396Z","iobWithZeroTemp":{"iob":-0.345,"basaliob":-0.537,"bolussnooze":1.0E-4,"activity":-0.0021,"lastBolusTime":1703370988000,"time":"2023-12-24T00:06:22.396Z"}},{"iob":-0.205,"basaliob":-0.382,"bolussnooze":0,"activity":-0.0018,"lastBolusTime":1703370988000,"time":"2023-12-24T00:11:22.396Z","iobWithZeroTemp":{"iob":-0.364,"basaliob":-0.541,"bolussnooze":0,"activity":-0.0023,"lastBolusTime":1703370988000,"time":"2023-12-24T00:11:22.396Z"}},{"iob":-0.196,"basaliob":-0.359,"bolussnooze":0,"activity":-0.0018,"lastBolusTime":1703370988000,"time":"2023-12-24T00:16:22.396Z","iobWithZeroTemp":{"iob":-0.382,"basaliob":-0.545,"bolussnooze":0,"activity":-0.0025,"lastBolusTime":1703370988000,"time":"2023-12-24T00:16:22.396Z"}},{"iob":-0.187,"basaliob":-0.337,"bolussnooze":0,"activity":-0.0018,"lastBolusTime":1703370988000,"time":"2023-12-24T00:21:22.396Z","iobWithZeroTemp":{"iob":-0.398,"basaliob":-0.548,"bolussnooze":0,"activity":-0.0027,"lastBolusTime":1703370988000,"time":"2023-12-24T00:21:22.396Z"}},{"iob":-0.179,"basaliob":-0.316,"bolussnooze":0,"activity":-0.0018,"lastBolusTime":1703370988000,"time":"2023-12-24T00:26:22.396Z","iobWithZeroTemp":{"iob":-0.414,"basaliob":-0.551,"bolussnooze":0,"activity":-0.0029,"lastBolusTime":1703370988000,"time":"2023-12-24T00:26:22.396Z"}},{"iob":-0.17,"basaliob":-0.296,"bolussnooze":0,"activity":-0.0017,"lastBolusTime":1703370988000,"time":"2023-12-24T00:31:22.396Z","iobWithZeroTemp":{"iob":-0.428,"basaliob":-0.554,"bolussnooze":0,"activity":-0.003,"lastBolusTime":1703370988000,"time":"2023-12-24T00:31:22.396Z"}},{"iob":-0.161,"basaliob":-0.277,"bolussnooze":0,"activity":-0.0017,"lastBolusTime":1703370988000,"time":"2023-12-24T00:36:22.396Z","iobWithZeroTemp":{"iob":-0.442,"basaliob":-0.558,"bolussnooze":0,"activity":-0.0032,"lastBolusTime":1703370988000,"time":"2023-12-24T00:36:22.396Z"}},{"iob":-0.153,"basaliob":-0.259,"bolussnooze":0,"activity":-0.0016,"lastBolusTime":1703370988000,"time":"2023-12-24T00:41:22.396Z","iobWithZeroTemp":{"iob":-0.455,"basaliob":-0.561,"bolussnooze":0,"activity":-0.0033,"lastBolusTime":1703370988000,"time":"2023-12-24T00:41:22.396Z"}},{"iob":-0.145,"basaliob":-0.242,"bolussnooze":0,"activity":-0.0016,"lastBolusTime":1703370988000,"time":"2023-12-24T00:46:22.396Z","iobWithZeroTemp":{"iob":-0.467,"basaliob":-0.564,"bolussnooze":0,"activity":-0.0035,"lastBolusTime":1703370988000,"time":"2023-12-24T00:46:22.396Z"}},{"iob":-0.136,"basaliob":-0.225,"bolussnooze":0,"activity":-0.0015,"lastBolusTime":1703370988000,"time":"2023-12-24T00:51:22.396Z","iobWithZeroTemp":{"iob":-0.477,"basaliob":-0.566,"bolussnooze":0,"activity":-0.0036,"lastBolusTime":1703370988000,"time":"2023-12-24T00:51:22.396Z"}},{"iob":-0.129,"basaliob":-0.21,"bolussnooze":0,"activity":-0.0015,"lastBolusTime":1703370988000,"time":"2023-12-24T00:56:22.396Z","iobWithZeroTemp":{"iob":-0.488,"basaliob":-0.569,"bolussnooze":0,"activity":-0.0038,"lastBolusTime":1703370988000,"time":"2023-12-24T00:56:22.396Z"}},{"iob":-0.122,"basaliob":-0.196,"bolussnooze":0,"activity":-0.0015,"lastBolusTime":1703370988000,"time":"2023-12-24T01:01:22.396Z","iobWithZeroTemp":{"iob":-0.499,"basaliob":-0.573,"bolussnooze":0,"activity":-0.004,"lastBolusTime":1703370988000,"time":"2023-12-24T01:01:22.396Z"}},{"iob":-0.114,"basaliob":-0.182,"bolussnooze":0,"activity":-0.0014,"lastBolusTime":1703370988000,"time":"2023-12-24T01:06:22.396Z","iobWithZeroTemp":{"iob":-0.5,"basaliob":-0.568,"bolussnooze":0,"activity":-0.0041,"lastBolusTime":1703370988000,"time":"2023-12-24T01:06:22.396Z"}},{"iob":-0.107,"basaliob":-0.169,"bolussnooze":0,"activity":-0.0014,"lastBolusTime":1703370988000,"time":"2023-12-24T01:11:22.396Z","iobWithZeroTemp":{"iob":-0.502,"basaliob":-0.564,"bolussnooze":0,"activity":-0.0042,"lastBolusTime":1703370988000,"time":"2023-12-24T01:11:22.396Z"}},{"iob":-0.101,"basaliob":-0.157,"bolussnooze":0,"activity":-0.0013,"lastBolusTime":1703370988000,"time":"2023-12-24T01:16:22.396Z","iobWithZeroTemp":{"iob":-0.504,"basaliob":-0.56,"bolussnooze":0,"activity":-0.0043,"lastBolusTime":1703370988000,"time":"2023-12-24T01:16:22.396Z"}},{"iob":-0.095,"basaliob":-0.146,"bolussnooze":0,"activity":-0.0012,"lastBolusTime":1703370988000,"time":"2023-12-24T01:21:22.396Z","iobWithZeroTemp":{"iob":-0.505,"basaliob":-0.556,"bolussnooze":0,"activity":-0.0043,"lastBolusTime":1703370988000,"time":"2023-12-24T01:21:22.396Z"}},{"iob":-0.088,"basaliob":-0.135,"bolussnooze":0,"activity":-0.0011,"lastBolusTime":1703370988000,"time":"2023-12-24T01:26:22.396Z","iobWithZeroTemp":{"iob":-0.505,"basaliob":-0.552,"bolussnooze":0,"activity":-0.0044,"lastBolusTime":1703370988000,"time":"2023-12-24T01:26:22.396Z"}},{"iob":-0.082,"basaliob":-0.125,"bolussnooze":0,"activity":-0.0011,"lastBolusTime":1703370988000,"time":"2023-12-24T01:31:22.396Z","iobWithZeroTemp":{"iob":-0.505,"basaliob":-0.548,"bolussnooze":0,"activity":-0.0045,"lastBolusTime":1703370988000,"time":"2023-12-24T01:31:22.396Z"}},{"iob":-0.077,"basaliob":-0.116,"bolussnooze":0,"activity":-0.0011,"lastBolusTime":1703370988000,"time":"2023-12-24T01:36:22.396Z","iobWithZeroTemp":{"iob":-0.505,"basaliob":-0.544,"bolussnooze":0,"activity":-0.0046,"lastBolusTime":1703370988000,"time":"2023-12-24T01:36:22.396Z"}},{"iob":-0.073,"basaliob":-0.108,"bolussnooze":0,"activity":-0.001,"lastBolusTime":1703370988000,"time":"2023-12-24T01:41:22.396Z","iobWithZeroTemp":{"iob":-0.506,"basaliob":-0.541,"bolussnooze":0,"activity":-0.0046,"lastBolusTime":1703370988000,"time":"2023-12-24T01:41:22.396Z"}},{"iob":-0.067,"basaliob":-0.099,"bolussnooze":0,"activity":-0.001,"lastBolusTime":1703370988000,"time":"2023-12-24T01:46:22.396Z","iobWithZeroTemp":{"iob":-0.505,"basaliob":-0.537,"bolussnooze":0,"activity":-0.0047,"lastBolusTime":1703370988000,"time":"2023-12-24T01:46:22.396Z"}},{"iob":-0.063,"basaliob":-0.092,"bolussnooze":0,"activity":-9.0E-4,"lastBolusTime":1703370988000,"time":"2023-12-24T01:51:22.396Z","iobWithZeroTemp":{"iob":-0.505,"basaliob":-0.534,"bolussnooze":0,"activity":-0.0046,"lastBolusTime":1703370988000,"time":"2023-12-24T01:51:22.396Z"}},{"iob":-0.059,"basaliob":-0.085,"bolussnooze":0,"activity":-9.0E-4,"lastBolusTime":1703370988000,"time":"2023-12-24T01:56:22.396Z","iobWithZeroTemp":{"iob":-0.504,"basaliob":-0.53,"bolussnooze":0,"activity":-0.0047,"lastBolusTime":1703370988000,"time":"2023-12-24T01:56:22.396Z"}},{"iob":-0.054,"basaliob":-0.078,"bolussnooze":0,"activity":-8.0E-4,"lastBolusTime":1703370988000,"time":"2023-12-24T02:01:22.396Z","iobWithZeroTemp":{"iob":-0.503,"basaliob":-0.527,"bolussnooze":0,"activity":-0.0047,"lastBolusTime":1703370988000,"time":"2023-12-24T02:01:22.396Z"}},{"iob":-0.051,"basaliob":-0.072,"bolussnooze":0,"activity":-8.0E-4,"lastBolusTime":1703370988000,"time":"2023-12-24T02:06:22.396Z","iobWithZeroTemp":{"iob":-0.503,"basaliob":-0.524,"bolussnooze":0,"activity":-0.0047,"lastBolusTime":1703370988000,"time":"2023-12-24T02:06:22.396Z"}},{"iob":-0.048,"basaliob":-0.067,"bolussnooze":0,"activity":-7.0E-4,"lastBolusTime":1703370988000,"time":"2023-12-24T02:11:22.396Z","iobWithZeroTemp":{"iob":-0.502,"basaliob":-0.521,"bolussnooze":0,"activity":-0.0047,"lastBolusTime":1703370988000,"time":"2023-12-24T02:11:22.396Z"}},{"iob":-0.044,"basaliob":-0.061,"bolussnooze":0,"activity":-6.0E-4,"lastBolusTime":1703370988000,"time":"2023-12-24T02:16:22.396Z","iobWithZeroTemp":{"iob":-0.501,"basaliob":-0.518,"bolussnooze":0,"activity":-0.0046,"lastBolusTime":1703370988000,"time":"2023-12-24T02:16:22.396Z"}},{"iob":-0.04,"basaliob":-0.056,"bolussnooze":0,"activity":-6.0E-4,"lastBolusTime":1703370988000,"time":"2023-12-24T02:21:22.396Z","iobWithZeroTemp":{"iob":-0.499,"basaliob":-0.515,"bolussnooze":0,"activity":-0.0047,"lastBolusTime":1703370988000,"time":"2023-12-24T02:21:22.396Z"}},{"iob":-0.038,"basaliob":-0.052,"bolussnooze":0,"activity":-6.0E-4,"lastBolusTime":1703370988000,"time":"2023-12-24T02:26:22.396Z","iobWithZeroTemp":{"iob":-0.499,"basaliob":-0.513,"bolussnooze":0,"activity":-0.0047,"lastBolusTime":1703370988000,"time":"2023-12-24T02:26:22.396Z"}},{"iob":-0.034,"basaliob":-0.047,"bolussnooze":0,"activity":-5.0E-4,"lastBolusTime":1703370988000,"time":"2023-12-24T02:31:22.396Z","iobWithZeroTemp":{"iob":-0.497,"basaliob":-0.51,"bolussnooze":0,"activity":-0.0047,"lastBolusTime":1703370988000,"time":"2023-12-24T02:31:22.396Z"}},{"iob":-0.033,"basaliob":-0.044,"bolussnooze":0,"activity":-5.0E-4,"lastBolusTime":1703370988000,"time":"2023-12-24T02:36:22.396Z","iobWithZeroTemp":{"iob":-0.497,"basaliob":-0.508,"bolussnooze":0,"activity":-0.0047,"lastBolusTime":1703370988000,"time":"2023-12-24T02:36:22.396Z"}},{"iob":-0.03,"basaliob":-0.04,"bolussnooze":0,"activity":-5.0E-4,"lastBolusTime":1703370988000,"time":"2023-12-24T02:41:22.396Z","iobWithZeroTemp":{"iob":-0.496,"basaliob":-0.506,"bolussnooze":0,"activity":-0.0047,"lastBolusTime":1703370988000,"time":"2023-12-24T02:41:22.396Z"}},{"iob":-0.028,"basaliob":-0.037,"bolussnooze":0,"activity":-4.0E-4,"lastBolusTime":1703370988000,"time":"2023-12-24T02:46:22.396Z","iobWithZeroTemp":{"iob":-0.495,"basaliob":-0.504,"bolussnooze":0,"activity":-0.0047,"lastBolusTime":1703370988000,"time":"2023-12-24T02:46:22.396Z"}},{"iob":-0.026,"basaliob":-0.034,"bolussnooze":0,"activity":-4.0E-4,"lastBolusTime":1703370988000,"time":"2023-12-24T02:51:22.396Z","iobWithZeroTemp":{"iob":-0.494,"basaliob":-0.502,"bolussnooze":0,"activity":-0.0047,"lastBolusTime":1703370988000,"time":"2023-12-24T02:51:22.396Z"}},{"iob":-0.024,"basaliob":-0.031,"bolussnooze":0,"activity":-3.0E-4,"lastBolusTime":1703370988000,"time":"2023-12-24T02:56:22.396Z","iobWithZeroTemp":{"iob":-0.493,"basaliob":-0.5,"bolussnooze":0,"activity":-0.0046,"lastBolusTime":1703370988000,"time":"2023-12-24T02:56:22.396Z"}},{"iob":-0.021,"basaliob":-0.028,"bolussnooze":0,"activity":-4.0E-4,"lastBolusTime":1703370988000,"time":"2023-12-24T03:01:22.396Z","iobWithZeroTemp":{"iob":-0.491,"basaliob":-0.498,"bolussnooze":0,"activity":-0.0047,"lastBolusTime":1703370988000,"time":"2023-12-24T03:01:22.396Z"}},{"iob":-0.02,"basaliob":-0.026,"bolussnooze":0,"activity":-4.0E-4,"lastBolusTime":1703370988000,"time":"2023-12-24T03:06:22.396Z","iobWithZeroTemp":{"iob":-0.493,"basaliob":-0.499,"bolussnooze":0,"activity":-0.0048,"lastBolusTime":1703370988000,"time":"2023-12-24T03:06:22.396Z"}},{"iob":-0.019,"basaliob":-0.024,"bolussnooze":0,"activity":-3.0E-4,"lastBolusTime":1703370988000,"time":"2023-12-24T03:11:22.396Z","iobWithZeroTemp":{"iob":-0.496,"basaliob":-0.501,"bolussnooze":0,"activity":-0.0047,"lastBolusTime":1703370988000,"time":"2023-12-24T03:11:22.396Z"}},{"iob":-0.016,"basaliob":-0.021,"bolussnooze":0,"activity":-3.0E-4,"lastBolusTime":1703370988000,"time":"2023-12-24T03:16:22.396Z","iobWithZeroTemp":{"iob":-0.496,"basaliob":-0.501,"bolussnooze":0,"activity":-0.0047,"lastBolusTime":1703370988000,"time":"2023-12-24T03:16:22.396Z"}},{"iob":-0.016,"basaliob":-0.02,"bolussnooze":0,"activity":-3.0E-4,"lastBolusTime":1703370988000,"time":"2023-12-24T03:21:22.396Z","iobWithZeroTemp":{"iob":-0.499,"basaliob":-0.503,"bolussnooze":0,"activity":-0.0047,"lastBolusTime":1703370988000,"time":"2023-12-24T03:21:22.396Z"}},{"iob":-0.014,"basaliob":-0.018,"bolussnooze":0,"activity":-2.0E-4,"lastBolusTime":1703370988000,"time":"2023-12-24T03:26:22.396Z","iobWithZeroTemp":{"iob":-0.499,"basaliob":-0.503,"bolussnooze":0,"activity":-0.0046,"lastBolusTime":1703370988000,"time":"2023-12-24T03:26:22.396Z"}},{"iob":-0.013,"basaliob":-0.016,"bolussnooze":0,"activity":-2.0E-4,"lastBolusTime":1703370988000,"time":"2023-12-24T03:31:22.396Z","iobWithZeroTemp":{"iob":-0.501,"basaliob":-0.504,"bolussnooze":0,"activity":-0.0047,"lastBolusTime":1703370988000,"time":"2023-12-24T03:31:22.396Z"}},{"iob":-0.012,"basaliob":-0.015,"bolussnooze":0,"activity":-2.0E-4,"lastBolusTime":1703370988000,"time":"2023-12-24T03:36:22.396Z","iobWithZeroTemp":{"iob":-0.503,"basaliob":-0.506,"bolussnooze":0,"activity":-0.0047,"lastBolusTime":1703370988000,"time":"2023-12-24T03:36:22.396Z"}},{"iob":-0.01,"basaliob":-0.013,"bolussnooze":0,"activity":-2.0E-4,"lastBolusTime":1703370988000,"time":"2023-12-24T03:41:22.396Z","iobWithZeroTemp":{"iob":-0.503,"basaliob":-0.506,"bolussnooze":0,"activity":-0.0047,"lastBolusTime":1703370988000,"time":"2023-12-24T03:41:22.396Z"}}],"profile":{"max_iob":7,"type":"current","max_daily_basal":0.45,"max_basal":1.35,"min_bg":106.2,"max_bg":106.2,"target_bg":106.2,"carb_ratio":11,"sens":369,"max_daily_safety_multiplier":3,"current_basal_safety_multiplier":4,"lgsThreshold":65,"high_temptarget_raises_sensitivity":false,"low_temptarget_lowers_sensitivity":false,"sensitivity_raises_target":true,"resistance_lowers_target":true,"adv_target_adjustments":false,"exercise_mode":false,"half_basal_exercise_target":160,"maxCOB":120,"skip_neutral_temps":false,"remainingCarbsCap":90,"enableUAM":true,"A52_risk_enable":false,"SMBInterval":4,"enableSMB_with_COB":true,"enableSMB_with_temptarget":false,"allowSMB_with_high_temptarget":true,"enableSMB_always":true,"enableSMB_after_carbs":false,"maxSMBBasalMinutes":60,"maxUAMSMBBasalMinutes":60,"bolus_increment":0.05,"carbsReqThreshold":10,"current_basal":0.45,"temptargetSet":false,"autosens_max":1.2,"autosens_min":0.8,"out_units":"mmol\/L","variable_sens":213.3,"insulinDivisor":65,"TDD":10.895532728571427},"autosens_data":{"ratio":1.147023780497403},"meal_data":{"carbs":0,"mealCOB":0,"slopeFromMaxDeviation":0,"slopeFromMinDeviation":1.1547499999999997,"lastBolusTime":1703370988000,"lastCarbTime":0},"microBolusAllowed":true,"currentTime":1703375184398,"flatBGsDetected":false,"tdd1D":36.190166666666634,"tdd7D":31.004297619047623,"tddLast24H":35.56266666666664,"tddLast4H":1.03125,"tddLast8to4H":10.693333333333335},"output":{"temp":"absolute","bg":76,"tick":"+9","eventualBG":173,"targetBG":100,"insulinReq":0.18,"deliverAt":"2023-12-23T23:46:24.398Z","sensitivityRatio":1.147023780497403,"variable_sens":213.3,"predBGs":{"IOB":[76,84,91,98,104,110,115,119,123,126,129,131,132,133,134,135,136,137,138,139,140,141,142,142,143,144,145,145,146,146,147,147,148,148,148,149,149,149,150,150,150,150,151],"ZT":[76,77,79,81,82,84,87,89,92,95,97,100],"UAM":[76,84,92,99,106,113,119,125,130,135,140,144,148,151,154,156,158,159,161,161,162,163,164,164,165,166,166,167,167,168,168,169,169,170,170,170,171,171,171,171,172,172,172,172,172,172,173]},"reason":"COB: 0, Dev: 2.3, BGI: 0.1, ISF: 11.9, CR: 11, Target: 5.6, minPredBG 7.7, minGuardBG 4.7, IOBpredBG 8.4, UAMpredBG 9.6; Eventual BG 9.6 >= 5.6,  insulinReq 0.18. Microbolusing 0.05U. temp 0.72 < 0.88U\/hr. ","COB":0,"IOB":-0.244,"units":0.05,"duration":30,"rate":0.8761607012238314,"timestamp":"2023-12-23T23:46:24.423Z"}}