{"algorithm":"OpenAPSSMBDynamicISFPlugin","input":{"glucoseStatus":{"glucose":146,"noise":0,"delta":9,"short_avgdelta":8.67,"long_avgdelta":4.94,"date":1703223659651},"currenttemp":{"temp":"absolute","duration":25,"rate":0,"minutesrunning":5},"iob_data":[{"iob":0.582,"basaliob":-0.334,"bolussnooze":0,"activity":0.0043,"lastBolusTime":1703223389000,"time":"2023-12-22T05:41:14.792Z","iobWithZeroTemp":{"iob":0.582,"basaliob":-0.334,"bolussnooze":0,"activity":0.0043,"lastBolusTime":1703223389000,"time":"2023-12-22T05:41:14.792Z"}},{"iob":0.56,"basaliob":-0.317,"bolussnooze":0,"activity":0.0046,"lastBolusTime":1703223389000,"time":"2023-12-22T05:46:14.792Z","iobWithZeroTemp":{"iob":0.533,"basaliob":-0.344,"bolussnooze":0,"activity":0.0046,"lastBolusTime":1703223389000,"time":"2023-12-22T05:46:14.792Z"}},{"iob":0.538,"basaliob":-0.3,"bolussnooze":0,"activity":0.0046,"lastBolusTime":1703223389000,"time":"2023-12-22T05:51:14.792Z","iobWithZeroTemp":{"iob":0.478,"basaliob":-0.36,"bolussnooze":0,"activity":0.0045,"lastBolusTime":1703223389000,"time":"2023-12-22T05:51:14.792Z"}},{"iob":0.514,"basaliob":-0.284,"bolussnooze":0,"activity":0.0047,"lastBolusTime":1703223389000,"time":"2023-12-22T05:56:14.792Z","iobWithZeroTemp":{"iob":0.422,"basaliob":-0.376,"bolussnooze":0,"activity":0.0045,"lastBolusTime":1703223389000,"time":"2023-12-22T05:56:14.792Z"}},{"iob":0.49,"basaliob":-0.269,"bolussnooze":0,"activity":0.0047,"lastBolusTime":1703223389000,"time":"2023-12-22T06:01:14.792Z","iobWithZeroTemp":{"iob":0.365,"basaliob":-0.394,"bolussnooze":0,"activity":0.0044,"lastBolusTime":1703223389000,"time":"2023-12-22T06:01:14.792Z"}},{"iob":0.467,"basaliob":-0.253,"bolussnooze":0,"activity":0.0047,"lastBolusTime":1703223389000,"time":"2023-12-22T06:06:14.792Z","iobWithZeroTemp":{"iob":0.311,"basaliob":-0.409,"bolussnooze":0,"activity":0.0042,"lastBolusTime":1703223389000,"time":"2023-12-22T06:06:14.792Z"}},{"iob":0.443,"basaliob":-0.239,"bolussnooze":0,"activity":0.0046,"lastBolusTime":1703223389000,"time":"2023-12-22T06:11:14.792Z","iobWithZeroTemp":{"iob":0.257,"basaliob":-0.425,"bolussnooze":0,"activity":0.0039,"lastBolusTime":1703223389000,"time":"2023-12-22T06:11:14.792Z"}},{"iob":0.42,"basaliob":-0.225,"bolussnooze":0,"activity":0.0045,"lastBolusTime":1703223389000,"time":"2023-12-22T06:16:14.792Z","iobWithZeroTemp":{"iob":0.204,"basaliob":-0.441,"bolussnooze":0,"activity":0.0036,"lastBolusTime":1703223389000,"time":"2023-12-22T06:16:14.792Z"}},{"iob":0.398,"basaliob":-0.211,"bolussnooze":0,"activity":0.0044,"lastBolusTime":1703223389000,"time":"2023-12-22T06:21:14.792Z","iobWithZeroTemp":{"iob":0.154,"basaliob":-0.455,"bolussnooze":0,"activity":0.0033,"lastBolusTime":1703223389000,"time":"2023-12-22T06:21:14.792Z"}},{"iob":0.377,"basaliob":-0.198,"bolussnooze":0,"activity":0.0043,"lastBolusTime":1703223389000,"time":"2023-12-22T06:26:14.792Z","iobWithZeroTemp":{"iob":0.105,"basaliob":-0.47,"bolussnooze":0,"activity":0.003,"lastBolusTime":1703223389000,"time":"2023-12-22T06:26:14.792Z"}},{"iob":0.355,"basaliob":-0.186,"bolussnooze":0,"activity":0.0042,"lastBolusTime":1703223389000,"time":"2023-12-22T06:31:14.792Z","iobWithZeroTemp":{"iob":0.057,"basaliob":-0.484,"bolussnooze":0,"activity":0.0027,"lastBolusTime":1703223389000,"time":"2023-12-22T06:31:14.792Z"}},{"iob":0.335,"basaliob":-0.174,"bolussnooze":0,"activity":0.004,"lastBolusTime":1703223389000,"time":"2023-12-22T06:36:14.792Z","iobWithZeroTemp":{"iob":0.012,"basaliob":-0.497,"bolussnooze":0,"activity":0.0022,"lastBolusTime":1703223389000,"time":"2023-12-22T06:36:14.792Z"}},{"iob":0.315,"basaliob":-0.163,"bolussnooze":0,"activity":0.0038,"lastBolusTime":1703223389000,"time":"2023-12-22T06:41:14.792Z","iobWithZeroTemp":{"iob":-0.032,"basaliob":-0.51,"bolussnooze":0,"activity":0.0018,"lastBolusTime":1703223389000,"time":"2023-12-22T06:41:14.792Z"}},{"iob":0.296,"basaliob":-0.152,"bolussnooze":0,"activity":0.0037,"lastBolusTime":1703223389000,"time":"2023-12-22T06:46:14.792Z","iobWithZeroTemp":{"iob":-0.074,"basaliob":-0.522,"bolussnooze":0,"activity":0.0015,"lastBolusTime":1703223389000,"time":"2023-12-22T06:46:14.792Z"}},{"iob":0.278,"basaliob":-0.142,"bolussnooze":0,"activity":0.0035,"lastBolusTime":1703223389000,"time":"2023-12-22T06:51:14.792Z","iobWithZeroTemp":{"iob":-0.113,"basaliob":-0.533,"bolussnooze":0,"activity":0.0011,"lastBolusTime":1703223389000,"time":"2023-12-22T06:51:14.792Z"}},{"iob":0.261,"basaliob":-0.132,"bolussnooze":0,"activity":0.0033,"lastBolusTime":1703223389000,"time":"2023-12-22T06:56:14.792Z","iobWithZeroTemp":{"iob":-0.151,"basaliob":-0.544,"bolussnooze":0,"activity":6.0E-4,"lastBolusTime":1703223389000,"time":"2023-12-22T06:56:14.792Z"}},{"iob":0.245,"basaliob":-0.123,"bolussnooze":0,"activity":0.0033,"lastBolusTime":1703223389000,"time":"2023-12-22T07:01:14.792Z","iobWithZeroTemp":{"iob":-0.186,"basaliob":-0.554,"bolussnooze":0,"activity":4.0E-4,"lastBolusTime":1703223389000,"time":"2023-12-22T07:01:14.792Z"}},{"iob":0.229,"basaliob":-0.115,"bolussnooze":0,"activity":0.0031,"lastBolusTime":1703223389000,"time":"2023-12-22T07:06:14.792Z","iobWithZeroTemp":{"iob":-0.221,"basaliob":-0.565,"bolussnooze":0,"activity":0,"lastBolusTime":1703223389000,"time":"2023-12-22T07:06:14.792Z"}},{"iob":0.214,"basaliob":-0.107,"bolussnooze":0,"activity":0.0029,"lastBolusTime":1703223389000,"time":"2023-12-22T07:11:14.792Z","iobWithZeroTemp":{"iob":-0.253,"basaliob":-0.574,"bolussnooze":0,"activity":-4.0E-4,"lastBolusTime":1703223389000,"time":"2023-12-22T07:11:14.792Z"}},{"iob":0.2,"basaliob":-0.099,"bolussnooze":0,"activity":0.0027,"lastBolusTime":1703223389000,"time":"2023-12-22T07:16:14.792Z","iobWithZeroTemp":{"iob":-0.284,"basaliob":-0.583,"bolussnooze":0,"activity":-8.0E-4,"lastBolusTime":1703223389000,"time":"2023-12-22T07:16:14.792Z"}},{"iob":0.187,"basaliob":-0.092,"bolussnooze":0,"activity":0.0026,"lastBolusTime":1703223389000,"time":"2023-12-22T07:21:14.792Z","iobWithZeroTemp":{"iob":-0.312,"basaliob":-0.591,"bolussnooze":0,"activity":-0.0011,"lastBolusTime":1703223389000,"time":"2023-12-22T07:21:14.792Z"}},{"iob":0.173,"basaliob":-0.086,"bolussnooze":0,"activity":0.0024,"lastBolusTime":1703223389000,"time":"2023-12-22T07:26:14.792Z","iobWithZeroTemp":{"iob":-0.341,"basaliob":-0.6,"bolussnooze":0,"activity":-0.0015,"lastBolusTime":1703223389000,"time":"2023-12-22T07:26:14.792Z"}},{"iob":0.162,"basaliob":-0.079,"bolussnooze":0,"activity":0.0023,"lastBolusTime":1703223389000,"time":"2023-12-22T07:31:14.792Z","iobWithZeroTemp":{"iob":-0.365,"basaliob":-0.606,"bolussnooze":0,"activity":-0.0017,"lastBolusTime":1703223389000,"time":"2023-12-22T07:31:14.792Z"}},{"iob":0.15,"basaliob":-0.074,"bolussnooze":0,"activity":0.0022,"lastBolusTime":1703223389000,"time":"2023-12-22T07:36:14.792Z","iobWithZeroTemp":{"iob":-0.39,"basaliob":-0.614,"bolussnooze":0,"activity":-0.002,"lastBolusTime":1703223389000,"time":"2023-12-22T07:36:14.792Z"}},{"iob":0.14,"basaliob":-0.068,"bolussnooze":0,"activity":0.002,"lastBolusTime":1703223389000,"time":"2023-12-22T07:41:14.792Z","iobWithZeroTemp":{"iob":-0.412,"basaliob":-0.62,"bolussnooze":0,"activity":-0.0023,"lastBolusTime":1703223389000,"time":"2023-12-22T07:41:14.792Z"}},{"iob":0.13,"basaliob":-0.063,"bolussnooze":0,"activity":0.0019,"lastBolusTime":1703223389000,"time":"2023-12-22T07:46:14.792Z","iobWithZeroTemp":{"iob":-0.433,"basaliob":-0.626,"bolussnooze":0,"activity":-0.0026,"lastBolusTime":1703223389000,"time":"2023-12-22T07:46:14.792Z"}},{"iob":0.121,"basaliob":-0.058,"bolussnooze":0,"activity":0.0018,"lastBolusTime":1703223389000,"time":"2023-12-22T07:51:14.792Z","iobWithZeroTemp":{"iob":-0.453,"basaliob":-0.632,"bolussnooze":0,"activity":-0.0028,"lastBolusTime":1703223389000,"time":"2023-12-22T07:51:14.792Z"}},{"iob":0.112,"basaliob":-0.054,"bolussnooze":0,"activity":0.0016,"lastBolusTime":1703223389000,"time":"2023-12-22T07:56:14.792Z","iobWithZeroTemp":{"iob":-0.472,"basaliob":-0.638,"bolussnooze":0,"activity":-0.0032,"lastBolusTime":1703223389000,"time":"2023-12-22T07:56:14.792Z"}},{"iob":0.103,"basaliob":-0.05,"bolussnooze":0,"activity":0.0016,"lastBolusTime":1703223389000,"time":"2023-12-22T08:01:14.792Z","iobWithZeroTemp":{"iob":-0.49,"basaliob":-0.643,"bolussnooze":0,"activity":-0.0033,"lastBolusTime":1703223389000,"time":"2023-12-22T08:01:14.792Z"}},{"iob":0.096,"basaliob":-0.046,"bolussnooze":0,"activity":0.0015,"lastBolusTime":1703223389000,"time":"2023-12-22T08:06:14.792Z","iobWithZeroTemp":{"iob":-0.505,"basaliob":-0.647,"bolussnooze":0,"activity":-0.0035,"lastBolusTime":1703223389000,"time":"2023-12-22T08:06:14.792Z"}},{"iob":0.089,"basaliob":-0.042,"bolussnooze":0,"activity":0.0014,"lastBolusTime":1703223389000,"time":"2023-12-22T08:11:14.792Z","iobWithZeroTemp":{"iob":-0.52,"basaliob":-0.651,"bolussnooze":0,"activity":-0.0037,"lastBolusTime":1703223389000,"time":"2023-12-22T08:11:14.792Z"}},{"iob":0.082,"basaliob":-0.039,"bolussnooze":0,"activity":0.0013,"lastBolusTime":1703223389000,"time":"2023-12-22T08:16:14.792Z","iobWithZeroTemp":{"iob":-0.535,"basaliob":-0.656,"bolussnooze":0,"activity":-0.0039,"lastBolusTime":1703223389000,"time":"2023-12-22T08:16:14.792Z"}},{"iob":0.076,"basaliob":-0.036,"bolussnooze":0,"activity":0.0012,"lastBolusTime":1703223389000,"time":"2023-12-22T08:21:14.792Z","iobWithZeroTemp":{"iob":-0.548,"basaliob":-0.66,"bolussnooze":0,"activity":-0.0041,"lastBolusTime":1703223389000,"time":"2023-12-22T08:21:14.792Z"}},{"iob":0.07,"basaliob":-0.033,"bolussnooze":0,"activity":0.0011,"lastBolusTime":1703223389000,"time":"2023-12-22T08:26:14.792Z","iobWithZeroTemp":{"iob":-0.56,"basaliob":-0.663,"bolussnooze":0,"activity":-0.0043,"lastBolusTime":1703223389000,"time":"2023-12-22T08:26:14.792Z"}},{"iob":0.065,"basaliob":-0.03,"bolussnooze":0,"activity":0.0011,"lastBolusTime":1703223389000,"time":"2023-12-22T08:31:14.792Z","iobWithZeroTemp":{"iob":-0.571,"basaliob":-0.666,"bolussnooze":0,"activity":-0.0044,"lastBolusTime":1703223389000,"time":"2023-12-22T08:31:14.792Z"}},{"iob":0.06,"basaliob":-0.028,"bolussnooze":0,"activity":9.0E-4,"lastBolusTime":1703223389000,"time":"2023-12-22T08:36:14.792Z","iobWithZeroTemp":{"iob":-0.582,"basaliob":-0.67,"bolussnooze":0,"activity":-0.0047,"lastBolusTime":1703223389000,"time":"2023-12-22T08:36:14.792Z"}},{"iob":0.055,"basaliob":-0.026,"bolussnooze":0,"activity":9.0E-4,"lastBolusTime":1703223389000,"time":"2023-12-22T08:41:14.792Z","iobWithZeroTemp":{"iob":-0.592,"basaliob":-0.673,"bolussnooze":0,"activity":-0.0048,"lastBolusTime":1703223389000,"time":"2023-12-22T08:41:14.792Z"}},{"iob":0.051,"basaliob":-0.023,"bolussnooze":0,"activity":8.0E-4,"lastBolusTime":1703223389000,"time":"2023-12-22T08:46:14.792Z","iobWithZeroTemp":{"iob":-0.6,"basaliob":-0.674,"bolussnooze":0,"activity":-0.005,"lastBolusTime":1703223389000,"time":"2023-12-22T08:46:14.792Z"}},{"iob":0.046,"basaliob":-0.022,"bolussnooze":0,"activity":8.0E-4,"lastBolusTime":1703223389000,"time":"2023-12-22T08:51:14.792Z","iobWithZeroTemp":{"iob":-0.61,"basaliob":-0.678,"bolussnooze":0,"activity":-0.005,"lastBolusTime":1703223389000,"time":"2023-12-22T08:51:14.792Z"}},{"iob":0.043,"basaliob":-0.02,"bolussnooze":0,"activity":8.0E-4,"lastBolusTime":1703223389000,"time":"2023-12-22T08:56:14.792Z","iobWithZeroTemp":{"iob":-0.617,"basaliob":-0.68,"bolussnooze":0,"activity":-0.0051,"lastBolusTime":1703223389000,"time":"2023-12-22T08:56:14.792Z"}},{"iob":0.039,"basaliob":-0.018,"bolussnooze":0,"activity":7.0E-4,"lastBolusTime":1703223389000,"time":"2023-12-22T09:01:14.792Z","iobWithZeroTemp":{"iob":-0.625,"basaliob":-0.682,"bolussnooze":0,"activity":-0.0052,"lastBolusTime":1703223389000,"time":"2023-12-22T09:01:14.792Z"}},{"iob":0.036,"basaliob":-0.017,"bolussnooze":0,"activity":6.0E-4,"lastBolusTime":1703223389000,"time":"2023-12-22T09:06:14.792Z","iobWithZeroTemp":{"iob":-0.631,"basaliob":-0.684,"bolussnooze":0,"activity":-0.0054,"lastBolusTime":1703223389000,"time":"2023-12-22T09:06:14.792Z"}},{"iob":0.033,"basaliob":-0.015,"bolussnooze":0,"activity":5.0E-4,"lastBolusTime":1703223389000,"time":"2023-12-22T09:11:14.792Z","iobWithZeroTemp":{"iob":-0.637,"basaliob":-0.685,"bolussnooze":0,"activity":-0.0056,"lastBolusTime":1703223389000,"time":"2023-12-22T09:11:14.792Z"}},{"iob":0.03,"basaliob":-0.014,"bolussnooze":0,"activity":5.0E-4,"lastBolusTime":1703223389000,"time":"2023-12-22T09:16:14.792Z","iobWithZeroTemp":{"iob":-0.643,"basaliob":-0.687,"bolussnooze":0,"activity":-0.0056,"lastBolusTime":1703223389000,"time":"2023-12-22T09:16:14.792Z"}},{"iob":0.027,"basaliob":-0.013,"bolussnooze":0,"activity":5.0E-4,"lastBolusTime":1703223389000,"time":"2023-12-22T09:21:14.792Z","iobWithZeroTemp":{"iob":-0.649,"basaliob":-0.689,"bolussnooze":0,"activity":-0.0056,"lastBolusTime":1703223389000,"time":"2023-12-22T09:21:14.792Z"}},{"iob":0.026,"basaliob":-0.011,"bolussnooze":0,"activity":5.0E-4,"lastBolusTime":1703223389000,"time":"2023-12-22T09:26:14.792Z","iobWithZeroTemp":{"iob":-0.652,"basaliob":-0.689,"bolussnooze":0,"activity":-0.0057,"lastBolusTime":1703223389000,"time":"2023-12-22T09:26:14.792Z"}},{"iob":0.024,"basaliob":-0.01,"bolussnooze":0,"activity":4.0E-4,"lastBolusTime":1703223389000,"time":"2023-12-22T09:31:14.792Z","iobWithZeroTemp":{"iob":-0.657,"basaliob":-0.691,"bolussnooze":0,"activity":-0.0058,"lastBolusTime":1703223389000,"time":"2023-12-22T09:31:14.792Z"}},{"iob":0.021,"basaliob":-0.01,"bolussnooze":0,"activity":4.0E-4,"lastBolusTime":1703223389000,"time":"2023-12-22T09:36:14.792Z","iobWithZeroTemp":{"iob":-0.662,"basaliob":-0.693,"bolussnooze":0,"activity":-0.0059,"lastBolusTime":1703223389000,"time":"2023-12-22T09:36:14.792Z"}}],"profile":{"max_iob":7,"type":"current","max_daily_basal":0.45,"max_basal":1.35,"min_bg":106.2,"max_bg":106.2,"target_bg":106.2,"carb_ratio":9,"sens":352.8,"max_daily_safety_multiplier":3,"current_basal_safety_multiplier":4,"lgsThreshold":65,"high_temptarget_raises_sensitivity":false,"low_temptarget_lowers_sensitivity":false,"sensitivity_raises_target":true,"resistance_lowers_target":true,"adv_target_adjustments":false,"exercise_mode":false,"half_basal_exercise_target":160,"maxCOB":120,"skip_neutral_temps":false,"remainingCarbsCap":90,"enableUAM":true,"A52_risk_enable":false,"SMBInterval":4,"enableSMB_with_COB":true,"enableSMB_with_temptarget":false,"allowSMB_with_high_temptarget":true,"enableSMB_always":true,"enableSMB_after_carbs":false,"maxSMBBasalMinutes":60,"maxUAMSMBBasalMinutes":60,"bolus_increment":0.05,"carbsReqThreshold":10,"current_basal":0.4,"temptargetSet":false,"autosens_max":1.2,"autosens_min":0.8,"out_units":"mmol\/L","variable_sens":159,"insulinDivisor":65,"TDD":9.615878658333335},"autosens_data":{"ratio":1.257715497515981},"meal_data":{"carbs":0,"mealCOB":0,"slopeFromMaxDeviation":0,"slopeFromMinDeviation":1.41675,"lastBolusTime":1703223389000,"lastCarbTime":0},"microBolusAllowed":true,"currentTime":1703223676822,"flatBGsDetected":false,"tdd1D":36.428166666666655,"tdd7D":29.994130952380967,"tddLast24H":37.72408333333331,"tddLast4H":2.5515833333333333,"tddLast8to4H":2.8925},"output":{"temp":"absolute","bg":146,"tick":"+9","eventualBG":219,"targetBG":97,"insulinReq":0.48,"deliverAt":"2023-12-22T05:41:16.822Z","sensitivityRatio":1.257715497515981,"variable_sens":159,"predBGs":{"IOB":[146,154,160,166,170,174,177,178,179,179,178,176,173,171,168,165,163,161,158,156,154,152,150,148,147,145,143,142,141,139,138,137,136,135,134,133,132,132,131,130,130,129,128,128,128,127,127,126],"ZT":[146,143,139,135,131,128,124,121,117,114,112,109,107,105,104,103,102,102,102,102],"UAM":[146,154,162,169,176,182,188,194,199,204,208,213,216,220,223,226,228,230,232,233,234,235,235,235,234,233,232,231,230,229,228,227,227,226,225,224,224,223,223,222,222,221,221,221,220,220,220,219]},"reason":"COB: 0, Dev: 4.1, BGI: -0.2, ISF: 8.8, CR: 9, Target: 5.4, minPredBG 9.6, minGuardBG 8.6, IOBpredBG 7.0, UAMpredBG 12.2; Eventual BG 12.2 >= 5.4,  insulinReq 0.48; setting 30m low temp of 0.12U\/h. Microbolusing 0.2U. ","COB":0,"IOB":0.582,"units":0.2,"rate":0.12,"duration":30,"timestamp":"2023-12-22T05:41:16.849Z"}}