{"algorithm":"OpenAPSSMBDynamicISFPlugin","input":{"glucoseStatus":{"glucose":122,"noise":0,"delta":27,"short_avgdelta":24.78,"long_avgdelta":9.14,"date":1703348454815},"currenttemp":{"temp":"absolute","duration":60,"rate":0,"minutesrunning":0},"iob_data":[{"iob":2.835,"basaliob":-0.533,"bolussnooze":2.2339,"activity":0.0159,"lastBolusTime":1703348450000,"time":"2023-12-23T16:21:37.161Z","iobWithZeroTemp":{"iob":2.835,"basaliob":-0.533,"bolussnooze":2.2339,"activity":0.0159,"lastBolusTime":1703348450000,"time":"2023-12-23T16:21:37.161Z"}},{"iob":2.75,"basaliob":-0.508,"bolussnooze":2.096,"activity":0.0177,"lastBolusTime":1703348450000,"time":"2023-12-23T16:26:37.161Z","iobWithZeroTemp":{"iob":2.723,"basaliob":-0.535,"bolussnooze":2.096,"activity":0.0177,"lastBolusTime":1703348450000,"time":"2023-12-23T16:26:37.161Z"}},{"iob":2.659,"basaliob":-0.483,"bolussnooze":1.9403,"activity":0.0189,"lastBolusTime":1703348450000,"time":"2023-12-23T16:31:37.161Z","iobWithZeroTemp":{"iob":2.599,"basaliob":-0.543,"bolussnooze":1.9403,"activity":0.0188,"lastBolusTime":1703348450000,"time":"2023-12-23T16:31:37.161Z"}},{"iob":2.562,"basaliob":-0.458,"bolussnooze":1.7765,"activity":0.0198,"lastBolusTime":1703348450000,"time":"2023-12-23T16:36:37.161Z","iobWithZeroTemp":{"iob":2.47,"basaliob":-0.55,"bolussnooze":1.7765,"activity":0.0196,"lastBolusTime":1703348450000,"time":"2023-12-23T16:36:37.161Z"}},{"iob":2.461,"basaliob":-0.434,"bolussnooze":1.6117,"activity":0.0205,"lastBolusTime":1703348450000,"time":"2023-12-23T16:41:37.161Z","iobWithZeroTemp":{"iob":2.336,"basaliob":-0.559,"bolussnooze":1.6117,"activity":0.0202,"lastBolusTime":1703348450000,"time":"2023-12-23T16:41:37.161Z"}},{"iob":2.358,"basaliob":-0.41,"bolussnooze":1.4509,"activity":0.0208,"lastBolusTime":1703348450000,"time":"2023-12-23T16:46:37.161Z","iobWithZeroTemp":{"iob":2.202,"basaliob":-0.566,"bolussnooze":1.4509,"activity":0.0203,"lastBolusTime":1703348450000,"time":"2023-12-23T16:46:37.161Z"}},{"iob":2.253,"basaliob":-0.387,"bolussnooze":1.2973,"activity":0.021,"lastBolusTime":1703348450000,"time":"2023-12-23T16:51:37.161Z","iobWithZeroTemp":{"iob":2.067,"basaliob":-0.573,"bolussnooze":1.2973,"activity":0.0203,"lastBolusTime":1703348450000,"time":"2023-12-23T16:51:37.161Z"}},{"iob":2.148,"basaliob":-0.365,"bolussnooze":1.1532,"activity":0.0209,"lastBolusTime":1703348450000,"time":"2023-12-23T16:56:37.161Z","iobWithZeroTemp":{"iob":1.932,"basaliob":-0.581,"bolussnooze":1.1532,"activity":0.02,"lastBolusTime":1703348450000,"time":"2023-12-23T16:56:37.161Z"}},{"iob":2.043,"basaliob":-0.344,"bolussnooze":1.0196,"activity":0.0207,"lastBolusTime":1703348450000,"time":"2023-12-23T17:01:37.161Z","iobWithZeroTemp":{"iob":1.799,"basaliob":-0.588,"bolussnooze":1.0196,"activity":0.0196,"lastBolusTime":1703348450000,"time":"2023-12-23T17:01:37.161Z"}},{"iob":1.941,"basaliob":-0.323,"bolussnooze":0.8973,"activity":0.0205,"lastBolusTime":1703348450000,"time":"2023-12-23T17:06:37.161Z","iobWithZeroTemp":{"iob":1.669,"basaliob":-0.595,"bolussnooze":0.8973,"activity":0.0192,"lastBolusTime":1703348450000,"time":"2023-12-23T17:06:37.161Z"}},{"iob":1.839,"basaliob":-0.304,"bolussnooze":0.7862,"activity":0.02,"lastBolusTime":1703348450000,"time":"2023-12-23T17:11:37.161Z","iobWithZeroTemp":{"iob":1.541,"basaliob":-0.602,"bolussnooze":0.7862,"activity":0.0185,"lastBolusTime":1703348450000,"time":"2023-12-23T17:11:37.161Z"}},{"iob":1.74,"basaliob":-0.285,"bolussnooze":0.6861,"activity":0.0195,"lastBolusTime":1703348450000,"time":"2023-12-23T17:16:37.161Z","iobWithZeroTemp":{"iob":1.417,"basaliob":-0.608,"bolussnooze":0.6861,"activity":0.0177,"lastBolusTime":1703348450000,"time":"2023-12-23T17:16:37.161Z"}},{"iob":1.644,"basaliob":-0.267,"bolussnooze":0.5966,"activity":0.0189,"lastBolusTime":1703348450000,"time":"2023-12-23T17:21:37.161Z","iobWithZeroTemp":{"iob":1.297,"basaliob":-0.614,"bolussnooze":0.5966,"activity":0.0169,"lastBolusTime":1703348450000,"time":"2023-12-23T17:21:37.161Z"}},{"iob":1.551,"basaliob":-0.25,"bolussnooze":0.5169,"activity":0.0183,"lastBolusTime":1703348450000,"time":"2023-12-23T17:26:37.161Z","iobWithZeroTemp":{"iob":1.181,"basaliob":-0.62,"bolussnooze":0.5169,"activity":0.0161,"lastBolusTime":1703348450000,"time":"2023-12-23T17:26:37.161Z"}},{"iob":1.462,"basaliob":-0.233,"bolussnooze":0.4464,"activity":0.0176,"lastBolusTime":1703348450000,"time":"2023-12-23T17:31:37.161Z","iobWithZeroTemp":{"iob":1.071,"basaliob":-0.624,"bolussnooze":0.4464,"activity":0.0152,"lastBolusTime":1703348450000,"time":"2023-12-23T17:31:37.161Z"}},{"iob":1.375,"basaliob":-0.218,"bolussnooze":0.3843,"activity":0.0169,"lastBolusTime":1703348450000,"time":"2023-12-23T17:36:37.161Z","iobWithZeroTemp":{"iob":0.963,"basaliob":-0.63,"bolussnooze":0.3843,"activity":0.0142,"lastBolusTime":1703348450000,"time":"2023-12-23T17:36:37.161Z"}},{"iob":1.293,"basaliob":-0.203,"bolussnooze":0.3298,"activity":0.0163,"lastBolusTime":1703348450000,"time":"2023-12-23T17:41:37.161Z","iobWithZeroTemp":{"iob":0.862,"basaliob":-0.634,"bolussnooze":0.3298,"activity":0.0134,"lastBolusTime":1703348450000,"time":"2023-12-23T17:41:37.161Z"}},{"iob":1.213,"basaliob":-0.19,"bolussnooze":0.2823,"activity":0.0155,"lastBolusTime":1703348450000,"time":"2023-12-23T17:46:37.161Z","iobWithZeroTemp":{"iob":0.763,"basaliob":-0.64,"bolussnooze":0.2823,"activity":0.0124,"lastBolusTime":1703348450000,"time":"2023-12-23T17:46:37.161Z"}},{"iob":1.137,"basaliob":-0.177,"bolussnooze":0.2409,"activity":0.0148,"lastBolusTime":1703348450000,"time":"2023-12-23T17:51:37.161Z","iobWithZeroTemp":{"iob":0.67,"basaliob":-0.644,"bolussnooze":0.2409,"activity":0.0115,"lastBolusTime":1703348450000,"time":"2023-12-23T17:51:37.161Z"}},{"iob":1.066,"basaliob":-0.164,"bolussnooze":0.2049,"activity":0.0141,"lastBolusTime":1703348450000,"time":"2023-12-23T17:56:37.161Z","iobWithZeroTemp":{"iob":0.582,"basaliob":-0.648,"bolussnooze":0.2049,"activity":0.0106,"lastBolusTime":1703348450000,"time":"2023-12-23T17:56:37.161Z"}},{"iob":0.996,"basaliob":-0.153,"bolussnooze":0.1739,"activity":0.0134,"lastBolusTime":1703348450000,"time":"2023-12-23T18:01:37.161Z","iobWithZeroTemp":{"iob":0.497,"basaliob":-0.652,"bolussnooze":0.1739,"activity":0.0097,"lastBolusTime":1703348450000,"time":"2023-12-23T18:01:37.161Z"}},{"iob":0.931,"basaliob":-0.142,"bolussnooze":0.1471,"activity":0.0127,"lastBolusTime":1703348450000,"time":"2023-12-23T18:06:37.161Z","iobWithZeroTemp":{"iob":0.417,"basaliob":-0.656,"bolussnooze":0.1471,"activity":0.0088,"lastBolusTime":1703348450000,"time":"2023-12-23T18:06:37.161Z"}},{"iob":0.87,"basaliob":-0.132,"bolussnooze":0.1241,"activity":0.012,"lastBolusTime":1703348450000,"time":"2023-12-23T18:11:37.161Z","iobWithZeroTemp":{"iob":0.343,"basaliob":-0.659,"bolussnooze":0.1241,"activity":0.008,"lastBolusTime":1703348450000,"time":"2023-12-23T18:11:37.161Z"}},{"iob":0.812,"basaliob":-0.122,"bolussnooze":0.1044,"activity":0.0114,"lastBolusTime":1703348450000,"time":"2023-12-23T18:16:37.161Z","iobWithZeroTemp":{"iob":0.272,"basaliob":-0.662,"bolussnooze":0.1044,"activity":0.0072,"lastBolusTime":1703348450000,"time":"2023-12-23T18:16:37.161Z"}},{"iob":0.757,"basaliob":-0.113,"bolussnooze":0.0875,"activity":0.0107,"lastBolusTime":1703348450000,"time":"2023-12-23T18:21:37.161Z","iobWithZeroTemp":{"iob":0.205,"basaliob":-0.665,"bolussnooze":0.0875,"activity":0.0064,"lastBolusTime":1703348450000,"time":"2023-12-23T18:21:37.161Z"}},{"iob":0.704,"basaliob":-0.105,"bolussnooze":0.0732,"activity":0.0101,"lastBolusTime":1703348450000,"time":"2023-12-23T18:26:37.161Z","iobWithZeroTemp":{"iob":0.141,"basaliob":-0.668,"bolussnooze":0.0732,"activity":0.0056,"lastBolusTime":1703348450000,"time":"2023-12-23T18:26:37.161Z"}},{"iob":0.655,"basaliob":-0.097,"bolussnooze":0.061,"activity":0.0095,"lastBolusTime":1703348450000,"time":"2023-12-23T18:31:37.161Z","iobWithZeroTemp":{"iob":0.081,"basaliob":-0.671,"bolussnooze":0.061,"activity":0.0049,"lastBolusTime":1703348450000,"time":"2023-12-23T18:31:37.161Z"}},{"iob":0.609,"basaliob":-0.09,"bolussnooze":0.0506,"activity":0.0089,"lastBolusTime":1703348450000,"time":"2023-12-23T18:36:37.161Z","iobWithZeroTemp":{"iob":0.025,"basaliob":-0.674,"bolussnooze":0.0506,"activity":0.0041,"lastBolusTime":1703348450000,"time":"2023-12-23T18:36:37.161Z"}},{"iob":0.566,"basaliob":-0.083,"bolussnooze":0.0419,"activity":0.0084,"lastBolusTime":1703348450000,"time":"2023-12-23T18:41:37.161Z","iobWithZeroTemp":{"iob":-0.027,"basaliob":-0.676,"bolussnooze":0.0419,"activity":0.0035,"lastBolusTime":1703348450000,"time":"2023-12-23T18:41:37.161Z"}},{"iob":0.525,"basaliob":-0.077,"bolussnooze":0.0346,"activity":0.0079,"lastBolusTime":1703348450000,"time":"2023-12-23T18:46:37.161Z","iobWithZeroTemp":{"iob":-0.076,"basaliob":-0.678,"bolussnooze":0.0346,"activity":0.0029,"lastBolusTime":1703348450000,"time":"2023-12-23T18:46:37.161Z"}},{"iob":0.487,"basaliob":-0.071,"bolussnooze":0.0284,"activity":0.0074,"lastBolusTime":1703348450000,"time":"2023-12-23T18:51:37.161Z","iobWithZeroTemp":{"iob":-0.122,"basaliob":-0.68,"bolussnooze":0.0284,"activity":0.0023,"lastBolusTime":1703348450000,"time":"2023-12-23T18:51:37.161Z"}},{"iob":0.452,"basaliob":-0.065,"bolussnooze":0.0232,"activity":0.0069,"lastBolusTime":1703348450000,"time":"2023-12-23T18:56:37.161Z","iobWithZeroTemp":{"iob":-0.165,"basaliob":-0.682,"bolussnooze":0.0232,"activity":0.0017,"lastBolusTime":1703348450000,"time":"2023-12-23T18:56:37.161Z"}},{"iob":0.418,"basaliob":-0.06,"bolussnooze":0.0189,"activity":0.0064,"lastBolusTime":1703348450000,"time":"2023-12-23T19:01:37.161Z","iobWithZeroTemp":{"iob":-0.206,"basaliob":-0.684,"bolussnooze":0.0189,"activity":0.0011,"lastBolusTime":1703348450000,"time":"2023-12-23T19:01:37.161Z"}},{"iob":0.388,"basaliob":-0.055,"bolussnooze":0.0153,"activity":0.006,"lastBolusTime":1703348450000,"time":"2023-12-23T19:06:37.161Z","iobWithZeroTemp":{"iob":-0.242,"basaliob":-0.685,"bolussnooze":0.0153,"activity":6.0E-4,"lastBolusTime":1703348450000,"time":"2023-12-23T19:06:37.161Z"}},{"iob":0.358,"basaliob":-0.051,"bolussnooze":0.0123,"activity":0.0057,"lastBolusTime":1703348450000,"time":"2023-12-23T19:11:37.161Z","iobWithZeroTemp":{"iob":-0.278,"basaliob":-0.687,"bolussnooze":0.0123,"activity":2.0E-4,"lastBolusTime":1703348450000,"time":"2023-12-23T19:11:37.161Z"}},{"iob":0.331,"basaliob":-0.047,"bolussnooze":0.0099,"activity":0.0052,"lastBolusTime":1703348450000,"time":"2023-12-23T19:16:37.161Z","iobWithZeroTemp":{"iob":-0.311,"basaliob":-0.689,"bolussnooze":0.0099,"activity":-4.0E-4,"lastBolusTime":1703348450000,"time":"2023-12-23T19:16:37.161Z"}},{"iob":0.306,"basaliob":-0.043,"bolussnooze":0.0079,"activity":0.0049,"lastBolusTime":1703348450000,"time":"2023-12-23T19:21:37.161Z","iobWithZeroTemp":{"iob":-0.341,"basaliob":-0.69,"bolussnooze":0.0079,"activity":-8.0E-4,"lastBolusTime":1703348450000,"time":"2023-12-23T19:21:37.161Z"}},{"iob":0.282,"basaliob":-0.04,"bolussnooze":0.0062,"activity":0.0045,"lastBolusTime":1703348450000,"time":"2023-12-23T19:26:37.161Z","iobWithZeroTemp":{"iob":-0.369,"basaliob":-0.691,"bolussnooze":0.0062,"activity":-0.0013,"lastBolusTime":1703348450000,"time":"2023-12-23T19:26:37.161Z"}},{"iob":0.26,"basaliob":-0.036,"bolussnooze":0.0049,"activity":0.0043,"lastBolusTime":1703348450000,"time":"2023-12-23T19:31:37.161Z","iobWithZeroTemp":{"iob":-0.396,"basaliob":-0.692,"bolussnooze":0.0049,"activity":-0.0015,"lastBolusTime":1703348450000,"time":"2023-12-23T19:31:37.161Z"}},{"iob":0.24,"basaliob":-0.033,"bolussnooze":0.0038,"activity":0.0039,"lastBolusTime":1703348450000,"time":"2023-12-23T19:36:37.161Z","iobWithZeroTemp":{"iob":-0.42,"basaliob":-0.693,"bolussnooze":0.0038,"activity":-0.002,"lastBolusTime":1703348450000,"time":"2023-12-23T19:36:37.161Z"}},{"iob":0.221,"basaliob":-0.03,"bolussnooze":0.0029,"activity":0.0037,"lastBolusTime":1703348450000,"time":"2023-12-23T19:41:37.161Z","iobWithZeroTemp":{"iob":-0.443,"basaliob":-0.694,"bolussnooze":0.0029,"activity":-0.0022,"lastBolusTime":1703348450000,"time":"2023-12-23T19:41:37.161Z"}},{"iob":0.203,"basaliob":-0.028,"bolussnooze":0.0022,"activity":0.0034,"lastBolusTime":1703348450000,"time":"2023-12-23T19:46:37.161Z","iobWithZeroTemp":{"iob":-0.464,"basaliob":-0.695,"bolussnooze":0.0022,"activity":-0.0026,"lastBolusTime":1703348450000,"time":"2023-12-23T19:46:37.161Z"}},{"iob":0.186,"basaliob":-0.026,"bolussnooze":0.0017,"activity":0.0031,"lastBolusTime":1703348450000,"time":"2023-12-23T19:51:37.161Z","iobWithZeroTemp":{"iob":-0.484,"basaliob":-0.696,"bolussnooze":0.0017,"activity":-0.003,"lastBolusTime":1703348450000,"time":"2023-12-23T19:51:37.161Z"}},{"iob":0.172,"basaliob":-0.023,"bolussnooze":0.0012,"activity":0.0029,"lastBolusTime":1703348450000,"time":"2023-12-23T19:56:37.161Z","iobWithZeroTemp":{"iob":-0.501,"basaliob":-0.696,"bolussnooze":0.0012,"activity":-0.0032,"lastBolusTime":1703348450000,"time":"2023-12-23T19:56:37.161Z"}},{"iob":0.158,"basaliob":-0.021,"bolussnooze":9.0E-4,"activity":0.0027,"lastBolusTime":1703348450000,"time":"2023-12-23T20:01:37.161Z","iobWithZeroTemp":{"iob":-0.518,"basaliob":-0.697,"bolussnooze":9.0E-4,"activity":-0.0034,"lastBolusTime":1703348450000,"time":"2023-12-23T20:01:37.161Z"}},{"iob":0.144,"basaliob":-0.02,"bolussnooze":6.0E-4,"activity":0.0025,"lastBolusTime":1703348450000,"time":"2023-12-23T20:06:37.161Z","iobWithZeroTemp":{"iob":-0.534,"basaliob":-0.698,"bolussnooze":6.0E-4,"activity":-0.0037,"lastBolusTime":1703348450000,"time":"2023-12-23T20:06:37.161Z"}},{"iob":0.132,"basaliob":-0.018,"bolussnooze":4.0E-4,"activity":0.0023,"lastBolusTime":1703348450000,"time":"2023-12-23T20:11:37.161Z","iobWithZeroTemp":{"iob":-0.549,"basaliob":-0.699,"bolussnooze":4.0E-4,"activity":-0.0039,"lastBolusTime":1703348450000,"time":"2023-12-23T20:11:37.161Z"}},{"iob":0.122,"basaliob":-0.016,"bolussnooze":3.0E-4,"activity":0.0021,"lastBolusTime":1703348450000,"time":"2023-12-23T20:16:37.161Z","iobWithZeroTemp":{"iob":-0.561,"basaliob":-0.699,"bolussnooze":3.0E-4,"activity":-0.0042,"lastBolusTime":1703348450000,"time":"2023-12-23T20:16:37.161Z"}}],"profile":{"max_iob":7,"type":"current","max_daily_basal":0.45,"max_basal":1.35,"min_bg":81.0000000000001,"max_bg":81.0000000000001,"target_bg":81.0000000000001,"carb_ratio":11,"sens":352.8,"max_daily_safety_multiplier":3,"current_basal_safety_multiplier":4,"lgsThreshold":65,"high_temptarget_raises_sensitivity":false,"low_temptarget_lowers_sensitivity":false,"sensitivity_raises_target":true,"resistance_lowers_target":true,"adv_target_adjustments":false,"exercise_mode":false,"half_basal_exercise_target":160,"maxCOB":120,"skip_neutral_temps":false,"remainingCarbsCap":90,"enableUAM":true,"A52_risk_enable":false,"SMBInterval":4,"enableSMB_with_COB":true,"enableSMB_with_temptarget":false,"allowSMB_with_high_temptarget":true,"enableSMB_always":true,"enableSMB_after_carbs":false,"maxSMBBasalMinutes":60,"maxUAMSMBBasalMinutes":60,"bolus_increment":0.05,"carbsReqThreshold":10,"current_basal":0.4,"temptargetSet":true,"autosens_max":1.2,"autosens_min":0.8,"out_units":"mmol\/L","variable_sens":138.3,"insulinDivisor":65,"TDD":12.320898541666665},"autosens_data":{"ratio":1.1707709454953596},"meal_data":{"carbs":25,"mealCOB":22.975812925170104,"slopeFromMaxDeviation":0,"slopeFromMinDeviation":4.362500000000001,"lastBolusTime":1703348450000,"lastCarbTime":1703344994305},"microBolusAllowed":true,"currentTime":1703348498585,"flatBGsDetected":false,"tdd1D":34.144083333333334,"tdd7D":30.47294047619048,"tddLast24H":35.67683333333334,"tddLast4H":4.886666666666668,"tddLast8to4H":11.450000000000001},"output":{"temp":"absolute","bg":122,"tick":"+27","eventualBG":302,"targetBG":81.0000000000001,"insulinReq":0,"deliverAt":"2023-12-23T16:21:38.585Z","sensitivityRatio":1.1707709454953596,"variable_sens":138.3,"predBGs":{"IOB":[122,140,155,167,176,183,188,190,189,186,180,171,160,149,138,127,115,104,92,79,66,53,39],"ZT":[122,111,98,83,66,45,39,39,39,39,39,39,39,39,39,39,39,39,39,39,39,39,39,39,39,39,39,39,39,39,39,39,39,39,39,39,39,39,39,39,39,39,39,39,39,39,39,39],"COB":[122,141,156,170,181,189,196,201,204,206,206,205,202,199,193,187,179,171,160,150,141,131,122,114,106,99,92,85,79,73,68,63,58,54,49,45,42,39],"UAM":[122,145,167,188,207,225,242,258,273,286,299,310,320,329,337,344,350,355,358,361,362,362,361,359,355,351,347,343,340,336,333,330,327,325,322,320,318,316,314,312,311,309,308,306,305,304,303,302]},"reason":"COB: 23, Dev: 11.9, BGI: -0.6, ISF: 7.7, CR: 11, Target: 4.5, minPredBG 2.1, minGuardBG 1.4, IOBpredBG 2.2, COBpredBG 2.2, UAMpredBG 16.8; maxDelta 1.5 > 20% of BG 6.8: SMB disabled; minGuardBG 1.4<3.6 60m left and 0 ~ req 0U\/hr: no temp required","COB":22.975812925170104,"IOB":2.835,"timestamp":"2023-12-23T16:21:38.613Z"}}