{"algorithm":"OpenAPSSMBDynamicISFPlugin","input":{"glucoseStatus":{"glucose":232,"noise":0,"delta":9,"short_avgdelta":9.83,"long_avgdelta":8.63,"date":1703876520131},"currenttemp":{"temp":"absolute","duration":25,"rate":0.36,"minutesrunning":5},"iob_data":[{"iob":1.802,"basaliob":-0.644,"bolussnooze":1.362,"activity":0.0043,"lastBolusTime":1703876276000,"time":"2023-12-29T19:02:20.799Z","iobWithZeroTemp":{"iob":1.802,"basaliob":-0.644,"bolussnooze":1.362,"activity":0.0043,"lastBolusTime":1703876276000,"time":"2023-12-29T19:02:20.799Z"}},{"iob":1.776,"basaliob":-0.612,"bolussnooze":1.2679,"activity":0.0063,"lastBolusTime":1703876276000,"time":"2023-12-29T19:07:20.799Z","iobWithZeroTemp":{"iob":1.749,"basaliob":-0.639,"bolussnooze":1.2679,"activity":0.0063,"lastBolusTime":1703876276000,"time":"2023-12-29T19:07:20.799Z"}},{"iob":1.74,"basaliob":-0.581,"bolussnooze":1.1663,"activity":0.008,"lastBolusTime":1703876276000,"time":"2023-12-29T19:12:20.799Z","iobWithZeroTemp":{"iob":1.68,"basaliob":-0.641,"bolussnooze":1.1663,"activity":0.0079,"lastBolusTime":1703876276000,"time":"2023-12-29T19:12:20.799Z"}},{"iob":1.696,"basaliob":-0.551,"bolussnooze":1.0623,"activity":0.0094,"lastBolusTime":1703876276000,"time":"2023-12-29T19:17:20.799Z","iobWithZeroTemp":{"iob":1.604,"basaliob":-0.643,"bolussnooze":1.0623,"activity":0.0092,"lastBolusTime":1703876276000,"time":"2023-12-29T19:17:20.799Z"}},{"iob":1.646,"basaliob":-0.521,"bolussnooze":0.9596,"activity":0.0104,"lastBolusTime":1703876276000,"time":"2023-12-29T19:22:20.799Z","iobWithZeroTemp":{"iob":1.521,"basaliob":-0.646,"bolussnooze":0.9596,"activity":0.0101,"lastBolusTime":1703876276000,"time":"2023-12-29T19:22:20.799Z"}},{"iob":1.592,"basaliob":-0.492,"bolussnooze":0.8607,"activity":0.0112,"lastBolusTime":1703876276000,"time":"2023-12-29T19:27:20.799Z","iobWithZeroTemp":{"iob":1.436,"basaliob":-0.648,"bolussnooze":0.8607,"activity":0.0107,"lastBolusTime":1703876276000,"time":"2023-12-29T19:27:20.799Z"}},{"iob":1.535,"basaliob":-0.464,"bolussnooze":0.7671,"activity":0.0118,"lastBolusTime":1703876276000,"time":"2023-12-29T19:32:20.799Z","iobWithZeroTemp":{"iob":1.349,"basaliob":-0.65,"bolussnooze":0.7671,"activity":0.0111,"lastBolusTime":1703876276000,"time":"2023-12-29T19:32:20.799Z"}},{"iob":1.475,"basaliob":-0.437,"bolussnooze":0.68,"activity":0.0122,"lastBolusTime":1703876276000,"time":"2023-12-29T19:37:20.799Z","iobWithZeroTemp":{"iob":1.259,"basaliob":-0.653,"bolussnooze":0.68,"activity":0.0113,"lastBolusTime":1703876276000,"time":"2023-12-29T19:37:20.799Z"}},{"iob":1.413,"basaliob":-0.411,"bolussnooze":0.5998,"activity":0.0124,"lastBolusTime":1703876276000,"time":"2023-12-29T19:42:20.799Z","iobWithZeroTemp":{"iob":1.169,"basaliob":-0.655,"bolussnooze":0.5998,"activity":0.0113,"lastBolusTime":1703876276000,"time":"2023-12-29T19:42:20.799Z"}},{"iob":1.351,"basaliob":-0.386,"bolussnooze":0.5267,"activity":0.0125,"lastBolusTime":1703876276000,"time":"2023-12-29T19:47:20.799Z","iobWithZeroTemp":{"iob":1.079,"basaliob":-0.658,"bolussnooze":0.5267,"activity":0.0112,"lastBolusTime":1703876276000,"time":"2023-12-29T19:47:20.799Z"}},{"iob":1.289,"basaliob":-0.362,"bolussnooze":0.4606,"activity":0.0124,"lastBolusTime":1703876276000,"time":"2023-12-29T19:52:20.799Z","iobWithZeroTemp":{"iob":0.991,"basaliob":-0.66,"bolussnooze":0.4606,"activity":0.0109,"lastBolusTime":1703876276000,"time":"2023-12-29T19:52:20.799Z"}},{"iob":1.226,"basaliob":-0.34,"bolussnooze":0.4013,"activity":0.0124,"lastBolusTime":1703876276000,"time":"2023-12-29T19:57:20.799Z","iobWithZeroTemp":{"iob":0.903,"basaliob":-0.663,"bolussnooze":0.4013,"activity":0.0106,"lastBolusTime":1703876276000,"time":"2023-12-29T19:57:20.799Z"}},{"iob":1.165,"basaliob":-0.318,"bolussnooze":0.3484,"activity":0.0122,"lastBolusTime":1703876276000,"time":"2023-12-29T20:02:20.799Z","iobWithZeroTemp":{"iob":0.818,"basaliob":-0.665,"bolussnooze":0.3484,"activity":0.0102,"lastBolusTime":1703876276000,"time":"2023-12-29T20:02:20.799Z"}},{"iob":1.105,"basaliob":-0.297,"bolussnooze":0.3014,"activity":0.012,"lastBolusTime":1703876276000,"time":"2023-12-29T20:07:20.799Z","iobWithZeroTemp":{"iob":0.735,"basaliob":-0.667,"bolussnooze":0.3014,"activity":0.0098,"lastBolusTime":1703876276000,"time":"2023-12-29T20:07:20.799Z"}},{"iob":1.045,"basaliob":-0.278,"bolussnooze":0.26,"activity":0.0117,"lastBolusTime":1703876276000,"time":"2023-12-29T20:12:20.799Z","iobWithZeroTemp":{"iob":0.654,"basaliob":-0.669,"bolussnooze":0.26,"activity":0.0093,"lastBolusTime":1703876276000,"time":"2023-12-29T20:12:20.799Z"}},{"iob":0.988,"basaliob":-0.259,"bolussnooze":0.2235,"activity":0.0113,"lastBolusTime":1703876276000,"time":"2023-12-29T20:17:20.799Z","iobWithZeroTemp":{"iob":0.576,"basaliob":-0.671,"bolussnooze":0.2235,"activity":0.0086,"lastBolusTime":1703876276000,"time":"2023-12-29T20:17:20.799Z"}},{"iob":0.932,"basaliob":-0.242,"bolussnooze":0.1916,"activity":0.0109,"lastBolusTime":1703876276000,"time":"2023-12-29T20:22:20.799Z","iobWithZeroTemp":{"iob":0.501,"basaliob":-0.673,"bolussnooze":0.1916,"activity":0.008,"lastBolusTime":1703876276000,"time":"2023-12-29T20:22:20.799Z"}},{"iob":0.879,"basaliob":-0.225,"bolussnooze":0.1638,"activity":0.0106,"lastBolusTime":1703876276000,"time":"2023-12-29T20:27:20.799Z","iobWithZeroTemp":{"iob":0.429,"basaliob":-0.675,"bolussnooze":0.1638,"activity":0.0075,"lastBolusTime":1703876276000,"time":"2023-12-29T20:27:20.799Z"}},{"iob":0.826,"basaliob":-0.21,"bolussnooze":0.1396,"activity":0.0102,"lastBolusTime":1703876276000,"time":"2023-12-29T20:32:20.799Z","iobWithZeroTemp":{"iob":0.359,"basaliob":-0.677,"bolussnooze":0.1396,"activity":0.0069,"lastBolusTime":1703876276000,"time":"2023-12-29T20:32:20.799Z"}},{"iob":0.777,"basaliob":-0.195,"bolussnooze":0.1187,"activity":0.0098,"lastBolusTime":1703876276000,"time":"2023-12-29T20:37:20.799Z","iobWithZeroTemp":{"iob":0.293,"basaliob":-0.679,"bolussnooze":0.1187,"activity":0.0063,"lastBolusTime":1703876276000,"time":"2023-12-29T20:37:20.799Z"}},{"iob":0.73,"basaliob":-0.181,"bolussnooze":0.1006,"activity":0.0093,"lastBolusTime":1703876276000,"time":"2023-12-29T20:42:20.799Z","iobWithZeroTemp":{"iob":0.231,"basaliob":-0.68,"bolussnooze":0.1006,"activity":0.0056,"lastBolusTime":1703876276000,"time":"2023-12-29T20:42:20.799Z"}},{"iob":0.684,"basaliob":-0.168,"bolussnooze":0.085,"activity":0.0089,"lastBolusTime":1703876276000,"time":"2023-12-29T20:47:20.799Z","iobWithZeroTemp":{"iob":0.17,"basaliob":-0.682,"bolussnooze":0.085,"activity":0.005,"lastBolusTime":1703876276000,"time":"2023-12-29T20:47:20.799Z"}},{"iob":0.641,"basaliob":-0.156,"bolussnooze":0.0717,"activity":0.0084,"lastBolusTime":1703876276000,"time":"2023-12-29T20:52:20.799Z","iobWithZeroTemp":{"iob":0.114,"basaliob":-0.683,"bolussnooze":0.0717,"activity":0.0044,"lastBolusTime":1703876276000,"time":"2023-12-29T20:52:20.799Z"}},{"iob":0.6,"basaliob":-0.145,"bolussnooze":0.0602,"activity":0.008,"lastBolusTime":1703876276000,"time":"2023-12-29T20:57:20.799Z","iobWithZeroTemp":{"iob":0.06,"basaliob":-0.685,"bolussnooze":0.0602,"activity":0.0038,"lastBolusTime":1703876276000,"time":"2023-12-29T20:57:20.799Z"}},{"iob":0.561,"basaliob":-0.134,"bolussnooze":0.0505,"activity":0.0076,"lastBolusTime":1703876276000,"time":"2023-12-29T21:02:20.799Z","iobWithZeroTemp":{"iob":0.009,"basaliob":-0.686,"bolussnooze":0.0505,"activity":0.0033,"lastBolusTime":1703876276000,"time":"2023-12-29T21:02:20.799Z"}},{"iob":0.524,"basaliob":-0.124,"bolussnooze":0.0421,"activity":0.0072,"lastBolusTime":1703876276000,"time":"2023-12-29T21:07:20.799Z","iobWithZeroTemp":{"iob":-0.039,"basaliob":-0.687,"bolussnooze":0.0421,"activity":0.0027,"lastBolusTime":1703876276000,"time":"2023-12-29T21:07:20.799Z"}},{"iob":0.489,"basaliob":-0.115,"bolussnooze":0.0351,"activity":0.0068,"lastBolusTime":1703876276000,"time":"2023-12-29T21:12:20.799Z","iobWithZeroTemp":{"iob":-0.085,"basaliob":-0.689,"bolussnooze":0.0351,"activity":0.0022,"lastBolusTime":1703876276000,"time":"2023-12-29T21:12:20.799Z"}},{"iob":0.456,"basaliob":-0.106,"bolussnooze":0.0291,"activity":0.0064,"lastBolusTime":1703876276000,"time":"2023-12-29T21:17:20.799Z","iobWithZeroTemp":{"iob":-0.128,"basaliob":-0.69,"bolussnooze":0.0291,"activity":0.0016,"lastBolusTime":1703876276000,"time":"2023-12-29T21:17:20.799Z"}},{"iob":0.424,"basaliob":-0.098,"bolussnooze":0.0241,"activity":0.006,"lastBolusTime":1703876276000,"time":"2023-12-29T21:22:20.799Z","iobWithZeroTemp":{"iob":-0.169,"basaliob":-0.691,"bolussnooze":0.0241,"activity":0.0011,"lastBolusTime":1703876276000,"time":"2023-12-29T21:22:20.799Z"}},{"iob":0.395,"basaliob":-0.091,"bolussnooze":0.0198,"activity":0.0057,"lastBolusTime":1703876276000,"time":"2023-12-29T21:27:20.799Z","iobWithZeroTemp":{"iob":-0.206,"basaliob":-0.692,"bolussnooze":0.0198,"activity":7.0E-4,"lastBolusTime":1703876276000,"time":"2023-12-29T21:27:20.799Z"}},{"iob":0.367,"basaliob":-0.084,"bolussnooze":0.0162,"activity":0.0053,"lastBolusTime":1703876276000,"time":"2023-12-29T21:32:20.799Z","iobWithZeroTemp":{"iob":-0.242,"basaliob":-0.693,"bolussnooze":0.0162,"activity":2.0E-4,"lastBolusTime":1703876276000,"time":"2023-12-29T21:32:20.799Z"}},{"iob":0.341,"basaliob":-0.077,"bolussnooze":0.0133,"activity":0.005,"lastBolusTime":1703876276000,"time":"2023-12-29T21:37:20.799Z","iobWithZeroTemp":{"iob":-0.276,"basaliob":-0.694,"bolussnooze":0.0133,"activity":-2.0E-4,"lastBolusTime":1703876276000,"time":"2023-12-29T21:37:20.799Z"}},{"iob":0.317,"basaliob":-0.071,"bolussnooze":0.0108,"activity":0.0047,"lastBolusTime":1703876276000,"time":"2023-12-29T21:42:20.799Z","iobWithZeroTemp":{"iob":-0.307,"basaliob":-0.695,"bolussnooze":0.0108,"activity":-6.0E-4,"lastBolusTime":1703876276000,"time":"2023-12-29T21:42:20.799Z"}},{"iob":0.294,"basaliob":-0.065,"bolussnooze":0.0087,"activity":0.0044,"lastBolusTime":1703876276000,"time":"2023-12-29T21:47:20.799Z","iobWithZeroTemp":{"iob":-0.336,"basaliob":-0.695,"bolussnooze":0.0087,"activity":-0.001,"lastBolusTime":1703876276000,"time":"2023-12-29T21:47:20.799Z"}},{"iob":0.273,"basaliob":-0.06,"bolussnooze":0.007,"activity":0.0042,"lastBolusTime":1703876276000,"time":"2023-12-29T21:52:20.799Z","iobWithZeroTemp":{"iob":-0.363,"basaliob":-0.696,"bolussnooze":0.007,"activity":-0.0013,"lastBolusTime":1703876276000,"time":"2023-12-29T21:52:20.799Z"}},{"iob":0.253,"basaliob":-0.055,"bolussnooze":0.0056,"activity":0.0039,"lastBolusTime":1703876276000,"time":"2023-12-29T21:57:20.799Z","iobWithZeroTemp":{"iob":-0.389,"basaliob":-0.697,"bolussnooze":0.0056,"activity":-0.0017,"lastBolusTime":1703876276000,"time":"2023-12-29T21:57:20.799Z"}},{"iob":0.235,"basaliob":-0.05,"bolussnooze":0.0044,"activity":0.0036,"lastBolusTime":1703876276000,"time":"2023-12-29T22:02:20.799Z","iobWithZeroTemp":{"iob":-0.412,"basaliob":-0.697,"bolussnooze":0.0044,"activity":-0.0021,"lastBolusTime":1703876276000,"time":"2023-12-29T22:02:20.799Z"}},{"iob":0.217,"basaliob":-0.046,"bolussnooze":0.0035,"activity":0.0034,"lastBolusTime":1703876276000,"time":"2023-12-29T22:07:20.799Z","iobWithZeroTemp":{"iob":-0.434,"basaliob":-0.697,"bolussnooze":0.0035,"activity":-0.0024,"lastBolusTime":1703876276000,"time":"2023-12-29T22:07:20.799Z"}},{"iob":0.2,"basaliob":-0.043,"bolussnooze":0.0027,"activity":0.0032,"lastBolusTime":1703876276000,"time":"2023-12-29T22:12:20.799Z","iobWithZeroTemp":{"iob":-0.456,"basaliob":-0.699,"bolussnooze":0.0027,"activity":-0.0026,"lastBolusTime":1703876276000,"time":"2023-12-29T22:12:20.799Z"}},{"iob":0.185,"basaliob":-0.039,"bolussnooze":0.0021,"activity":0.0029,"lastBolusTime":1703876276000,"time":"2023-12-29T22:17:20.799Z","iobWithZeroTemp":{"iob":-0.475,"basaliob":-0.699,"bolussnooze":0.0021,"activity":-0.003,"lastBolusTime":1703876276000,"time":"2023-12-29T22:17:20.799Z"}},{"iob":0.17,"basaliob":-0.036,"bolussnooze":0.0016,"activity":0.0028,"lastBolusTime":1703876276000,"time":"2023-12-29T22:22:20.799Z","iobWithZeroTemp":{"iob":-0.494,"basaliob":-0.7,"bolussnooze":0.0016,"activity":-0.0031,"lastBolusTime":1703876276000,"time":"2023-12-29T22:22:20.799Z"}},{"iob":0.157,"basaliob":-0.033,"bolussnooze":0.0012,"activity":0.0025,"lastBolusTime":1703876276000,"time":"2023-12-29T22:27:20.799Z","iobWithZeroTemp":{"iob":-0.51,"basaliob":-0.7,"bolussnooze":0.0012,"activity":-0.0035,"lastBolusTime":1703876276000,"time":"2023-12-29T22:27:20.799Z"}},{"iob":0.145,"basaliob":-0.03,"bolussnooze":9.0E-4,"activity":0.0024,"lastBolusTime":1703876276000,"time":"2023-12-29T22:32:20.799Z","iobWithZeroTemp":{"iob":-0.525,"basaliob":-0.7,"bolussnooze":9.0E-4,"activity":-0.0037,"lastBolusTime":1703876276000,"time":"2023-12-29T22:32:20.799Z"}},{"iob":0.134,"basaliob":-0.027,"bolussnooze":6.0E-4,"activity":0.0022,"lastBolusTime":1703876276000,"time":"2023-12-29T22:37:20.799Z","iobWithZeroTemp":{"iob":-0.539,"basaliob":-0.7,"bolussnooze":6.0E-4,"activity":-0.0039,"lastBolusTime":1703876276000,"time":"2023-12-29T22:37:20.799Z"}},{"iob":0.123,"basaliob":-0.025,"bolussnooze":4.0E-4,"activity":0.002,"lastBolusTime":1703876276000,"time":"2023-12-29T22:42:20.799Z","iobWithZeroTemp":{"iob":-0.553,"basaliob":-0.701,"bolussnooze":4.0E-4,"activity":-0.0041,"lastBolusTime":1703876276000,"time":"2023-12-29T22:42:20.799Z"}},{"iob":0.113,"basaliob":-0.023,"bolussnooze":3.0E-4,"activity":0.0019,"lastBolusTime":1703876276000,"time":"2023-12-29T22:47:20.799Z","iobWithZeroTemp":{"iob":-0.565,"basaliob":-0.701,"bolussnooze":3.0E-4,"activity":-0.0043,"lastBolusTime":1703876276000,"time":"2023-12-29T22:47:20.799Z"}},{"iob":0.104,"basaliob":-0.021,"bolussnooze":2.0E-4,"activity":0.0017,"lastBolusTime":1703876276000,"time":"2023-12-29T22:52:20.799Z","iobWithZeroTemp":{"iob":-0.577,"basaliob":-0.702,"bolussnooze":2.0E-4,"activity":-0.0045,"lastBolusTime":1703876276000,"time":"2023-12-29T22:52:20.799Z"}},{"iob":0.096,"basaliob":-0.019,"bolussnooze":1.0E-4,"activity":0.0016,"lastBolusTime":1703876276000,"time":"2023-12-29T22:57:20.799Z","iobWithZeroTemp":{"iob":-0.587,"basaliob":-0.702,"bolussnooze":1.0E-4,"activity":-0.0047,"lastBolusTime":1703876276000,"time":"2023-12-29T22:57:20.799Z"}}],"profile":{"max_iob":7,"type":"current","max_daily_basal":0.45,"max_basal":1.35,"min_bg":81.0000000000001,"max_bg":81.0000000000001,"target_bg":81.0000000000001,"carb_ratio":11,"sens":352.8,"max_daily_safety_multiplier":3,"current_basal_safety_multiplier":4,"lgsThreshold":65,"high_temptarget_raises_sensitivity":false,"low_temptarget_lowers_sensitivity":false,"sensitivity_raises_target":true,"resistance_lowers_target":true,"adv_target_adjustments":false,"exercise_mode":false,"half_basal_exercise_target":160,"maxCOB":120,"skip_neutral_temps":false,"remainingCarbsCap":90,"enableUAM":true,"A52_risk_enable":false,"SMBInterval":4,"enableSMB_with_COB":true,"enableSMB_with_temptarget":false,"allowSMB_with_high_temptarget":true,"enableSMB_always":true,"enableSMB_after_carbs":false,"maxSMBBasalMinutes":60,"maxUAMSMBBasalMinutes":60,"bolus_increment":0.05,"carbsReqThreshold":10,"current_basal":0.4,"temptargetSet":true,"autosens_max":1.2,"autosens_min":0.8,"out_units":"mmol\/L","variable_sens":129.4,"insulinDivisor":65,"TDD":9.154697000000002},"autosens_data":{"ratio":0.9016220818210335},"meal_data":{"carbs":30,"mealCOB":29.504850340136056,"slopeFromMaxDeviation":0,"slopeFromMinDeviation":1.2221111111111114,"lastBolusTime":1703876276000,"lastCarbTime":1703875681677},"microBolusAllowed":true,"currentTime":1703876543202,"flatBGsDetected":false,"tdd1D":21.22666666666668,"tdd7D":28.693285714285715,"tddLast24H":25.870500000000007,"tddLast4H":3.4633333333333334,"tddLast8to4H":7.736666666666667},"output":{"temp":"absolute","bg":232,"tick":"+9","eventualBG":352,"targetBG":81.0000000000001,"insulinReq":1.72,"deliverAt":"2023-12-29T19:02:23.202Z","sensitivityRatio":0.9016220818210335,"variable_sens":129.4,"predBGs":{"IOB":[232,240,246,250,252,252,251,249,245,240,234,227,219,211,203,195,187,179,171,163,155,148,140,133,126,119,112,106,99,93,87,81,74,68,62,56,50,44,39],"ZT":[232,229,225,220,214,207,200,192,184,176,167,159,150,142,134,125,117,110,102,95,88,82,76,70,65,61,57,53,50,49,47,47,47,48,50,52,55,59,62,66,70,74,79],"COB":[232,241,248,255,260,265,269,272,275,278,281,284,287,289,292,295,298,301,304,308,311,315,319,323,327,330,334,337,340,343,346,348,350,352,354,355,356,357,358,358,358,358,357,357,355,354,353,352],"UAM":[232,241,248,253,258,261,263,265,266,267,267,267,267,266,265,263,262,260,258,256,253,251,248,245,242,239,236,232,229,225,221,217,214,211,208,205,202,200,197,195,193,191,189,188,186,185,183,182]},"reason":"COB: 29.5, Dev: 3.9, BGI: -0.2, ISF: 7.2, CR: 11, Target: 4.5, minPredBG 16.9, minGuardBG 13.3, IOBpredBG 2.2, COBpredBG 19.6, UAMpredBG 10.1; Eventual BG 19.6 >= 4.5,  insulinReq 1.72; maxBolus 0.4; setting 60m low temp of 0U\/h. Microbolusing 0.4U. ","COB":29.504850340136056,"IOB":1.802,"units":0.4,"rate":0,"duration":60,"timestamp":"2023-12-29T19:02:23.249Z"}}