{"algorithm":"OpenAPSSMBDynamicISFPlugin","input":{"glucoseStatus":{"glucose":105,"noise":0,"delta":0,"short_avgdelta":0.11,"long_avgdelta":1.66,"date":1703646709502},"currenttemp":{"temp":"absolute","duration":25,"rate":0.27,"minutesrunning":5},"iob_data":[{"iob":-0.047,"basaliob":-0.143,"bolussnooze":0,"activity":-9.0E-4,"lastBolusTime":1703645846000,"time":"2023-12-27T03:12:13.338Z","iobWithZeroTemp":{"iob":-0.047,"basaliob":-0.143,"bolussnooze":0,"activity":-9.0E-4,"lastBolusTime":1703645846000,"time":"2023-12-27T03:12:13.338Z"}},{"iob":-0.042,"basaliob":-0.134,"bolussnooze":0,"activity":-8.0E-4,"lastBolusTime":1703645846000,"time":"2023-12-27T03:17:13.338Z","iobWithZeroTemp":{"iob":-0.062,"basaliob":-0.154,"bolussnooze":0,"activity":-8.0E-4,"lastBolusTime":1703645846000,"time":"2023-12-27T03:17:13.338Z"}},{"iob":-0.038,"basaliob":-0.125,"bolussnooze":0,"activity":-8.0E-4,"lastBolusTime":1703645846000,"time":"2023-12-27T03:22:13.338Z","iobWithZeroTemp":{"iob":-0.083,"basaliob":-0.17,"bolussnooze":0,"activity":-9.0E-4,"lastBolusTime":1703645846000,"time":"2023-12-27T03:22:13.338Z"}},{"iob":-0.035,"basaliob":-0.117,"bolussnooze":0,"activity":-7.0E-4,"lastBolusTime":1703645846000,"time":"2023-12-27T03:27:13.338Z","iobWithZeroTemp":{"iob":-0.104,"basaliob":-0.186,"bolussnooze":0,"activity":-8.0E-4,"lastBolusTime":1703645846000,"time":"2023-12-27T03:27:13.338Z"}},{"iob":-0.031,"basaliob":-0.109,"bolussnooze":0,"activity":-6.0E-4,"lastBolusTime":1703645846000,"time":"2023-12-27T03:32:13.338Z","iobWithZeroTemp":{"iob":-0.124,"basaliob":-0.202,"bolussnooze":0,"activity":-8.0E-4,"lastBolusTime":1703645846000,"time":"2023-12-27T03:32:13.338Z"}},{"iob":-0.029,"basaliob":-0.102,"bolussnooze":0,"activity":-5.0E-4,"lastBolusTime":1703645846000,"time":"2023-12-27T03:37:13.338Z","iobWithZeroTemp":{"iob":-0.146,"basaliob":-0.219,"bolussnooze":0,"activity":-9.0E-4,"lastBolusTime":1703645846000,"time":"2023-12-27T03:37:13.338Z"}},{"iob":-0.026,"basaliob":-0.095,"bolussnooze":0,"activity":-6.0E-4,"lastBolusTime":1703645846000,"time":"2023-12-27T03:42:13.338Z","iobWithZeroTemp":{"iob":-0.166,"basaliob":-0.235,"bolussnooze":0,"activity":-0.0011,"lastBolusTime":1703645846000,"time":"2023-12-27T03:42:13.338Z"}},{"iob":-0.023,"basaliob":-0.088,"bolussnooze":0,"activity":-5.0E-4,"lastBolusTime":1703645846000,"time":"2023-12-27T03:47:13.338Z","iobWithZeroTemp":{"iob":-0.185,"basaliob":-0.25,"bolussnooze":0,"activity":-0.0012,"lastBolusTime":1703645846000,"time":"2023-12-27T03:47:13.338Z"}},{"iob":-0.021,"basaliob":-0.082,"bolussnooze":0,"activity":-4.0E-4,"lastBolusTime":1703645846000,"time":"2023-12-27T03:52:13.338Z","iobWithZeroTemp":{"iob":-0.204,"basaliob":-0.265,"bolussnooze":0,"activity":-0.0012,"lastBolusTime":1703645846000,"time":"2023-12-27T03:52:13.338Z"}},{"iob":-0.019,"basaliob":-0.076,"bolussnooze":0,"activity":-4.0E-4,"lastBolusTime":1703645846000,"time":"2023-12-27T03:57:13.338Z","iobWithZeroTemp":{"iob":-0.223,"basaliob":-0.28,"bolussnooze":0,"activity":-0.0014,"lastBolusTime":1703645846000,"time":"2023-12-27T03:57:13.338Z"}},{"iob":-0.017,"basaliob":-0.071,"bolussnooze":0,"activity":-4.0E-4,"lastBolusTime":1703645846000,"time":"2023-12-27T04:02:13.338Z","iobWithZeroTemp":{"iob":-0.24,"basaliob":-0.294,"bolussnooze":0,"activity":-0.0016,"lastBolusTime":1703645846000,"time":"2023-12-27T04:02:13.338Z"}},{"iob":-0.015,"basaliob":-0.065,"bolussnooze":0,"activity":-3.0E-4,"lastBolusTime":1703645846000,"time":"2023-12-27T04:07:13.338Z","iobWithZeroTemp":{"iob":-0.265,"basaliob":-0.315,"bolussnooze":0,"activity":-0.0016,"lastBolusTime":1703645846000,"time":"2023-12-27T04:07:13.338Z"}},{"iob":-0.013,"basaliob":-0.06,"bolussnooze":0,"activity":-3.0E-4,"lastBolusTime":1703645846000,"time":"2023-12-27T04:12:13.338Z","iobWithZeroTemp":{"iob":-0.289,"basaliob":-0.336,"bolussnooze":0,"activity":-0.0018,"lastBolusTime":1703645846000,"time":"2023-12-27T04:12:13.338Z"}},{"iob":-0.012,"basaliob":-0.056,"bolussnooze":0,"activity":-3.0E-4,"lastBolusTime":1703645846000,"time":"2023-12-27T04:17:13.338Z","iobWithZeroTemp":{"iob":-0.314,"basaliob":-0.358,"bolussnooze":0,"activity":-0.002,"lastBolusTime":1703645846000,"time":"2023-12-27T04:17:13.338Z"}},{"iob":-0.011,"basaliob":-0.052,"bolussnooze":0,"activity":-2.0E-4,"lastBolusTime":1703645846000,"time":"2023-12-27T04:22:13.338Z","iobWithZeroTemp":{"iob":-0.344,"basaliob":-0.385,"bolussnooze":0,"activity":-0.0022,"lastBolusTime":1703645846000,"time":"2023-12-27T04:22:13.338Z"}},{"iob":-0.01,"basaliob":-0.048,"bolussnooze":0,"activity":-3.0E-4,"lastBolusTime":1703645846000,"time":"2023-12-27T04:27:13.338Z","iobWithZeroTemp":{"iob":-0.366,"basaliob":-0.404,"bolussnooze":0,"activity":-0.0025,"lastBolusTime":1703645846000,"time":"2023-12-27T04:27:13.338Z"}},{"iob":-0.008,"basaliob":-0.044,"bolussnooze":0,"activity":-2.0E-4,"lastBolusTime":1703645846000,"time":"2023-12-27T04:32:13.338Z","iobWithZeroTemp":{"iob":-0.386,"basaliob":-0.422,"bolussnooze":0,"activity":-0.0026,"lastBolusTime":1703645846000,"time":"2023-12-27T04:32:13.338Z"}},{"iob":-0.008,"basaliob":-0.041,"bolussnooze":0,"activity":-2.0E-4,"lastBolusTime":1703645846000,"time":"2023-12-27T04:37:13.338Z","iobWithZeroTemp":{"iob":-0.407,"basaliob":-0.44,"bolussnooze":0,"activity":-0.0028,"lastBolusTime":1703645846000,"time":"2023-12-27T04:37:13.338Z"}},{"iob":-0.007,"basaliob":-0.038,"bolussnooze":0,"activity":-1.0E-4,"lastBolusTime":1703645846000,"time":"2023-12-27T04:42:13.338Z","iobWithZeroTemp":{"iob":-0.426,"basaliob":-0.457,"bolussnooze":0,"activity":-0.0029,"lastBolusTime":1703645846000,"time":"2023-12-27T04:42:13.338Z"}},{"iob":-0.006,"basaliob":-0.035,"bolussnooze":0,"activity":-2.0E-4,"lastBolusTime":1703645846000,"time":"2023-12-27T04:47:13.338Z","iobWithZeroTemp":{"iob":-0.444,"basaliob":-0.473,"bolussnooze":0,"activity":-0.0032,"lastBolusTime":1703645846000,"time":"2023-12-27T04:47:13.338Z"}},{"iob":-0.006,"basaliob":-0.032,"bolussnooze":0,"activity":-1.0E-4,"lastBolusTime":1703645846000,"time":"2023-12-27T04:52:13.338Z","iobWithZeroTemp":{"iob":-0.462,"basaliob":-0.488,"bolussnooze":0,"activity":-0.0033,"lastBolusTime":1703645846000,"time":"2023-12-27T04:52:13.338Z"}},{"iob":-0.005,"basaliob":-0.03,"bolussnooze":0,"activity":-1.0E-4,"lastBolusTime":1703645846000,"time":"2023-12-27T04:57:13.338Z","iobWithZeroTemp":{"iob":-0.477,"basaliob":-0.502,"bolussnooze":0,"activity":-0.0035,"lastBolusTime":1703645846000,"time":"2023-12-27T04:57:13.338Z"}},{"iob":-0.004,"basaliob":-0.027,"bolussnooze":0,"activity":-2.0E-4,"lastBolusTime":1703645846000,"time":"2023-12-27T05:02:13.338Z","iobWithZeroTemp":{"iob":-0.492,"basaliob":-0.515,"bolussnooze":0,"activity":-0.0038,"lastBolusTime":1703645846000,"time":"2023-12-27T05:02:13.338Z"}},{"iob":-0.004,"basaliob":-0.025,"bolussnooze":0,"activity":-1.0E-4,"lastBolusTime":1703645846000,"time":"2023-12-27T05:07:13.338Z","iobWithZeroTemp":{"iob":-0.507,"basaliob":-0.528,"bolussnooze":0,"activity":-0.0039,"lastBolusTime":1703645846000,"time":"2023-12-27T05:07:13.338Z"}},{"iob":-0.003,"basaliob":-0.023,"bolussnooze":0,"activity":-1.0E-4,"lastBolusTime":1703645846000,"time":"2023-12-27T05:12:13.338Z","iobWithZeroTemp":{"iob":-0.52,"basaliob":-0.54,"bolussnooze":0,"activity":-0.004,"lastBolusTime":1703645846000,"time":"2023-12-27T05:12:13.338Z"}},{"iob":-0.003,"basaliob":-0.021,"bolussnooze":0,"activity":-1.0E-4,"lastBolusTime":1703645846000,"time":"2023-12-27T05:17:13.338Z","iobWithZeroTemp":{"iob":-0.534,"basaliob":-0.552,"bolussnooze":0,"activity":-0.0042,"lastBolusTime":1703645846000,"time":"2023-12-27T05:17:13.338Z"}},{"iob":-0.002,"basaliob":-0.019,"bolussnooze":0,"activity":0,"lastBolusTime":1703645846000,"time":"2023-12-27T05:22:13.338Z","iobWithZeroTemp":{"iob":-0.545,"basaliob":-0.562,"bolussnooze":0,"activity":-0.0043,"lastBolusTime":1703645846000,"time":"2023-12-27T05:22:13.338Z"}},{"iob":-0.003,"basaliob":-0.018,"bolussnooze":0,"activity":-1.0E-4,"lastBolusTime":1703645846000,"time":"2023-12-27T05:27:13.338Z","iobWithZeroTemp":{"iob":-0.558,"basaliob":-0.573,"bolussnooze":0,"activity":-0.0045,"lastBolusTime":1703645846000,"time":"2023-12-27T05:27:13.338Z"}},{"iob":-0.002,"basaliob":-0.016,"bolussnooze":0,"activity":-1.0E-4,"lastBolusTime":1703645846000,"time":"2023-12-27T05:32:13.338Z","iobWithZeroTemp":{"iob":-0.568,"basaliob":-0.582,"bolussnooze":0,"activity":-0.0046,"lastBolusTime":1703645846000,"time":"2023-12-27T05:32:13.338Z"}},{"iob":-0.002,"basaliob":-0.015,"bolussnooze":0,"activity":-1.0E-4,"lastBolusTime":1703645846000,"time":"2023-12-27T05:37:13.338Z","iobWithZeroTemp":{"iob":-0.578,"basaliob":-0.591,"bolussnooze":0,"activity":-0.0048,"lastBolusTime":1703645846000,"time":"2023-12-27T05:37:13.338Z"}},{"iob":-0.002,"basaliob":-0.014,"bolussnooze":0,"activity":0,"lastBolusTime":1703645846000,"time":"2023-12-27T05:42:13.338Z","iobWithZeroTemp":{"iob":-0.588,"basaliob":-0.6,"bolussnooze":0,"activity":-0.0048,"lastBolusTime":1703645846000,"time":"2023-12-27T05:42:13.338Z"}},{"iob":-0.002,"basaliob":-0.013,"bolussnooze":0,"activity":0,"lastBolusTime":1703645846000,"time":"2023-12-27T05:47:13.338Z","iobWithZeroTemp":{"iob":-0.597,"basaliob":-0.608,"bolussnooze":0,"activity":-0.0049,"lastBolusTime":1703645846000,"time":"2023-12-27T05:47:13.338Z"}},{"iob":-0.001,"basaliob":-0.011,"bolussnooze":0,"activity":0,"lastBolusTime":1703645846000,"time":"2023-12-27T05:52:13.338Z","iobWithZeroTemp":{"iob":-0.604,"basaliob":-0.614,"bolussnooze":0,"activity":-0.0051,"lastBolusTime":1703645846000,"time":"2023-12-27T05:52:13.338Z"}},{"iob":-0.001,"basaliob":-0.01,"bolussnooze":0,"activity":0,"lastBolusTime":1703645846000,"time":"2023-12-27T05:57:13.338Z","iobWithZeroTemp":{"iob":-0.612,"basaliob":-0.621,"bolussnooze":0,"activity":-0.0052,"lastBolusTime":1703645846000,"time":"2023-12-27T05:57:13.338Z"}},{"iob":-0.001,"basaliob":-0.01,"bolussnooze":0,"activity":-1.0E-4,"lastBolusTime":1703645846000,"time":"2023-12-27T06:02:13.338Z","iobWithZeroTemp":{"iob":-0.619,"basaliob":-0.628,"bolussnooze":0,"activity":-0.0054,"lastBolusTime":1703645846000,"time":"2023-12-27T06:02:13.338Z"}},{"iob":-0.001,"basaliob":-0.009,"bolussnooze":0,"activity":-1.0E-4,"lastBolusTime":1703645846000,"time":"2023-12-27T06:07:13.338Z","iobWithZeroTemp":{"iob":-0.626,"basaliob":-0.634,"bolussnooze":0,"activity":-0.0055,"lastBolusTime":1703645846000,"time":"2023-12-27T06:07:13.338Z"}},{"iob":-0.001,"basaliob":-0.008,"bolussnooze":0,"activity":0,"lastBolusTime":1703645846000,"time":"2023-12-27T06:12:13.338Z","iobWithZeroTemp":{"iob":-0.632,"basaliob":-0.639,"bolussnooze":0,"activity":-0.0055,"lastBolusTime":1703645846000,"time":"2023-12-27T06:12:13.338Z"}},{"iob":0,"basaliob":-0.007,"bolussnooze":0,"activity":0,"lastBolusTime":1703645846000,"time":"2023-12-27T06:17:13.338Z","iobWithZeroTemp":{"iob":-0.637,"basaliob":-0.644,"bolussnooze":0,"activity":-0.0055,"lastBolusTime":1703645846000,"time":"2023-12-27T06:17:13.338Z"}},{"iob":-0.001,"basaliob":-0.007,"bolussnooze":0,"activity":0,"lastBolusTime":1703645846000,"time":"2023-12-27T06:22:13.338Z","iobWithZeroTemp":{"iob":-0.643,"basaliob":-0.649,"bolussnooze":0,"activity":-0.0056,"lastBolusTime":1703645846000,"time":"2023-12-27T06:22:13.338Z"}},{"iob":0,"basaliob":-0.006,"bolussnooze":0,"activity":0,"lastBolusTime":1703645846000,"time":"2023-12-27T06:27:13.338Z","iobWithZeroTemp":{"iob":-0.647,"basaliob":-0.653,"bolussnooze":0,"activity":-0.0057,"lastBolusTime":1703645846000,"time":"2023-12-27T06:27:13.338Z"}},{"iob":0,"basaliob":-0.005,"bolussnooze":0,"activity":0,"lastBolusTime":1703645846000,"time":"2023-12-27T06:32:13.338Z","iobWithZeroTemp":{"iob":-0.652,"basaliob":-0.657,"bolussnooze":0,"activity":-0.0058,"lastBolusTime":1703645846000,"time":"2023-12-27T06:32:13.338Z"}},{"iob":0,"basaliob":-0.005,"bolussnooze":0,"activity":0,"lastBolusTime":1703645846000,"time":"2023-12-27T06:37:13.338Z","iobWithZeroTemp":{"iob":-0.656,"basaliob":-0.661,"bolussnooze":0,"activity":-0.0058,"lastBolusTime":1703645846000,"time":"2023-12-27T06:37:13.338Z"}},{"iob":0,"basaliob":-0.004,"bolussnooze":0,"activity":0,"lastBolusTime":1703645846000,"time":"2023-12-27T06:42:13.338Z","iobWithZeroTemp":{"iob":-0.66,"basaliob":-0.664,"bolussnooze":0,"activity":-0.0059,"lastBolusTime":1703645846000,"time":"2023-12-27T06:42:13.338Z"}},{"iob":0,"basaliob":-0.004,"bolussnooze":0,"activity":0,"lastBolusTime":1703645846000,"time":"2023-12-27T06:47:13.338Z","iobWithZeroTemp":{"iob":-0.664,"basaliob":-0.668,"bolussnooze":0,"activity":-0.006,"lastBolusTime":1703645846000,"time":"2023-12-27T06:47:13.338Z"}},{"iob":0,"basaliob":-0.004,"bolussnooze":0,"activity":0,"lastBolusTime":1703645846000,"time":"2023-12-27T06:52:13.338Z","iobWithZeroTemp":{"iob":-0.667,"basaliob":-0.671,"bolussnooze":0,"activity":-0.006,"lastBolusTime":1703645846000,"time":"2023-12-27T06:52:13.338Z"}},{"iob":0,"basaliob":-0.003,"bolussnooze":0,"activity":0,"lastBolusTime":1703645846000,"time":"2023-12-27T06:57:13.338Z","iobWithZeroTemp":{"iob":-0.671,"basaliob":-0.674,"bolussnooze":0,"activity":-0.0061,"lastBolusTime":1703645846000,"time":"2023-12-27T06:57:13.338Z"}},{"iob":0,"basaliob":-0.003,"bolussnooze":0,"activity":0,"lastBolusTime":1703645846000,"time":"2023-12-27T07:02:13.338Z","iobWithZeroTemp":{"iob":-0.673,"basaliob":-0.676,"bolussnooze":0,"activity":-0.0061,"lastBolusTime":1703645846000,"time":"2023-12-27T07:02:13.338Z"}},{"iob":0,"basaliob":-0.003,"bolussnooze":0,"activity":0,"lastBolusTime":1703645846000,"time":"2023-12-27T07:07:13.338Z","iobWithZeroTemp":{"iob":-0.676,"basaliob":-0.679,"bolussnooze":0,"activity":-0.0062,"lastBolusTime":1703645846000,"time":"2023-12-27T07:07:13.338Z"}}],"profile":{"max_iob":7,"type":"current","max_daily_basal":0.45,"max_basal":1.2,"min_bg":106.2,"max_bg":106.2,"target_bg":106.2,"carb_ratio":11,"sens":369,"max_daily_safety_multiplier":3,"current_basal_safety_multiplier":4,"lgsThreshold":65,"high_temptarget_raises_sensitivity":false,"low_temptarget_lowers_sensitivity":false,"sensitivity_raises_target":true,"resistance_lowers_target":true,"adv_target_adjustments":false,"exercise_mode":false,"half_basal_exercise_target":160,"maxCOB":120,"skip_neutral_temps":false,"remainingCarbsCap":90,"enableUAM":true,"A52_risk_enable":false,"SMBInterval":4,"enableSMB_with_COB":true,"enableSMB_with_temptarget":false,"allowSMB_with_high_temptarget":true,"enableSMB_always":true,"enableSMB_after_carbs":false,"maxSMBBasalMinutes":60,"maxUAMSMBBasalMinutes":60,"bolus_increment":0.05,"carbsReqThreshold":10,"current_basal":0.3,"temptargetSet":false,"autosens_max":1.2,"autosens_min":0.8,"out_units":"mmol\/L","variable_sens":227,"insulinDivisor":65,"TDD":8.248139583333336},"autosens_data":{"ratio":0.8910452731651515},"meal_data":{"carbs":0,"mealCOB":0,"slopeFromMaxDeviation":-1.3155000000000001,"slopeFromMinDeviation":0.19557142857142862,"lastBolusTime":1703645846000,"lastCarbTime":0},"microBolusAllowed":true,"currentTime":1703646735493,"flatBGsDetected":false,"tdd1D":30.685750000000006,"tdd7D":32.38752380952381,"tddLast24H":28.858749999999993,"tddLast4H":1.1591666666666667,"tddLast8to4H":1.3829166666666666},"output":{"temp":"absolute","bg":105,"tick":"+0","eventualBG":120,"targetBG":112,"insulinReq":-0.01,"deliverAt":"2023-12-27T03:12:15.493Z","sensitivityRatio":0.8910452731651515,"variable_sens":227,"predBGs":{"IOB":[105,105,105,105,105,106,106,106,106,106,107,107,107,108,108,108,109,109,109,109,109,109,110,110,110,110,110,110,110,110,110,110,110,110,110,111],"ZT":[105,106,107,108,109,110,111,112]},"reason":"COB: 0, Dev: 0.2, BGI: 0.1, ISF: 12.6, CR: 11, Target: 6.2, minPredBG 6.1, minGuardBG 5.8, IOBpredBG 6.2; Eventual BG 6.7 >= 6.2,  insulinReq -0.01. 25m@0.27 > 2 * insulinReq. Setting temp basal of 0.25U\/hr.  25m left and 0.27 ~ req 0.24731358194954542U\/hr: no temp required","COB":0,"IOB":-0.047,"timestamp":"2023-12-27T03:12:15.517Z"}}