{"algorithm":"OpenAPSSMBDynamicISFPlugin","input":{"glucoseStatus":{"glucose":79,"noise":0,"delta":14,"short_avgdelta":10,"long_avgdelta":-3.24,"date":1703782916665},"currenttemp":{"temp":"absolute","duration":40,"rate":0,"minutesrunning":80},"iob_data":[{"iob":1.111,"basaliob":-0.609,"bolussnooze":0.1644,"activity":0.0132,"lastBolusTime":1703780537000,"time":"2023-12-28T17:02:14.854Z","iobWithZeroTemp":{"iob":1.111,"basaliob":-0.609,"bolussnooze":0.1644,"activity":0.0132,"lastBolusTime":1703780537000,"time":"2023-12-28T17:02:14.854Z"}},{"iob":1.046,"basaliob":-0.582,"bolussnooze":0.1412,"activity":0.0126,"lastBolusTime":1703780537000,"time":"2023-12-28T17:07:14.854Z","iobWithZeroTemp":{"iob":1.019,"basaliob":-0.609,"bolussnooze":0.1412,"activity":0.0126,"lastBolusTime":1703780537000,"time":"2023-12-28T17:07:14.854Z"}},{"iob":0.983,"basaliob":-0.555,"bolussnooze":0.121,"activity":0.0122,"lastBolusTime":1703780537000,"time":"2023-12-28T17:12:14.854Z","iobWithZeroTemp":{"iob":0.923,"basaliob":-0.615,"bolussnooze":0.121,"activity":0.0121,"lastBolusTime":1703780537000,"time":"2023-12-28T17:12:14.854Z"}},{"iob":0.924,"basaliob":-0.528,"bolussnooze":0.1033,"activity":0.0116,"lastBolusTime":1703780537000,"time":"2023-12-28T17:17:14.854Z","iobWithZeroTemp":{"iob":0.832,"basaliob":-0.62,"bolussnooze":0.1033,"activity":0.0114,"lastBolusTime":1703780537000,"time":"2023-12-28T17:17:14.854Z"}},{"iob":0.867,"basaliob":-0.501,"bolussnooze":0.088,"activity":0.0111,"lastBolusTime":1703780537000,"time":"2023-12-28T17:22:14.854Z","iobWithZeroTemp":{"iob":0.742,"basaliob":-0.626,"bolussnooze":0.088,"activity":0.0108,"lastBolusTime":1703780537000,"time":"2023-12-28T17:22:14.854Z"}},{"iob":0.812,"basaliob":-0.475,"bolussnooze":0.0747,"activity":0.0106,"lastBolusTime":1703780537000,"time":"2023-12-28T17:27:14.854Z","iobWithZeroTemp":{"iob":0.656,"basaliob":-0.631,"bolussnooze":0.0747,"activity":0.0101,"lastBolusTime":1703780537000,"time":"2023-12-28T17:27:14.854Z"}},{"iob":0.761,"basaliob":-0.449,"bolussnooze":0.0633,"activity":0.01,"lastBolusTime":1703780537000,"time":"2023-12-28T17:32:14.854Z","iobWithZeroTemp":{"iob":0.575,"basaliob":-0.635,"bolussnooze":0.0633,"activity":0.0093,"lastBolusTime":1703780537000,"time":"2023-12-28T17:32:14.854Z"}},{"iob":0.712,"basaliob":-0.424,"bolussnooze":0.0535,"activity":0.0096,"lastBolusTime":1703780537000,"time":"2023-12-28T17:37:14.854Z","iobWithZeroTemp":{"iob":0.496,"basaliob":-0.64,"bolussnooze":0.0535,"activity":0.0087,"lastBolusTime":1703780537000,"time":"2023-12-28T17:37:14.854Z"}},{"iob":0.665,"basaliob":-0.4,"bolussnooze":0.045,"activity":0.0091,"lastBolusTime":1703780537000,"time":"2023-12-28T17:42:14.854Z","iobWithZeroTemp":{"iob":0.421,"basaliob":-0.644,"bolussnooze":0.045,"activity":0.008,"lastBolusTime":1703780537000,"time":"2023-12-28T17:42:14.854Z"}},{"iob":0.621,"basaliob":-0.377,"bolussnooze":0.0378,"activity":0.0086,"lastBolusTime":1703780537000,"time":"2023-12-28T17:47:14.854Z","iobWithZeroTemp":{"iob":0.349,"basaliob":-0.649,"bolussnooze":0.0378,"activity":0.0073,"lastBolusTime":1703780537000,"time":"2023-12-28T17:47:14.854Z"}},{"iob":0.579,"basaliob":-0.355,"bolussnooze":0.0316,"activity":0.0081,"lastBolusTime":1703780537000,"time":"2023-12-28T17:52:14.854Z","iobWithZeroTemp":{"iob":0.281,"basaliob":-0.653,"bolussnooze":0.0316,"activity":0.0066,"lastBolusTime":1703780537000,"time":"2023-12-28T17:52:14.854Z"}},{"iob":0.54,"basaliob":-0.333,"bolussnooze":0.0264,"activity":0.0077,"lastBolusTime":1703780537000,"time":"2023-12-28T17:57:14.854Z","iobWithZeroTemp":{"iob":0.217,"basaliob":-0.656,"bolussnooze":0.0264,"activity":0.0059,"lastBolusTime":1703780537000,"time":"2023-12-28T17:57:14.854Z"}},{"iob":0.502,"basaliob":-0.313,"bolussnooze":0.022,"activity":0.0072,"lastBolusTime":1703780537000,"time":"2023-12-28T18:02:14.854Z","iobWithZeroTemp":{"iob":0.155,"basaliob":-0.66,"bolussnooze":0.022,"activity":0.0052,"lastBolusTime":1703780537000,"time":"2023-12-28T18:02:14.854Z"}},{"iob":0.467,"basaliob":-0.293,"bolussnooze":0.0182,"activity":0.0068,"lastBolusTime":1703780537000,"time":"2023-12-28T18:07:14.854Z","iobWithZeroTemp":{"iob":0.097,"basaliob":-0.663,"bolussnooze":0.0182,"activity":0.0046,"lastBolusTime":1703780537000,"time":"2023-12-28T18:07:14.854Z"}},{"iob":0.435,"basaliob":-0.274,"bolussnooze":0.015,"activity":0.0064,"lastBolusTime":1703780537000,"time":"2023-12-28T18:12:14.854Z","iobWithZeroTemp":{"iob":0.044,"basaliob":-0.665,"bolussnooze":0.015,"activity":0.004,"lastBolusTime":1703780537000,"time":"2023-12-28T18:12:14.854Z"}},{"iob":0.403,"basaliob":-0.257,"bolussnooze":0.0124,"activity":0.0059,"lastBolusTime":1703780537000,"time":"2023-12-28T18:17:14.854Z","iobWithZeroTemp":{"iob":-0.009,"basaliob":-0.669,"bolussnooze":0.0124,"activity":0.0032,"lastBolusTime":1703780537000,"time":"2023-12-28T18:17:14.854Z"}},{"iob":0.374,"basaliob":-0.24,"bolussnooze":0.0101,"activity":0.0056,"lastBolusTime":1703780537000,"time":"2023-12-28T18:22:14.854Z","iobWithZeroTemp":{"iob":-0.057,"basaliob":-0.671,"bolussnooze":0.0101,"activity":0.0027,"lastBolusTime":1703780537000,"time":"2023-12-28T18:22:14.854Z"}},{"iob":0.347,"basaliob":-0.224,"bolussnooze":0.0083,"activity":0.0053,"lastBolusTime":1703780537000,"time":"2023-12-28T18:27:14.854Z","iobWithZeroTemp":{"iob":-0.103,"basaliob":-0.674,"bolussnooze":0.0083,"activity":0.0022,"lastBolusTime":1703780537000,"time":"2023-12-28T18:27:14.854Z"}},{"iob":0.322,"basaliob":-0.209,"bolussnooze":0.0067,"activity":0.005,"lastBolusTime":1703780537000,"time":"2023-12-28T18:32:14.854Z","iobWithZeroTemp":{"iob":-0.145,"basaliob":-0.676,"bolussnooze":0.0067,"activity":0.0017,"lastBolusTime":1703780537000,"time":"2023-12-28T18:32:14.854Z"}},{"iob":0.298,"basaliob":-0.195,"bolussnooze":0.0054,"activity":0.0046,"lastBolusTime":1703780537000,"time":"2023-12-28T18:37:14.854Z","iobWithZeroTemp":{"iob":-0.186,"basaliob":-0.679,"bolussnooze":0.0054,"activity":0.0011,"lastBolusTime":1703780537000,"time":"2023-12-28T18:37:14.854Z"}},{"iob":0.276,"basaliob":-0.181,"bolussnooze":0.0043,"activity":0.0043,"lastBolusTime":1703780537000,"time":"2023-12-28T18:42:14.854Z","iobWithZeroTemp":{"iob":-0.223,"basaliob":-0.68,"bolussnooze":0.0043,"activity":6.0E-4,"lastBolusTime":1703780537000,"time":"2023-12-28T18:42:14.854Z"}},{"iob":0.256,"basaliob":-0.168,"bolussnooze":0.0034,"activity":0.004,"lastBolusTime":1703780537000,"time":"2023-12-28T18:47:14.854Z","iobWithZeroTemp":{"iob":-0.258,"basaliob":-0.682,"bolussnooze":0.0034,"activity":1.0E-4,"lastBolusTime":1703780537000,"time":"2023-12-28T18:47:14.854Z"}},{"iob":0.235,"basaliob":-0.157,"bolussnooze":0.0027,"activity":0.0037,"lastBolusTime":1703780537000,"time":"2023-12-28T18:52:14.854Z","iobWithZeroTemp":{"iob":-0.292,"basaliob":-0.684,"bolussnooze":0.0027,"activity":-3.0E-4,"lastBolusTime":1703780537000,"time":"2023-12-28T18:52:14.854Z"}},{"iob":0.218,"basaliob":-0.145,"bolussnooze":0.0021,"activity":0.0034,"lastBolusTime":1703780537000,"time":"2023-12-28T18:57:14.854Z","iobWithZeroTemp":{"iob":-0.322,"basaliob":-0.685,"bolussnooze":0.0021,"activity":-8.0E-4,"lastBolusTime":1703780537000,"time":"2023-12-28T18:57:14.854Z"}},{"iob":0.201,"basaliob":-0.135,"bolussnooze":0.0017,"activity":0.0033,"lastBolusTime":1703780537000,"time":"2023-12-28T19:02:14.854Z","iobWithZeroTemp":{"iob":-0.351,"basaliob":-0.687,"bolussnooze":0.0017,"activity":-0.001,"lastBolusTime":1703780537000,"time":"2023-12-28T19:02:14.854Z"}},{"iob":0.185,"basaliob":-0.125,"bolussnooze":0.0013,"activity":0.003,"lastBolusTime":1703780537000,"time":"2023-12-28T19:07:14.854Z","iobWithZeroTemp":{"iob":-0.378,"basaliob":-0.688,"bolussnooze":0.0013,"activity":-0.0015,"lastBolusTime":1703780537000,"time":"2023-12-28T19:07:14.854Z"}},{"iob":0.171,"basaliob":-0.116,"bolussnooze":0.001,"activity":0.0028,"lastBolusTime":1703780537000,"time":"2023-12-28T19:12:14.854Z","iobWithZeroTemp":{"iob":-0.403,"basaliob":-0.69,"bolussnooze":0.001,"activity":-0.0018,"lastBolusTime":1703780537000,"time":"2023-12-28T19:12:14.854Z"}},{"iob":0.158,"basaliob":-0.107,"bolussnooze":7.0E-4,"activity":0.0026,"lastBolusTime":1703780537000,"time":"2023-12-28T19:17:14.854Z","iobWithZeroTemp":{"iob":-0.426,"basaliob":-0.691,"bolussnooze":7.0E-4,"activity":-0.0022,"lastBolusTime":1703780537000,"time":"2023-12-28T19:17:14.854Z"}},{"iob":0.145,"basaliob":-0.099,"bolussnooze":5.0E-4,"activity":0.0024,"lastBolusTime":1703780537000,"time":"2023-12-28T19:22:14.854Z","iobWithZeroTemp":{"iob":-0.448,"basaliob":-0.692,"bolussnooze":5.0E-4,"activity":-0.0025,"lastBolusTime":1703780537000,"time":"2023-12-28T19:22:14.854Z"}},{"iob":0.133,"basaliob":-0.092,"bolussnooze":4.0E-4,"activity":0.0023,"lastBolusTime":1703780537000,"time":"2023-12-28T19:27:14.854Z","iobWithZeroTemp":{"iob":-0.468,"basaliob":-0.693,"bolussnooze":4.0E-4,"activity":-0.0027,"lastBolusTime":1703780537000,"time":"2023-12-28T19:27:14.854Z"}},{"iob":0.122,"basaliob":-0.085,"bolussnooze":3.0E-4,"activity":0.0021,"lastBolusTime":1703780537000,"time":"2023-12-28T19:32:14.854Z","iobWithZeroTemp":{"iob":-0.487,"basaliob":-0.694,"bolussnooze":3.0E-4,"activity":-0.003,"lastBolusTime":1703780537000,"time":"2023-12-28T19:32:14.854Z"}},{"iob":0.113,"basaliob":-0.078,"bolussnooze":2.0E-4,"activity":0.0019,"lastBolusTime":1703780537000,"time":"2023-12-28T19:37:14.854Z","iobWithZeroTemp":{"iob":-0.504,"basaliob":-0.695,"bolussnooze":2.0E-4,"activity":-0.0033,"lastBolusTime":1703780537000,"time":"2023-12-28T19:37:14.854Z"}},{"iob":0.103,"basaliob":-0.072,"bolussnooze":1.0E-4,"activity":0.0017,"lastBolusTime":1703780537000,"time":"2023-12-28T19:42:14.854Z","iobWithZeroTemp":{"iob":-0.521,"basaliob":-0.696,"bolussnooze":1.0E-4,"activity":-0.0036,"lastBolusTime":1703780537000,"time":"2023-12-28T19:42:14.854Z"}},{"iob":0.094,"basaliob":-0.067,"bolussnooze":1.0E-4,"activity":0.0016,"lastBolusTime":1703780537000,"time":"2023-12-28T19:47:14.854Z","iobWithZeroTemp":{"iob":-0.536,"basaliob":-0.697,"bolussnooze":1.0E-4,"activity":-0.0038,"lastBolusTime":1703780537000,"time":"2023-12-28T19:47:14.854Z"}},{"iob":0.087,"basaliob":-0.061,"bolussnooze":0,"activity":0.0015,"lastBolusTime":1703780537000,"time":"2023-12-28T19:52:14.854Z","iobWithZeroTemp":{"iob":-0.549,"basaliob":-0.697,"bolussnooze":0,"activity":-0.004,"lastBolusTime":1703780537000,"time":"2023-12-28T19:52:14.854Z"}},{"iob":0.08,"basaliob":-0.056,"bolussnooze":0,"activity":0.0014,"lastBolusTime":1703780537000,"time":"2023-12-28T19:57:14.854Z","iobWithZeroTemp":{"iob":-0.562,"basaliob":-0.698,"bolussnooze":0,"activity":-0.0042,"lastBolusTime":1703780537000,"time":"2023-12-28T19:57:14.854Z"}},{"iob":0.072,"basaliob":-0.052,"bolussnooze":0,"activity":0.0013,"lastBolusTime":1703780537000,"time":"2023-12-28T20:02:14.854Z","iobWithZeroTemp":{"iob":-0.575,"basaliob":-0.699,"bolussnooze":0,"activity":-0.0044,"lastBolusTime":1703780537000,"time":"2023-12-28T20:02:14.854Z"}},{"iob":0.066,"basaliob":-0.048,"bolussnooze":0,"activity":0.0012,"lastBolusTime":1703780537000,"time":"2023-12-28T20:07:14.854Z","iobWithZeroTemp":{"iob":-0.585,"basaliob":-0.699,"bolussnooze":0,"activity":-0.0046,"lastBolusTime":1703780537000,"time":"2023-12-28T20:07:14.854Z"}},{"iob":0.06,"basaliob":-0.044,"bolussnooze":0,"activity":0.0011,"lastBolusTime":1703780537000,"time":"2023-12-28T20:12:14.854Z","iobWithZeroTemp":{"iob":-0.596,"basaliob":-0.7,"bolussnooze":0,"activity":-0.0047,"lastBolusTime":1703780537000,"time":"2023-12-28T20:12:14.854Z"}},{"iob":0.056,"basaliob":-0.04,"bolussnooze":0,"activity":0.001,"lastBolusTime":1703780537000,"time":"2023-12-28T20:17:14.854Z","iobWithZeroTemp":{"iob":-0.604,"basaliob":-0.7,"bolussnooze":0,"activity":-0.0049,"lastBolusTime":1703780537000,"time":"2023-12-28T20:17:14.854Z"}},{"iob":0.05,"basaliob":-0.037,"bolussnooze":0,"activity":0.001,"lastBolusTime":1703780537000,"time":"2023-12-28T20:22:14.854Z","iobWithZeroTemp":{"iob":-0.614,"basaliob":-0.701,"bolussnooze":0,"activity":-0.0049,"lastBolusTime":1703780537000,"time":"2023-12-28T20:22:14.854Z"}},{"iob":0.046,"basaliob":-0.034,"bolussnooze":0,"activity":8.0E-4,"lastBolusTime":1703780537000,"time":"2023-12-28T20:27:14.854Z","iobWithZeroTemp":{"iob":-0.621,"basaliob":-0.701,"bolussnooze":0,"activity":-0.0052,"lastBolusTime":1703780537000,"time":"2023-12-28T20:27:14.854Z"}},{"iob":0.042,"basaliob":-0.031,"bolussnooze":0,"activity":8.0E-4,"lastBolusTime":1703780537000,"time":"2023-12-28T20:32:14.854Z","iobWithZeroTemp":{"iob":-0.628,"basaliob":-0.701,"bolussnooze":0,"activity":-0.0053,"lastBolusTime":1703780537000,"time":"2023-12-28T20:32:14.854Z"}},{"iob":0.039,"basaliob":-0.028,"bolussnooze":0,"activity":7.0E-4,"lastBolusTime":1703780537000,"time":"2023-12-28T20:37:14.854Z","iobWithZeroTemp":{"iob":-0.634,"basaliob":-0.701,"bolussnooze":0,"activity":-0.0054,"lastBolusTime":1703780537000,"time":"2023-12-28T20:37:14.854Z"}},{"iob":0.035,"basaliob":-0.026,"bolussnooze":0,"activity":6.0E-4,"lastBolusTime":1703780537000,"time":"2023-12-28T20:42:14.854Z","iobWithZeroTemp":{"iob":-0.641,"basaliob":-0.702,"bolussnooze":0,"activity":-0.0055,"lastBolusTime":1703780537000,"time":"2023-12-28T20:42:14.854Z"}},{"iob":0.031,"basaliob":-0.024,"bolussnooze":0,"activity":6.0E-4,"lastBolusTime":1703780537000,"time":"2023-12-28T20:47:14.854Z","iobWithZeroTemp":{"iob":-0.647,"basaliob":-0.702,"bolussnooze":0,"activity":-0.0056,"lastBolusTime":1703780537000,"time":"2023-12-28T20:47:14.854Z"}},{"iob":0.028,"basaliob":-0.022,"bolussnooze":0,"activity":6.0E-4,"lastBolusTime":1703780537000,"time":"2023-12-28T20:52:14.854Z","iobWithZeroTemp":{"iob":-0.653,"basaliob":-0.703,"bolussnooze":0,"activity":-0.0056,"lastBolusTime":1703780537000,"time":"2023-12-28T20:52:14.854Z"}},{"iob":0.026,"basaliob":-0.02,"bolussnooze":0,"activity":5.0E-4,"lastBolusTime":1703780537000,"time":"2023-12-28T20:57:14.854Z","iobWithZeroTemp":{"iob":-0.657,"basaliob":-0.703,"bolussnooze":0,"activity":-0.0058,"lastBolusTime":1703780537000,"time":"2023-12-28T20:57:14.854Z"}}],"profile":{"max_iob":7,"type":"current","max_daily_basal":0.45,"max_basal":1.35,"min_bg":180,"max_bg":180,"target_bg":180,"carb_ratio":11,"sens":352.8,"max_daily_safety_multiplier":3,"current_basal_safety_multiplier":4,"lgsThreshold":65,"high_temptarget_raises_sensitivity":false,"low_temptarget_lowers_sensitivity":false,"sensitivity_raises_target":true,"resistance_lowers_target":true,"adv_target_adjustments":false,"exercise_mode":false,"half_basal_exercise_target":160,"maxCOB":120,"skip_neutral_temps":false,"remainingCarbsCap":90,"enableUAM":true,"A52_risk_enable":false,"SMBInterval":4,"enableSMB_with_COB":true,"enableSMB_with_temptarget":false,"allowSMB_with_high_temptarget":true,"enableSMB_always":true,"enableSMB_after_carbs":false,"maxSMBBasalMinutes":60,"maxUAMSMBBasalMinutes":60,"bolus_increment":0.05,"carbsReqThreshold":10,"current_basal":0.4,"temptargetSet":true,"autosens_max":1.2,"autosens_min":0.8,"out_units":"mmol\/L","variable_sens":276.5,"insulinDivisor":65,"TDD":8.18429175},"autosens_data":{"ratio":0.5810889664075806},"meal_data":{"carbs":20,"mealCOB":11.485243764172347,"slopeFromMaxDeviation":0,"slopeFromMinDeviation":0.6860169491525423,"lastBolusTime":1703780537000,"lastCarbTime":1703775902000},"microBolusAllowed":true,"currentTime":1703782937001,"flatBGsDetected":false,"tdd1D":18.366333333333344,"tdd7D":30.827178571428565,"tddLast24H":17.91333333333334,"tddLast4H":3.083333333333333,"tddLast8to4H":4.323333333333332},"output":{"temp":"absolute","bg":79,"tick":"+14","eventualBG":384,"targetBG":180,"insulinReq":0,"deliverAt":"2023-12-28T17:02:17.001Z","sensitivityRatio":0.5810889664075806,"variable_sens":276.5,"predBGs":{"IOB":[79,87,94,100,105,109,111,112,111,108,103,96,87,78,68,58,48,39],"ZT":[79,61,40,39,39,39,39,39,39,39,39,39,39,39,39,39,39,39,39,39,39,39,39,39,39,39,39,39,39,39,39,39,39,39,39,39,39,39,39,39,39,39,39,39,39,39,39,39],"COB":[79,88,96,103,110,116,121,126,130,133,136,137,138,139,138,137,135,132,128,123,117,111,106,100,96,91,87,83,80,76,73,70,68,65,63,61,59,57,56,54,53,51,50,49,48,47,46],"UAM":[79,88,99,110,123,135,149,162,176,189,203,216,229,242,255,267,278,290,300,311,320,329,338,346,353,360,366,372,376,381,384,387,389,390,391,391,390,389,389,388,387,387,386,386,386,385,385,384]},"reason":"COB: 11.5, Dev: 9.4, BGI: -1.0, ISF: 15.4, CR: 11, Target: 10.0, minPredBG 2.5, minGuardBG 3.5, IOBpredBG 2.2, COBpredBG 2.6, UAMpredBG 21.3; minGuardBG 3.5<6.1","COB":11.485243764172347,"IOB":1.111,"duration":60,"rate":0,"timestamp":"2023-12-28T17:02:17.025Z"}}