{"algorithm":"OpenAPSSMBDynamicISFPlugin","input":{"glucoseStatus":{"glucose":132,"noise":0,"delta":15,"short_avgdelta":12.67,"long_avgdelta":7.5,"date":1703701917081},"currenttemp":{"temp":"absolute","duration":0,"rate":0},"iob_data":[{"iob":-0.399,"basaliob":-0.657,"bolussnooze":3.0E-4,"activity":-0.0022,"lastBolusTime":1703694449000,"time":"2023-12-27T18:32:18.255Z","iobWithZeroTemp":{"iob":-0.399,"basaliob":-0.657,"bolussnooze":3.0E-4,"activity":-0.0022,"lastBolusTime":1703694449000,"time":"2023-12-27T18:32:18.255Z"}},{"iob":-0.388,"basaliob":-0.627,"bolussnooze":2.0E-4,"activity":-0.0025,"lastBolusTime":1703694449000,"time":"2023-12-27T18:37:18.255Z","iobWithZeroTemp":{"iob":-0.415,"basaliob":-0.654,"bolussnooze":2.0E-4,"activity":-0.0025,"lastBolusTime":1703694449000,"time":"2023-12-27T18:37:18.255Z"}},{"iob":-0.375,"basaliob":-0.596,"bolussnooze":1.0E-4,"activity":-0.0026,"lastBolusTime":1703694449000,"time":"2023-12-27T18:42:18.255Z","iobWithZeroTemp":{"iob":-0.435,"basaliob":-0.656,"bolussnooze":1.0E-4,"activity":-0.0027,"lastBolusTime":1703694449000,"time":"2023-12-27T18:42:18.255Z"}},{"iob":-0.361,"basaliob":-0.565,"bolussnooze":1.0E-4,"activity":-0.0027,"lastBolusTime":1703694449000,"time":"2023-12-27T18:47:18.255Z","iobWithZeroTemp":{"iob":-0.453,"basaliob":-0.657,"bolussnooze":1.0E-4,"activity":-0.0029,"lastBolusTime":1703694449000,"time":"2023-12-27T18:47:18.255Z"}},{"iob":-0.348,"basaliob":-0.536,"bolussnooze":0,"activity":-0.0029,"lastBolusTime":1703694449000,"time":"2023-12-27T18:52:18.255Z","iobWithZeroTemp":{"iob":-0.473,"basaliob":-0.661,"bolussnooze":0,"activity":-0.0032,"lastBolusTime":1703694449000,"time":"2023-12-27T18:52:18.255Z"}},{"iob":-0.334,"basaliob":-0.507,"bolussnooze":0,"activity":-0.0029,"lastBolusTime":1703694449000,"time":"2023-12-27T18:57:18.255Z","iobWithZeroTemp":{"iob":-0.49,"basaliob":-0.663,"bolussnooze":0,"activity":-0.0034,"lastBolusTime":1703694449000,"time":"2023-12-27T18:57:18.255Z"}},{"iob":-0.319,"basaliob":-0.479,"bolussnooze":0,"activity":-0.0029,"lastBolusTime":1703694449000,"time":"2023-12-27T19:02:18.255Z","iobWithZeroTemp":{"iob":-0.505,"basaliob":-0.665,"bolussnooze":0,"activity":-0.0036,"lastBolusTime":1703694449000,"time":"2023-12-27T19:02:18.255Z"}},{"iob":-0.304,"basaliob":-0.451,"bolussnooze":0,"activity":-0.003,"lastBolusTime":1703694449000,"time":"2023-12-27T19:07:18.255Z","iobWithZeroTemp":{"iob":-0.52,"basaliob":-0.667,"bolussnooze":0,"activity":-0.0039,"lastBolusTime":1703694449000,"time":"2023-12-27T19:07:18.255Z"}},{"iob":-0.29,"basaliob":-0.425,"bolussnooze":0,"activity":-0.0029,"lastBolusTime":1703694449000,"time":"2023-12-27T19:12:18.255Z","iobWithZeroTemp":{"iob":-0.534,"basaliob":-0.669,"bolussnooze":0,"activity":-0.004,"lastBolusTime":1703694449000,"time":"2023-12-27T19:12:18.255Z"}},{"iob":-0.275,"basaliob":-0.4,"bolussnooze":0,"activity":-0.0029,"lastBolusTime":1703694449000,"time":"2023-12-27T19:17:18.255Z","iobWithZeroTemp":{"iob":-0.547,"basaliob":-0.672,"bolussnooze":0,"activity":-0.0042,"lastBolusTime":1703694449000,"time":"2023-12-27T19:17:18.255Z"}},{"iob":-0.262,"basaliob":-0.376,"bolussnooze":0,"activity":-0.0028,"lastBolusTime":1703694449000,"time":"2023-12-27T19:22:18.255Z","iobWithZeroTemp":{"iob":-0.56,"basaliob":-0.674,"bolussnooze":0,"activity":-0.0043,"lastBolusTime":1703694449000,"time":"2023-12-27T19:22:18.255Z"}},{"iob":-0.247,"basaliob":-0.352,"bolussnooze":0,"activity":-0.0027,"lastBolusTime":1703694449000,"time":"2023-12-27T19:27:18.255Z","iobWithZeroTemp":{"iob":-0.57,"basaliob":-0.675,"bolussnooze":0,"activity":-0.0045,"lastBolusTime":1703694449000,"time":"2023-12-27T19:27:18.255Z"}},{"iob":-0.234,"basaliob":-0.33,"bolussnooze":0,"activity":-0.0026,"lastBolusTime":1703694449000,"time":"2023-12-27T19:32:18.255Z","iobWithZeroTemp":{"iob":-0.581,"basaliob":-0.677,"bolussnooze":0,"activity":-0.0046,"lastBolusTime":1703694449000,"time":"2023-12-27T19:32:18.255Z"}},{"iob":-0.221,"basaliob":-0.309,"bolussnooze":0,"activity":-0.0026,"lastBolusTime":1703694449000,"time":"2023-12-27T19:37:18.255Z","iobWithZeroTemp":{"iob":-0.591,"basaliob":-0.679,"bolussnooze":0,"activity":-0.0048,"lastBolusTime":1703694449000,"time":"2023-12-27T19:37:18.255Z"}},{"iob":-0.208,"basaliob":-0.289,"bolussnooze":0,"activity":-0.0025,"lastBolusTime":1703694449000,"time":"2023-12-27T19:42:18.255Z","iobWithZeroTemp":{"iob":-0.599,"basaliob":-0.68,"bolussnooze":0,"activity":-0.0049,"lastBolusTime":1703694449000,"time":"2023-12-27T19:42:18.255Z"}},{"iob":-0.196,"basaliob":-0.27,"bolussnooze":0,"activity":-0.0024,"lastBolusTime":1703694449000,"time":"2023-12-27T19:47:18.255Z","iobWithZeroTemp":{"iob":-0.608,"basaliob":-0.682,"bolussnooze":0,"activity":-0.0051,"lastBolusTime":1703694449000,"time":"2023-12-27T19:47:18.255Z"}},{"iob":-0.184,"basaliob":-0.252,"bolussnooze":0,"activity":-0.0023,"lastBolusTime":1703694449000,"time":"2023-12-27T19:52:18.255Z","iobWithZeroTemp":{"iob":-0.615,"basaliob":-0.683,"bolussnooze":0,"activity":-0.0052,"lastBolusTime":1703694449000,"time":"2023-12-27T19:52:18.255Z"}},{"iob":-0.173,"basaliob":-0.235,"bolussnooze":0,"activity":-0.0022,"lastBolusTime":1703694449000,"time":"2023-12-27T19:57:18.255Z","iobWithZeroTemp":{"iob":-0.623,"basaliob":-0.685,"bolussnooze":0,"activity":-0.0053,"lastBolusTime":1703694449000,"time":"2023-12-27T19:57:18.255Z"}},{"iob":-0.162,"basaliob":-0.219,"bolussnooze":0,"activity":-0.0021,"lastBolusTime":1703694449000,"time":"2023-12-27T20:02:18.255Z","iobWithZeroTemp":{"iob":-0.629,"basaliob":-0.686,"bolussnooze":0,"activity":-0.0054,"lastBolusTime":1703694449000,"time":"2023-12-27T20:02:18.255Z"}},{"iob":-0.152,"basaliob":-0.204,"bolussnooze":0,"activity":-0.002,"lastBolusTime":1703694449000,"time":"2023-12-27T20:07:18.255Z","iobWithZeroTemp":{"iob":-0.636,"basaliob":-0.688,"bolussnooze":0,"activity":-0.0055,"lastBolusTime":1703694449000,"time":"2023-12-27T20:07:18.255Z"}},{"iob":-0.143,"basaliob":-0.19,"bolussnooze":0,"activity":-0.0019,"lastBolusTime":1703694449000,"time":"2023-12-27T20:12:18.255Z","iobWithZeroTemp":{"iob":-0.642,"basaliob":-0.689,"bolussnooze":0,"activity":-0.0056,"lastBolusTime":1703694449000,"time":"2023-12-27T20:12:18.255Z"}},{"iob":-0.133,"basaliob":-0.176,"bolussnooze":0,"activity":-0.0018,"lastBolusTime":1703694449000,"time":"2023-12-27T20:17:18.255Z","iobWithZeroTemp":{"iob":-0.647,"basaliob":-0.69,"bolussnooze":0,"activity":-0.0057,"lastBolusTime":1703694449000,"time":"2023-12-27T20:17:18.255Z"}},{"iob":-0.125,"basaliob":-0.164,"bolussnooze":0,"activity":-0.0017,"lastBolusTime":1703694449000,"time":"2023-12-27T20:22:18.255Z","iobWithZeroTemp":{"iob":-0.652,"basaliob":-0.691,"bolussnooze":0,"activity":-0.0057,"lastBolusTime":1703694449000,"time":"2023-12-27T20:22:18.255Z"}},{"iob":-0.116,"basaliob":-0.152,"bolussnooze":0,"activity":-0.0016,"lastBolusTime":1703694449000,"time":"2023-12-27T20:27:18.255Z","iobWithZeroTemp":{"iob":-0.656,"basaliob":-0.692,"bolussnooze":0,"activity":-0.0058,"lastBolusTime":1703694449000,"time":"2023-12-27T20:27:18.255Z"}},{"iob":-0.109,"basaliob":-0.141,"bolussnooze":0,"activity":-0.0015,"lastBolusTime":1703694449000,"time":"2023-12-27T20:32:18.255Z","iobWithZeroTemp":{"iob":-0.661,"basaliob":-0.693,"bolussnooze":0,"activity":-0.0058,"lastBolusTime":1703694449000,"time":"2023-12-27T20:32:18.255Z"}},{"iob":-0.101,"basaliob":-0.13,"bolussnooze":0,"activity":-0.0014,"lastBolusTime":1703694449000,"time":"2023-12-27T20:37:18.255Z","iobWithZeroTemp":{"iob":-0.664,"basaliob":-0.693,"bolussnooze":0,"activity":-0.0059,"lastBolusTime":1703694449000,"time":"2023-12-27T20:37:18.255Z"}},{"iob":-0.094,"basaliob":-0.121,"bolussnooze":0,"activity":-0.0014,"lastBolusTime":1703694449000,"time":"2023-12-27T20:42:18.255Z","iobWithZeroTemp":{"iob":-0.668,"basaliob":-0.695,"bolussnooze":0,"activity":-0.006,"lastBolusTime":1703694449000,"time":"2023-12-27T20:42:18.255Z"}},{"iob":-0.088,"basaliob":-0.112,"bolussnooze":0,"activity":-0.0012,"lastBolusTime":1703694449000,"time":"2023-12-27T20:47:18.255Z","iobWithZeroTemp":{"iob":-0.672,"basaliob":-0.696,"bolussnooze":0,"activity":-0.006,"lastBolusTime":1703694449000,"time":"2023-12-27T20:47:18.255Z"}},{"iob":-0.081,"basaliob":-0.103,"bolussnooze":0,"activity":-0.0012,"lastBolusTime":1703694449000,"time":"2023-12-27T20:52:18.255Z","iobWithZeroTemp":{"iob":-0.674,"basaliob":-0.696,"bolussnooze":0,"activity":-0.0061,"lastBolusTime":1703694449000,"time":"2023-12-27T20:52:18.255Z"}},{"iob":-0.075,"basaliob":-0.095,"bolussnooze":0,"activity":-0.0011,"lastBolusTime":1703694449000,"time":"2023-12-27T20:57:18.255Z","iobWithZeroTemp":{"iob":-0.676,"basaliob":-0.696,"bolussnooze":0,"activity":-0.0061,"lastBolusTime":1703694449000,"time":"2023-12-27T20:57:18.255Z"}},{"iob":-0.07,"basaliob":-0.088,"bolussnooze":0,"activity":-0.001,"lastBolusTime":1703694449000,"time":"2023-12-27T21:02:18.255Z","iobWithZeroTemp":{"iob":-0.679,"basaliob":-0.697,"bolussnooze":0,"activity":-0.0061,"lastBolusTime":1703694449000,"time":"2023-12-27T21:02:18.255Z"}},{"iob":-0.065,"basaliob":-0.081,"bolussnooze":0,"activity":-0.001,"lastBolusTime":1703694449000,"time":"2023-12-27T21:07:18.255Z","iobWithZeroTemp":{"iob":-0.682,"basaliob":-0.698,"bolussnooze":0,"activity":-0.0062,"lastBolusTime":1703694449000,"time":"2023-12-27T21:07:18.255Z"}},{"iob":-0.06,"basaliob":-0.075,"bolussnooze":0,"activity":-9.0E-4,"lastBolusTime":1703694449000,"time":"2023-12-27T21:12:18.255Z","iobWithZeroTemp":{"iob":-0.684,"basaliob":-0.699,"bolussnooze":0,"activity":-0.0062,"lastBolusTime":1703694449000,"time":"2023-12-27T21:12:18.255Z"}},{"iob":-0.056,"basaliob":-0.069,"bolussnooze":0,"activity":-8.0E-4,"lastBolusTime":1703694449000,"time":"2023-12-27T21:17:18.255Z","iobWithZeroTemp":{"iob":-0.686,"basaliob":-0.699,"bolussnooze":0,"activity":-0.0062,"lastBolusTime":1703694449000,"time":"2023-12-27T21:17:18.255Z"}},{"iob":-0.052,"basaliob":-0.064,"bolussnooze":0,"activity":-8.0E-4,"lastBolusTime":1703694449000,"time":"2023-12-27T21:22:18.255Z","iobWithZeroTemp":{"iob":-0.688,"basaliob":-0.7,"bolussnooze":0,"activity":-0.0063,"lastBolusTime":1703694449000,"time":"2023-12-27T21:22:18.255Z"}},{"iob":-0.047,"basaliob":-0.058,"bolussnooze":0,"activity":-8.0E-4,"lastBolusTime":1703694449000,"time":"2023-12-27T21:27:18.255Z","iobWithZeroTemp":{"iob":-0.689,"basaliob":-0.7,"bolussnooze":0,"activity":-0.0064,"lastBolusTime":1703694449000,"time":"2023-12-27T21:27:18.255Z"}},{"iob":-0.044,"basaliob":-0.054,"bolussnooze":0,"activity":-7.0E-4,"lastBolusTime":1703694449000,"time":"2023-12-27T21:32:18.255Z","iobWithZeroTemp":{"iob":-0.691,"basaliob":-0.701,"bolussnooze":0,"activity":-0.0064,"lastBolusTime":1703694449000,"time":"2023-12-27T21:32:18.255Z"}},{"iob":-0.04,"basaliob":-0.049,"bolussnooze":0,"activity":-6.0E-4,"lastBolusTime":1703694449000,"time":"2023-12-27T21:37:18.255Z","iobWithZeroTemp":{"iob":-0.691,"basaliob":-0.7,"bolussnooze":0,"activity":-0.0064,"lastBolusTime":1703694449000,"time":"2023-12-27T21:37:18.255Z"}},{"iob":-0.037,"basaliob":-0.045,"bolussnooze":0,"activity":-6.0E-4,"lastBolusTime":1703694449000,"time":"2023-12-27T21:42:18.255Z","iobWithZeroTemp":{"iob":-0.693,"basaliob":-0.701,"bolussnooze":0,"activity":-0.0064,"lastBolusTime":1703694449000,"time":"2023-12-27T21:42:18.255Z"}},{"iob":-0.035,"basaliob":-0.042,"bolussnooze":0,"activity":-5.0E-4,"lastBolusTime":1703694449000,"time":"2023-12-27T21:47:18.255Z","iobWithZeroTemp":{"iob":-0.695,"basaliob":-0.702,"bolussnooze":0,"activity":-0.0064,"lastBolusTime":1703694449000,"time":"2023-12-27T21:47:18.255Z"}},{"iob":-0.032,"basaliob":-0.038,"bolussnooze":0,"activity":-6.0E-4,"lastBolusTime":1703694449000,"time":"2023-12-27T21:52:18.255Z","iobWithZeroTemp":{"iob":-0.696,"basaliob":-0.702,"bolussnooze":0,"activity":-0.0065,"lastBolusTime":1703694449000,"time":"2023-12-27T21:52:18.255Z"}},{"iob":-0.029,"basaliob":-0.035,"bolussnooze":0,"activity":-5.0E-4,"lastBolusTime":1703694449000,"time":"2023-12-27T21:57:18.255Z","iobWithZeroTemp":{"iob":-0.696,"basaliob":-0.702,"bolussnooze":0,"activity":-0.0065,"lastBolusTime":1703694449000,"time":"2023-12-27T21:57:18.255Z"}},{"iob":-0.027,"basaliob":-0.032,"bolussnooze":0,"activity":-5.0E-4,"lastBolusTime":1703694449000,"time":"2023-12-27T22:02:18.255Z","iobWithZeroTemp":{"iob":-0.697,"basaliob":-0.702,"bolussnooze":0,"activity":-0.0066,"lastBolusTime":1703694449000,"time":"2023-12-27T22:02:18.255Z"}},{"iob":-0.025,"basaliob":-0.029,"bolussnooze":0,"activity":-4.0E-4,"lastBolusTime":1703694449000,"time":"2023-12-27T22:07:18.255Z","iobWithZeroTemp":{"iob":-0.698,"basaliob":-0.702,"bolussnooze":0,"activity":-0.0065,"lastBolusTime":1703694449000,"time":"2023-12-27T22:07:18.255Z"}},{"iob":-0.023,"basaliob":-0.027,"bolussnooze":0,"activity":-4.0E-4,"lastBolusTime":1703694449000,"time":"2023-12-27T22:12:18.255Z","iobWithZeroTemp":{"iob":-0.699,"basaliob":-0.703,"bolussnooze":0,"activity":-0.0065,"lastBolusTime":1703694449000,"time":"2023-12-27T22:12:18.255Z"}},{"iob":-0.021,"basaliob":-0.024,"bolussnooze":0,"activity":-3.0E-4,"lastBolusTime":1703694449000,"time":"2023-12-27T22:17:18.255Z","iobWithZeroTemp":{"iob":-0.699,"basaliob":-0.702,"bolussnooze":0,"activity":-0.0065,"lastBolusTime":1703694449000,"time":"2023-12-27T22:17:18.255Z"}},{"iob":-0.019,"basaliob":-0.022,"bolussnooze":0,"activity":-3.0E-4,"lastBolusTime":1703694449000,"time":"2023-12-27T22:22:18.255Z","iobWithZeroTemp":{"iob":-0.7,"basaliob":-0.703,"bolussnooze":0,"activity":-0.0065,"lastBolusTime":1703694449000,"time":"2023-12-27T22:22:18.255Z"}},{"iob":-0.017,"basaliob":-0.02,"bolussnooze":0,"activity":-3.0E-4,"lastBolusTime":1703694449000,"time":"2023-12-27T22:27:18.255Z","iobWithZeroTemp":{"iob":-0.7,"basaliob":-0.703,"bolussnooze":0,"activity":-0.0066,"lastBolusTime":1703694449000,"time":"2023-12-27T22:27:18.255Z"}}],"profile":{"max_iob":7,"type":"current","max_daily_basal":0.45,"max_basal":1.35,"min_bg":106.2,"max_bg":106.2,"target_bg":106.2,"carb_ratio":11,"sens":352.8,"max_daily_safety_multiplier":3,"current_basal_safety_multiplier":4,"lgsThreshold":65,"high_temptarget_raises_sensitivity":false,"low_temptarget_lowers_sensitivity":false,"sensitivity_raises_target":true,"resistance_lowers_target":true,"adv_target_adjustments":false,"exercise_mode":false,"half_basal_exercise_target":160,"maxCOB":120,"skip_neutral_temps":false,"remainingCarbsCap":90,"enableUAM":true,"A52_risk_enable":false,"SMBInterval":4,"enableSMB_with_COB":true,"enableSMB_with_temptarget":false,"allowSMB_with_high_temptarget":true,"enableSMB_always":true,"enableSMB_after_carbs":false,"maxSMBBasalMinutes":60,"maxUAMSMBBasalMinutes":60,"bolus_increment":0.05,"carbsReqThreshold":10,"current_basal":0.4,"temptargetSet":false,"autosens_max":1.2,"autosens_min":0.8,"out_units":"mmol\/L","variable_sens":176,"insulinDivisor":65,"TDD":9.221928458333334},"autosens_data":{"ratio":0.48963428290297384},"meal_data":{"carbs":15,"mealCOB":3.35179818594103,"slopeFromMaxDeviation":-0.9885714285714285,"slopeFromMinDeviation":0.9468181818181818,"lastBolusTime":1703694449000,"lastCarbTime":1703687928000},"microBolusAllowed":true,"currentTime":1703701940470,"flatBGsDetected":false,"tdd1D":31.16008333333334,"tdd7D":32.424880952380946,"tddLast24H":15.87633333333334,"tddLast4H":1.9000000000000001,"tddLast8to4H":4.053333333333334},"output":{"temp":"absolute","bg":132,"tick":"+15","eventualBG":266,"targetBG":154,"insulinReq":0.4,"deliverAt":"2023-12-27T18:32:20.470Z","sensitivityRatio":0.48963428290297384,"variable_sens":176,"predBGs":{"IOB":[132,144,155,165,174,182,190,196,202,207,211,213,215,217,219,220,222,223,225,226,228,229,230,231,232,233,234,235,236,236,237,238,238,239,239,240,240,241,241,242,242,242,243,243,243,243,244],"ZT":[132,134,136,138,141,144,146,149,153],"COB":[132,144,154,164,173,181,188,193,198,202,204,207,209,212,214,216,218,220,222,224,226,227,229,231,232,233,235,236,237,238,239,240,241,241,242,243,243,244,245,245,246,246,247,247,247,248],"UAM":[132,144,154,164,173,181,188,194,199,202,205,207,209,211,213,214,216,217,219,220,222,223,224,225,226,227,228,229,230,230,231,232,232,233,234,234,235,235,235,236,236,236,237,237,237,238]},"reason":"COB: 3.4, Dev: 3.6, BGI: 0.1, ISF: 9.8, CR: 11, Target: 8.6, minPredBG 12.5, minGuardBG 8.0, IOBpredBG 13.6, COBpredBG 13.8, UAMpredBG 13.2; Eventual BG 14.8 >= 8.6,  insulinReq 0.4. Microbolusing 0.2U. no temp, setting 1U\/hr. ","COB":3.35179818594103,"IOB":-0.399,"units":0.2,"duration":30,"rate":0.9958537131611895,"timestamp":"2023-12-27T18:32:20.523Z"}}