{"algorithm":"OpenAPSSMBDynamicISFPlugin","input":{"glucoseStatus":{"glucose":66,"noise":0,"delta":-4,"short_avgdelta":-4.11,"long_avgdelta":-6.45,"date":1703366160372},"currenttemp":{"temp":"absolute","duration":50,"rate":0,"minutesrunning":70},"iob_data":[{"iob":1.196,"basaliob":-0.684,"bolussnooze":0.1527,"activity":0.0198,"lastBolusTime":1703361755000,"time":"2023-12-23T21:20:02.693Z","iobWithZeroTemp":{"iob":1.196,"basaliob":-0.684,"bolussnooze":0.1527,"activity":0.0198,"lastBolusTime":1703361755000,"time":"2023-12-23T21:20:02.693Z"}},{"iob":1.1,"basaliob":-0.652,"bolussnooze":0.1305,"activity":0.0184,"lastBolusTime":1703361755000,"time":"2023-12-23T21:25:02.693Z","iobWithZeroTemp":{"iob":1.073,"basaliob":-0.679,"bolussnooze":0.1305,"activity":0.0184,"lastBolusTime":1703361755000,"time":"2023-12-23T21:25:02.693Z"}},{"iob":1.012,"basaliob":-0.62,"bolussnooze":0.1113,"activity":0.017,"lastBolusTime":1703361755000,"time":"2023-12-23T21:30:02.693Z","iobWithZeroTemp":{"iob":0.952,"basaliob":-0.68,"bolussnooze":0.1113,"activity":0.0169,"lastBolusTime":1703361755000,"time":"2023-12-23T21:30:02.693Z"}},{"iob":0.93,"basaliob":-0.588,"bolussnooze":0.0946,"activity":0.0157,"lastBolusTime":1703361755000,"time":"2023-12-23T21:35:02.693Z","iobWithZeroTemp":{"iob":0.838,"basaliob":-0.68,"bolussnooze":0.0946,"activity":0.0155,"lastBolusTime":1703361755000,"time":"2023-12-23T21:35:02.693Z"}},{"iob":0.854,"basaliob":-0.557,"bolussnooze":0.0802,"activity":0.0146,"lastBolusTime":1703361755000,"time":"2023-12-23T21:40:02.693Z","iobWithZeroTemp":{"iob":0.729,"basaliob":-0.682,"bolussnooze":0.0802,"activity":0.0143,"lastBolusTime":1703361755000,"time":"2023-12-23T21:40:02.693Z"}},{"iob":0.784,"basaliob":-0.527,"bolussnooze":0.0678,"activity":0.0134,"lastBolusTime":1703361755000,"time":"2023-12-23T21:45:02.693Z","iobWithZeroTemp":{"iob":0.628,"basaliob":-0.683,"bolussnooze":0.0678,"activity":0.0129,"lastBolusTime":1703361755000,"time":"2023-12-23T21:45:02.693Z"}},{"iob":0.719,"basaliob":-0.498,"bolussnooze":0.0571,"activity":0.0124,"lastBolusTime":1703361755000,"time":"2023-12-23T21:50:02.693Z","iobWithZeroTemp":{"iob":0.533,"basaliob":-0.684,"bolussnooze":0.0571,"activity":0.0117,"lastBolusTime":1703361755000,"time":"2023-12-23T21:50:02.693Z"}},{"iob":0.659,"basaliob":-0.469,"bolussnooze":0.048,"activity":0.0115,"lastBolusTime":1703361755000,"time":"2023-12-23T21:55:02.693Z","iobWithZeroTemp":{"iob":0.443,"basaliob":-0.685,"bolussnooze":0.048,"activity":0.0106,"lastBolusTime":1703361755000,"time":"2023-12-23T21:55:02.693Z"}},{"iob":0.604,"basaliob":-0.442,"bolussnooze":0.0403,"activity":0.0106,"lastBolusTime":1703361755000,"time":"2023-12-23T22:00:02.693Z","iobWithZeroTemp":{"iob":0.36,"basaliob":-0.686,"bolussnooze":0.0403,"activity":0.0095,"lastBolusTime":1703361755000,"time":"2023-12-23T22:00:02.693Z"}},{"iob":0.553,"basaliob":-0.415,"bolussnooze":0.0337,"activity":0.0098,"lastBolusTime":1703361755000,"time":"2023-12-23T22:05:02.693Z","iobWithZeroTemp":{"iob":0.277,"basaliob":-0.691,"bolussnooze":0.0337,"activity":0.0085,"lastBolusTime":1703361755000,"time":"2023-12-23T22:05:02.693Z"}},{"iob":0.506,"basaliob":-0.39,"bolussnooze":0.0281,"activity":0.0091,"lastBolusTime":1703361755000,"time":"2023-12-23T22:10:02.693Z","iobWithZeroTemp":{"iob":0.2,"basaliob":-0.696,"bolussnooze":0.0281,"activity":0.0076,"lastBolusTime":1703361755000,"time":"2023-12-23T22:10:02.693Z"}},{"iob":0.463,"basaliob":-0.366,"bolussnooze":0.0233,"activity":0.0083,"lastBolusTime":1703361755000,"time":"2023-12-23T22:15:02.693Z","iobWithZeroTemp":{"iob":0.128,"basaliob":-0.701,"bolussnooze":0.0233,"activity":0.0065,"lastBolusTime":1703361755000,"time":"2023-12-23T22:15:02.693Z"}},{"iob":0.423,"basaliob":-0.343,"bolussnooze":0.0194,"activity":0.0077,"lastBolusTime":1703361755000,"time":"2023-12-23T22:20:02.693Z","iobWithZeroTemp":{"iob":0.06,"basaliob":-0.706,"bolussnooze":0.0194,"activity":0.0057,"lastBolusTime":1703361755000,"time":"2023-12-23T22:20:02.693Z"}},{"iob":0.386,"basaliob":-0.321,"bolussnooze":0.016,"activity":0.007,"lastBolusTime":1703361755000,"time":"2023-12-23T22:25:02.693Z","iobWithZeroTemp":{"iob":-0.004,"basaliob":-0.711,"bolussnooze":0.016,"activity":0.0047,"lastBolusTime":1703361755000,"time":"2023-12-23T22:25:02.693Z"}},{"iob":0.352,"basaliob":-0.3,"bolussnooze":0.0132,"activity":0.0064,"lastBolusTime":1703361755000,"time":"2023-12-23T22:30:02.693Z","iobWithZeroTemp":{"iob":-0.063,"basaliob":-0.715,"bolussnooze":0.0132,"activity":0.0039,"lastBolusTime":1703361755000,"time":"2023-12-23T22:30:02.693Z"}},{"iob":0.32,"basaliob":-0.281,"bolussnooze":0.0108,"activity":0.006,"lastBolusTime":1703361755000,"time":"2023-12-23T22:35:02.693Z","iobWithZeroTemp":{"iob":-0.119,"basaliob":-0.72,"bolussnooze":0.0108,"activity":0.0032,"lastBolusTime":1703361755000,"time":"2023-12-23T22:35:02.693Z"}},{"iob":0.292,"basaliob":-0.262,"bolussnooze":0.0089,"activity":0.0055,"lastBolusTime":1703361755000,"time":"2023-12-23T22:40:02.693Z","iobWithZeroTemp":{"iob":-0.17,"basaliob":-0.724,"bolussnooze":0.0089,"activity":0.0025,"lastBolusTime":1703361755000,"time":"2023-12-23T22:40:02.693Z"}},{"iob":0.266,"basaliob":-0.244,"bolussnooze":0.0072,"activity":0.0051,"lastBolusTime":1703361755000,"time":"2023-12-23T22:45:02.693Z","iobWithZeroTemp":{"iob":-0.218,"basaliob":-0.728,"bolussnooze":0.0072,"activity":0.0018,"lastBolusTime":1703361755000,"time":"2023-12-23T22:45:02.693Z"}},{"iob":0.242,"basaliob":-0.227,"bolussnooze":0.0059,"activity":0.0047,"lastBolusTime":1703361755000,"time":"2023-12-23T22:50:02.693Z","iobWithZeroTemp":{"iob":-0.263,"basaliob":-0.732,"bolussnooze":0.0059,"activity":0.0012,"lastBolusTime":1703361755000,"time":"2023-12-23T22:50:02.693Z"}},{"iob":0.219,"basaliob":-0.212,"bolussnooze":0.0047,"activity":0.0042,"lastBolusTime":1703361755000,"time":"2023-12-23T22:55:02.693Z","iobWithZeroTemp":{"iob":-0.305,"basaliob":-0.736,"bolussnooze":0.0047,"activity":5.0E-4,"lastBolusTime":1703361755000,"time":"2023-12-23T22:55:02.693Z"}},{"iob":0.199,"basaliob":-0.197,"bolussnooze":0.0038,"activity":0.0039,"lastBolusTime":1703361755000,"time":"2023-12-23T23:00:02.693Z","iobWithZeroTemp":{"iob":-0.344,"basaliob":-0.74,"bolussnooze":0.0038,"activity":0,"lastBolusTime":1703361755000,"time":"2023-12-23T23:00:02.693Z"}},{"iob":0.181,"basaliob":-0.183,"bolussnooze":0.0031,"activity":0.0036,"lastBolusTime":1703361755000,"time":"2023-12-23T23:05:02.693Z","iobWithZeroTemp":{"iob":-0.379,"basaliob":-0.743,"bolussnooze":0.0031,"activity":-5.0E-4,"lastBolusTime":1703361755000,"time":"2023-12-23T23:05:02.693Z"}},{"iob":0.164,"basaliob":-0.17,"bolussnooze":0.0024,"activity":0.0033,"lastBolusTime":1703361755000,"time":"2023-12-23T23:10:02.693Z","iobWithZeroTemp":{"iob":-0.412,"basaliob":-0.746,"bolussnooze":0.0024,"activity":-0.001,"lastBolusTime":1703361755000,"time":"2023-12-23T23:10:02.693Z"}},{"iob":0.148,"basaliob":-0.158,"bolussnooze":0.0019,"activity":0.0029,"lastBolusTime":1703361755000,"time":"2023-12-23T23:15:02.693Z","iobWithZeroTemp":{"iob":-0.444,"basaliob":-0.75,"bolussnooze":0.0019,"activity":-0.0016,"lastBolusTime":1703361755000,"time":"2023-12-23T23:15:02.693Z"}},{"iob":0.134,"basaliob":-0.146,"bolussnooze":0.0015,"activity":0.0027,"lastBolusTime":1703361755000,"time":"2023-12-23T23:20:02.693Z","iobWithZeroTemp":{"iob":-0.472,"basaliob":-0.752,"bolussnooze":0.0015,"activity":-0.002,"lastBolusTime":1703361755000,"time":"2023-12-23T23:20:02.693Z"}},{"iob":0.122,"basaliob":-0.135,"bolussnooze":0.0012,"activity":0.0025,"lastBolusTime":1703361755000,"time":"2023-12-23T23:25:02.693Z","iobWithZeroTemp":{"iob":-0.498,"basaliob":-0.755,"bolussnooze":0.0012,"activity":-0.0024,"lastBolusTime":1703361755000,"time":"2023-12-23T23:25:02.693Z"}},{"iob":0.11,"basaliob":-0.125,"bolussnooze":9.0E-4,"activity":0.0023,"lastBolusTime":1703361755000,"time":"2023-12-23T23:30:02.693Z","iobWithZeroTemp":{"iob":-0.522,"basaliob":-0.757,"bolussnooze":9.0E-4,"activity":-0.0028,"lastBolusTime":1703361755000,"time":"2023-12-23T23:30:02.693Z"}},{"iob":0.098,"basaliob":-0.116,"bolussnooze":7.0E-4,"activity":0.0021,"lastBolusTime":1703361755000,"time":"2023-12-23T23:35:02.693Z","iobWithZeroTemp":{"iob":-0.546,"basaliob":-0.76,"bolussnooze":7.0E-4,"activity":-0.0031,"lastBolusTime":1703361755000,"time":"2023-12-23T23:35:02.693Z"}},{"iob":0.089,"basaliob":-0.107,"bolussnooze":5.0E-4,"activity":0.0019,"lastBolusTime":1703361755000,"time":"2023-12-23T23:40:02.693Z","iobWithZeroTemp":{"iob":-0.566,"basaliob":-0.762,"bolussnooze":5.0E-4,"activity":-0.0035,"lastBolusTime":1703361755000,"time":"2023-12-23T23:40:02.693Z"}},{"iob":0.08,"basaliob":-0.099,"bolussnooze":4.0E-4,"activity":0.0017,"lastBolusTime":1703361755000,"time":"2023-12-23T23:45:02.693Z","iobWithZeroTemp":{"iob":-0.586,"basaliob":-0.765,"bolussnooze":4.0E-4,"activity":-0.0038,"lastBolusTime":1703361755000,"time":"2023-12-23T23:45:02.693Z"}},{"iob":0.072,"basaliob":-0.091,"bolussnooze":3.0E-4,"activity":0.0015,"lastBolusTime":1703361755000,"time":"2023-12-23T23:50:02.693Z","iobWithZeroTemp":{"iob":-0.603,"basaliob":-0.766,"bolussnooze":3.0E-4,"activity":-0.0041,"lastBolusTime":1703361755000,"time":"2023-12-23T23:50:02.693Z"}},{"iob":0.064,"basaliob":-0.084,"bolussnooze":2.0E-4,"activity":0.0014,"lastBolusTime":1703361755000,"time":"2023-12-23T23:55:02.693Z","iobWithZeroTemp":{"iob":-0.62,"basaliob":-0.768,"bolussnooze":2.0E-4,"activity":-0.0044,"lastBolusTime":1703361755000,"time":"2023-12-23T23:55:02.693Z"}},{"iob":0.057,"basaliob":-0.078,"bolussnooze":1.0E-4,"activity":0.0013,"lastBolusTime":1703361755000,"time":"2023-12-24T00:00:02.693Z","iobWithZeroTemp":{"iob":-0.636,"basaliob":-0.771,"bolussnooze":1.0E-4,"activity":-0.0046,"lastBolusTime":1703361755000,"time":"2023-12-24T00:00:02.693Z"}},{"iob":0.051,"basaliob":-0.072,"bolussnooze":1.0E-4,"activity":0.0011,"lastBolusTime":1703361755000,"time":"2023-12-24T00:05:02.693Z","iobWithZeroTemp":{"iob":-0.641,"basaliob":-0.764,"bolussnooze":1.0E-4,"activity":-0.0049,"lastBolusTime":1703361755000,"time":"2023-12-24T00:05:02.693Z"}},{"iob":0.046,"basaliob":-0.066,"bolussnooze":1.0E-4,"activity":0.0011,"lastBolusTime":1703361755000,"time":"2023-12-24T00:10:02.693Z","iobWithZeroTemp":{"iob":-0.645,"basaliob":-0.757,"bolussnooze":1.0E-4,"activity":-0.005,"lastBolusTime":1703361755000,"time":"2023-12-24T00:10:02.693Z"}},{"iob":0.04,"basaliob":-0.061,"bolussnooze":0,"activity":0.001,"lastBolusTime":1703361755000,"time":"2023-12-24T00:15:02.693Z","iobWithZeroTemp":{"iob":-0.65,"basaliob":-0.751,"bolussnooze":0,"activity":-0.0052,"lastBolusTime":1703361755000,"time":"2023-12-24T00:15:02.693Z"}},{"iob":0.036,"basaliob":-0.056,"bolussnooze":0,"activity":9.0E-4,"lastBolusTime":1703361755000,"time":"2023-12-24T00:20:02.693Z","iobWithZeroTemp":{"iob":-0.652,"basaliob":-0.744,"bolussnooze":0,"activity":-0.0053,"lastBolusTime":1703361755000,"time":"2023-12-24T00:20:02.693Z"}},{"iob":0.032,"basaliob":-0.051,"bolussnooze":0,"activity":8.0E-4,"lastBolusTime":1703361755000,"time":"2023-12-24T00:25:02.693Z","iobWithZeroTemp":{"iob":-0.654,"basaliob":-0.737,"bolussnooze":0,"activity":-0.0055,"lastBolusTime":1703361755000,"time":"2023-12-24T00:25:02.693Z"}},{"iob":0.028,"basaliob":-0.047,"bolussnooze":0,"activity":7.0E-4,"lastBolusTime":1703361755000,"time":"2023-12-24T00:30:02.693Z","iobWithZeroTemp":{"iob":-0.656,"basaliob":-0.731,"bolussnooze":0,"activity":-0.0056,"lastBolusTime":1703361755000,"time":"2023-12-24T00:30:02.693Z"}},{"iob":0.025,"basaliob":-0.043,"bolussnooze":0,"activity":7.0E-4,"lastBolusTime":1703361755000,"time":"2023-12-24T00:35:02.693Z","iobWithZeroTemp":{"iob":-0.657,"basaliob":-0.725,"bolussnooze":0,"activity":-0.0056,"lastBolusTime":1703361755000,"time":"2023-12-24T00:35:02.693Z"}},{"iob":0.022,"basaliob":-0.039,"bolussnooze":0,"activity":6.0E-4,"lastBolusTime":1703361755000,"time":"2023-12-24T00:40:02.693Z","iobWithZeroTemp":{"iob":-0.657,"basaliob":-0.718,"bolussnooze":0,"activity":-0.0057,"lastBolusTime":1703361755000,"time":"2023-12-24T00:40:02.693Z"}},{"iob":0.019,"basaliob":-0.036,"bolussnooze":0,"activity":6.0E-4,"lastBolusTime":1703361755000,"time":"2023-12-24T00:45:02.693Z","iobWithZeroTemp":{"iob":-0.658,"basaliob":-0.713,"bolussnooze":0,"activity":-0.0057,"lastBolusTime":1703361755000,"time":"2023-12-24T00:45:02.693Z"}},{"iob":0.017,"basaliob":-0.033,"bolussnooze":0,"activity":4.0E-4,"lastBolusTime":1703361755000,"time":"2023-12-24T00:50:02.693Z","iobWithZeroTemp":{"iob":-0.657,"basaliob":-0.707,"bolussnooze":0,"activity":-0.006,"lastBolusTime":1703361755000,"time":"2023-12-24T00:50:02.693Z"}},{"iob":0.015,"basaliob":-0.03,"bolussnooze":0,"activity":5.0E-4,"lastBolusTime":1703361755000,"time":"2023-12-24T00:55:02.693Z","iobWithZeroTemp":{"iob":-0.657,"basaliob":-0.702,"bolussnooze":0,"activity":-0.0059,"lastBolusTime":1703361755000,"time":"2023-12-24T00:55:02.693Z"}},{"iob":0.012,"basaliob":-0.028,"bolussnooze":0,"activity":4.0E-4,"lastBolusTime":1703361755000,"time":"2023-12-24T01:00:02.693Z","iobWithZeroTemp":{"iob":-0.657,"basaliob":-0.697,"bolussnooze":0,"activity":-0.006,"lastBolusTime":1703361755000,"time":"2023-12-24T01:00:02.693Z"}},{"iob":0.011,"basaliob":-0.025,"bolussnooze":0,"activity":3.0E-4,"lastBolusTime":1703361755000,"time":"2023-12-24T01:05:02.693Z","iobWithZeroTemp":{"iob":-0.649,"basaliob":-0.685,"bolussnooze":0,"activity":-0.006,"lastBolusTime":1703361755000,"time":"2023-12-24T01:05:02.693Z"}},{"iob":0.009,"basaliob":-0.023,"bolussnooze":0,"activity":3.0E-4,"lastBolusTime":1703361755000,"time":"2023-12-24T01:10:02.693Z","iobWithZeroTemp":{"iob":-0.642,"basaliob":-0.674,"bolussnooze":0,"activity":-0.006,"lastBolusTime":1703361755000,"time":"2023-12-24T01:10:02.693Z"}},{"iob":0.008,"basaliob":-0.021,"bolussnooze":0,"activity":2.0E-4,"lastBolusTime":1703361755000,"time":"2023-12-24T01:15:02.693Z","iobWithZeroTemp":{"iob":-0.634,"basaliob":-0.663,"bolussnooze":0,"activity":-0.0061,"lastBolusTime":1703361755000,"time":"2023-12-24T01:15:02.693Z"}}],"profile":{"max_iob":7,"type":"current","max_daily_basal":0.45,"max_basal":1.35,"min_bg":81.0000000000001,"max_bg":81.0000000000001,"target_bg":81.0000000000001,"carb_ratio":11,"sens":352.8,"max_daily_safety_multiplier":3,"current_basal_safety_multiplier":4,"lgsThreshold":65,"high_temptarget_raises_sensitivity":false,"low_temptarget_lowers_sensitivity":false,"sensitivity_raises_target":true,"resistance_lowers_target":true,"adv_target_adjustments":false,"exercise_mode":false,"half_basal_exercise_target":160,"maxCOB":120,"skip_neutral_temps":false,"remainingCarbsCap":90,"enableUAM":true,"A52_risk_enable":false,"SMBInterval":4,"enableSMB_with_COB":true,"enableSMB_with_temptarget":false,"allowSMB_with_high_temptarget":true,"enableSMB_always":true,"enableSMB_after_carbs":false,"maxSMBBasalMinutes":60,"maxUAMSMBBasalMinutes":60,"bolus_increment":0.05,"carbsReqThreshold":10,"current_basal":0.4,"temptargetSet":true,"autosens_max":1.2,"autosens_min":0.8,"out_units":"mmol\/L","variable_sens":193.9,"insulinDivisor":65,"TDD":13.245540214285715},"autosens_data":{"ratio":1.2007428917224363},"meal_data":{"carbs":75,"mealCOB":17.08567120181403,"slopeFromMaxDeviation":-2.3180000000000005,"slopeFromMinDeviation":0,"lastBolusTime":1703361755000,"lastCarbTime":1703358152209},"microBolusAllowed":true,"currentTime":1703366404289,"flatBGsDetected":false,"tdd1D":34.144083333333334,"tdd7D":30.47294047619048,"tddLast24H":36.59016666666663,"tddLast4H":8.4,"tddLast8to4H":5.93},"output":{"temp":"absolute","bg":66,"tick":-4,"eventualBG":119,"targetBG":81.0000000000001,"insulinReq":0,"deliverAt":"2023-12-23T21:20:04.289Z","sensitivityRatio":1.2007428917224363,"variable_sens":193.9,"predBGs":{"IOB":[66,61,54,47,39,39,39,39,39,39,39,39,39],"ZT":[66,47,39,39,39,39,39,39,39,39,39,39,39,39,39,39,39,39,39,39,39,39,39,39,39,39,39,39,39,39,39,39,39,39,39,39,39,39,39,39,39,39,39,39,39,39,39,39],"COB":[66,62,58,56,54,53,53,53,54,56,57,59,62,65,68,71,74,77,81,84,88,91,94,97,101,104,107,109,112,114,116,118,120,121,122,123,123,124,124,123,122,122,121,121,120,120,120,119],"UAM":[66,60,51,39,39,39,39,39,39,39,39,39,39]},"reason":"COB: 17.1, Dev: 5.1, BGI: -1.1, ISF: 10.8, CR: 11, Target: 4.5, minPredBG -8.3, minGuardBG -9.2, IOBpredBG 2.2, COBpredBG 6.6, UAMpredBG 2.2; 13 add'l carbs req w\/in 5m; minGuardBG -9.2<3.6","COB":17.08567120181403,"IOB":1.196,"carbsReq":13,"carbsReqWithin":5,"duration":120,"rate":0,"timestamp":"2023-12-23T21:20:04.314Z"}}