{"algorithm":"OpenAPSSMBDynamicISFPlugin","input":{"glucoseStatus":{"glucose":262,"noise":0,"delta":0,"short_avgdelta":3.44,"long_avgdelta":2.12,"date":1703326254928},"currenttemp":{"temp":"absolute","duration":105,"rate":0,"minutesrunning":15},"iob_data":[{"iob":6.02,"basaliob":-0.678,"bolussnooze":2.9646,"activity":0.0471,"lastBolusTime":1703325786000,"time":"2023-12-23T10:11:13.430Z","iobWithZeroTemp":{"iob":6.02,"basaliob":-0.678,"bolussnooze":2.9646,"activity":0.0471,"lastBolusTime":1703325786000,"time":"2023-12-23T10:11:13.430Z"}},{"iob":5.781,"basaliob":-0.647,"bolussnooze":2.7362,"activity":0.0485,"lastBolusTime":1703325786000,"time":"2023-12-23T10:16:13.430Z","iobWithZeroTemp":{"iob":5.754,"basaliob":-0.674,"bolussnooze":2.7362,"activity":0.0485,"lastBolusTime":1703325786000,"time":"2023-12-23T10:16:13.430Z"}},{"iob":5.536,"basaliob":-0.616,"bolussnooze":2.4989,"activity":0.0493,"lastBolusTime":1703325786000,"time":"2023-12-23T10:21:13.430Z","iobWithZeroTemp":{"iob":5.476,"basaliob":-0.676,"bolussnooze":2.4989,"activity":0.0492,"lastBolusTime":1703325786000,"time":"2023-12-23T10:21:13.430Z"}},{"iob":5.289,"basaliob":-0.585,"bolussnooze":2.2622,"activity":0.0496,"lastBolusTime":1703325786000,"time":"2023-12-23T10:26:13.430Z","iobWithZeroTemp":{"iob":5.197,"basaliob":-0.677,"bolussnooze":2.2622,"activity":0.0494,"lastBolusTime":1703325786000,"time":"2023-12-23T10:26:13.430Z"}},{"iob":5.041,"basaliob":-0.555,"bolussnooze":2.0326,"activity":0.0494,"lastBolusTime":1703325786000,"time":"2023-12-23T10:31:13.430Z","iobWithZeroTemp":{"iob":4.916,"basaliob":-0.68,"bolussnooze":2.0326,"activity":0.0491,"lastBolusTime":1703325786000,"time":"2023-12-23T10:31:13.430Z"}},{"iob":4.795,"basaliob":-0.526,"bolussnooze":1.8143,"activity":0.049,"lastBolusTime":1703325786000,"time":"2023-12-23T10:36:13.430Z","iobWithZeroTemp":{"iob":4.639,"basaliob":-0.682,"bolussnooze":1.8143,"activity":0.0485,"lastBolusTime":1703325786000,"time":"2023-12-23T10:36:13.430Z"}},{"iob":4.552,"basaliob":-0.497,"bolussnooze":1.6102,"activity":0.0481,"lastBolusTime":1703325786000,"time":"2023-12-23T10:41:13.430Z","iobWithZeroTemp":{"iob":4.366,"basaliob":-0.683,"bolussnooze":1.6102,"activity":0.0474,"lastBolusTime":1703325786000,"time":"2023-12-23T10:41:13.430Z"}},{"iob":4.314,"basaliob":-0.469,"bolussnooze":1.4217,"activity":0.0471,"lastBolusTime":1703325786000,"time":"2023-12-23T10:46:13.430Z","iobWithZeroTemp":{"iob":4.098,"basaliob":-0.685,"bolussnooze":1.4217,"activity":0.0462,"lastBolusTime":1703325786000,"time":"2023-12-23T10:46:13.430Z"}},{"iob":4.081,"basaliob":-0.442,"bolussnooze":1.2494,"activity":0.0459,"lastBolusTime":1703325786000,"time":"2023-12-23T10:51:13.430Z","iobWithZeroTemp":{"iob":3.837,"basaliob":-0.686,"bolussnooze":1.2494,"activity":0.0448,"lastBolusTime":1703325786000,"time":"2023-12-23T10:51:13.430Z"}},{"iob":3.855,"basaliob":-0.416,"bolussnooze":1.0933,"activity":0.0445,"lastBolusTime":1703325786000,"time":"2023-12-23T10:56:13.430Z","iobWithZeroTemp":{"iob":3.583,"basaliob":-0.688,"bolussnooze":1.0933,"activity":0.0432,"lastBolusTime":1703325786000,"time":"2023-12-23T10:56:13.430Z"}},{"iob":3.636,"basaliob":-0.391,"bolussnooze":0.953,"activity":0.043,"lastBolusTime":1703325786000,"time":"2023-12-23T11:01:13.430Z","iobWithZeroTemp":{"iob":3.338,"basaliob":-0.689,"bolussnooze":0.953,"activity":0.0415,"lastBolusTime":1703325786000,"time":"2023-12-23T11:01:13.430Z"}},{"iob":3.424,"basaliob":-0.368,"bolussnooze":0.8277,"activity":0.0414,"lastBolusTime":1703325786000,"time":"2023-12-23T11:06:13.430Z","iobWithZeroTemp":{"iob":3.101,"basaliob":-0.691,"bolussnooze":0.8277,"activity":0.0396,"lastBolusTime":1703325786000,"time":"2023-12-23T11:06:13.430Z"}},{"iob":3.221,"basaliob":-0.345,"bolussnooze":0.7164,"activity":0.0398,"lastBolusTime":1703325786000,"time":"2023-12-23T11:11:13.430Z","iobWithZeroTemp":{"iob":2.874,"basaliob":-0.692,"bolussnooze":0.7164,"activity":0.0378,"lastBolusTime":1703325786000,"time":"2023-12-23T11:11:13.430Z"}},{"iob":3.026,"basaliob":-0.323,"bolussnooze":0.618,"activity":0.0382,"lastBolusTime":1703325786000,"time":"2023-12-23T11:16:13.430Z","iobWithZeroTemp":{"iob":2.656,"basaliob":-0.693,"bolussnooze":0.618,"activity":0.036,"lastBolusTime":1703325786000,"time":"2023-12-23T11:16:13.430Z"}},{"iob":2.84,"basaliob":-0.302,"bolussnooze":0.5315,"activity":0.0365,"lastBolusTime":1703325786000,"time":"2023-12-23T11:21:13.430Z","iobWithZeroTemp":{"iob":2.449,"basaliob":-0.693,"bolussnooze":0.5315,"activity":0.0341,"lastBolusTime":1703325786000,"time":"2023-12-23T11:21:13.430Z"}},{"iob":2.662,"basaliob":-0.283,"bolussnooze":0.4557,"activity":0.0348,"lastBolusTime":1703325786000,"time":"2023-12-23T11:26:13.430Z","iobWithZeroTemp":{"iob":2.25,"basaliob":-0.695,"bolussnooze":0.4557,"activity":0.0321,"lastBolusTime":1703325786000,"time":"2023-12-23T11:26:13.430Z"}},{"iob":2.493,"basaliob":-0.264,"bolussnooze":0.3896,"activity":0.0331,"lastBolusTime":1703325786000,"time":"2023-12-23T11:31:13.430Z","iobWithZeroTemp":{"iob":2.062,"basaliob":-0.695,"bolussnooze":0.3896,"activity":0.0302,"lastBolusTime":1703325786000,"time":"2023-12-23T11:31:13.430Z"}},{"iob":2.332,"basaliob":-0.246,"bolussnooze":0.3321,"activity":0.0314,"lastBolusTime":1703325786000,"time":"2023-12-23T11:36:13.430Z","iobWithZeroTemp":{"iob":1.882,"basaliob":-0.696,"bolussnooze":0.3321,"activity":0.0283,"lastBolusTime":1703325786000,"time":"2023-12-23T11:36:13.430Z"}},{"iob":2.178,"basaliob":-0.23,"bolussnooze":0.2823,"activity":0.0298,"lastBolusTime":1703325786000,"time":"2023-12-23T11:41:13.430Z","iobWithZeroTemp":{"iob":1.711,"basaliob":-0.697,"bolussnooze":0.2823,"activity":0.0265,"lastBolusTime":1703325786000,"time":"2023-12-23T11:41:13.430Z"}},{"iob":2.034,"basaliob":-0.214,"bolussnooze":0.2393,"activity":0.0281,"lastBolusTime":1703325786000,"time":"2023-12-23T11:46:13.430Z","iobWithZeroTemp":{"iob":1.55,"basaliob":-0.698,"bolussnooze":0.2393,"activity":0.0246,"lastBolusTime":1703325786000,"time":"2023-12-23T11:46:13.430Z"}},{"iob":1.897,"basaliob":-0.199,"bolussnooze":0.2023,"activity":0.0266,"lastBolusTime":1703325786000,"time":"2023-12-23T11:51:13.430Z","iobWithZeroTemp":{"iob":1.398,"basaliob":-0.698,"bolussnooze":0.2023,"activity":0.0229,"lastBolusTime":1703325786000,"time":"2023-12-23T11:51:13.430Z"}},{"iob":1.768,"basaliob":-0.185,"bolussnooze":0.1705,"activity":0.0251,"lastBolusTime":1703325786000,"time":"2023-12-23T11:56:13.430Z","iobWithZeroTemp":{"iob":1.254,"basaliob":-0.699,"bolussnooze":0.1705,"activity":0.0212,"lastBolusTime":1703325786000,"time":"2023-12-23T11:56:13.430Z"}},{"iob":1.646,"basaliob":-0.172,"bolussnooze":0.1433,"activity":0.0237,"lastBolusTime":1703325786000,"time":"2023-12-23T12:01:13.430Z","iobWithZeroTemp":{"iob":1.119,"basaliob":-0.699,"bolussnooze":0.1433,"activity":0.0197,"lastBolusTime":1703325786000,"time":"2023-12-23T12:01:13.430Z"}},{"iob":1.531,"basaliob":-0.16,"bolussnooze":0.1201,"activity":0.0222,"lastBolusTime":1703325786000,"time":"2023-12-23T12:06:13.430Z","iobWithZeroTemp":{"iob":0.991,"basaliob":-0.7,"bolussnooze":0.1201,"activity":0.018,"lastBolusTime":1703325786000,"time":"2023-12-23T12:06:13.430Z"}},{"iob":1.423,"basaliob":-0.148,"bolussnooze":0.1004,"activity":0.021,"lastBolusTime":1703325786000,"time":"2023-12-23T12:11:13.430Z","iobWithZeroTemp":{"iob":0.871,"basaliob":-0.7,"bolussnooze":0.1004,"activity":0.0167,"lastBolusTime":1703325786000,"time":"2023-12-23T12:11:13.430Z"}},{"iob":1.322,"basaliob":-0.137,"bolussnooze":0.0836,"activity":0.0196,"lastBolusTime":1703325786000,"time":"2023-12-23T12:16:13.430Z","iobWithZeroTemp":{"iob":0.759,"basaliob":-0.7,"bolussnooze":0.0836,"activity":0.0151,"lastBolusTime":1703325786000,"time":"2023-12-23T12:16:13.430Z"}},{"iob":1.227,"basaliob":-0.127,"bolussnooze":0.0694,"activity":0.0184,"lastBolusTime":1703325786000,"time":"2023-12-23T12:21:13.430Z","iobWithZeroTemp":{"iob":0.653,"basaliob":-0.701,"bolussnooze":0.0694,"activity":0.0138,"lastBolusTime":1703325786000,"time":"2023-12-23T12:21:13.430Z"}},{"iob":1.137,"basaliob":-0.118,"bolussnooze":0.0575,"activity":0.0173,"lastBolusTime":1703325786000,"time":"2023-12-23T12:26:13.430Z","iobWithZeroTemp":{"iob":0.553,"basaliob":-0.702,"bolussnooze":0.0575,"activity":0.0125,"lastBolusTime":1703325786000,"time":"2023-12-23T12:26:13.430Z"}},{"iob":1.054,"basaliob":-0.109,"bolussnooze":0.0474,"activity":0.0162,"lastBolusTime":1703325786000,"time":"2023-12-23T12:31:13.430Z","iobWithZeroTemp":{"iob":0.461,"basaliob":-0.702,"bolussnooze":0.0474,"activity":0.0113,"lastBolusTime":1703325786000,"time":"2023-12-23T12:31:13.430Z"}},{"iob":0.975,"basaliob":-0.101,"bolussnooze":0.0389,"activity":0.0151,"lastBolusTime":1703325786000,"time":"2023-12-23T12:36:13.430Z","iobWithZeroTemp":{"iob":0.374,"basaliob":-0.702,"bolussnooze":0.0389,"activity":0.0101,"lastBolusTime":1703325786000,"time":"2023-12-23T12:36:13.430Z"}},{"iob":0.903,"basaliob":-0.093,"bolussnooze":0.0318,"activity":0.0141,"lastBolusTime":1703325786000,"time":"2023-12-23T12:41:13.430Z","iobWithZeroTemp":{"iob":0.294,"basaliob":-0.702,"bolussnooze":0.0318,"activity":0.009,"lastBolusTime":1703325786000,"time":"2023-12-23T12:41:13.430Z"}},{"iob":0.834,"basaliob":-0.086,"bolussnooze":0.0259,"activity":0.0131,"lastBolusTime":1703325786000,"time":"2023-12-23T12:46:13.430Z","iobWithZeroTemp":{"iob":0.217,"basaliob":-0.703,"bolussnooze":0.0259,"activity":0.0079,"lastBolusTime":1703325786000,"time":"2023-12-23T12:46:13.430Z"}},{"iob":0.771,"basaliob":-0.079,"bolussnooze":0.021,"activity":0.0123,"lastBolusTime":1703325786000,"time":"2023-12-23T12:51:13.430Z","iobWithZeroTemp":{"iob":0.147,"basaliob":-0.703,"bolussnooze":0.021,"activity":0.007,"lastBolusTime":1703325786000,"time":"2023-12-23T12:51:13.430Z"}},{"iob":0.712,"basaliob":-0.073,"bolussnooze":0.0169,"activity":0.0114,"lastBolusTime":1703325786000,"time":"2023-12-23T12:56:13.430Z","iobWithZeroTemp":{"iob":0.082,"basaliob":-0.703,"bolussnooze":0.0169,"activity":0.006,"lastBolusTime":1703325786000,"time":"2023-12-23T12:56:13.430Z"}},{"iob":0.657,"basaliob":-0.067,"bolussnooze":0.0136,"activity":0.0106,"lastBolusTime":1703325786000,"time":"2023-12-23T13:01:13.430Z","iobWithZeroTemp":{"iob":0.021,"basaliob":-0.703,"bolussnooze":0.0136,"activity":0.0051,"lastBolusTime":1703325786000,"time":"2023-12-23T13:01:13.430Z"}},{"iob":0.605,"basaliob":-0.062,"bolussnooze":0.0108,"activity":0.0099,"lastBolusTime":1703325786000,"time":"2023-12-23T13:06:13.430Z","iobWithZeroTemp":{"iob":-0.037,"basaliob":-0.704,"bolussnooze":0.0108,"activity":0.0043,"lastBolusTime":1703325786000,"time":"2023-12-23T13:06:13.430Z"}},{"iob":0.558,"basaliob":-0.057,"bolussnooze":0.0086,"activity":0.0091,"lastBolusTime":1703325786000,"time":"2023-12-23T13:11:13.430Z","iobWithZeroTemp":{"iob":-0.089,"basaliob":-0.704,"bolussnooze":0.0086,"activity":0.0034,"lastBolusTime":1703325786000,"time":"2023-12-23T13:11:13.430Z"}},{"iob":0.514,"basaliob":-0.052,"bolussnooze":0.0067,"activity":0.0085,"lastBolusTime":1703325786000,"time":"2023-12-23T13:16:13.430Z","iobWithZeroTemp":{"iob":-0.137,"basaliob":-0.703,"bolussnooze":0.0067,"activity":0.0027,"lastBolusTime":1703325786000,"time":"2023-12-23T13:16:13.430Z"}},{"iob":0.472,"basaliob":-0.048,"bolussnooze":0.0052,"activity":0.0079,"lastBolusTime":1703325786000,"time":"2023-12-23T13:21:13.430Z","iobWithZeroTemp":{"iob":-0.184,"basaliob":-0.704,"bolussnooze":0.0052,"activity":0.0021,"lastBolusTime":1703325786000,"time":"2023-12-23T13:21:13.430Z"}},{"iob":0.434,"basaliob":-0.044,"bolussnooze":0.004,"activity":0.0073,"lastBolusTime":1703325786000,"time":"2023-12-23T13:26:13.430Z","iobWithZeroTemp":{"iob":-0.226,"basaliob":-0.704,"bolussnooze":0.004,"activity":0.0014,"lastBolusTime":1703325786000,"time":"2023-12-23T13:26:13.430Z"}},{"iob":0.399,"basaliob":-0.04,"bolussnooze":0.0031,"activity":0.0068,"lastBolusTime":1703325786000,"time":"2023-12-23T13:31:13.430Z","iobWithZeroTemp":{"iob":-0.265,"basaliob":-0.704,"bolussnooze":0.0031,"activity":9.0E-4,"lastBolusTime":1703325786000,"time":"2023-12-23T13:31:13.430Z"}},{"iob":0.366,"basaliob":-0.037,"bolussnooze":0.0023,"activity":0.0063,"lastBolusTime":1703325786000,"time":"2023-12-23T13:36:13.430Z","iobWithZeroTemp":{"iob":-0.301,"basaliob":-0.704,"bolussnooze":0.0023,"activity":3.0E-4,"lastBolusTime":1703325786000,"time":"2023-12-23T13:36:13.430Z"}},{"iob":0.336,"basaliob":-0.034,"bolussnooze":0.0017,"activity":0.0058,"lastBolusTime":1703325786000,"time":"2023-12-23T13:41:13.430Z","iobWithZeroTemp":{"iob":-0.334,"basaliob":-0.704,"bolussnooze":0.0017,"activity":-3.0E-4,"lastBolusTime":1703325786000,"time":"2023-12-23T13:41:13.430Z"}},{"iob":0.308,"basaliob":-0.031,"bolussnooze":0.0013,"activity":0.0053,"lastBolusTime":1703325786000,"time":"2023-12-23T13:46:13.430Z","iobWithZeroTemp":{"iob":-0.365,"basaliob":-0.704,"bolussnooze":0.0013,"activity":-8.0E-4,"lastBolusTime":1703325786000,"time":"2023-12-23T13:46:13.430Z"}},{"iob":0.282,"basaliob":-0.028,"bolussnooze":9.0E-4,"activity":0.005,"lastBolusTime":1703325786000,"time":"2023-12-23T13:51:13.430Z","iobWithZeroTemp":{"iob":-0.394,"basaliob":-0.704,"bolussnooze":9.0E-4,"activity":-0.0011,"lastBolusTime":1703325786000,"time":"2023-12-23T13:51:13.430Z"}},{"iob":0.258,"basaliob":-0.026,"bolussnooze":6.0E-4,"activity":0.0046,"lastBolusTime":1703325786000,"time":"2023-12-23T13:56:13.430Z","iobWithZeroTemp":{"iob":-0.42,"basaliob":-0.704,"bolussnooze":6.0E-4,"activity":-0.0016,"lastBolusTime":1703325786000,"time":"2023-12-23T13:56:13.430Z"}},{"iob":0.236,"basaliob":-0.024,"bolussnooze":4.0E-4,"activity":0.0043,"lastBolusTime":1703325786000,"time":"2023-12-23T14:01:13.430Z","iobWithZeroTemp":{"iob":-0.445,"basaliob":-0.705,"bolussnooze":4.0E-4,"activity":-0.0019,"lastBolusTime":1703325786000,"time":"2023-12-23T14:01:13.430Z"}},{"iob":0.216,"basaliob":-0.021,"bolussnooze":3.0E-4,"activity":0.0039,"lastBolusTime":1703325786000,"time":"2023-12-23T14:06:13.430Z","iobWithZeroTemp":{"iob":-0.467,"basaliob":-0.704,"bolussnooze":3.0E-4,"activity":-0.0024,"lastBolusTime":1703325786000,"time":"2023-12-23T14:06:13.430Z"}}],"profile":{"max_iob":7,"type":"current","max_daily_basal":0.45,"max_basal":1.35,"min_bg":81.0000000000001,"max_bg":81.0000000000001,"target_bg":81.0000000000001,"carb_ratio":11,"sens":352.8,"max_daily_safety_multiplier":3,"current_basal_safety_multiplier":4,"lgsThreshold":65,"high_temptarget_raises_sensitivity":false,"low_temptarget_lowers_sensitivity":false,"sensitivity_raises_target":true,"resistance_lowers_target":true,"adv_target_adjustments":false,"exercise_mode":false,"half_basal_exercise_target":160,"maxCOB":120,"skip_neutral_temps":false,"remainingCarbsCap":90,"enableUAM":true,"A52_risk_enable":false,"SMBInterval":4,"enableSMB_with_COB":true,"enableSMB_with_temptarget":false,"allowSMB_with_high_temptarget":true,"enableSMB_always":true,"enableSMB_after_carbs":false,"maxSMBBasalMinutes":60,"maxUAMSMBBasalMinutes":60,"bolus_increment":0.05,"carbsReqThreshold":10,"current_basal":0.4,"temptargetSet":true,"autosens_max":1.2,"autosens_min":0.8,"out_units":"mmol\/L","variable_sens":77.9,"insulinDivisor":65,"TDD":14.304368491666668},"autosens_data":{"ratio":1.3436018762938393},"meal_data":{"carbs":138,"mealCOB":79.81829705215421,"slopeFromMaxDeviation":0,"slopeFromMinDeviation":1.9816363636363636,"lastBolusTime":1703325786000,"lastCarbTime":1703325788234},"microBolusAllowed":true,"currentTime":1703326275467,"flatBGsDetected":false,"tdd1D":34.144083333333334,"tdd7D":30.47294047619048,"tddLast24H":40.94350000000001,"tddLast4H":12.646666666666668,"tddLast8to4H":2.8838333333333335},"output":{"temp":"absolute","bg":262,"tick":"+0","eventualBG":356,"targetBG":81.0000000000001,"insulinReq":0,"deliverAt":"2023-12-23T10:11:15.467Z","sensitivityRatio":1.3436018762938393,"variable_sens":77.9,"predBGs":{"IOB":[262,260,256,250,242,232,220,207,192,176,158,137,114,89,62,39],"ZT":[262,244,224,203,181,158,133,107,77,41,39,39,39,39,39,39,39,39,39,39,39,39,39,39,39,39,39,39,39,39,39,39,39,39,39,39,39,39,39,39,39,39,39,39,39,39,39,39],"COB":[262,261,260,258,255,253,251,249,247,245,244,243,242,242,243,244,246,248,250,253,257,261,265,270,275,280,286,291,296,302,307,312,317,321,325,330,334,337,341,344,346,349,351,353,354,355,356],"UAM":[262,261,260,257,253,248,243,238,232,225,218,211,203,195,187,179,170,161,152,142,132,121,110,98,86,72,57,39]},"reason":"COB: 79.8, Dev: 6.1, BGI: -1.0, ISF: 4.3, CR: 11, Target: 4.5, minPredBG 6.2, minGuardBG 2.6, IOBpredBG 2.2, COBpredBG 19.8, UAMpredBG 2.2; minGuardBG 2.6<3.6 105m left and 0 ~ req 0U\/hr: no temp required","COB":79.81829705215421,"IOB":6.02,"timestamp":"2023-12-23T10:11:15.495Z"}}