{"algorithm":"OpenAPSSMBDynamicISFPlugin","input":{"glucoseStatus":{"glucose":102,"noise":0,"delta":9,"short_avgdelta":6.39,"long_avgdelta":5.45,"date":1703701014153},"currenttemp":{"temp":"absolute","duration":15,"rate":0,"minutesrunning":105},"iob_data":[{"iob":-0.338,"basaliob":-0.663,"bolussnooze":7.0E-4,"activity":-0.0012,"lastBolusTime":1703694449000,"time":"2023-12-27T18:17:14.985Z","iobWithZeroTemp":{"iob":-0.338,"basaliob":-0.663,"bolussnooze":7.0E-4,"activity":-0.0012,"lastBolusTime":1703694449000,"time":"2023-12-27T18:17:14.985Z"}},{"iob":-0.332,"basaliob":-0.633,"bolussnooze":5.0E-4,"activity":-0.0015,"lastBolusTime":1703694449000,"time":"2023-12-27T18:22:14.985Z","iobWithZeroTemp":{"iob":-0.359,"basaliob":-0.66,"bolussnooze":5.0E-4,"activity":-0.0015,"lastBolusTime":1703694449000,"time":"2023-12-27T18:22:14.985Z"}},{"iob":-0.323,"basaliob":-0.602,"bolussnooze":4.0E-4,"activity":-0.0018,"lastBolusTime":1703694449000,"time":"2023-12-27T18:27:14.985Z","iobWithZeroTemp":{"iob":-0.383,"basaliob":-0.662,"bolussnooze":4.0E-4,"activity":-0.0019,"lastBolusTime":1703694449000,"time":"2023-12-27T18:27:14.985Z"}},{"iob":-0.314,"basaliob":-0.572,"bolussnooze":3.0E-4,"activity":-0.002,"lastBolusTime":1703694449000,"time":"2023-12-27T18:32:14.985Z","iobWithZeroTemp":{"iob":-0.406,"basaliob":-0.664,"bolussnooze":3.0E-4,"activity":-0.0022,"lastBolusTime":1703694449000,"time":"2023-12-27T18:32:14.985Z"}},{"iob":-0.304,"basaliob":-0.543,"bolussnooze":2.0E-4,"activity":-0.0022,"lastBolusTime":1703694449000,"time":"2023-12-27T18:37:14.985Z","iobWithZeroTemp":{"iob":-0.429,"basaliob":-0.668,"bolussnooze":2.0E-4,"activity":-0.0025,"lastBolusTime":1703694449000,"time":"2023-12-27T18:37:14.985Z"}},{"iob":-0.293,"basaliob":-0.514,"bolussnooze":1.0E-4,"activity":-0.0022,"lastBolusTime":1703694449000,"time":"2023-12-27T18:42:14.985Z","iobWithZeroTemp":{"iob":-0.449,"basaliob":-0.67,"bolussnooze":1.0E-4,"activity":-0.0027,"lastBolusTime":1703694449000,"time":"2023-12-27T18:42:14.985Z"}},{"iob":-0.281,"basaliob":-0.485,"bolussnooze":1.0E-4,"activity":-0.0022,"lastBolusTime":1703694449000,"time":"2023-12-27T18:47:14.985Z","iobWithZeroTemp":{"iob":-0.467,"basaliob":-0.671,"bolussnooze":1.0E-4,"activity":-0.0029,"lastBolusTime":1703694449000,"time":"2023-12-27T18:47:14.985Z"}},{"iob":-0.27,"basaliob":-0.458,"bolussnooze":0,"activity":-0.0024,"lastBolusTime":1703694449000,"time":"2023-12-27T18:52:14.985Z","iobWithZeroTemp":{"iob":-0.486,"basaliob":-0.674,"bolussnooze":0,"activity":-0.0033,"lastBolusTime":1703694449000,"time":"2023-12-27T18:52:14.985Z"}},{"iob":-0.258,"basaliob":-0.432,"bolussnooze":0,"activity":-0.0024,"lastBolusTime":1703694449000,"time":"2023-12-27T18:57:14.985Z","iobWithZeroTemp":{"iob":-0.502,"basaliob":-0.676,"bolussnooze":0,"activity":-0.0035,"lastBolusTime":1703694449000,"time":"2023-12-27T18:57:14.985Z"}},{"iob":-0.246,"basaliob":-0.406,"bolussnooze":0,"activity":-0.0024,"lastBolusTime":1703694449000,"time":"2023-12-27T19:02:14.985Z","iobWithZeroTemp":{"iob":-0.518,"basaliob":-0.678,"bolussnooze":0,"activity":-0.0037,"lastBolusTime":1703694449000,"time":"2023-12-27T19:02:14.985Z"}},{"iob":-0.235,"basaliob":-0.382,"bolussnooze":0,"activity":-0.0024,"lastBolusTime":1703694449000,"time":"2023-12-27T19:07:14.985Z","iobWithZeroTemp":{"iob":-0.533,"basaliob":-0.68,"bolussnooze":0,"activity":-0.0039,"lastBolusTime":1703694449000,"time":"2023-12-27T19:07:14.985Z"}},{"iob":-0.223,"basaliob":-0.359,"bolussnooze":0,"activity":-0.0023,"lastBolusTime":1703694449000,"time":"2023-12-27T19:12:14.985Z","iobWithZeroTemp":{"iob":-0.546,"basaliob":-0.682,"bolussnooze":0,"activity":-0.0041,"lastBolusTime":1703694449000,"time":"2023-12-27T19:12:14.985Z"}},{"iob":-0.211,"basaliob":-0.336,"bolussnooze":0,"activity":-0.0023,"lastBolusTime":1703694449000,"time":"2023-12-27T19:17:14.985Z","iobWithZeroTemp":{"iob":-0.558,"basaliob":-0.683,"bolussnooze":0,"activity":-0.0043,"lastBolusTime":1703694449000,"time":"2023-12-27T19:17:14.985Z"}},{"iob":-0.2,"basaliob":-0.315,"bolussnooze":0,"activity":-0.0023,"lastBolusTime":1703694449000,"time":"2023-12-27T19:22:14.985Z","iobWithZeroTemp":{"iob":-0.57,"basaliob":-0.685,"bolussnooze":0,"activity":-0.0045,"lastBolusTime":1703694449000,"time":"2023-12-27T19:22:14.985Z"}},{"iob":-0.19,"basaliob":-0.295,"bolussnooze":0,"activity":-0.0021,"lastBolusTime":1703694449000,"time":"2023-12-27T19:27:14.985Z","iobWithZeroTemp":{"iob":-0.581,"basaliob":-0.686,"bolussnooze":0,"activity":-0.0045,"lastBolusTime":1703694449000,"time":"2023-12-27T19:27:14.985Z"}},{"iob":-0.178,"basaliob":-0.275,"bolussnooze":0,"activity":-0.002,"lastBolusTime":1703694449000,"time":"2023-12-27T19:32:14.985Z","iobWithZeroTemp":{"iob":-0.59,"basaliob":-0.687,"bolussnooze":0,"activity":-0.0047,"lastBolusTime":1703694449000,"time":"2023-12-27T19:32:14.985Z"}},{"iob":-0.168,"basaliob":-0.257,"bolussnooze":0,"activity":-0.002,"lastBolusTime":1703694449000,"time":"2023-12-27T19:37:14.985Z","iobWithZeroTemp":{"iob":-0.599,"basaliob":-0.688,"bolussnooze":0,"activity":-0.0049,"lastBolusTime":1703694449000,"time":"2023-12-27T19:37:14.985Z"}},{"iob":-0.159,"basaliob":-0.24,"bolussnooze":0,"activity":-0.002,"lastBolusTime":1703694449000,"time":"2023-12-27T19:42:14.985Z","iobWithZeroTemp":{"iob":-0.609,"basaliob":-0.69,"bolussnooze":0,"activity":-0.0051,"lastBolusTime":1703694449000,"time":"2023-12-27T19:42:14.985Z"}},{"iob":-0.15,"basaliob":-0.224,"bolussnooze":0,"activity":-0.0019,"lastBolusTime":1703694449000,"time":"2023-12-27T19:47:14.985Z","iobWithZeroTemp":{"iob":-0.617,"basaliob":-0.691,"bolussnooze":0,"activity":-0.0052,"lastBolusTime":1703694449000,"time":"2023-12-27T19:47:14.985Z"}},{"iob":-0.14,"basaliob":-0.208,"bolussnooze":0,"activity":-0.0018,"lastBolusTime":1703694449000,"time":"2023-12-27T19:52:14.985Z","iobWithZeroTemp":{"iob":-0.624,"basaliob":-0.692,"bolussnooze":0,"activity":-0.0053,"lastBolusTime":1703694449000,"time":"2023-12-27T19:52:14.985Z"}},{"iob":-0.132,"basaliob":-0.194,"bolussnooze":0,"activity":-0.0017,"lastBolusTime":1703694449000,"time":"2023-12-27T19:57:14.985Z","iobWithZeroTemp":{"iob":-0.631,"basaliob":-0.693,"bolussnooze":0,"activity":-0.0054,"lastBolusTime":1703694449000,"time":"2023-12-27T19:57:14.985Z"}},{"iob":-0.123,"basaliob":-0.18,"bolussnooze":0,"activity":-0.0016,"lastBolusTime":1703694449000,"time":"2023-12-27T20:02:14.985Z","iobWithZeroTemp":{"iob":-0.637,"basaliob":-0.694,"bolussnooze":0,"activity":-0.0055,"lastBolusTime":1703694449000,"time":"2023-12-27T20:02:14.985Z"}},{"iob":-0.115,"basaliob":-0.167,"bolussnooze":0,"activity":-0.0016,"lastBolusTime":1703694449000,"time":"2023-12-27T20:07:14.985Z","iobWithZeroTemp":{"iob":-0.642,"basaliob":-0.694,"bolussnooze":0,"activity":-0.0056,"lastBolusTime":1703694449000,"time":"2023-12-27T20:07:14.985Z"}},{"iob":-0.108,"basaliob":-0.155,"bolussnooze":0,"activity":-0.0014,"lastBolusTime":1703694449000,"time":"2023-12-27T20:12:14.985Z","iobWithZeroTemp":{"iob":-0.648,"basaliob":-0.695,"bolussnooze":0,"activity":-0.0056,"lastBolusTime":1703694449000,"time":"2023-12-27T20:12:14.985Z"}},{"iob":-0.101,"basaliob":-0.144,"bolussnooze":0,"activity":-0.0014,"lastBolusTime":1703694449000,"time":"2023-12-27T20:17:14.985Z","iobWithZeroTemp":{"iob":-0.653,"basaliob":-0.696,"bolussnooze":0,"activity":-0.0057,"lastBolusTime":1703694449000,"time":"2023-12-27T20:17:14.985Z"}},{"iob":-0.095,"basaliob":-0.134,"bolussnooze":0,"activity":-0.0013,"lastBolusTime":1703694449000,"time":"2023-12-27T20:22:14.985Z","iobWithZeroTemp":{"iob":-0.658,"basaliob":-0.697,"bolussnooze":0,"activity":-0.0058,"lastBolusTime":1703694449000,"time":"2023-12-27T20:22:14.985Z"}},{"iob":-0.088,"basaliob":-0.124,"bolussnooze":0,"activity":-0.0012,"lastBolusTime":1703694449000,"time":"2023-12-27T20:27:14.985Z","iobWithZeroTemp":{"iob":-0.662,"basaliob":-0.698,"bolussnooze":0,"activity":-0.0058,"lastBolusTime":1703694449000,"time":"2023-12-27T20:27:14.985Z"}},{"iob":-0.082,"basaliob":-0.114,"bolussnooze":0,"activity":-0.0012,"lastBolusTime":1703694449000,"time":"2023-12-27T20:32:14.985Z","iobWithZeroTemp":{"iob":-0.666,"basaliob":-0.698,"bolussnooze":0,"activity":-0.006,"lastBolusTime":1703694449000,"time":"2023-12-27T20:32:14.985Z"}},{"iob":-0.076,"basaliob":-0.106,"bolussnooze":0,"activity":-0.0011,"lastBolusTime":1703694449000,"time":"2023-12-27T20:37:14.985Z","iobWithZeroTemp":{"iob":-0.669,"basaliob":-0.699,"bolussnooze":0,"activity":-0.006,"lastBolusTime":1703694449000,"time":"2023-12-27T20:37:14.985Z"}},{"iob":-0.071,"basaliob":-0.098,"bolussnooze":0,"activity":-0.0011,"lastBolusTime":1703694449000,"time":"2023-12-27T20:42:14.985Z","iobWithZeroTemp":{"iob":-0.672,"basaliob":-0.699,"bolussnooze":0,"activity":-0.0061,"lastBolusTime":1703694449000,"time":"2023-12-27T20:42:14.985Z"}},{"iob":-0.066,"basaliob":-0.09,"bolussnooze":0,"activity":-9.0E-4,"lastBolusTime":1703694449000,"time":"2023-12-27T20:47:14.985Z","iobWithZeroTemp":{"iob":-0.675,"basaliob":-0.699,"bolussnooze":0,"activity":-0.006,"lastBolusTime":1703694449000,"time":"2023-12-27T20:47:14.985Z"}},{"iob":-0.061,"basaliob":-0.083,"bolussnooze":0,"activity":-9.0E-4,"lastBolusTime":1703694449000,"time":"2023-12-27T20:52:14.985Z","iobWithZeroTemp":{"iob":-0.678,"basaliob":-0.7,"bolussnooze":0,"activity":-0.0061,"lastBolusTime":1703694449000,"time":"2023-12-27T20:52:14.985Z"}},{"iob":-0.057,"basaliob":-0.077,"bolussnooze":0,"activity":-9.0E-4,"lastBolusTime":1703694449000,"time":"2023-12-27T20:57:14.985Z","iobWithZeroTemp":{"iob":-0.681,"basaliob":-0.701,"bolussnooze":0,"activity":-0.0062,"lastBolusTime":1703694449000,"time":"2023-12-27T20:57:14.985Z"}},{"iob":-0.053,"basaliob":-0.071,"bolussnooze":0,"activity":-8.0E-4,"lastBolusTime":1703694449000,"time":"2023-12-27T21:02:14.985Z","iobWithZeroTemp":{"iob":-0.683,"basaliob":-0.701,"bolussnooze":0,"activity":-0.0062,"lastBolusTime":1703694449000,"time":"2023-12-27T21:02:14.985Z"}},{"iob":-0.049,"basaliob":-0.065,"bolussnooze":0,"activity":-8.0E-4,"lastBolusTime":1703694449000,"time":"2023-12-27T21:07:14.985Z","iobWithZeroTemp":{"iob":-0.685,"basaliob":-0.701,"bolussnooze":0,"activity":-0.0063,"lastBolusTime":1703694449000,"time":"2023-12-27T21:07:14.985Z"}},{"iob":-0.045,"basaliob":-0.06,"bolussnooze":0,"activity":-7.0E-4,"lastBolusTime":1703694449000,"time":"2023-12-27T21:12:14.985Z","iobWithZeroTemp":{"iob":-0.687,"basaliob":-0.702,"bolussnooze":0,"activity":-0.0063,"lastBolusTime":1703694449000,"time":"2023-12-27T21:12:14.985Z"}},{"iob":-0.042,"basaliob":-0.055,"bolussnooze":0,"activity":-6.0E-4,"lastBolusTime":1703694449000,"time":"2023-12-27T21:17:14.985Z","iobWithZeroTemp":{"iob":-0.689,"basaliob":-0.702,"bolussnooze":0,"activity":-0.0063,"lastBolusTime":1703694449000,"time":"2023-12-27T21:17:14.985Z"}},{"iob":-0.039,"basaliob":-0.051,"bolussnooze":0,"activity":-6.0E-4,"lastBolusTime":1703694449000,"time":"2023-12-27T21:22:14.985Z","iobWithZeroTemp":{"iob":-0.69,"basaliob":-0.702,"bolussnooze":0,"activity":-0.0064,"lastBolusTime":1703694449000,"time":"2023-12-27T21:22:14.985Z"}},{"iob":-0.036,"basaliob":-0.047,"bolussnooze":0,"activity":-6.0E-4,"lastBolusTime":1703694449000,"time":"2023-12-27T21:27:14.985Z","iobWithZeroTemp":{"iob":-0.692,"basaliob":-0.703,"bolussnooze":0,"activity":-0.0064,"lastBolusTime":1703694449000,"time":"2023-12-27T21:27:14.985Z"}},{"iob":-0.033,"basaliob":-0.043,"bolussnooze":0,"activity":-5.0E-4,"lastBolusTime":1703694449000,"time":"2023-12-27T21:32:14.985Z","iobWithZeroTemp":{"iob":-0.693,"basaliob":-0.703,"bolussnooze":0,"activity":-0.0064,"lastBolusTime":1703694449000,"time":"2023-12-27T21:32:14.985Z"}},{"iob":-0.03,"basaliob":-0.039,"bolussnooze":0,"activity":-5.0E-4,"lastBolusTime":1703694449000,"time":"2023-12-27T21:37:14.985Z","iobWithZeroTemp":{"iob":-0.694,"basaliob":-0.703,"bolussnooze":0,"activity":-0.0064,"lastBolusTime":1703694449000,"time":"2023-12-27T21:37:14.985Z"}},{"iob":-0.028,"basaliob":-0.036,"bolussnooze":0,"activity":-4.0E-4,"lastBolusTime":1703694449000,"time":"2023-12-27T21:42:14.985Z","iobWithZeroTemp":{"iob":-0.695,"basaliob":-0.703,"bolussnooze":0,"activity":-0.0064,"lastBolusTime":1703694449000,"time":"2023-12-27T21:42:14.985Z"}},{"iob":-0.026,"basaliob":-0.033,"bolussnooze":0,"activity":-4.0E-4,"lastBolusTime":1703694449000,"time":"2023-12-27T21:47:14.985Z","iobWithZeroTemp":{"iob":-0.696,"basaliob":-0.703,"bolussnooze":0,"activity":-0.0065,"lastBolusTime":1703694449000,"time":"2023-12-27T21:47:14.985Z"}},{"iob":-0.024,"basaliob":-0.03,"bolussnooze":0,"activity":-4.0E-4,"lastBolusTime":1703694449000,"time":"2023-12-27T21:52:14.985Z","iobWithZeroTemp":{"iob":-0.697,"basaliob":-0.703,"bolussnooze":0,"activity":-0.0065,"lastBolusTime":1703694449000,"time":"2023-12-27T21:52:14.985Z"}},{"iob":-0.021,"basaliob":-0.027,"bolussnooze":0,"activity":-4.0E-4,"lastBolusTime":1703694449000,"time":"2023-12-27T21:57:14.985Z","iobWithZeroTemp":{"iob":-0.697,"basaliob":-0.703,"bolussnooze":0,"activity":-0.0065,"lastBolusTime":1703694449000,"time":"2023-12-27T21:57:14.985Z"}},{"iob":-0.02,"basaliob":-0.025,"bolussnooze":0,"activity":-4.0E-4,"lastBolusTime":1703694449000,"time":"2023-12-27T22:02:14.985Z","iobWithZeroTemp":{"iob":-0.698,"basaliob":-0.703,"bolussnooze":0,"activity":-0.0066,"lastBolusTime":1703694449000,"time":"2023-12-27T22:02:14.985Z"}},{"iob":-0.019,"basaliob":-0.023,"bolussnooze":0,"activity":-3.0E-4,"lastBolusTime":1703694449000,"time":"2023-12-27T22:07:14.985Z","iobWithZeroTemp":{"iob":-0.7,"basaliob":-0.704,"bolussnooze":0,"activity":-0.0065,"lastBolusTime":1703694449000,"time":"2023-12-27T22:07:14.985Z"}},{"iob":-0.017,"basaliob":-0.021,"bolussnooze":0,"activity":-3.0E-4,"lastBolusTime":1703694449000,"time":"2023-12-27T22:12:14.985Z","iobWithZeroTemp":{"iob":-0.7,"basaliob":-0.704,"bolussnooze":0,"activity":-0.0066,"lastBolusTime":1703694449000,"time":"2023-12-27T22:12:14.985Z"}}],"profile":{"max_iob":7,"type":"current","max_daily_basal":0.45,"max_basal":1.35,"min_bg":106.2,"max_bg":106.2,"target_bg":106.2,"carb_ratio":11,"sens":352.8,"max_daily_safety_multiplier":3,"current_basal_safety_multiplier":4,"lgsThreshold":65,"high_temptarget_raises_sensitivity":false,"low_temptarget_lowers_sensitivity":false,"sensitivity_raises_target":true,"resistance_lowers_target":true,"adv_target_adjustments":false,"exercise_mode":false,"half_basal_exercise_target":160,"maxCOB":120,"skip_neutral_temps":false,"remainingCarbsCap":90,"enableUAM":true,"A52_risk_enable":false,"SMBInterval":4,"enableSMB_with_COB":true,"enableSMB_with_temptarget":false,"allowSMB_with_high_temptarget":true,"enableSMB_always":true,"enableSMB_after_carbs":false,"maxSMBBasalMinutes":60,"maxUAMSMBBasalMinutes":60,"bolus_increment":0.05,"carbsReqThreshold":10,"current_basal":0.4,"temptargetSet":false,"autosens_max":1.2,"autosens_min":0.8,"out_units":"mmol\/L","variable_sens":206.9,"insulinDivisor":65,"TDD":9.221928458333334},"autosens_data":{"ratio":0.48963428290297384},"meal_data":{"carbs":15,"mealCOB":4.19735147392289,"slopeFromMaxDeviation":-2.8722499999999993,"slopeFromMinDeviation":0.717111111111111,"lastBolusTime":1703694449000,"lastCarbTime":1703687928000},"microBolusAllowed":true,"currentTime":1703701037232,"flatBGsDetected":false,"tdd1D":31.16008333333334,"tdd7D":32.424880952380946,"tddLast24H":15.87633333333334,"tddLast4H":1.9000000000000001,"tddLast8to4H":4.053333333333334},"output":{"temp":"absolute","bg":102,"tick":"+9","eventualBG":246,"targetBG":154,"insulinReq":0.15,"deliverAt":"2023-12-27T18:17:17.232Z","sensitivityRatio":0.48963428290297384,"variable_sens":206.9,"predBGs":{"IOB":[102,108,114,119,125,129,134,138,142,145,148,150,152,154,156,158,159,161,162,164,165,167,168,169,170,171,172,173,174,175,176,176,177,178,178,179,179,180,180,181,181,181,182,182,182,182,183],"ZT":[102,103,105,107,109,111,114,117,120,123,127,130,134,138,141,145,149,153],"COB":[102,108,114,121,127,134,140,147,153,159,165,171,176,182,187,192,196,200,205,209,212,216,219,222,224,227,229,231,233,234,235,236,237,238,239,240,240,241,242,242,243,243,244,244,245,245,245,246],"UAM":[102,105,107,109,111,113,115,117,119,122,124,126,128,130,132,134,136,138,139,141,142,144,145,147,148,149,150,151,152,153,154,154,155,156,156,157,158,158,159,159,160,160,160,161,161,161,161,162]},"reason":"COB: 4.2, Dev: 1.7, BGI: 0.1, ISF: 11.5, CR: 11, Target: 8.6, minPredBG 10.3, minGuardBG 5.9, IOBpredBG 10.2, COBpredBG 13.7, UAMpredBG 9.0; Eventual BG 13.7 >= 8.6,  insulinReq 0.15. Microbolusing 0.05U. temp 0.00 < 0.5U\/hr. ","COB":4.19735147392289,"IOB":-0.338,"units":0.05,"duration":30,"rate":0.49585371316118954,"timestamp":"2023-12-27T18:17:17.256Z"}}