{"algorithm":"OpenAPSSMBDynamicISFPlugin","input":{"glucoseStatus":{"glucose":164,"noise":0,"delta":-4,"short_avgdelta":-3.78,"long_avgdelta":-1.98,"date":1703291452718},"currenttemp":{"temp":"absolute","duration":55,"rate":0,"minutesrunning":5},"iob_data":[{"iob":0.748,"basaliob":-0.381,"bolussnooze":0.0013,"activity":0.0086,"lastBolusTime":1703290889000,"time":"2023-12-23T00:31:15.644Z","iobWithZeroTemp":{"iob":0.748,"basaliob":-0.381,"bolussnooze":0.0013,"activity":0.0086,"lastBolusTime":1703290889000,"time":"2023-12-23T00:31:15.644Z"}},{"iob":0.704,"basaliob":-0.362,"bolussnooze":0.001,"activity":0.0084,"lastBolusTime":1703290889000,"time":"2023-12-23T00:36:15.644Z","iobWithZeroTemp":{"iob":0.681,"basaliob":-0.385,"bolussnooze":0.001,"activity":0.0084,"lastBolusTime":1703290889000,"time":"2023-12-23T00:36:15.644Z"}},{"iob":0.664,"basaliob":-0.342,"bolussnooze":7.0E-4,"activity":0.0081,"lastBolusTime":1703290889000,"time":"2023-12-23T00:41:15.644Z","iobWithZeroTemp":{"iob":0.612,"basaliob":-0.394,"bolussnooze":7.0E-4,"activity":0.008,"lastBolusTime":1703290889000,"time":"2023-12-23T00:41:15.644Z"}},{"iob":0.624,"basaliob":-0.324,"bolussnooze":5.0E-4,"activity":0.0078,"lastBolusTime":1703290889000,"time":"2023-12-23T00:46:15.644Z","iobWithZeroTemp":{"iob":0.543,"basaliob":-0.405,"bolussnooze":5.0E-4,"activity":0.0076,"lastBolusTime":1703290889000,"time":"2023-12-23T00:46:15.644Z"}},{"iob":0.586,"basaliob":-0.305,"bolussnooze":4.0E-4,"activity":0.0074,"lastBolusTime":1703290889000,"time":"2023-12-23T00:51:15.644Z","iobWithZeroTemp":{"iob":0.477,"basaliob":-0.414,"bolussnooze":4.0E-4,"activity":0.0071,"lastBolusTime":1703290889000,"time":"2023-12-23T00:51:15.644Z"}},{"iob":0.549,"basaliob":-0.288,"bolussnooze":2.0E-4,"activity":0.0071,"lastBolusTime":1703290889000,"time":"2023-12-23T00:56:15.644Z","iobWithZeroTemp":{"iob":0.413,"basaliob":-0.424,"bolussnooze":2.0E-4,"activity":0.0067,"lastBolusTime":1703290889000,"time":"2023-12-23T00:56:15.644Z"}},{"iob":0.515,"basaliob":-0.271,"bolussnooze":2.0E-4,"activity":0.0068,"lastBolusTime":1703290889000,"time":"2023-12-23T01:01:15.644Z","iobWithZeroTemp":{"iob":0.352,"basaliob":-0.434,"bolussnooze":2.0E-4,"activity":0.0062,"lastBolusTime":1703290889000,"time":"2023-12-23T01:01:15.644Z"}},{"iob":0.482,"basaliob":-0.255,"bolussnooze":1.0E-4,"activity":0.0064,"lastBolusTime":1703290889000,"time":"2023-12-23T01:06:15.644Z","iobWithZeroTemp":{"iob":0.3,"basaliob":-0.437,"bolussnooze":1.0E-4,"activity":0.0056,"lastBolusTime":1703290889000,"time":"2023-12-23T01:06:15.644Z"}},{"iob":0.451,"basaliob":-0.239,"bolussnooze":0,"activity":0.0062,"lastBolusTime":1703290889000,"time":"2023-12-23T01:11:15.644Z","iobWithZeroTemp":{"iob":0.25,"basaliob":-0.44,"bolussnooze":0,"activity":0.0053,"lastBolusTime":1703290889000,"time":"2023-12-23T01:11:15.644Z"}},{"iob":0.421,"basaliob":-0.224,"bolussnooze":0,"activity":0.0058,"lastBolusTime":1703290889000,"time":"2023-12-23T01:16:15.644Z","iobWithZeroTemp":{"iob":0.203,"basaliob":-0.442,"bolussnooze":0,"activity":0.0047,"lastBolusTime":1703290889000,"time":"2023-12-23T01:16:15.644Z"}},{"iob":0.393,"basaliob":-0.21,"bolussnooze":0,"activity":0.0055,"lastBolusTime":1703290889000,"time":"2023-12-23T01:21:15.644Z","iobWithZeroTemp":{"iob":0.158,"basaliob":-0.445,"bolussnooze":0,"activity":0.0042,"lastBolusTime":1703290889000,"time":"2023-12-23T01:21:15.644Z"}},{"iob":0.366,"basaliob":-0.196,"bolussnooze":0,"activity":0.0052,"lastBolusTime":1703290889000,"time":"2023-12-23T01:26:15.644Z","iobWithZeroTemp":{"iob":0.115,"basaliob":-0.447,"bolussnooze":0,"activity":0.0038,"lastBolusTime":1703290889000,"time":"2023-12-23T01:26:15.644Z"}},{"iob":0.341,"basaliob":-0.183,"bolussnooze":0,"activity":0.0049,"lastBolusTime":1703290889000,"time":"2023-12-23T01:31:15.644Z","iobWithZeroTemp":{"iob":0.075,"basaliob":-0.449,"bolussnooze":0,"activity":0.0033,"lastBolusTime":1703290889000,"time":"2023-12-23T01:31:15.644Z"}},{"iob":0.318,"basaliob":-0.171,"bolussnooze":0,"activity":0.0046,"lastBolusTime":1703290889000,"time":"2023-12-23T01:36:15.644Z","iobWithZeroTemp":{"iob":0.038,"basaliob":-0.451,"bolussnooze":0,"activity":0.0028,"lastBolusTime":1703290889000,"time":"2023-12-23T01:36:15.644Z"}},{"iob":0.295,"basaliob":-0.16,"bolussnooze":0,"activity":0.0044,"lastBolusTime":1703290889000,"time":"2023-12-23T01:41:15.644Z","iobWithZeroTemp":{"iob":0.002,"basaliob":-0.453,"bolussnooze":0,"activity":0.0025,"lastBolusTime":1703290889000,"time":"2023-12-23T01:41:15.644Z"}},{"iob":0.274,"basaliob":-0.149,"bolussnooze":0,"activity":0.0041,"lastBolusTime":1703290889000,"time":"2023-12-23T01:46:15.644Z","iobWithZeroTemp":{"iob":-0.032,"basaliob":-0.455,"bolussnooze":0,"activity":0.002,"lastBolusTime":1703290889000,"time":"2023-12-23T01:46:15.644Z"}},{"iob":0.254,"basaliob":-0.139,"bolussnooze":0,"activity":0.0038,"lastBolusTime":1703290889000,"time":"2023-12-23T01:51:15.644Z","iobWithZeroTemp":{"iob":-0.064,"basaliob":-0.457,"bolussnooze":0,"activity":0.0016,"lastBolusTime":1703290889000,"time":"2023-12-23T01:51:15.644Z"}},{"iob":0.236,"basaliob":-0.129,"bolussnooze":0,"activity":0.0035,"lastBolusTime":1703290889000,"time":"2023-12-23T01:56:15.644Z","iobWithZeroTemp":{"iob":-0.093,"basaliob":-0.458,"bolussnooze":0,"activity":0.0012,"lastBolusTime":1703290889000,"time":"2023-12-23T01:56:15.644Z"}},{"iob":0.218,"basaliob":-0.12,"bolussnooze":0,"activity":0.0033,"lastBolusTime":1703290889000,"time":"2023-12-23T02:01:15.644Z","iobWithZeroTemp":{"iob":-0.121,"basaliob":-0.459,"bolussnooze":0,"activity":8.0E-4,"lastBolusTime":1703290889000,"time":"2023-12-23T02:01:15.644Z"}},{"iob":0.203,"basaliob":-0.111,"bolussnooze":0,"activity":0.0031,"lastBolusTime":1703290889000,"time":"2023-12-23T02:06:15.644Z","iobWithZeroTemp":{"iob":-0.146,"basaliob":-0.46,"bolussnooze":0,"activity":5.0E-4,"lastBolusTime":1703290889000,"time":"2023-12-23T02:06:15.644Z"}},{"iob":0.188,"basaliob":-0.103,"bolussnooze":0,"activity":0.0029,"lastBolusTime":1703290889000,"time":"2023-12-23T02:11:15.644Z","iobWithZeroTemp":{"iob":-0.17,"basaliob":-0.461,"bolussnooze":0,"activity":2.0E-4,"lastBolusTime":1703290889000,"time":"2023-12-23T02:11:15.644Z"}},{"iob":0.173,"basaliob":-0.096,"bolussnooze":0,"activity":0.0027,"lastBolusTime":1703290889000,"time":"2023-12-23T02:16:15.644Z","iobWithZeroTemp":{"iob":-0.194,"basaliob":-0.463,"bolussnooze":0,"activity":-1.0E-4,"lastBolusTime":1703290889000,"time":"2023-12-23T02:16:15.644Z"}},{"iob":0.16,"basaliob":-0.089,"bolussnooze":0,"activity":0.0025,"lastBolusTime":1703290889000,"time":"2023-12-23T02:21:15.644Z","iobWithZeroTemp":{"iob":-0.215,"basaliob":-0.464,"bolussnooze":0,"activity":-4.0E-4,"lastBolusTime":1703290889000,"time":"2023-12-23T02:21:15.644Z"}},{"iob":0.148,"basaliob":-0.082,"bolussnooze":0,"activity":0.0023,"lastBolusTime":1703290889000,"time":"2023-12-23T02:26:15.644Z","iobWithZeroTemp":{"iob":-0.234,"basaliob":-0.464,"bolussnooze":0,"activity":-7.0E-4,"lastBolusTime":1703290889000,"time":"2023-12-23T02:26:15.644Z"}},{"iob":0.136,"basaliob":-0.076,"bolussnooze":0,"activity":0.0022,"lastBolusTime":1703290889000,"time":"2023-12-23T02:31:15.644Z","iobWithZeroTemp":{"iob":-0.253,"basaliob":-0.465,"bolussnooze":0,"activity":-9.0E-4,"lastBolusTime":1703290889000,"time":"2023-12-23T02:31:15.644Z"}},{"iob":0.126,"basaliob":-0.07,"bolussnooze":0,"activity":0.0021,"lastBolusTime":1703290889000,"time":"2023-12-23T02:36:15.644Z","iobWithZeroTemp":{"iob":-0.27,"basaliob":-0.466,"bolussnooze":0,"activity":-0.0011,"lastBolusTime":1703290889000,"time":"2023-12-23T02:36:15.644Z"}},{"iob":0.116,"basaliob":-0.065,"bolussnooze":0,"activity":0.0019,"lastBolusTime":1703290889000,"time":"2023-12-23T02:41:15.644Z","iobWithZeroTemp":{"iob":-0.286,"basaliob":-0.467,"bolussnooze":0,"activity":-0.0014,"lastBolusTime":1703290889000,"time":"2023-12-23T02:41:15.644Z"}},{"iob":0.106,"basaliob":-0.06,"bolussnooze":0,"activity":0.0017,"lastBolusTime":1703290889000,"time":"2023-12-23T02:46:15.644Z","iobWithZeroTemp":{"iob":-0.302,"basaliob":-0.468,"bolussnooze":0,"activity":-0.0017,"lastBolusTime":1703290889000,"time":"2023-12-23T02:46:15.644Z"}},{"iob":0.098,"basaliob":-0.055,"bolussnooze":0,"activity":0.0016,"lastBolusTime":1703290889000,"time":"2023-12-23T02:51:15.644Z","iobWithZeroTemp":{"iob":-0.315,"basaliob":-0.468,"bolussnooze":0,"activity":-0.0019,"lastBolusTime":1703290889000,"time":"2023-12-23T02:51:15.644Z"}},{"iob":0.09,"basaliob":-0.051,"bolussnooze":0,"activity":0.0016,"lastBolusTime":1703290889000,"time":"2023-12-23T02:56:15.644Z","iobWithZeroTemp":{"iob":-0.328,"basaliob":-0.469,"bolussnooze":0,"activity":-0.002,"lastBolusTime":1703290889000,"time":"2023-12-23T02:56:15.644Z"}},{"iob":0.083,"basaliob":-0.047,"bolussnooze":0,"activity":0.0014,"lastBolusTime":1703290889000,"time":"2023-12-23T03:01:15.644Z","iobWithZeroTemp":{"iob":-0.34,"basaliob":-0.47,"bolussnooze":0,"activity":-0.0022,"lastBolusTime":1703290889000,"time":"2023-12-23T03:01:15.644Z"}},{"iob":0.076,"basaliob":-0.043,"bolussnooze":0,"activity":0.0013,"lastBolusTime":1703290889000,"time":"2023-12-23T03:06:15.644Z","iobWithZeroTemp":{"iob":-0.353,"basaliob":-0.472,"bolussnooze":0,"activity":-0.0024,"lastBolusTime":1703290889000,"time":"2023-12-23T03:06:15.644Z"}},{"iob":0.069,"basaliob":-0.04,"bolussnooze":0,"activity":0.0012,"lastBolusTime":1703290889000,"time":"2023-12-23T03:11:15.644Z","iobWithZeroTemp":{"iob":-0.367,"basaliob":-0.476,"bolussnooze":0,"activity":-0.0026,"lastBolusTime":1703290889000,"time":"2023-12-23T03:11:15.644Z"}},{"iob":0.063,"basaliob":-0.037,"bolussnooze":0,"activity":0.0011,"lastBolusTime":1703290889000,"time":"2023-12-23T03:16:15.644Z","iobWithZeroTemp":{"iob":-0.379,"basaliob":-0.479,"bolussnooze":0,"activity":-0.0027,"lastBolusTime":1703290889000,"time":"2023-12-23T03:16:15.644Z"}},{"iob":0.058,"basaliob":-0.034,"bolussnooze":0,"activity":0.001,"lastBolusTime":1703290889000,"time":"2023-12-23T03:21:15.644Z","iobWithZeroTemp":{"iob":-0.39,"basaliob":-0.482,"bolussnooze":0,"activity":-0.0029,"lastBolusTime":1703290889000,"time":"2023-12-23T03:21:15.644Z"}},{"iob":0.053,"basaliob":-0.031,"bolussnooze":0,"activity":0.001,"lastBolusTime":1703290889000,"time":"2023-12-23T03:26:15.644Z","iobWithZeroTemp":{"iob":-0.4,"basaliob":-0.484,"bolussnooze":0,"activity":-0.0029,"lastBolusTime":1703290889000,"time":"2023-12-23T03:26:15.644Z"}},{"iob":0.049,"basaliob":-0.028,"bolussnooze":0,"activity":9.0E-4,"lastBolusTime":1703290889000,"time":"2023-12-23T03:31:15.644Z","iobWithZeroTemp":{"iob":-0.409,"basaliob":-0.486,"bolussnooze":0,"activity":-0.0031,"lastBolusTime":1703290889000,"time":"2023-12-23T03:31:15.644Z"}},{"iob":0.045,"basaliob":-0.026,"bolussnooze":0,"activity":8.0E-4,"lastBolusTime":1703290889000,"time":"2023-12-23T03:36:15.644Z","iobWithZeroTemp":{"iob":-0.418,"basaliob":-0.489,"bolussnooze":0,"activity":-0.0033,"lastBolusTime":1703290889000,"time":"2023-12-23T03:36:15.644Z"}},{"iob":0.041,"basaliob":-0.024,"bolussnooze":0,"activity":8.0E-4,"lastBolusTime":1703290889000,"time":"2023-12-23T03:41:15.644Z","iobWithZeroTemp":{"iob":-0.427,"basaliob":-0.492,"bolussnooze":0,"activity":-0.0033,"lastBolusTime":1703290889000,"time":"2023-12-23T03:41:15.644Z"}},{"iob":0.037,"basaliob":-0.022,"bolussnooze":0,"activity":7.0E-4,"lastBolusTime":1703290889000,"time":"2023-12-23T03:46:15.644Z","iobWithZeroTemp":{"iob":-0.435,"basaliob":-0.494,"bolussnooze":0,"activity":-0.0035,"lastBolusTime":1703290889000,"time":"2023-12-23T03:46:15.644Z"}},{"iob":0.034,"basaliob":-0.02,"bolussnooze":0,"activity":6.0E-4,"lastBolusTime":1703290889000,"time":"2023-12-23T03:51:15.644Z","iobWithZeroTemp":{"iob":-0.442,"basaliob":-0.496,"bolussnooze":0,"activity":-0.0036,"lastBolusTime":1703290889000,"time":"2023-12-23T03:51:15.644Z"}},{"iob":0.031,"basaliob":-0.018,"bolussnooze":0,"activity":6.0E-4,"lastBolusTime":1703290889000,"time":"2023-12-23T03:56:15.644Z","iobWithZeroTemp":{"iob":-0.449,"basaliob":-0.498,"bolussnooze":0,"activity":-0.0037,"lastBolusTime":1703290889000,"time":"2023-12-23T03:56:15.644Z"}},{"iob":0.028,"basaliob":-0.017,"bolussnooze":0,"activity":5.0E-4,"lastBolusTime":1703290889000,"time":"2023-12-23T04:01:15.644Z","iobWithZeroTemp":{"iob":-0.455,"basaliob":-0.5,"bolussnooze":0,"activity":-0.0038,"lastBolusTime":1703290889000,"time":"2023-12-23T04:01:15.644Z"}},{"iob":0.026,"basaliob":-0.015,"bolussnooze":0,"activity":5.0E-4,"lastBolusTime":1703290889000,"time":"2023-12-23T04:06:15.644Z","iobWithZeroTemp":{"iob":-0.469,"basaliob":-0.51,"bolussnooze":0,"activity":-0.0039,"lastBolusTime":1703290889000,"time":"2023-12-23T04:06:15.644Z"}},{"iob":0.023,"basaliob":-0.014,"bolussnooze":0,"activity":4.0E-4,"lastBolusTime":1703290889000,"time":"2023-12-23T04:11:15.644Z","iobWithZeroTemp":{"iob":-0.483,"basaliob":-0.52,"bolussnooze":0,"activity":-0.004,"lastBolusTime":1703290889000,"time":"2023-12-23T04:11:15.644Z"}},{"iob":0.021,"basaliob":-0.013,"bolussnooze":0,"activity":4.0E-4,"lastBolusTime":1703290889000,"time":"2023-12-23T04:16:15.644Z","iobWithZeroTemp":{"iob":-0.496,"basaliob":-0.53,"bolussnooze":0,"activity":-0.0041,"lastBolusTime":1703290889000,"time":"2023-12-23T04:16:15.644Z"}},{"iob":0.02,"basaliob":-0.011,"bolussnooze":0,"activity":4.0E-4,"lastBolusTime":1703290889000,"time":"2023-12-23T04:21:15.644Z","iobWithZeroTemp":{"iob":-0.508,"basaliob":-0.539,"bolussnooze":0,"activity":-0.0042,"lastBolusTime":1703290889000,"time":"2023-12-23T04:21:15.644Z"}},{"iob":0.018,"basaliob":-0.01,"bolussnooze":0,"activity":3.0E-4,"lastBolusTime":1703290889000,"time":"2023-12-23T04:26:15.644Z","iobWithZeroTemp":{"iob":-0.52,"basaliob":-0.548,"bolussnooze":0,"activity":-0.0043,"lastBolusTime":1703290889000,"time":"2023-12-23T04:26:15.644Z"}}],"profile":{"max_iob":7,"type":"current","max_daily_basal":0.45,"max_basal":1.35,"min_bg":81,"max_bg":81,"target_bg":81,"carb_ratio":11,"sens":369,"max_daily_safety_multiplier":3,"current_basal_safety_multiplier":4,"lgsThreshold":65,"high_temptarget_raises_sensitivity":false,"low_temptarget_lowers_sensitivity":false,"sensitivity_raises_target":true,"resistance_lowers_target":true,"adv_target_adjustments":false,"exercise_mode":false,"half_basal_exercise_target":160,"maxCOB":120,"skip_neutral_temps":false,"remainingCarbsCap":90,"enableUAM":true,"A52_risk_enable":false,"SMBInterval":4,"enableSMB_with_COB":true,"enableSMB_with_temptarget":false,"allowSMB_with_high_temptarget":true,"enableSMB_always":true,"enableSMB_after_carbs":false,"maxSMBBasalMinutes":60,"maxUAMSMBBasalMinutes":60,"bolus_increment":0.05,"carbsReqThreshold":10,"current_basal":0.35,"temptargetSet":true,"autosens_max":1.2,"autosens_min":0.8,"out_units":"mmol\/L","variable_sens":128.3,"insulinDivisor":65,"TDD":11.141585791666666},"autosens_data":{"ratio":1.1243554488427867},"meal_data":{"carbs":35,"mealCOB":5.576362535258,"slopeFromMaxDeviation":-0.7185454545454545,"slopeFromMinDeviation":0,"lastBolusTime":1703290889000,"lastCarbTime":1703279288000},"microBolusAllowed":true,"currentTime":1703291477668,"flatBGsDetected":false,"tdd1D":34.144083333333334,"tdd7D":30.47294047619048,"tddLast24H":34.26241666666667,"tddLast4H":4.994166666666667,"tddLast8to4H":5.526666666666666},"output":{"temp":"absolute","bg":164,"tick":-4,"eventualBG":119,"targetBG":81,"insulinReq":0,"deliverAt":"2023-12-23T00:31:17.668Z","sensitivityRatio":1.1243554488427867,"variable_sens":128.3,"predBGs":{"IOB":[164,160,156,151,147,143,139,135,131,126,122,118,114,110,106,103,99,96,93,90,87,84,82,79,77,75,72,70,68,67,65,63,62,60,59,58,56,55,54,53,52,51,50,50,49,48,48,47],"ZT":[164,158,153,148,142,138,133,128,124,120,116,113,110,107,105,103,101,100,99,98,98,98,98,98,99,99],"COB":[164,160,156,152,149,145,142,139,136,134,131,129,127,125,124,122,121,119,118,117,117,116,115,115,114,114,114,114,113,113,113,113,114,114,114,114,114,115,115,115,116,116,116,117,117,118,118,119],"UAM":[164,159,154,148,143,138,133,128,123,119,114,110,105,101,97,94,90,86,83,80,77,74,71,68,65,63,60,58,56,54,51,50,48,46,44,43,41,40,39]},"reason":"COB: 5.6, Dev: 0.5, BGI: -0.3, ISF: 7.1, CR: 11, Target: 4.5, minPredBG 5.4, minGuardBG 2.3, IOBpredBG 2.6, COBpredBG 6.6, UAMpredBG 2.2; minGuardBG 2.3<3.6 55m left and 0 ~ req 0U\/hr: no temp required","COB":5.576362535258,"IOB":0.748,"timestamp":"2023-12-23T00:31:17.693Z"}}