{"algorithm":"OpenAPSSMBDynamicISFPlugin","input":{"glucoseStatus":{"glucose":65,"noise":0,"delta":-3,"short_avgdelta":-3,"long_avgdelta":-8.77,"date":1703782618018},"currenttemp":{"temp":"absolute","duration":45,"rate":0,"minutesrunning":75},"iob_data":[{"iob":1.21,"basaliob":-0.603,"bolussnooze":0.1906,"activity":0.0136,"lastBolusTime":1703780537000,"time":"2023-12-28T16:57:16.216Z","iobWithZeroTemp":{"iob":1.21,"basaliob":-0.603,"bolussnooze":0.1906,"activity":0.0136,"lastBolusTime":1703780537000,"time":"2023-12-28T16:57:16.216Z"}},{"iob":1.143,"basaliob":-0.576,"bolussnooze":0.1642,"activity":0.0132,"lastBolusTime":1703780537000,"time":"2023-12-28T17:02:16.216Z","iobWithZeroTemp":{"iob":1.116,"basaliob":-0.603,"bolussnooze":0.1642,"activity":0.0132,"lastBolusTime":1703780537000,"time":"2023-12-28T17:02:16.216Z"}},{"iob":1.078,"basaliob":-0.549,"bolussnooze":0.1411,"activity":0.0127,"lastBolusTime":1703780537000,"time":"2023-12-28T17:07:16.216Z","iobWithZeroTemp":{"iob":1.018,"basaliob":-0.609,"bolussnooze":0.1411,"activity":0.0126,"lastBolusTime":1703780537000,"time":"2023-12-28T17:07:16.216Z"}},{"iob":1.016,"basaliob":-0.522,"bolussnooze":0.1209,"activity":0.0123,"lastBolusTime":1703780537000,"time":"2023-12-28T17:12:16.216Z","iobWithZeroTemp":{"iob":0.924,"basaliob":-0.614,"bolussnooze":0.1209,"activity":0.0121,"lastBolusTime":1703780537000,"time":"2023-12-28T17:12:16.216Z"}},{"iob":0.955,"basaliob":-0.496,"bolussnooze":0.1032,"activity":0.0118,"lastBolusTime":1703780537000,"time":"2023-12-28T17:17:16.216Z","iobWithZeroTemp":{"iob":0.83,"basaliob":-0.621,"bolussnooze":0.1032,"activity":0.0115,"lastBolusTime":1703780537000,"time":"2023-12-28T17:17:16.216Z"}},{"iob":0.898,"basaliob":-0.47,"bolussnooze":0.0879,"activity":0.0113,"lastBolusTime":1703780537000,"time":"2023-12-28T17:22:16.216Z","iobWithZeroTemp":{"iob":0.742,"basaliob":-0.626,"bolussnooze":0.0879,"activity":0.0108,"lastBolusTime":1703780537000,"time":"2023-12-28T17:22:16.216Z"}},{"iob":0.843,"basaliob":-0.444,"bolussnooze":0.0747,"activity":0.0108,"lastBolusTime":1703780537000,"time":"2023-12-28T17:27:16.216Z","iobWithZeroTemp":{"iob":0.657,"basaliob":-0.63,"bolussnooze":0.0747,"activity":0.0101,"lastBolusTime":1703780537000,"time":"2023-12-28T17:27:16.216Z"}},{"iob":0.79,"basaliob":-0.42,"bolussnooze":0.0633,"activity":0.0103,"lastBolusTime":1703780537000,"time":"2023-12-28T17:32:16.216Z","iobWithZeroTemp":{"iob":0.574,"basaliob":-0.636,"bolussnooze":0.0633,"activity":0.0094,"lastBolusTime":1703780537000,"time":"2023-12-28T17:32:16.216Z"}},{"iob":0.74,"basaliob":-0.396,"bolussnooze":0.0534,"activity":0.0098,"lastBolusTime":1703780537000,"time":"2023-12-28T17:37:16.216Z","iobWithZeroTemp":{"iob":0.496,"basaliob":-0.64,"bolussnooze":0.0534,"activity":0.0087,"lastBolusTime":1703780537000,"time":"2023-12-28T17:37:16.216Z"}},{"iob":0.692,"basaliob":-0.373,"bolussnooze":0.045,"activity":0.0093,"lastBolusTime":1703780537000,"time":"2023-12-28T17:42:16.216Z","iobWithZeroTemp":{"iob":0.42,"basaliob":-0.645,"bolussnooze":0.045,"activity":0.008,"lastBolusTime":1703780537000,"time":"2023-12-28T17:42:16.216Z"}},{"iob":0.646,"basaliob":-0.351,"bolussnooze":0.0378,"activity":0.0089,"lastBolusTime":1703780537000,"time":"2023-12-28T17:47:16.216Z","iobWithZeroTemp":{"iob":0.348,"basaliob":-0.649,"bolussnooze":0.0378,"activity":0.0074,"lastBolusTime":1703780537000,"time":"2023-12-28T17:47:16.216Z"}},{"iob":0.603,"basaliob":-0.33,"bolussnooze":0.0316,"activity":0.0083,"lastBolusTime":1703780537000,"time":"2023-12-28T17:52:16.216Z","iobWithZeroTemp":{"iob":0.28,"basaliob":-0.653,"bolussnooze":0.0316,"activity":0.0065,"lastBolusTime":1703780537000,"time":"2023-12-28T17:52:16.216Z"}},{"iob":0.563,"basaliob":-0.309,"bolussnooze":0.0264,"activity":0.0079,"lastBolusTime":1703780537000,"time":"2023-12-28T17:57:16.216Z","iobWithZeroTemp":{"iob":0.216,"basaliob":-0.656,"bolussnooze":0.0264,"activity":0.0059,"lastBolusTime":1703780537000,"time":"2023-12-28T17:57:16.216Z"}},{"iob":0.525,"basaliob":-0.29,"bolussnooze":0.0219,"activity":0.0074,"lastBolusTime":1703780537000,"time":"2023-12-28T18:02:16.216Z","iobWithZeroTemp":{"iob":0.155,"basaliob":-0.66,"bolussnooze":0.0219,"activity":0.0052,"lastBolusTime":1703780537000,"time":"2023-12-28T18:02:16.216Z"}},{"iob":0.489,"basaliob":-0.271,"bolussnooze":0.0182,"activity":0.007,"lastBolusTime":1703780537000,"time":"2023-12-28T18:07:16.216Z","iobWithZeroTemp":{"iob":0.098,"basaliob":-0.662,"bolussnooze":0.0182,"activity":0.0046,"lastBolusTime":1703780537000,"time":"2023-12-28T18:07:16.216Z"}},{"iob":0.455,"basaliob":-0.254,"bolussnooze":0.015,"activity":0.0066,"lastBolusTime":1703780537000,"time":"2023-12-28T18:12:16.216Z","iobWithZeroTemp":{"iob":0.043,"basaliob":-0.666,"bolussnooze":0.015,"activity":0.0039,"lastBolusTime":1703780537000,"time":"2023-12-28T18:12:16.216Z"}},{"iob":0.423,"basaliob":-0.237,"bolussnooze":0.0123,"activity":0.0062,"lastBolusTime":1703780537000,"time":"2023-12-28T18:17:16.216Z","iobWithZeroTemp":{"iob":-0.008,"basaliob":-0.668,"bolussnooze":0.0123,"activity":0.0033,"lastBolusTime":1703780537000,"time":"2023-12-28T18:17:16.216Z"}},{"iob":0.393,"basaliob":-0.221,"bolussnooze":0.0101,"activity":0.0058,"lastBolusTime":1703780537000,"time":"2023-12-28T18:22:16.216Z","iobWithZeroTemp":{"iob":-0.057,"basaliob":-0.671,"bolussnooze":0.0101,"activity":0.0027,"lastBolusTime":1703780537000,"time":"2023-12-28T18:22:16.216Z"}},{"iob":0.364,"basaliob":-0.207,"bolussnooze":0.0082,"activity":0.0055,"lastBolusTime":1703780537000,"time":"2023-12-28T18:27:16.216Z","iobWithZeroTemp":{"iob":-0.103,"basaliob":-0.674,"bolussnooze":0.0082,"activity":0.0022,"lastBolusTime":1703780537000,"time":"2023-12-28T18:27:16.216Z"}},{"iob":0.338,"basaliob":-0.192,"bolussnooze":0.0067,"activity":0.0052,"lastBolusTime":1703780537000,"time":"2023-12-28T18:32:16.216Z","iobWithZeroTemp":{"iob":-0.146,"basaliob":-0.676,"bolussnooze":0.0067,"activity":0.0017,"lastBolusTime":1703780537000,"time":"2023-12-28T18:32:16.216Z"}},{"iob":0.313,"basaliob":-0.179,"bolussnooze":0.0054,"activity":0.0048,"lastBolusTime":1703780537000,"time":"2023-12-28T18:37:16.216Z","iobWithZeroTemp":{"iob":-0.186,"basaliob":-0.678,"bolussnooze":0.0054,"activity":0.0011,"lastBolusTime":1703780537000,"time":"2023-12-28T18:37:16.216Z"}},{"iob":0.29,"basaliob":-0.167,"bolussnooze":0.0043,"activity":0.0045,"lastBolusTime":1703780537000,"time":"2023-12-28T18:42:16.216Z","iobWithZeroTemp":{"iob":-0.224,"basaliob":-0.681,"bolussnooze":0.0043,"activity":6.0E-4,"lastBolusTime":1703780537000,"time":"2023-12-28T18:42:16.216Z"}},{"iob":0.268,"basaliob":-0.155,"bolussnooze":0.0034,"activity":0.0042,"lastBolusTime":1703780537000,"time":"2023-12-28T18:47:16.216Z","iobWithZeroTemp":{"iob":-0.259,"basaliob":-0.682,"bolussnooze":0.0034,"activity":2.0E-4,"lastBolusTime":1703780537000,"time":"2023-12-28T18:47:16.216Z"}},{"iob":0.248,"basaliob":-0.144,"bolussnooze":0.0027,"activity":0.0039,"lastBolusTime":1703780537000,"time":"2023-12-28T18:52:16.216Z","iobWithZeroTemp":{"iob":-0.292,"basaliob":-0.684,"bolussnooze":0.0027,"activity":-3.0E-4,"lastBolusTime":1703780537000,"time":"2023-12-28T18:52:16.216Z"}},{"iob":0.23,"basaliob":-0.133,"bolussnooze":0.0021,"activity":0.0036,"lastBolusTime":1703780537000,"time":"2023-12-28T18:57:16.216Z","iobWithZeroTemp":{"iob":-0.322,"basaliob":-0.685,"bolussnooze":0.0021,"activity":-7.0E-4,"lastBolusTime":1703780537000,"time":"2023-12-28T18:57:16.216Z"}},{"iob":0.212,"basaliob":-0.124,"bolussnooze":0.0016,"activity":0.0034,"lastBolusTime":1703780537000,"time":"2023-12-28T19:02:16.216Z","iobWithZeroTemp":{"iob":-0.351,"basaliob":-0.687,"bolussnooze":0.0016,"activity":-0.0011,"lastBolusTime":1703780537000,"time":"2023-12-28T19:02:16.216Z"}},{"iob":0.195,"basaliob":-0.115,"bolussnooze":0.0013,"activity":0.0031,"lastBolusTime":1703780537000,"time":"2023-12-28T19:07:16.216Z","iobWithZeroTemp":{"iob":-0.379,"basaliob":-0.689,"bolussnooze":0.0013,"activity":-0.0015,"lastBolusTime":1703780537000,"time":"2023-12-28T19:07:16.216Z"}},{"iob":0.181,"basaliob":-0.106,"bolussnooze":0.001,"activity":0.003,"lastBolusTime":1703780537000,"time":"2023-12-28T19:12:16.216Z","iobWithZeroTemp":{"iob":-0.403,"basaliob":-0.69,"bolussnooze":0.001,"activity":-0.0018,"lastBolusTime":1703780537000,"time":"2023-12-28T19:12:16.216Z"}},{"iob":0.166,"basaliob":-0.098,"bolussnooze":7.0E-4,"activity":0.0028,"lastBolusTime":1703780537000,"time":"2023-12-28T19:17:16.216Z","iobWithZeroTemp":{"iob":-0.427,"basaliob":-0.691,"bolussnooze":7.0E-4,"activity":-0.0021,"lastBolusTime":1703780537000,"time":"2023-12-28T19:17:16.216Z"}},{"iob":0.153,"basaliob":-0.091,"bolussnooze":5.0E-4,"activity":0.0026,"lastBolusTime":1703780537000,"time":"2023-12-28T19:22:16.216Z","iobWithZeroTemp":{"iob":-0.448,"basaliob":-0.692,"bolussnooze":5.0E-4,"activity":-0.0024,"lastBolusTime":1703780537000,"time":"2023-12-28T19:22:16.216Z"}},{"iob":0.141,"basaliob":-0.084,"bolussnooze":4.0E-4,"activity":0.0024,"lastBolusTime":1703780537000,"time":"2023-12-28T19:27:16.216Z","iobWithZeroTemp":{"iob":-0.468,"basaliob":-0.693,"bolussnooze":4.0E-4,"activity":-0.0027,"lastBolusTime":1703780537000,"time":"2023-12-28T19:27:16.216Z"}},{"iob":0.13,"basaliob":-0.077,"bolussnooze":3.0E-4,"activity":0.0022,"lastBolusTime":1703780537000,"time":"2023-12-28T19:32:16.216Z","iobWithZeroTemp":{"iob":-0.487,"basaliob":-0.694,"bolussnooze":3.0E-4,"activity":-0.003,"lastBolusTime":1703780537000,"time":"2023-12-28T19:32:16.216Z"}},{"iob":0.119,"basaliob":-0.071,"bolussnooze":2.0E-4,"activity":0.002,"lastBolusTime":1703780537000,"time":"2023-12-28T19:37:16.216Z","iobWithZeroTemp":{"iob":-0.505,"basaliob":-0.695,"bolussnooze":2.0E-4,"activity":-0.0033,"lastBolusTime":1703780537000,"time":"2023-12-28T19:37:16.216Z"}},{"iob":0.109,"basaliob":-0.066,"bolussnooze":1.0E-4,"activity":0.0018,"lastBolusTime":1703780537000,"time":"2023-12-28T19:42:16.216Z","iobWithZeroTemp":{"iob":-0.521,"basaliob":-0.696,"bolussnooze":1.0E-4,"activity":-0.0036,"lastBolusTime":1703780537000,"time":"2023-12-28T19:42:16.216Z"}},{"iob":0.1,"basaliob":-0.061,"bolussnooze":1.0E-4,"activity":0.0017,"lastBolusTime":1703780537000,"time":"2023-12-28T19:47:16.216Z","iobWithZeroTemp":{"iob":-0.536,"basaliob":-0.697,"bolussnooze":1.0E-4,"activity":-0.0038,"lastBolusTime":1703780537000,"time":"2023-12-28T19:47:16.216Z"}},{"iob":0.092,"basaliob":-0.056,"bolussnooze":0,"activity":0.0016,"lastBolusTime":1703780537000,"time":"2023-12-28T19:52:16.216Z","iobWithZeroTemp":{"iob":-0.55,"basaliob":-0.698,"bolussnooze":0,"activity":-0.004,"lastBolusTime":1703780537000,"time":"2023-12-28T19:52:16.216Z"}},{"iob":0.085,"basaliob":-0.051,"bolussnooze":0,"activity":0.0014,"lastBolusTime":1703780537000,"time":"2023-12-28T19:57:16.216Z","iobWithZeroTemp":{"iob":-0.562,"basaliob":-0.698,"bolussnooze":0,"activity":-0.0043,"lastBolusTime":1703780537000,"time":"2023-12-28T19:57:16.216Z"}},{"iob":0.077,"basaliob":-0.047,"bolussnooze":0,"activity":0.0014,"lastBolusTime":1703780537000,"time":"2023-12-28T20:02:16.216Z","iobWithZeroTemp":{"iob":-0.574,"basaliob":-0.698,"bolussnooze":0,"activity":-0.0044,"lastBolusTime":1703780537000,"time":"2023-12-28T20:02:16.216Z"}},{"iob":0.071,"basaliob":-0.043,"bolussnooze":0,"activity":0.0013,"lastBolusTime":1703780537000,"time":"2023-12-28T20:07:16.216Z","iobWithZeroTemp":{"iob":-0.585,"basaliob":-0.699,"bolussnooze":0,"activity":-0.0045,"lastBolusTime":1703780537000,"time":"2023-12-28T20:07:16.216Z"}},{"iob":0.064,"basaliob":-0.04,"bolussnooze":0,"activity":0.0011,"lastBolusTime":1703780537000,"time":"2023-12-28T20:12:16.216Z","iobWithZeroTemp":{"iob":-0.596,"basaliob":-0.7,"bolussnooze":0,"activity":-0.0048,"lastBolusTime":1703780537000,"time":"2023-12-28T20:12:16.216Z"}},{"iob":0.059,"basaliob":-0.037,"bolussnooze":0,"activity":0.0011,"lastBolusTime":1703780537000,"time":"2023-12-28T20:17:16.216Z","iobWithZeroTemp":{"iob":-0.605,"basaliob":-0.701,"bolussnooze":0,"activity":-0.0048,"lastBolusTime":1703780537000,"time":"2023-12-28T20:17:16.216Z"}},{"iob":0.054,"basaliob":-0.033,"bolussnooze":0,"activity":0.001,"lastBolusTime":1703780537000,"time":"2023-12-28T20:22:16.216Z","iobWithZeroTemp":{"iob":-0.613,"basaliob":-0.7,"bolussnooze":0,"activity":-0.005,"lastBolusTime":1703780537000,"time":"2023-12-28T20:22:16.216Z"}},{"iob":0.049,"basaliob":-0.031,"bolussnooze":0,"activity":9.0E-4,"lastBolusTime":1703780537000,"time":"2023-12-28T20:27:16.216Z","iobWithZeroTemp":{"iob":-0.621,"basaliob":-0.701,"bolussnooze":0,"activity":-0.0052,"lastBolusTime":1703780537000,"time":"2023-12-28T20:27:16.216Z"}},{"iob":0.045,"basaliob":-0.028,"bolussnooze":0,"activity":8.0E-4,"lastBolusTime":1703780537000,"time":"2023-12-28T20:32:16.216Z","iobWithZeroTemp":{"iob":-0.628,"basaliob":-0.701,"bolussnooze":0,"activity":-0.0053,"lastBolusTime":1703780537000,"time":"2023-12-28T20:32:16.216Z"}},{"iob":0.04,"basaliob":-0.026,"bolussnooze":0,"activity":7.0E-4,"lastBolusTime":1703780537000,"time":"2023-12-28T20:37:16.216Z","iobWithZeroTemp":{"iob":-0.636,"basaliob":-0.702,"bolussnooze":0,"activity":-0.0054,"lastBolusTime":1703780537000,"time":"2023-12-28T20:37:16.216Z"}},{"iob":0.038,"basaliob":-0.023,"bolussnooze":0,"activity":7.0E-4,"lastBolusTime":1703780537000,"time":"2023-12-28T20:42:16.216Z","iobWithZeroTemp":{"iob":-0.64,"basaliob":-0.701,"bolussnooze":0,"activity":-0.0055,"lastBolusTime":1703780537000,"time":"2023-12-28T20:42:16.216Z"}},{"iob":0.034,"basaliob":-0.021,"bolussnooze":0,"activity":6.0E-4,"lastBolusTime":1703780537000,"time":"2023-12-28T20:47:16.216Z","iobWithZeroTemp":{"iob":-0.647,"basaliob":-0.702,"bolussnooze":0,"activity":-0.0056,"lastBolusTime":1703780537000,"time":"2023-12-28T20:47:16.216Z"}},{"iob":0.03,"basaliob":-0.02,"bolussnooze":0,"activity":6.0E-4,"lastBolusTime":1703780537000,"time":"2023-12-28T20:52:16.216Z","iobWithZeroTemp":{"iob":-0.653,"basaliob":-0.703,"bolussnooze":0,"activity":-0.0057,"lastBolusTime":1703780537000,"time":"2023-12-28T20:52:16.216Z"}}],"profile":{"max_iob":7,"type":"current","max_daily_basal":0.45,"max_basal":1.35,"min_bg":180,"max_bg":180,"target_bg":180,"carb_ratio":11,"sens":352.8,"max_daily_safety_multiplier":3,"current_basal_safety_multiplier":4,"lgsThreshold":65,"high_temptarget_raises_sensitivity":false,"low_temptarget_lowers_sensitivity":false,"sensitivity_raises_target":true,"resistance_lowers_target":true,"adv_target_adjustments":false,"exercise_mode":false,"half_basal_exercise_target":160,"maxCOB":120,"skip_neutral_temps":false,"remainingCarbsCap":90,"enableUAM":true,"A52_risk_enable":false,"SMBInterval":4,"enableSMB_with_COB":true,"enableSMB_with_temptarget":false,"allowSMB_with_high_temptarget":true,"enableSMB_always":true,"enableSMB_after_carbs":false,"maxSMBBasalMinutes":60,"maxUAMSMBBasalMinutes":60,"bolus_increment":0.05,"carbsReqThreshold":10,"current_basal":0.4,"temptargetSet":true,"autosens_max":1.2,"autosens_min":0.8,"out_units":"mmol\/L","variable_sens":314.5,"insulinDivisor":65,"TDD":8.25705675},"autosens_data":{"ratio":0.5810889664075806},"meal_data":{"carbs":20,"mealCOB":12.647751700680283,"slopeFromMaxDeviation":-0.794591836734694,"slopeFromMinDeviation":0.5795762711864406,"lastBolusTime":1703780537000,"lastCarbTime":1703775902000},"microBolusAllowed":true,"currentTime":1703782638398,"flatBGsDetected":false,"tdd1D":18.366333333333344,"tdd7D":30.827178571428565,"tddLast24H":17.91333333333334,"tddLast4H":3.083333333333333,"tddLast8to4H":4.673333333333332},"output":{"temp":"absolute","bg":65,"tick":-3,"eventualBG":39,"targetBG":180,"insulinReq":0,"deliverAt":"2023-12-28T16:57:18.398Z","sensitivityRatio":0.5810889664075806,"variable_sens":314.5,"predBGs":{"IOB":[65,60,54,45,39,39,39,39,39,39,39,39,39],"ZT":[65,44,39,39,39,39,39,39,39,39,39,39,39,39,39,39,39,39,39,39,39,39,39,39,39,39,39,39,39,39,39,39,39,39,39,39,39,39,39,39,39,39,39,39,39,39,39,39],"COB":[65,62,58,55,52,50,48,46,44,43,42,42,41,41,41,42,42,43,44,45,45,47,48,49,50,51,52,52,53,53,54,54,54,54,53,53,52,50,49,47,45,44,42,41,39],"UAM":[65,61,56,50,42,39,39,39,39,39,39,39,39]},"reason":"COB: 12.6, Dev: 6.1, BGI: -1.2, ISF: 17.5, CR: 11, Target: 10.0, minPredBG -4.1, minGuardBG -4.1, IOBpredBG 2.2, COBpredBG 2.2, UAMpredBG 2.2; minGuardBG -4.1<6.1","COB":12.647751700680283,"IOB":1.21,"duration":120,"rate":0,"timestamp":"2023-12-28T16:57:18.423Z"}}