{"algorithm":"OpenAPSSMBDynamicISFPlugin","input":{"glucoseStatus":{"glucose":113,"noise":0,"delta":9,"short_avgdelta":11.56,"long_avgdelta":3.91,"date":1703490061395},"currenttemp":{"temp":"absolute","duration":65,"rate":0,"minutesrunning":55},"iob_data":[{"iob":0.219,"basaliob":-0.3,"bolussnooze":0,"activity":0.0037,"lastBolusTime":1703486510000,"time":"2023-12-25T07:41:26.597Z","iobWithZeroTemp":{"iob":0.219,"basaliob":-0.3,"bolussnooze":0,"activity":0.0037,"lastBolusTime":1703486510000,"time":"2023-12-25T07:41:26.597Z"}},{"iob":0.201,"basaliob":-0.291,"bolussnooze":0,"activity":0.0035,"lastBolusTime":1703486510000,"time":"2023-12-25T07:46:26.597Z","iobWithZeroTemp":{"iob":0.174,"basaliob":-0.318,"bolussnooze":0,"activity":0.0035,"lastBolusTime":1703486510000,"time":"2023-12-25T07:46:26.597Z"}},{"iob":0.184,"basaliob":-0.281,"bolussnooze":0,"activity":0.0032,"lastBolusTime":1703486510000,"time":"2023-12-25T07:51:26.597Z","iobWithZeroTemp":{"iob":0.124,"basaliob":-0.341,"bolussnooze":0,"activity":0.0031,"lastBolusTime":1703486510000,"time":"2023-12-25T07:51:26.597Z"}},{"iob":0.168,"basaliob":-0.271,"bolussnooze":0,"activity":0.003,"lastBolusTime":1703486510000,"time":"2023-12-25T07:56:26.597Z","iobWithZeroTemp":{"iob":0.076,"basaliob":-0.363,"bolussnooze":0,"activity":0.0028,"lastBolusTime":1703486510000,"time":"2023-12-25T07:56:26.597Z"}},{"iob":0.154,"basaliob":-0.26,"bolussnooze":0,"activity":0.0027,"lastBolusTime":1703486510000,"time":"2023-12-25T08:01:26.597Z","iobWithZeroTemp":{"iob":0.029,"basaliob":-0.385,"bolussnooze":0,"activity":0.0024,"lastBolusTime":1703486510000,"time":"2023-12-25T08:01:26.597Z"}},{"iob":0.141,"basaliob":-0.249,"bolussnooze":0,"activity":0.0025,"lastBolusTime":1703486510000,"time":"2023-12-25T08:06:26.597Z","iobWithZeroTemp":{"iob":-0.015,"basaliob":-0.405,"bolussnooze":0,"activity":0.002,"lastBolusTime":1703486510000,"time":"2023-12-25T08:06:26.597Z"}},{"iob":0.129,"basaliob":-0.238,"bolussnooze":0,"activity":0.0023,"lastBolusTime":1703486510000,"time":"2023-12-25T08:11:26.597Z","iobWithZeroTemp":{"iob":-0.057,"basaliob":-0.424,"bolussnooze":0,"activity":0.0016,"lastBolusTime":1703486510000,"time":"2023-12-25T08:11:26.597Z"}},{"iob":0.119,"basaliob":-0.226,"bolussnooze":0,"activity":0.0022,"lastBolusTime":1703486510000,"time":"2023-12-25T08:16:26.597Z","iobWithZeroTemp":{"iob":-0.097,"basaliob":-0.442,"bolussnooze":0,"activity":0.0013,"lastBolusTime":1703486510000,"time":"2023-12-25T08:16:26.597Z"}},{"iob":0.108,"basaliob":-0.215,"bolussnooze":0,"activity":0.002,"lastBolusTime":1703486510000,"time":"2023-12-25T08:21:26.597Z","iobWithZeroTemp":{"iob":-0.136,"basaliob":-0.459,"bolussnooze":0,"activity":9.0E-4,"lastBolusTime":1703486510000,"time":"2023-12-25T08:21:26.597Z"}},{"iob":0.099,"basaliob":-0.204,"bolussnooze":0,"activity":0.0018,"lastBolusTime":1703486510000,"time":"2023-12-25T08:26:26.597Z","iobWithZeroTemp":{"iob":-0.173,"basaliob":-0.476,"bolussnooze":0,"activity":5.0E-4,"lastBolusTime":1703486510000,"time":"2023-12-25T08:26:26.597Z"}},{"iob":0.09,"basaliob":-0.194,"bolussnooze":0,"activity":0.0017,"lastBolusTime":1703486510000,"time":"2023-12-25T08:31:26.597Z","iobWithZeroTemp":{"iob":-0.208,"basaliob":-0.492,"bolussnooze":0,"activity":2.0E-4,"lastBolusTime":1703486510000,"time":"2023-12-25T08:31:26.597Z"}},{"iob":0.082,"basaliob":-0.183,"bolussnooze":0,"activity":0.0015,"lastBolusTime":1703486510000,"time":"2023-12-25T08:36:26.597Z","iobWithZeroTemp":{"iob":-0.241,"basaliob":-0.506,"bolussnooze":0,"activity":-3.0E-4,"lastBolusTime":1703486510000,"time":"2023-12-25T08:36:26.597Z"}},{"iob":0.075,"basaliob":-0.173,"bolussnooze":0,"activity":0.0014,"lastBolusTime":1703486510000,"time":"2023-12-25T08:41:26.597Z","iobWithZeroTemp":{"iob":-0.272,"basaliob":-0.52,"bolussnooze":0,"activity":-6.0E-4,"lastBolusTime":1703486510000,"time":"2023-12-25T08:41:26.597Z"}},{"iob":0.069,"basaliob":-0.163,"bolussnooze":0,"activity":0.0013,"lastBolusTime":1703486510000,"time":"2023-12-25T08:46:26.597Z","iobWithZeroTemp":{"iob":-0.301,"basaliob":-0.533,"bolussnooze":0,"activity":-9.0E-4,"lastBolusTime":1703486510000,"time":"2023-12-25T08:46:26.597Z"}},{"iob":0.062,"basaliob":-0.154,"bolussnooze":0,"activity":0.0011,"lastBolusTime":1703486510000,"time":"2023-12-25T08:51:26.597Z","iobWithZeroTemp":{"iob":-0.329,"basaliob":-0.545,"bolussnooze":0,"activity":-0.0013,"lastBolusTime":1703486510000,"time":"2023-12-25T08:51:26.597Z"}},{"iob":0.056,"basaliob":-0.145,"bolussnooze":0,"activity":0.0011,"lastBolusTime":1703486510000,"time":"2023-12-25T08:56:26.597Z","iobWithZeroTemp":{"iob":-0.356,"basaliob":-0.557,"bolussnooze":0,"activity":-0.0016,"lastBolusTime":1703486510000,"time":"2023-12-25T08:56:26.597Z"}},{"iob":0.051,"basaliob":-0.136,"bolussnooze":0,"activity":0.001,"lastBolusTime":1703486510000,"time":"2023-12-25T09:01:26.597Z","iobWithZeroTemp":{"iob":-0.38,"basaliob":-0.567,"bolussnooze":0,"activity":-0.0019,"lastBolusTime":1703486510000,"time":"2023-12-25T09:01:26.597Z"}},{"iob":0.047,"basaliob":-0.127,"bolussnooze":0,"activity":9.0E-4,"lastBolusTime":1703486510000,"time":"2023-12-25T09:06:26.597Z","iobWithZeroTemp":{"iob":-0.403,"basaliob":-0.577,"bolussnooze":0,"activity":-0.0022,"lastBolusTime":1703486510000,"time":"2023-12-25T09:06:26.597Z"}},{"iob":0.043,"basaliob":-0.119,"bolussnooze":0,"activity":8.0E-4,"lastBolusTime":1703486510000,"time":"2023-12-25T09:11:26.597Z","iobWithZeroTemp":{"iob":-0.424,"basaliob":-0.586,"bolussnooze":0,"activity":-0.0025,"lastBolusTime":1703486510000,"time":"2023-12-25T09:11:26.597Z"}},{"iob":0.038,"basaliob":-0.112,"bolussnooze":0,"activity":7.0E-4,"lastBolusTime":1703486510000,"time":"2023-12-25T09:16:26.597Z","iobWithZeroTemp":{"iob":-0.446,"basaliob":-0.596,"bolussnooze":0,"activity":-0.0028,"lastBolusTime":1703486510000,"time":"2023-12-25T09:16:26.597Z"}},{"iob":0.035,"basaliob":-0.105,"bolussnooze":0,"activity":7.0E-4,"lastBolusTime":1703486510000,"time":"2023-12-25T09:21:26.597Z","iobWithZeroTemp":{"iob":-0.464,"basaliob":-0.604,"bolussnooze":0,"activity":-0.003,"lastBolusTime":1703486510000,"time":"2023-12-25T09:21:26.597Z"}},{"iob":0.031,"basaliob":-0.098,"bolussnooze":0,"activity":7.0E-4,"lastBolusTime":1703486510000,"time":"2023-12-25T09:26:26.597Z","iobWithZeroTemp":{"iob":-0.483,"basaliob":-0.612,"bolussnooze":0,"activity":-0.0032,"lastBolusTime":1703486510000,"time":"2023-12-25T09:26:26.597Z"}},{"iob":0.029,"basaliob":-0.091,"bolussnooze":0,"activity":5.0E-4,"lastBolusTime":1703486510000,"time":"2023-12-25T09:31:26.597Z","iobWithZeroTemp":{"iob":-0.498,"basaliob":-0.618,"bolussnooze":0,"activity":-0.0035,"lastBolusTime":1703486510000,"time":"2023-12-25T09:31:26.597Z"}},{"iob":0.026,"basaliob":-0.085,"bolussnooze":0,"activity":5.0E-4,"lastBolusTime":1703486510000,"time":"2023-12-25T09:36:26.597Z","iobWithZeroTemp":{"iob":-0.514,"basaliob":-0.625,"bolussnooze":0,"activity":-0.0037,"lastBolusTime":1703486510000,"time":"2023-12-25T09:36:26.597Z"}},{"iob":0.024,"basaliob":-0.079,"bolussnooze":0,"activity":5.0E-4,"lastBolusTime":1703486510000,"time":"2023-12-25T09:41:26.597Z","iobWithZeroTemp":{"iob":-0.528,"basaliob":-0.631,"bolussnooze":0,"activity":-0.0038,"lastBolusTime":1703486510000,"time":"2023-12-25T09:41:26.597Z"}},{"iob":0.021,"basaliob":-0.074,"bolussnooze":0,"activity":4.0E-4,"lastBolusTime":1703486510000,"time":"2023-12-25T09:46:26.597Z","iobWithZeroTemp":{"iob":-0.542,"basaliob":-0.637,"bolussnooze":0,"activity":-0.0041,"lastBolusTime":1703486510000,"time":"2023-12-25T09:46:26.597Z"}},{"iob":0.019,"basaliob":-0.069,"bolussnooze":0,"activity":4.0E-4,"lastBolusTime":1703486510000,"time":"2023-12-25T09:51:26.597Z","iobWithZeroTemp":{"iob":-0.555,"basaliob":-0.643,"bolussnooze":0,"activity":-0.0042,"lastBolusTime":1703486510000,"time":"2023-12-25T09:51:26.597Z"}},{"iob":0.017,"basaliob":-0.064,"bolussnooze":0,"activity":4.0E-4,"lastBolusTime":1703486510000,"time":"2023-12-25T09:56:26.597Z","iobWithZeroTemp":{"iob":-0.567,"basaliob":-0.648,"bolussnooze":0,"activity":-0.0044,"lastBolusTime":1703486510000,"time":"2023-12-25T09:56:26.597Z"}},{"iob":0.016,"basaliob":-0.059,"bolussnooze":0,"activity":3.0E-4,"lastBolusTime":1703486510000,"time":"2023-12-25T10:01:26.597Z","iobWithZeroTemp":{"iob":-0.577,"basaliob":-0.652,"bolussnooze":0,"activity":-0.0046,"lastBolusTime":1703486510000,"time":"2023-12-25T10:01:26.597Z"}},{"iob":0.014,"basaliob":-0.055,"bolussnooze":0,"activity":3.0E-4,"lastBolusTime":1703486510000,"time":"2023-12-25T10:06:26.597Z","iobWithZeroTemp":{"iob":-0.587,"basaliob":-0.656,"bolussnooze":0,"activity":-0.0047,"lastBolusTime":1703486510000,"time":"2023-12-25T10:06:26.597Z"}},{"iob":0.013,"basaliob":-0.051,"bolussnooze":0,"activity":2.0E-4,"lastBolusTime":1703486510000,"time":"2023-12-25T10:11:26.597Z","iobWithZeroTemp":{"iob":-0.596,"basaliob":-0.66,"bolussnooze":0,"activity":-0.0049,"lastBolusTime":1703486510000,"time":"2023-12-25T10:11:26.597Z"}},{"iob":0.011,"basaliob":-0.047,"bolussnooze":0,"activity":3.0E-4,"lastBolusTime":1703486510000,"time":"2023-12-25T10:16:26.597Z","iobWithZeroTemp":{"iob":-0.606,"basaliob":-0.664,"bolussnooze":0,"activity":-0.0049,"lastBolusTime":1703486510000,"time":"2023-12-25T10:16:26.597Z"}},{"iob":0.01,"basaliob":-0.044,"bolussnooze":0,"activity":2.0E-4,"lastBolusTime":1703486510000,"time":"2023-12-25T10:21:26.597Z","iobWithZeroTemp":{"iob":-0.614,"basaliob":-0.668,"bolussnooze":0,"activity":-0.0051,"lastBolusTime":1703486510000,"time":"2023-12-25T10:21:26.597Z"}},{"iob":0.008,"basaliob":-0.041,"bolussnooze":0,"activity":2.0E-4,"lastBolusTime":1703486510000,"time":"2023-12-25T10:26:26.597Z","iobWithZeroTemp":{"iob":-0.622,"basaliob":-0.671,"bolussnooze":0,"activity":-0.0052,"lastBolusTime":1703486510000,"time":"2023-12-25T10:26:26.597Z"}},{"iob":0.008,"basaliob":-0.037,"bolussnooze":0,"activity":2.0E-4,"lastBolusTime":1703486510000,"time":"2023-12-25T10:31:26.597Z","iobWithZeroTemp":{"iob":-0.628,"basaliob":-0.673,"bolussnooze":0,"activity":-0.0053,"lastBolusTime":1703486510000,"time":"2023-12-25T10:31:26.597Z"}},{"iob":0.007,"basaliob":-0.035,"bolussnooze":0,"activity":2.0E-4,"lastBolusTime":1703486510000,"time":"2023-12-25T10:36:26.597Z","iobWithZeroTemp":{"iob":-0.635,"basaliob":-0.677,"bolussnooze":0,"activity":-0.0054,"lastBolusTime":1703486510000,"time":"2023-12-25T10:36:26.597Z"}},{"iob":0.006,"basaliob":-0.032,"bolussnooze":0,"activity":2.0E-4,"lastBolusTime":1703486510000,"time":"2023-12-25T10:41:26.597Z","iobWithZeroTemp":{"iob":-0.641,"basaliob":-0.679,"bolussnooze":0,"activity":-0.0055,"lastBolusTime":1703486510000,"time":"2023-12-25T10:41:26.597Z"}},{"iob":0.006,"basaliob":-0.029,"bolussnooze":0,"activity":1.0E-4,"lastBolusTime":1703486510000,"time":"2023-12-25T10:46:26.597Z","iobWithZeroTemp":{"iob":-0.645,"basaliob":-0.68,"bolussnooze":0,"activity":-0.0057,"lastBolusTime":1703486510000,"time":"2023-12-25T10:46:26.597Z"}},{"iob":0.005,"basaliob":-0.027,"bolussnooze":0,"activity":2.0E-4,"lastBolusTime":1703486510000,"time":"2023-12-25T10:51:26.597Z","iobWithZeroTemp":{"iob":-0.651,"basaliob":-0.683,"bolussnooze":0,"activity":-0.0056,"lastBolusTime":1703486510000,"time":"2023-12-25T10:51:26.597Z"}},{"iob":0.004,"basaliob":-0.025,"bolussnooze":0,"activity":1.0E-4,"lastBolusTime":1703486510000,"time":"2023-12-25T10:56:26.597Z","iobWithZeroTemp":{"iob":-0.656,"basaliob":-0.685,"bolussnooze":0,"activity":-0.0058,"lastBolusTime":1703486510000,"time":"2023-12-25T10:56:26.597Z"}},{"iob":0.004,"basaliob":-0.023,"bolussnooze":0,"activity":1.0E-4,"lastBolusTime":1703486510000,"time":"2023-12-25T11:01:26.597Z","iobWithZeroTemp":{"iob":-0.66,"basaliob":-0.687,"bolussnooze":0,"activity":-0.0058,"lastBolusTime":1703486510000,"time":"2023-12-25T11:01:26.597Z"}},{"iob":0.004,"basaliob":-0.021,"bolussnooze":0,"activity":0,"lastBolusTime":1703486510000,"time":"2023-12-25T11:06:26.597Z","iobWithZeroTemp":{"iob":-0.663,"basaliob":-0.688,"bolussnooze":0,"activity":-0.006,"lastBolusTime":1703486510000,"time":"2023-12-25T11:06:26.597Z"}},{"iob":0.002,"basaliob":-0.02,"bolussnooze":0,"activity":1.0E-4,"lastBolusTime":1703486510000,"time":"2023-12-25T11:11:26.597Z","iobWithZeroTemp":{"iob":-0.668,"basaliob":-0.69,"bolussnooze":0,"activity":-0.006,"lastBolusTime":1703486510000,"time":"2023-12-25T11:11:26.597Z"}},{"iob":0.002,"basaliob":-0.018,"bolussnooze":0,"activity":1.0E-4,"lastBolusTime":1703486510000,"time":"2023-12-25T11:16:26.597Z","iobWithZeroTemp":{"iob":-0.671,"basaliob":-0.691,"bolussnooze":0,"activity":-0.006,"lastBolusTime":1703486510000,"time":"2023-12-25T11:16:26.597Z"}},{"iob":0.003,"basaliob":-0.016,"bolussnooze":0,"activity":0,"lastBolusTime":1703486510000,"time":"2023-12-25T11:21:26.597Z","iobWithZeroTemp":{"iob":-0.673,"basaliob":-0.692,"bolussnooze":0,"activity":-0.0061,"lastBolusTime":1703486510000,"time":"2023-12-25T11:21:26.597Z"}},{"iob":0.002,"basaliob":-0.015,"bolussnooze":0,"activity":0,"lastBolusTime":1703486510000,"time":"2023-12-25T11:26:26.597Z","iobWithZeroTemp":{"iob":-0.676,"basaliob":-0.693,"bolussnooze":0,"activity":-0.0062,"lastBolusTime":1703486510000,"time":"2023-12-25T11:26:26.597Z"}},{"iob":0.001,"basaliob":-0.014,"bolussnooze":0,"activity":1.0E-4,"lastBolusTime":1703486510000,"time":"2023-12-25T11:31:26.597Z","iobWithZeroTemp":{"iob":-0.68,"basaliob":-0.695,"bolussnooze":0,"activity":-0.0061,"lastBolusTime":1703486510000,"time":"2023-12-25T11:31:26.597Z"}},{"iob":0.001,"basaliob":-0.013,"bolussnooze":0,"activity":1.0E-4,"lastBolusTime":1703486510000,"time":"2023-12-25T11:36:26.597Z","iobWithZeroTemp":{"iob":-0.682,"basaliob":-0.696,"bolussnooze":0,"activity":-0.0062,"lastBolusTime":1703486510000,"time":"2023-12-25T11:36:26.597Z"}}],"profile":{"max_iob":7,"type":"current","max_daily_basal":0.45,"max_basal":1.35,"min_bg":106.2,"max_bg":106.2,"target_bg":106.2,"carb_ratio":9,"sens":352.8,"max_daily_safety_multiplier":3,"current_basal_safety_multiplier":4,"lgsThreshold":65,"high_temptarget_raises_sensitivity":false,"low_temptarget_lowers_sensitivity":false,"sensitivity_raises_target":true,"resistance_lowers_target":true,"adv_target_adjustments":false,"exercise_mode":false,"half_basal_exercise_target":160,"maxCOB":120,"skip_neutral_temps":false,"remainingCarbsCap":90,"enableUAM":true,"A52_risk_enable":false,"SMBInterval":4,"enableSMB_with_COB":true,"enableSMB_with_temptarget":false,"allowSMB_with_high_temptarget":true,"enableSMB_always":true,"enableSMB_after_carbs":false,"maxSMBBasalMinutes":60,"maxUAMSMBBasalMinutes":60,"bolus_increment":0.05,"carbsReqThreshold":10,"current_basal":0.4,"temptargetSet":false,"autosens_max":1.2,"autosens_min":0.8,"out_units":"mmol\/L","variable_sens":214.2,"insulinDivisor":65,"TDD":8.340532894285715},"autosens_data":{"ratio":0.9063592013094479},"meal_data":{"carbs":0,"mealCOB":0,"slopeFromMaxDeviation":0,"slopeFromMinDeviation":12.647333333333336,"lastBolusTime":1703486510000,"lastCarbTime":0},"microBolusAllowed":true,"currentTime":1703490088900,"flatBGsDetected":false,"tdd1D":26.494500000000002,"tdd7D":31.37635714285714,"tddLast24H":28.43824999999999,"tddLast4H":2.1875000000000004,"tddLast8to4H":1.2207499999999998},"output":{"temp":"absolute","bg":113,"tick":"+9","eventualBG":144,"targetBG":111,"insulinReq":0,"deliverAt":"2023-12-25T07:41:28.900Z","sensitivityRatio":0.9063592013094479,"variable_sens":214.2,"predBGs":{"IOB":[113,121,128,135,141,146,150,153,156,157,158,157,156,155,153,153,152,151,150,149,148,148,147,147,146,146,145,145,145,144,144,144,144,143,143,143,143,143,143,142],"ZT":[113,109,105,102,99,96,93,91,90,89,88,88,88,89,90,92,94,96,99,101,105,108],"UAM":[113,118,119,116,113,110,107,104,102,100,98,96,94,92,90,89,88,87,85,84,83,83,82,81,80,80,79,79,78,78,77,77,76,76,76,76,75,75,75,75,74]},"reason":"COB: 0, Dev: 4.3, BGI: -0.2, ISF: 11.9, CR: 9, Target: 6.2, minPredBG 6.0, minGuardBG 4.1, IOBpredBG 7.9, UAMpredBG 4.1; minGuardBG 4.1<4.2 65m left and 0 ~ req 0U\/hr: no temp required","COB":0,"IOB":0.219,"timestamp":"2023-12-25T07:41:28.927Z"}}