{"algorithm":"OpenAPSSMBDynamicISFPlugin","input":{"glucoseStatus":{"glucose":101,"noise":0,"delta":-8,"short_avgdelta":-7.11,"long_avgdelta":-4.41,"date":1703681510861},"currenttemp":{"temp":"absolute","duration":5,"rate":0,"minutesrunning":55},"iob_data":[{"iob":1.68,"basaliob":-0.652,"bolussnooze":0.2753,"activity":0.0158,"lastBolusTime":1703680641000,"time":"2023-12-27T12:52:12.311Z","iobWithZeroTemp":{"iob":1.68,"basaliob":-0.652,"bolussnooze":0.2753,"activity":0.0158,"lastBolusTime":1703680641000,"time":"2023-12-27T12:52:12.311Z"}},{"iob":1.6,"basaliob":-0.622,"bolussnooze":0.2392,"activity":0.0157,"lastBolusTime":1703680641000,"time":"2023-12-27T12:57:12.311Z","iobWithZeroTemp":{"iob":1.573,"basaliob":-0.649,"bolussnooze":0.2392,"activity":0.0157,"lastBolusTime":1703680641000,"time":"2023-12-27T12:57:12.311Z"}},{"iob":1.523,"basaliob":-0.591,"bolussnooze":0.2072,"activity":0.0156,"lastBolusTime":1703680641000,"time":"2023-12-27T13:02:12.311Z","iobWithZeroTemp":{"iob":1.463,"basaliob":-0.651,"bolussnooze":0.2072,"activity":0.0155,"lastBolusTime":1703680641000,"time":"2023-12-27T13:02:12.311Z"}},{"iob":1.445,"basaliob":-0.561,"bolussnooze":0.1788,"activity":0.0154,"lastBolusTime":1703680641000,"time":"2023-12-27T13:07:12.311Z","iobWithZeroTemp":{"iob":1.353,"basaliob":-0.653,"bolussnooze":0.1788,"activity":0.0152,"lastBolusTime":1703680641000,"time":"2023-12-27T13:07:12.311Z"}},{"iob":1.369,"basaliob":-0.532,"bolussnooze":0.1539,"activity":0.015,"lastBolusTime":1703680641000,"time":"2023-12-27T13:12:12.311Z","iobWithZeroTemp":{"iob":1.244,"basaliob":-0.657,"bolussnooze":0.1539,"activity":0.0147,"lastBolusTime":1703680641000,"time":"2023-12-27T13:12:12.311Z"}},{"iob":1.295,"basaliob":-0.503,"bolussnooze":0.1321,"activity":0.0146,"lastBolusTime":1703680641000,"time":"2023-12-27T13:17:12.311Z","iobWithZeroTemp":{"iob":1.139,"basaliob":-0.659,"bolussnooze":0.1321,"activity":0.0141,"lastBolusTime":1703680641000,"time":"2023-12-27T13:17:12.311Z"}},{"iob":1.224,"basaliob":-0.475,"bolussnooze":0.113,"activity":0.0141,"lastBolusTime":1703680641000,"time":"2023-12-27T13:22:12.311Z","iobWithZeroTemp":{"iob":1.038,"basaliob":-0.661,"bolussnooze":0.113,"activity":0.0134,"lastBolusTime":1703680641000,"time":"2023-12-27T13:22:12.311Z"}},{"iob":1.154,"basaliob":-0.448,"bolussnooze":0.0964,"activity":0.0137,"lastBolusTime":1703680641000,"time":"2023-12-27T13:27:12.311Z","iobWithZeroTemp":{"iob":0.938,"basaliob":-0.664,"bolussnooze":0.0964,"activity":0.0128,"lastBolusTime":1703680641000,"time":"2023-12-27T13:27:12.311Z"}},{"iob":1.087,"basaliob":-0.422,"bolussnooze":0.082,"activity":0.0132,"lastBolusTime":1703680641000,"time":"2023-12-27T13:32:12.311Z","iobWithZeroTemp":{"iob":0.843,"basaliob":-0.666,"bolussnooze":0.082,"activity":0.0121,"lastBolusTime":1703680641000,"time":"2023-12-27T13:32:12.311Z"}},{"iob":1.022,"basaliob":-0.397,"bolussnooze":0.0696,"activity":0.0127,"lastBolusTime":1703680641000,"time":"2023-12-27T13:37:12.311Z","iobWithZeroTemp":{"iob":0.75,"basaliob":-0.669,"bolussnooze":0.0696,"activity":0.0114,"lastBolusTime":1703680641000,"time":"2023-12-27T13:37:12.311Z"}},{"iob":0.96,"basaliob":-0.373,"bolussnooze":0.0588,"activity":0.0121,"lastBolusTime":1703680641000,"time":"2023-12-27T13:42:12.311Z","iobWithZeroTemp":{"iob":0.662,"basaliob":-0.671,"bolussnooze":0.0588,"activity":0.0106,"lastBolusTime":1703680641000,"time":"2023-12-27T13:42:12.311Z"}},{"iob":0.901,"basaliob":-0.35,"bolussnooze":0.0496,"activity":0.0116,"lastBolusTime":1703680641000,"time":"2023-12-27T13:47:12.311Z","iobWithZeroTemp":{"iob":0.578,"basaliob":-0.673,"bolussnooze":0.0496,"activity":0.0098,"lastBolusTime":1703680641000,"time":"2023-12-27T13:47:12.311Z"}},{"iob":0.844,"basaliob":-0.328,"bolussnooze":0.0417,"activity":0.011,"lastBolusTime":1703680641000,"time":"2023-12-27T13:52:12.311Z","iobWithZeroTemp":{"iob":0.497,"basaliob":-0.675,"bolussnooze":0.0417,"activity":0.009,"lastBolusTime":1703680641000,"time":"2023-12-27T13:52:12.311Z"}},{"iob":0.791,"basaliob":-0.307,"bolussnooze":0.035,"activity":0.0105,"lastBolusTime":1703680641000,"time":"2023-12-27T13:57:12.311Z","iobWithZeroTemp":{"iob":0.421,"basaliob":-0.677,"bolussnooze":0.035,"activity":0.0083,"lastBolusTime":1703680641000,"time":"2023-12-27T13:57:12.311Z"}},{"iob":0.74,"basaliob":-0.287,"bolussnooze":0.0293,"activity":0.0099,"lastBolusTime":1703680641000,"time":"2023-12-27T14:02:12.311Z","iobWithZeroTemp":{"iob":0.349,"basaliob":-0.678,"bolussnooze":0.0293,"activity":0.0075,"lastBolusTime":1703680641000,"time":"2023-12-27T14:02:12.311Z"}},{"iob":0.691,"basaliob":-0.268,"bolussnooze":0.0244,"activity":0.0094,"lastBolusTime":1703680641000,"time":"2023-12-27T14:07:12.311Z","iobWithZeroTemp":{"iob":0.279,"basaliob":-0.68,"bolussnooze":0.0244,"activity":0.0067,"lastBolusTime":1703680641000,"time":"2023-12-27T14:07:12.311Z"}},{"iob":0.645,"basaliob":-0.251,"bolussnooze":0.0202,"activity":0.0089,"lastBolusTime":1703680641000,"time":"2023-12-27T14:12:12.311Z","iobWithZeroTemp":{"iob":0.214,"basaliob":-0.682,"bolussnooze":0.0202,"activity":0.006,"lastBolusTime":1703680641000,"time":"2023-12-27T14:12:12.311Z"}},{"iob":0.601,"basaliob":-0.234,"bolussnooze":0.0168,"activity":0.0084,"lastBolusTime":1703680641000,"time":"2023-12-27T14:17:12.311Z","iobWithZeroTemp":{"iob":0.151,"basaliob":-0.684,"bolussnooze":0.0168,"activity":0.0053,"lastBolusTime":1703680641000,"time":"2023-12-27T14:17:12.311Z"}},{"iob":0.56,"basaliob":-0.218,"bolussnooze":0.0138,"activity":0.008,"lastBolusTime":1703680641000,"time":"2023-12-27T14:22:12.311Z","iobWithZeroTemp":{"iob":0.093,"basaliob":-0.685,"bolussnooze":0.0138,"activity":0.0047,"lastBolusTime":1703680641000,"time":"2023-12-27T14:22:12.311Z"}},{"iob":0.522,"basaliob":-0.203,"bolussnooze":0.0113,"activity":0.0075,"lastBolusTime":1703680641000,"time":"2023-12-27T14:27:12.311Z","iobWithZeroTemp":{"iob":0.038,"basaliob":-0.687,"bolussnooze":0.0113,"activity":0.004,"lastBolusTime":1703680641000,"time":"2023-12-27T14:27:12.311Z"}},{"iob":0.486,"basaliob":-0.188,"bolussnooze":0.0093,"activity":0.0071,"lastBolusTime":1703680641000,"time":"2023-12-27T14:32:12.311Z","iobWithZeroTemp":{"iob":-0.013,"basaliob":-0.687,"bolussnooze":0.0093,"activity":0.0034,"lastBolusTime":1703680641000,"time":"2023-12-27T14:32:12.311Z"}},{"iob":0.451,"basaliob":-0.175,"bolussnooze":0.0075,"activity":0.0066,"lastBolusTime":1703680641000,"time":"2023-12-27T14:37:12.311Z","iobWithZeroTemp":{"iob":-0.063,"basaliob":-0.689,"bolussnooze":0.0075,"activity":0.0027,"lastBolusTime":1703680641000,"time":"2023-12-27T14:37:12.311Z"}},{"iob":0.419,"basaliob":-0.163,"bolussnooze":0.0061,"activity":0.0062,"lastBolusTime":1703680641000,"time":"2023-12-27T14:42:12.311Z","iobWithZeroTemp":{"iob":-0.108,"basaliob":-0.69,"bolussnooze":0.0061,"activity":0.0022,"lastBolusTime":1703680641000,"time":"2023-12-27T14:42:12.311Z"}},{"iob":0.389,"basaliob":-0.151,"bolussnooze":0.0049,"activity":0.0058,"lastBolusTime":1703680641000,"time":"2023-12-27T14:47:12.311Z","iobWithZeroTemp":{"iob":-0.151,"basaliob":-0.691,"bolussnooze":0.0049,"activity":0.0016,"lastBolusTime":1703680641000,"time":"2023-12-27T14:47:12.311Z"}},{"iob":0.361,"basaliob":-0.14,"bolussnooze":0.0039,"activity":0.0055,"lastBolusTime":1703680641000,"time":"2023-12-27T14:52:12.311Z","iobWithZeroTemp":{"iob":-0.191,"basaliob":-0.692,"bolussnooze":0.0039,"activity":0.0012,"lastBolusTime":1703680641000,"time":"2023-12-27T14:52:12.311Z"}},{"iob":0.334,"basaliob":-0.13,"bolussnooze":0.0031,"activity":0.0051,"lastBolusTime":1703680641000,"time":"2023-12-27T14:57:12.311Z","iobWithZeroTemp":{"iob":-0.229,"basaliob":-0.693,"bolussnooze":0.0031,"activity":6.0E-4,"lastBolusTime":1703680641000,"time":"2023-12-27T14:57:12.311Z"}},{"iob":0.31,"basaliob":-0.12,"bolussnooze":0.0024,"activity":0.0047,"lastBolusTime":1703680641000,"time":"2023-12-27T15:02:12.311Z","iobWithZeroTemp":{"iob":-0.264,"basaliob":-0.694,"bolussnooze":0.0024,"activity":1.0E-4,"lastBolusTime":1703680641000,"time":"2023-12-27T15:02:12.311Z"}},{"iob":0.286,"basaliob":-0.111,"bolussnooze":0.0019,"activity":0.0045,"lastBolusTime":1703680641000,"time":"2023-12-27T15:07:12.311Z","iobWithZeroTemp":{"iob":-0.298,"basaliob":-0.695,"bolussnooze":0.0019,"activity":-3.0E-4,"lastBolusTime":1703680641000,"time":"2023-12-27T15:07:12.311Z"}},{"iob":0.264,"basaliob":-0.103,"bolussnooze":0.0015,"activity":0.0042,"lastBolusTime":1703680641000,"time":"2023-12-27T15:12:12.311Z","iobWithZeroTemp":{"iob":-0.329,"basaliob":-0.696,"bolussnooze":0.0015,"activity":-7.0E-4,"lastBolusTime":1703680641000,"time":"2023-12-27T15:12:12.311Z"}},{"iob":0.245,"basaliob":-0.095,"bolussnooze":0.0011,"activity":0.0039,"lastBolusTime":1703680641000,"time":"2023-12-27T15:17:12.311Z","iobWithZeroTemp":{"iob":-0.356,"basaliob":-0.696,"bolussnooze":0.0011,"activity":-0.0011,"lastBolusTime":1703680641000,"time":"2023-12-27T15:17:12.311Z"}},{"iob":0.226,"basaliob":-0.087,"bolussnooze":8.0E-4,"activity":0.0036,"lastBolusTime":1703680641000,"time":"2023-12-27T15:22:12.311Z","iobWithZeroTemp":{"iob":-0.383,"basaliob":-0.696,"bolussnooze":8.0E-4,"activity":-0.0015,"lastBolusTime":1703680641000,"time":"2023-12-27T15:22:12.311Z"}},{"iob":0.208,"basaliob":-0.081,"bolussnooze":6.0E-4,"activity":0.0034,"lastBolusTime":1703680641000,"time":"2023-12-27T15:27:12.311Z","iobWithZeroTemp":{"iob":-0.409,"basaliob":-0.698,"bolussnooze":6.0E-4,"activity":-0.0018,"lastBolusTime":1703680641000,"time":"2023-12-27T15:27:12.311Z"}},{"iob":0.193,"basaliob":-0.074,"bolussnooze":4.0E-4,"activity":0.0031,"lastBolusTime":1703680641000,"time":"2023-12-27T15:32:12.311Z","iobWithZeroTemp":{"iob":-0.431,"basaliob":-0.698,"bolussnooze":4.0E-4,"activity":-0.0022,"lastBolusTime":1703680641000,"time":"2023-12-27T15:32:12.311Z"}},{"iob":0.178,"basaliob":-0.068,"bolussnooze":3.0E-4,"activity":0.0029,"lastBolusTime":1703680641000,"time":"2023-12-27T15:37:12.311Z","iobWithZeroTemp":{"iob":-0.452,"basaliob":-0.698,"bolussnooze":3.0E-4,"activity":-0.0025,"lastBolusTime":1703680641000,"time":"2023-12-27T15:37:12.311Z"}},{"iob":0.163,"basaliob":-0.063,"bolussnooze":2.0E-4,"activity":0.0027,"lastBolusTime":1703680641000,"time":"2023-12-27T15:42:12.311Z","iobWithZeroTemp":{"iob":-0.473,"basaliob":-0.699,"bolussnooze":2.0E-4,"activity":-0.0028,"lastBolusTime":1703680641000,"time":"2023-12-27T15:42:12.311Z"}},{"iob":0.15,"basaliob":-0.058,"bolussnooze":1.0E-4,"activity":0.0025,"lastBolusTime":1703680641000,"time":"2023-12-27T15:47:12.311Z","iobWithZeroTemp":{"iob":-0.492,"basaliob":-0.7,"bolussnooze":1.0E-4,"activity":-0.0031,"lastBolusTime":1703680641000,"time":"2023-12-27T15:47:12.311Z"}},{"iob":0.138,"basaliob":-0.053,"bolussnooze":1.0E-4,"activity":0.0023,"lastBolusTime":1703680641000,"time":"2023-12-27T15:52:12.311Z","iobWithZeroTemp":{"iob":-0.509,"basaliob":-0.7,"bolussnooze":1.0E-4,"activity":-0.0034,"lastBolusTime":1703680641000,"time":"2023-12-27T15:52:12.311Z"}},{"iob":0.127,"basaliob":-0.049,"bolussnooze":0,"activity":0.0022,"lastBolusTime":1703680641000,"time":"2023-12-27T15:57:12.311Z","iobWithZeroTemp":{"iob":-0.524,"basaliob":-0.7,"bolussnooze":0,"activity":-0.0036,"lastBolusTime":1703680641000,"time":"2023-12-27T15:57:12.311Z"}},{"iob":0.116,"basaliob":-0.045,"bolussnooze":0,"activity":0.002,"lastBolusTime":1703680641000,"time":"2023-12-27T16:02:12.311Z","iobWithZeroTemp":{"iob":-0.54,"basaliob":-0.701,"bolussnooze":0,"activity":-0.0038,"lastBolusTime":1703680641000,"time":"2023-12-27T16:02:12.311Z"}},{"iob":0.107,"basaliob":-0.041,"bolussnooze":0,"activity":0.0019,"lastBolusTime":1703680641000,"time":"2023-12-27T16:07:12.311Z","iobWithZeroTemp":{"iob":-0.553,"basaliob":-0.701,"bolussnooze":0,"activity":-0.004,"lastBolusTime":1703680641000,"time":"2023-12-27T16:07:12.311Z"}},{"iob":0.098,"basaliob":-0.038,"bolussnooze":0,"activity":0.0017,"lastBolusTime":1703680641000,"time":"2023-12-27T16:12:12.311Z","iobWithZeroTemp":{"iob":-0.566,"basaliob":-0.702,"bolussnooze":0,"activity":-0.0042,"lastBolusTime":1703680641000,"time":"2023-12-27T16:12:12.311Z"}},{"iob":0.089,"basaliob":-0.035,"bolussnooze":0,"activity":0.0016,"lastBolusTime":1703680641000,"time":"2023-12-27T16:17:12.311Z","iobWithZeroTemp":{"iob":-0.578,"basaliob":-0.702,"bolussnooze":0,"activity":-0.0044,"lastBolusTime":1703680641000,"time":"2023-12-27T16:17:12.311Z"}},{"iob":0.082,"basaliob":-0.032,"bolussnooze":0,"activity":0.0014,"lastBolusTime":1703680641000,"time":"2023-12-27T16:22:12.311Z","iobWithZeroTemp":{"iob":-0.588,"basaliob":-0.702,"bolussnooze":0,"activity":-0.0047,"lastBolusTime":1703680641000,"time":"2023-12-27T16:22:12.311Z"}},{"iob":0.075,"basaliob":-0.029,"bolussnooze":0,"activity":0.0014,"lastBolusTime":1703680641000,"time":"2023-12-27T16:27:12.311Z","iobWithZeroTemp":{"iob":-0.598,"basaliob":-0.702,"bolussnooze":0,"activity":-0.0047,"lastBolusTime":1703680641000,"time":"2023-12-27T16:27:12.311Z"}},{"iob":0.069,"basaliob":-0.026,"bolussnooze":0,"activity":0.0012,"lastBolusTime":1703680641000,"time":"2023-12-27T16:32:12.311Z","iobWithZeroTemp":{"iob":-0.607,"basaliob":-0.702,"bolussnooze":0,"activity":-0.0049,"lastBolusTime":1703680641000,"time":"2023-12-27T16:32:12.311Z"}},{"iob":0.063,"basaliob":-0.024,"bolussnooze":0,"activity":0.0012,"lastBolusTime":1703680641000,"time":"2023-12-27T16:37:12.311Z","iobWithZeroTemp":{"iob":-0.616,"basaliob":-0.703,"bolussnooze":0,"activity":-0.005,"lastBolusTime":1703680641000,"time":"2023-12-27T16:37:12.311Z"}},{"iob":0.058,"basaliob":-0.022,"bolussnooze":0,"activity":0.0011,"lastBolusTime":1703680641000,"time":"2023-12-27T16:42:12.311Z","iobWithZeroTemp":{"iob":-0.623,"basaliob":-0.703,"bolussnooze":0,"activity":-0.0051,"lastBolusTime":1703680641000,"time":"2023-12-27T16:42:12.311Z"}},{"iob":0.053,"basaliob":-0.02,"bolussnooze":0,"activity":9.0E-4,"lastBolusTime":1703680641000,"time":"2023-12-27T16:47:12.311Z","iobWithZeroTemp":{"iob":-0.63,"basaliob":-0.703,"bolussnooze":0,"activity":-0.0054,"lastBolusTime":1703680641000,"time":"2023-12-27T16:47:12.311Z"}}],"profile":{"max_iob":7,"type":"current","max_daily_basal":0.45,"max_basal":1.35,"min_bg":140,"max_bg":140,"target_bg":140,"carb_ratio":11,"sens":352.8,"max_daily_safety_multiplier":3,"current_basal_safety_multiplier":4,"lgsThreshold":65,"high_temptarget_raises_sensitivity":false,"low_temptarget_lowers_sensitivity":false,"sensitivity_raises_target":true,"resistance_lowers_target":true,"adv_target_adjustments":false,"exercise_mode":false,"half_basal_exercise_target":160,"maxCOB":120,"skip_neutral_temps":false,"remainingCarbsCap":90,"enableUAM":true,"A52_risk_enable":false,"SMBInterval":4,"enableSMB_with_COB":true,"enableSMB_with_temptarget":false,"allowSMB_with_high_temptarget":true,"enableSMB_always":true,"enableSMB_after_carbs":false,"maxSMBBasalMinutes":60,"maxUAMSMBBasalMinutes":60,"bolus_increment":0.05,"carbsReqThreshold":10,"current_basal":0.4,"temptargetSet":true,"autosens_max":1.2,"autosens_min":0.8,"out_units":"mmol\/L","variable_sens":180.6,"insulinDivisor":65,"TDD":10.627563458333332},"autosens_data":{"ratio":0.8258986889109996},"meal_data":{"carbs":40,"mealCOB":35.297836734693874,"slopeFromMaxDeviation":-0.23772727272727256,"slopeFromMinDeviation":0.8762857142857144,"lastBolusTime":1703680641000,"lastCarbTime":1703677689000},"microBolusAllowed":true,"currentTime":1703681534923,"flatBGsDetected":false,"tdd1D":31.16008333333334,"tdd7D":32.424880952380946,"tddLast24H":26.779666666666667,"tddLast4H":3.903333333333333,"tddLast8to4H":6.14},"output":{"temp":"absolute","bg":101,"tick":-8,"eventualBG":322,"targetBG":140,"insulinReq":0,"deliverAt":"2023-12-27T12:52:14.923Z","sensitivityRatio":0.8258986889109996,"variable_sens":180.6,"predBGs":{"IOB":[101,93,83,71,58,42,39,39,39,39,39,39,39],"ZT":[101,87,71,53,39,39,39,39,39,39,39,39,39,39,39,39,39,39,39,39,39,39,39,39,39,39,39,39,39,39,39,39,39,39,39,39,39,39,39,39,39,39,39,39,39,39,39,39],"COB":[101,93,86,79,73,67,62,57,54,51,48,47,46,47,47,49,52,55,59,64,69,75,82,89,97,106,115,125,136,147,158,170,182,194,205,216,227,238,248,258,267,276,285,293,301,308,315,322],"UAM":[101,93,83,73,61,46,39,39,39,39,39,39,39]},"reason":"COB: 35.3, Dev: 2.1, BGI: -0.8, ISF: 10.0, CR: 11, Target: 7.8, minPredBG 3.3, minGuardBG -0.2, IOBpredBG 2.2, COBpredBG 17.9, UAMpredBG 2.2; minGuardBG -0.2<5.0","COB":35.297836734693874,"IOB":1.68,"duration":120,"rate":0,"timestamp":"2023-12-27T12:52:14.969Z"}}