{"algorithm":"OpenAPSSMBDynamicISFPlugin","input":{"glucoseStatus":{"glucose":48,"noise":0,"delta":3,"short_avgdelta":1.39,"long_avgdelta":-2.82,"date":1703373958534},"currenttemp":{"temp":"absolute","duration":28,"rate":0.18,"minutesrunning":2},"iob_data":[{"iob":-0.224,"basaliob":-0.572,"bolussnooze":0.001,"activity":-3.0E-4,"lastBolusTime":1703370988000,"time":"2023-12-23T23:28:56.862Z","iobWithZeroTemp":{"iob":-0.224,"basaliob":-0.572,"bolussnooze":0.001,"activity":-3.0E-4,"lastBolusTime":1703370988000,"time":"2023-12-23T23:28:56.862Z"}},{"iob":-0.222,"basaliob":-0.544,"bolussnooze":7.0E-4,"activity":-6.0E-4,"lastBolusTime":1703370988000,"time":"2023-12-23T23:33:56.862Z","iobWithZeroTemp":{"iob":-0.252,"basaliob":-0.574,"bolussnooze":7.0E-4,"activity":-6.0E-4,"lastBolusTime":1703370988000,"time":"2023-12-23T23:33:56.862Z"}},{"iob":-0.219,"basaliob":-0.517,"bolussnooze":6.0E-4,"activity":-8.0E-4,"lastBolusTime":1703370988000,"time":"2023-12-23T23:38:56.862Z","iobWithZeroTemp":{"iob":-0.286,"basaliob":-0.584,"bolussnooze":6.0E-4,"activity":-9.0E-4,"lastBolusTime":1703370988000,"time":"2023-12-23T23:38:56.862Z"}},{"iob":-0.214,"basaliob":-0.49,"bolussnooze":4.0E-4,"activity":-0.0011,"lastBolusTime":1703370988000,"time":"2023-12-23T23:43:56.862Z","iobWithZeroTemp":{"iob":-0.318,"basaliob":-0.594,"bolussnooze":4.0E-4,"activity":-0.0013,"lastBolusTime":1703370988000,"time":"2023-12-23T23:43:56.862Z"}},{"iob":-0.208,"basaliob":-0.463,"bolussnooze":3.0E-4,"activity":-0.0011,"lastBolusTime":1703370988000,"time":"2023-12-23T23:48:56.862Z","iobWithZeroTemp":{"iob":-0.348,"basaliob":-0.603,"bolussnooze":3.0E-4,"activity":-0.0015,"lastBolusTime":1703370988000,"time":"2023-12-23T23:48:56.862Z"}},{"iob":-0.203,"basaliob":-0.438,"bolussnooze":2.0E-4,"activity":-0.0013,"lastBolusTime":1703370988000,"time":"2023-12-23T23:53:56.862Z","iobWithZeroTemp":{"iob":-0.378,"basaliob":-0.613,"bolussnooze":2.0E-4,"activity":-0.0019,"lastBolusTime":1703370988000,"time":"2023-12-23T23:53:56.862Z"}},{"iob":-0.196,"basaliob":-0.413,"bolussnooze":1.0E-4,"activity":-0.0014,"lastBolusTime":1703370988000,"time":"2023-12-23T23:58:56.862Z","iobWithZeroTemp":{"iob":-0.406,"basaliob":-0.623,"bolussnooze":1.0E-4,"activity":-0.0022,"lastBolusTime":1703370988000,"time":"2023-12-23T23:58:56.862Z"}},{"iob":-0.189,"basaliob":-0.389,"bolussnooze":1.0E-4,"activity":-0.0014,"lastBolusTime":1703370988000,"time":"2023-12-24T00:03:56.862Z","iobWithZeroTemp":{"iob":-0.424,"basaliob":-0.624,"bolussnooze":1.0E-4,"activity":-0.0024,"lastBolusTime":1703370988000,"time":"2023-12-24T00:03:56.862Z"}},{"iob":-0.182,"basaliob":-0.366,"bolussnooze":1.0E-4,"activity":-0.0015,"lastBolusTime":1703370988000,"time":"2023-12-24T00:08:56.862Z","iobWithZeroTemp":{"iob":-0.441,"basaliob":-0.625,"bolussnooze":1.0E-4,"activity":-0.0027,"lastBolusTime":1703370988000,"time":"2023-12-24T00:08:56.862Z"}},{"iob":-0.173,"basaliob":-0.343,"bolussnooze":0,"activity":-0.0015,"lastBolusTime":1703370988000,"time":"2023-12-24T00:13:56.862Z","iobWithZeroTemp":{"iob":-0.454,"basaliob":-0.624,"bolussnooze":0,"activity":-0.0029,"lastBolusTime":1703370988000,"time":"2023-12-24T00:13:56.862Z"}},{"iob":-0.166,"basaliob":-0.322,"bolussnooze":0,"activity":-0.0015,"lastBolusTime":1703370988000,"time":"2023-12-24T00:18:56.862Z","iobWithZeroTemp":{"iob":-0.469,"basaliob":-0.625,"bolussnooze":0,"activity":-0.0031,"lastBolusTime":1703370988000,"time":"2023-12-24T00:18:56.862Z"}},{"iob":-0.159,"basaliob":-0.302,"bolussnooze":0,"activity":-0.0015,"lastBolusTime":1703370988000,"time":"2023-12-24T00:23:56.862Z","iobWithZeroTemp":{"iob":-0.482,"basaliob":-0.625,"bolussnooze":0,"activity":-0.0034,"lastBolusTime":1703370988000,"time":"2023-12-24T00:23:56.862Z"}},{"iob":-0.151,"basaliob":-0.283,"bolussnooze":0,"activity":-0.0015,"lastBolusTime":1703370988000,"time":"2023-12-24T00:28:56.862Z","iobWithZeroTemp":{"iob":-0.494,"basaliob":-0.626,"bolussnooze":0,"activity":-0.0036,"lastBolusTime":1703370988000,"time":"2023-12-24T00:28:56.862Z"}},{"iob":-0.143,"basaliob":-0.264,"bolussnooze":0,"activity":-0.0015,"lastBolusTime":1703370988000,"time":"2023-12-24T00:33:56.862Z","iobWithZeroTemp":{"iob":-0.504,"basaliob":-0.625,"bolussnooze":0,"activity":-0.0038,"lastBolusTime":1703370988000,"time":"2023-12-24T00:33:56.862Z"}},{"iob":-0.136,"basaliob":-0.247,"bolussnooze":0,"activity":-0.0015,"lastBolusTime":1703370988000,"time":"2023-12-24T00:38:56.862Z","iobWithZeroTemp":{"iob":-0.515,"basaliob":-0.626,"bolussnooze":0,"activity":-0.004,"lastBolusTime":1703370988000,"time":"2023-12-24T00:38:56.862Z"}},{"iob":-0.13,"basaliob":-0.231,"bolussnooze":0,"activity":-0.0014,"lastBolusTime":1703370988000,"time":"2023-12-24T00:43:56.862Z","iobWithZeroTemp":{"iob":-0.525,"basaliob":-0.626,"bolussnooze":0,"activity":-0.0041,"lastBolusTime":1703370988000,"time":"2023-12-24T00:43:56.862Z"}},{"iob":-0.122,"basaliob":-0.215,"bolussnooze":0,"activity":-0.0014,"lastBolusTime":1703370988000,"time":"2023-12-24T00:48:56.862Z","iobWithZeroTemp":{"iob":-0.532,"basaliob":-0.625,"bolussnooze":0,"activity":-0.0042,"lastBolusTime":1703370988000,"time":"2023-12-24T00:48:56.862Z"}},{"iob":-0.115,"basaliob":-0.2,"bolussnooze":0,"activity":-0.0014,"lastBolusTime":1703370988000,"time":"2023-12-24T00:53:56.862Z","iobWithZeroTemp":{"iob":-0.54,"basaliob":-0.625,"bolussnooze":0,"activity":-0.0044,"lastBolusTime":1703370988000,"time":"2023-12-24T00:53:56.862Z"}},{"iob":-0.109,"basaliob":-0.187,"bolussnooze":0,"activity":-0.0013,"lastBolusTime":1703370988000,"time":"2023-12-24T00:58:56.862Z","iobWithZeroTemp":{"iob":-0.548,"basaliob":-0.626,"bolussnooze":0,"activity":-0.0045,"lastBolusTime":1703370988000,"time":"2023-12-24T00:58:56.862Z"}},{"iob":-0.103,"basaliob":-0.174,"bolussnooze":0,"activity":-0.0012,"lastBolusTime":1703370988000,"time":"2023-12-24T01:03:56.862Z","iobWithZeroTemp":{"iob":-0.548,"basaliob":-0.619,"bolussnooze":0,"activity":-0.0046,"lastBolusTime":1703370988000,"time":"2023-12-24T01:03:56.862Z"}},{"iob":-0.096,"basaliob":-0.161,"bolussnooze":0,"activity":-0.0012,"lastBolusTime":1703370988000,"time":"2023-12-24T01:08:56.862Z","iobWithZeroTemp":{"iob":-0.546,"basaliob":-0.611,"bolussnooze":0,"activity":-0.0047,"lastBolusTime":1703370988000,"time":"2023-12-24T01:08:56.862Z"}},{"iob":-0.091,"basaliob":-0.15,"bolussnooze":0,"activity":-0.0011,"lastBolusTime":1703370988000,"time":"2023-12-24T01:13:56.862Z","iobWithZeroTemp":{"iob":-0.546,"basaliob":-0.605,"bolussnooze":0,"activity":-0.0047,"lastBolusTime":1703370988000,"time":"2023-12-24T01:13:56.862Z"}},{"iob":-0.085,"basaliob":-0.139,"bolussnooze":0,"activity":-0.0011,"lastBolusTime":1703370988000,"time":"2023-12-24T01:18:56.862Z","iobWithZeroTemp":{"iob":-0.544,"basaliob":-0.598,"bolussnooze":0,"activity":-0.0048,"lastBolusTime":1703370988000,"time":"2023-12-24T01:18:56.862Z"}},{"iob":-0.08,"basaliob":-0.129,"bolussnooze":0,"activity":-0.0011,"lastBolusTime":1703370988000,"time":"2023-12-24T01:23:56.862Z","iobWithZeroTemp":{"iob":-0.543,"basaliob":-0.592,"bolussnooze":0,"activity":-0.0049,"lastBolusTime":1703370988000,"time":"2023-12-24T01:23:56.862Z"}},{"iob":-0.074,"basaliob":-0.119,"bolussnooze":0,"activity":-0.001,"lastBolusTime":1703370988000,"time":"2023-12-24T01:28:56.862Z","iobWithZeroTemp":{"iob":-0.54,"basaliob":-0.585,"bolussnooze":0,"activity":-0.0049,"lastBolusTime":1703370988000,"time":"2023-12-24T01:28:56.862Z"}},{"iob":-0.07,"basaliob":-0.11,"bolussnooze":0,"activity":-9.0E-4,"lastBolusTime":1703370988000,"time":"2023-12-24T01:33:56.862Z","iobWithZeroTemp":{"iob":-0.539,"basaliob":-0.579,"bolussnooze":0,"activity":-0.0049,"lastBolusTime":1703370988000,"time":"2023-12-24T01:33:56.862Z"}},{"iob":-0.065,"basaliob":-0.102,"bolussnooze":0,"activity":-9.0E-4,"lastBolusTime":1703370988000,"time":"2023-12-24T01:38:56.862Z","iobWithZeroTemp":{"iob":-0.536,"basaliob":-0.573,"bolussnooze":0,"activity":-0.005,"lastBolusTime":1703370988000,"time":"2023-12-24T01:38:56.862Z"}},{"iob":-0.061,"basaliob":-0.094,"bolussnooze":0,"activity":-8.0E-4,"lastBolusTime":1703370988000,"time":"2023-12-24T01:43:56.862Z","iobWithZeroTemp":{"iob":-0.534,"basaliob":-0.567,"bolussnooze":0,"activity":-0.0049,"lastBolusTime":1703370988000,"time":"2023-12-24T01:43:56.862Z"}},{"iob":-0.057,"basaliob":-0.087,"bolussnooze":0,"activity":-8.0E-4,"lastBolusTime":1703370988000,"time":"2023-12-24T01:48:56.862Z","iobWithZeroTemp":{"iob":-0.532,"basaliob":-0.562,"bolussnooze":0,"activity":-0.005,"lastBolusTime":1703370988000,"time":"2023-12-24T01:48:56.862Z"}},{"iob":-0.054,"basaliob":-0.081,"bolussnooze":0,"activity":-8.0E-4,"lastBolusTime":1703370988000,"time":"2023-12-24T01:53:56.862Z","iobWithZeroTemp":{"iob":-0.53,"basaliob":-0.557,"bolussnooze":0,"activity":-0.005,"lastBolusTime":1703370988000,"time":"2023-12-24T01:53:56.862Z"}},{"iob":-0.049,"basaliob":-0.074,"bolussnooze":0,"activity":-7.0E-4,"lastBolusTime":1703370988000,"time":"2023-12-24T01:58:56.862Z","iobWithZeroTemp":{"iob":-0.526,"basaliob":-0.551,"bolussnooze":0,"activity":-0.005,"lastBolusTime":1703370988000,"time":"2023-12-24T01:58:56.862Z"}},{"iob":-0.046,"basaliob":-0.068,"bolussnooze":0,"activity":-6.0E-4,"lastBolusTime":1703370988000,"time":"2023-12-24T02:03:56.862Z","iobWithZeroTemp":{"iob":-0.524,"basaliob":-0.546,"bolussnooze":0,"activity":-0.0049,"lastBolusTime":1703370988000,"time":"2023-12-24T02:03:56.862Z"}},{"iob":-0.043,"basaliob":-0.063,"bolussnooze":0,"activity":-6.0E-4,"lastBolusTime":1703370988000,"time":"2023-12-24T02:08:56.862Z","iobWithZeroTemp":{"iob":-0.522,"basaliob":-0.542,"bolussnooze":0,"activity":-0.005,"lastBolusTime":1703370988000,"time":"2023-12-24T02:08:56.862Z"}},{"iob":-0.04,"basaliob":-0.058,"bolussnooze":0,"activity":-6.0E-4,"lastBolusTime":1703370988000,"time":"2023-12-24T02:13:56.862Z","iobWithZeroTemp":{"iob":-0.52,"basaliob":-0.538,"bolussnooze":0,"activity":-0.005,"lastBolusTime":1703370988000,"time":"2023-12-24T02:13:56.862Z"}},{"iob":-0.036,"basaliob":-0.053,"bolussnooze":0,"activity":-6.0E-4,"lastBolusTime":1703370988000,"time":"2023-12-24T02:18:56.862Z","iobWithZeroTemp":{"iob":-0.517,"basaliob":-0.534,"bolussnooze":0,"activity":-0.005,"lastBolusTime":1703370988000,"time":"2023-12-24T02:18:56.862Z"}},{"iob":-0.034,"basaliob":-0.049,"bolussnooze":0,"activity":-5.0E-4,"lastBolusTime":1703370988000,"time":"2023-12-24T02:23:56.862Z","iobWithZeroTemp":{"iob":-0.515,"basaliob":-0.53,"bolussnooze":0,"activity":-0.0049,"lastBolusTime":1703370988000,"time":"2023-12-24T02:23:56.862Z"}},{"iob":-0.032,"basaliob":-0.045,"bolussnooze":0,"activity":-5.0E-4,"lastBolusTime":1703370988000,"time":"2023-12-24T02:28:56.862Z","iobWithZeroTemp":{"iob":-0.513,"basaliob":-0.526,"bolussnooze":0,"activity":-0.0049,"lastBolusTime":1703370988000,"time":"2023-12-24T02:28:56.862Z"}},{"iob":-0.029,"basaliob":-0.041,"bolussnooze":0,"activity":-4.0E-4,"lastBolusTime":1703370988000,"time":"2023-12-24T02:33:56.862Z","iobWithZeroTemp":{"iob":-0.511,"basaliob":-0.523,"bolussnooze":0,"activity":-0.0049,"lastBolusTime":1703370988000,"time":"2023-12-24T02:33:56.862Z"}},{"iob":-0.027,"basaliob":-0.038,"bolussnooze":0,"activity":-5.0E-4,"lastBolusTime":1703370988000,"time":"2023-12-24T02:38:56.862Z","iobWithZeroTemp":{"iob":-0.509,"basaliob":-0.52,"bolussnooze":0,"activity":-0.005,"lastBolusTime":1703370988000,"time":"2023-12-24T02:38:56.862Z"}},{"iob":-0.025,"basaliob":-0.035,"bolussnooze":0,"activity":-4.0E-4,"lastBolusTime":1703370988000,"time":"2023-12-24T02:43:56.862Z","iobWithZeroTemp":{"iob":-0.507,"basaliob":-0.517,"bolussnooze":0,"activity":-0.0049,"lastBolusTime":1703370988000,"time":"2023-12-24T02:43:56.862Z"}},{"iob":-0.023,"basaliob":-0.032,"bolussnooze":0,"activity":-4.0E-4,"lastBolusTime":1703370988000,"time":"2023-12-24T02:48:56.862Z","iobWithZeroTemp":{"iob":-0.505,"basaliob":-0.514,"bolussnooze":0,"activity":-0.0049,"lastBolusTime":1703370988000,"time":"2023-12-24T02:48:56.862Z"}},{"iob":-0.021,"basaliob":-0.029,"bolussnooze":0,"activity":-3.0E-4,"lastBolusTime":1703370988000,"time":"2023-12-24T02:53:56.862Z","iobWithZeroTemp":{"iob":-0.503,"basaliob":-0.511,"bolussnooze":0,"activity":-0.0048,"lastBolusTime":1703370988000,"time":"2023-12-24T02:53:56.862Z"}},{"iob":-0.02,"basaliob":-0.027,"bolussnooze":0,"activity":-3.0E-4,"lastBolusTime":1703370988000,"time":"2023-12-24T02:58:56.862Z","iobWithZeroTemp":{"iob":-0.502,"basaliob":-0.509,"bolussnooze":0,"activity":-0.0048,"lastBolusTime":1703370988000,"time":"2023-12-24T02:58:56.862Z"}},{"iob":-0.018,"basaliob":-0.024,"bolussnooze":0,"activity":-3.0E-4,"lastBolusTime":1703370988000,"time":"2023-12-24T03:03:56.862Z","iobWithZeroTemp":{"iob":-0.502,"basaliob":-0.508,"bolussnooze":0,"activity":-0.0048,"lastBolusTime":1703370988000,"time":"2023-12-24T03:03:56.862Z"}},{"iob":-0.016,"basaliob":-0.022,"bolussnooze":0,"activity":-3.0E-4,"lastBolusTime":1703370988000,"time":"2023-12-24T03:08:56.862Z","iobWithZeroTemp":{"iob":-0.503,"basaliob":-0.509,"bolussnooze":0,"activity":-0.0048,"lastBolusTime":1703370988000,"time":"2023-12-24T03:08:56.862Z"}},{"iob":-0.015,"basaliob":-0.02,"bolussnooze":0,"activity":-3.0E-4,"lastBolusTime":1703370988000,"time":"2023-12-24T03:13:56.862Z","iobWithZeroTemp":{"iob":-0.504,"basaliob":-0.509,"bolussnooze":0,"activity":-0.0048,"lastBolusTime":1703370988000,"time":"2023-12-24T03:13:56.862Z"}},{"iob":-0.013,"basaliob":-0.018,"bolussnooze":0,"activity":-2.0E-4,"lastBolusTime":1703370988000,"time":"2023-12-24T03:18:56.862Z","iobWithZeroTemp":{"iob":-0.504,"basaliob":-0.509,"bolussnooze":0,"activity":-0.0048,"lastBolusTime":1703370988000,"time":"2023-12-24T03:18:56.862Z"}},{"iob":-0.013,"basaliob":-0.017,"bolussnooze":0,"activity":-2.0E-4,"lastBolusTime":1703370988000,"time":"2023-12-24T03:23:56.862Z","iobWithZeroTemp":{"iob":-0.506,"basaliob":-0.51,"bolussnooze":0,"activity":-0.0048,"lastBolusTime":1703370988000,"time":"2023-12-24T03:23:56.862Z"}}],"profile":{"max_iob":7,"type":"current","max_daily_basal":0.45,"max_basal":1.35,"min_bg":144,"max_bg":144,"target_bg":144,"carb_ratio":11,"sens":369,"max_daily_safety_multiplier":3,"current_basal_safety_multiplier":4,"lgsThreshold":65,"high_temptarget_raises_sensitivity":false,"low_temptarget_lowers_sensitivity":false,"sensitivity_raises_target":true,"resistance_lowers_target":true,"adv_target_adjustments":false,"exercise_mode":false,"half_basal_exercise_target":160,"maxCOB":120,"skip_neutral_temps":false,"remainingCarbsCap":90,"enableUAM":true,"A52_risk_enable":false,"SMBInterval":4,"enableSMB_with_COB":true,"enableSMB_with_temptarget":false,"allowSMB_with_high_temptarget":true,"enableSMB_always":true,"enableSMB_after_carbs":false,"maxSMBBasalMinutes":60,"maxUAMSMBBasalMinutes":60,"bolus_increment":0.05,"carbsReqThreshold":10,"current_basal":0.45,"temptargetSet":true,"autosens_max":1.2,"autosens_min":0.8,"out_units":"mmol\/L","variable_sens":298.1,"insulinDivisor":65,"TDD":10.917718628571425},"autosens_data":{"ratio":1.1590785609214687},"meal_data":{"carbs":0,"mealCOB":0,"slopeFromMaxDeviation":-1.2755,"slopeFromMinDeviation":0.20328571428571424,"lastBolusTime":1703370988000,"lastCarbTime":0},"microBolusAllowed":true,"currentTime":1703374138527,"flatBGsDetected":false,"tdd1D":36.190166666666634,"tdd7D":31.004297619047623,"tddLast24H":35.93641666666664,"tddLast4H":1.1400000000000001,"tddLast8to4H":10.543333333333333},"output":{"temp":"absolute","bg":48,"tick":"+3","eventualBG":121,"targetBG":144,"insulinReq":0,"deliverAt":"2023-12-23T23:28:58.527Z","sensitivityRatio":1.1590785609214687,"variable_sens":298.1,"predBGs":{"IOB":[48,49,51,53,55,57,59,61,63,65,67,69,71,72,74,76,77,79,80,81,83,84,85,86,87,88,89,90,91,91,92,93,93,94,94,95,95,96,96,97,97,97,98,98,98,98,99],"ZT":[48,48,49,51,53,55,57,60,63,66,70,73,77,81,85,89,93,96,100,104,108,112,116,120,124,128,131,135,139,142],"UAM":[48,48,49,51,52,54,55,57,59,61,63,65,67,68,70,72,73,75,76,78,79,80,81,82,84,85,85,86,87,88,89,89,90,90,91,92,92,92,93,93,94,94,94,95,95,95,95,96]},"reason":"COB: 0, Dev: 0.3, BGI: 0.0, ISF: 16.6, CR: 11, Target: 8.0, minPredBG 4.4, minGuardBG 2.7, IOBpredBG 5.5, UAMpredBG 5.3; minGuardBG 2.7<5.1","COB":0,"IOB":-0.224,"duration":30,"rate":0,"timestamp":"2023-12-23T23:28:58.552Z"}}