{"algorithm":"OpenAPSSMBDynamicISFPlugin","input":{"glucoseStatus":{"glucose":117,"noise":0,"delta":-3,"short_avgdelta":-4.17,"long_avgdelta":-4.6,"date":1703636215777},"currenttemp":{"temp":"absolute","duration":25,"rate":0,"minutesrunning":35},"iob_data":[{"iob":0.197,"basaliob":-0.252,"bolussnooze":0,"activity":0.0032,"lastBolusTime":1703633559000,"time":"2023-12-27T00:17:13.696Z","iobWithZeroTemp":{"iob":0.197,"basaliob":-0.252,"bolussnooze":0,"activity":0.0032,"lastBolusTime":1703633559000,"time":"2023-12-27T00:17:13.696Z"}},{"iob":0.182,"basaliob":-0.243,"bolussnooze":0,"activity":0.003,"lastBolusTime":1703633559000,"time":"2023-12-27T00:22:13.696Z","iobWithZeroTemp":{"iob":0.159,"basaliob":-0.266,"bolussnooze":0,"activity":0.003,"lastBolusTime":1703633559000,"time":"2023-12-27T00:22:13.696Z"}},{"iob":0.168,"basaliob":-0.233,"bolussnooze":0,"activity":0.0027,"lastBolusTime":1703633559000,"time":"2023-12-27T00:27:13.696Z","iobWithZeroTemp":{"iob":0.116,"basaliob":-0.285,"bolussnooze":0,"activity":0.0026,"lastBolusTime":1703633559000,"time":"2023-12-27T00:27:13.696Z"}},{"iob":0.155,"basaliob":-0.223,"bolussnooze":0,"activity":0.0025,"lastBolusTime":1703633559000,"time":"2023-12-27T00:32:13.696Z","iobWithZeroTemp":{"iob":0.074,"basaliob":-0.304,"bolussnooze":0,"activity":0.0023,"lastBolusTime":1703633559000,"time":"2023-12-27T00:32:13.696Z"}},{"iob":0.143,"basaliob":-0.213,"bolussnooze":0,"activity":0.0024,"lastBolusTime":1703633559000,"time":"2023-12-27T00:37:13.696Z","iobWithZeroTemp":{"iob":0.034,"basaliob":-0.322,"bolussnooze":0,"activity":0.0021,"lastBolusTime":1703633559000,"time":"2023-12-27T00:37:13.696Z"}},{"iob":0.131,"basaliob":-0.203,"bolussnooze":0,"activity":0.0022,"lastBolusTime":1703633559000,"time":"2023-12-27T00:42:13.696Z","iobWithZeroTemp":{"iob":-0.005,"basaliob":-0.339,"bolussnooze":0,"activity":0.0018,"lastBolusTime":1703633559000,"time":"2023-12-27T00:42:13.696Z"}},{"iob":0.121,"basaliob":-0.193,"bolussnooze":0,"activity":0.002,"lastBolusTime":1703633559000,"time":"2023-12-27T00:47:13.696Z","iobWithZeroTemp":{"iob":-0.042,"basaliob":-0.356,"bolussnooze":0,"activity":0.0014,"lastBolusTime":1703633559000,"time":"2023-12-27T00:47:13.696Z"}},{"iob":0.111,"basaliob":-0.183,"bolussnooze":0,"activity":0.0018,"lastBolusTime":1703633559000,"time":"2023-12-27T00:52:13.696Z","iobWithZeroTemp":{"iob":-0.078,"basaliob":-0.372,"bolussnooze":0,"activity":0.001,"lastBolusTime":1703633559000,"time":"2023-12-27T00:52:13.696Z"}},{"iob":0.103,"basaliob":-0.173,"bolussnooze":0,"activity":0.0017,"lastBolusTime":1703633559000,"time":"2023-12-27T00:57:13.696Z","iobWithZeroTemp":{"iob":-0.111,"basaliob":-0.387,"bolussnooze":0,"activity":7.0E-4,"lastBolusTime":1703633559000,"time":"2023-12-27T00:57:13.696Z"}},{"iob":0.094,"basaliob":-0.164,"bolussnooze":0,"activity":0.0016,"lastBolusTime":1703633559000,"time":"2023-12-27T01:02:13.696Z","iobWithZeroTemp":{"iob":-0.144,"basaliob":-0.402,"bolussnooze":0,"activity":5.0E-4,"lastBolusTime":1703633559000,"time":"2023-12-27T01:02:13.696Z"}},{"iob":0.086,"basaliob":-0.155,"bolussnooze":0,"activity":0.0015,"lastBolusTime":1703633559000,"time":"2023-12-27T01:07:13.696Z","iobWithZeroTemp":{"iob":-0.168,"basaliob":-0.409,"bolussnooze":0,"activity":2.0E-4,"lastBolusTime":1703633559000,"time":"2023-12-27T01:07:13.696Z"}},{"iob":0.079,"basaliob":-0.146,"bolussnooze":0,"activity":0.0014,"lastBolusTime":1703633559000,"time":"2023-12-27T01:12:13.696Z","iobWithZeroTemp":{"iob":-0.191,"basaliob":-0.416,"bolussnooze":0,"activity":-1.0E-4,"lastBolusTime":1703633559000,"time":"2023-12-27T01:12:13.696Z"}},{"iob":0.073,"basaliob":-0.137,"bolussnooze":0,"activity":0.0012,"lastBolusTime":1703633559000,"time":"2023-12-27T01:17:13.696Z","iobWithZeroTemp":{"iob":-0.205,"basaliob":-0.415,"bolussnooze":0,"activity":-5.0E-4,"lastBolusTime":1703633559000,"time":"2023-12-27T01:17:13.696Z"}},{"iob":0.067,"basaliob":-0.129,"bolussnooze":0,"activity":0.0012,"lastBolusTime":1703633559000,"time":"2023-12-27T01:22:13.696Z","iobWithZeroTemp":{"iob":-0.225,"basaliob":-0.421,"bolussnooze":0,"activity":-6.0E-4,"lastBolusTime":1703633559000,"time":"2023-12-27T01:22:13.696Z"}},{"iob":0.061,"basaliob":-0.121,"bolussnooze":0,"activity":0.0011,"lastBolusTime":1703633559000,"time":"2023-12-27T01:27:13.696Z","iobWithZeroTemp":{"iob":-0.244,"basaliob":-0.426,"bolussnooze":0,"activity":-9.0E-4,"lastBolusTime":1703633559000,"time":"2023-12-27T01:27:13.696Z"}},{"iob":0.056,"basaliob":-0.114,"bolussnooze":0,"activity":0.001,"lastBolusTime":1703633559000,"time":"2023-12-27T01:32:13.696Z","iobWithZeroTemp":{"iob":-0.261,"basaliob":-0.431,"bolussnooze":0,"activity":-0.0012,"lastBolusTime":1703633559000,"time":"2023-12-27T01:32:13.696Z"}},{"iob":0.052,"basaliob":-0.106,"bolussnooze":0,"activity":9.0E-4,"lastBolusTime":1703633559000,"time":"2023-12-27T01:37:13.696Z","iobWithZeroTemp":{"iob":-0.276,"basaliob":-0.434,"bolussnooze":0,"activity":-0.0014,"lastBolusTime":1703633559000,"time":"2023-12-27T01:37:13.696Z"}},{"iob":0.047,"basaliob":-0.1,"bolussnooze":0,"activity":9.0E-4,"lastBolusTime":1703633559000,"time":"2023-12-27T01:42:13.696Z","iobWithZeroTemp":{"iob":-0.292,"basaliob":-0.439,"bolussnooze":0,"activity":-0.0015,"lastBolusTime":1703633559000,"time":"2023-12-27T01:42:13.696Z"}},{"iob":0.043,"basaliob":-0.093,"bolussnooze":0,"activity":7.0E-4,"lastBolusTime":1703633559000,"time":"2023-12-27T01:47:13.696Z","iobWithZeroTemp":{"iob":-0.306,"basaliob":-0.442,"bolussnooze":0,"activity":-0.0019,"lastBolusTime":1703633559000,"time":"2023-12-27T01:47:13.696Z"}},{"iob":0.039,"basaliob":-0.087,"bolussnooze":0,"activity":7.0E-4,"lastBolusTime":1703633559000,"time":"2023-12-27T01:52:13.696Z","iobWithZeroTemp":{"iob":-0.319,"basaliob":-0.445,"bolussnooze":0,"activity":-0.002,"lastBolusTime":1703633559000,"time":"2023-12-27T01:52:13.696Z"}},{"iob":0.036,"basaliob":-0.081,"bolussnooze":0,"activity":7.0E-4,"lastBolusTime":1703633559000,"time":"2023-12-27T01:57:13.696Z","iobWithZeroTemp":{"iob":-0.331,"basaliob":-0.448,"bolussnooze":0,"activity":-0.0021,"lastBolusTime":1703633559000,"time":"2023-12-27T01:57:13.696Z"}},{"iob":0.032,"basaliob":-0.076,"bolussnooze":0,"activity":6.0E-4,"lastBolusTime":1703633559000,"time":"2023-12-27T02:02:13.696Z","iobWithZeroTemp":{"iob":-0.343,"basaliob":-0.451,"bolussnooze":0,"activity":-0.0023,"lastBolusTime":1703633559000,"time":"2023-12-27T02:02:13.696Z"}},{"iob":0.03,"basaliob":-0.07,"bolussnooze":0,"activity":6.0E-4,"lastBolusTime":1703633559000,"time":"2023-12-27T02:07:13.696Z","iobWithZeroTemp":{"iob":-0.353,"basaliob":-0.453,"bolussnooze":0,"activity":-0.0024,"lastBolusTime":1703633559000,"time":"2023-12-27T02:07:13.696Z"}},{"iob":0.027,"basaliob":-0.066,"bolussnooze":0,"activity":6.0E-4,"lastBolusTime":1703633559000,"time":"2023-12-27T02:12:13.696Z","iobWithZeroTemp":{"iob":-0.363,"basaliob":-0.456,"bolussnooze":0,"activity":-0.0025,"lastBolusTime":1703633559000,"time":"2023-12-27T02:12:13.696Z"}},{"iob":0.025,"basaliob":-0.061,"bolussnooze":0,"activity":5.0E-4,"lastBolusTime":1703633559000,"time":"2023-12-27T02:17:13.696Z","iobWithZeroTemp":{"iob":-0.372,"basaliob":-0.458,"bolussnooze":0,"activity":-0.0027,"lastBolusTime":1703633559000,"time":"2023-12-27T02:17:13.696Z"}},{"iob":0.022,"basaliob":-0.057,"bolussnooze":0,"activity":5.0E-4,"lastBolusTime":1703633559000,"time":"2023-12-27T02:22:13.696Z","iobWithZeroTemp":{"iob":-0.381,"basaliob":-0.46,"bolussnooze":0,"activity":-0.0028,"lastBolusTime":1703633559000,"time":"2023-12-27T02:22:13.696Z"}},{"iob":0.02,"basaliob":-0.053,"bolussnooze":0,"activity":4.0E-4,"lastBolusTime":1703633559000,"time":"2023-12-27T02:27:13.696Z","iobWithZeroTemp":{"iob":-0.388,"basaliob":-0.461,"bolussnooze":0,"activity":-0.003,"lastBolusTime":1703633559000,"time":"2023-12-27T02:27:13.696Z"}},{"iob":0.019,"basaliob":-0.049,"bolussnooze":0,"activity":4.0E-4,"lastBolusTime":1703633559000,"time":"2023-12-27T02:32:13.696Z","iobWithZeroTemp":{"iob":-0.395,"basaliob":-0.463,"bolussnooze":0,"activity":-0.0031,"lastBolusTime":1703633559000,"time":"2023-12-27T02:32:13.696Z"}},{"iob":0.017,"basaliob":-0.045,"bolussnooze":0,"activity":3.0E-4,"lastBolusTime":1703633559000,"time":"2023-12-27T02:37:13.696Z","iobWithZeroTemp":{"iob":-0.402,"basaliob":-0.464,"bolussnooze":0,"activity":-0.0033,"lastBolusTime":1703633559000,"time":"2023-12-27T02:37:13.696Z"}},{"iob":0.015,"basaliob":-0.042,"bolussnooze":0,"activity":3.0E-4,"lastBolusTime":1703633559000,"time":"2023-12-27T02:42:13.696Z","iobWithZeroTemp":{"iob":-0.408,"basaliob":-0.465,"bolussnooze":0,"activity":-0.0033,"lastBolusTime":1703633559000,"time":"2023-12-27T02:42:13.696Z"}},{"iob":0.014,"basaliob":-0.039,"bolussnooze":0,"activity":3.0E-4,"lastBolusTime":1703633559000,"time":"2023-12-27T02:47:13.696Z","iobWithZeroTemp":{"iob":-0.414,"basaliob":-0.467,"bolussnooze":0,"activity":-0.0034,"lastBolusTime":1703633559000,"time":"2023-12-27T02:47:13.696Z"}},{"iob":0.013,"basaliob":-0.036,"bolussnooze":0,"activity":2.0E-4,"lastBolusTime":1703633559000,"time":"2023-12-27T02:52:13.696Z","iobWithZeroTemp":{"iob":-0.418,"basaliob":-0.467,"bolussnooze":0,"activity":-0.0035,"lastBolusTime":1703633559000,"time":"2023-12-27T02:52:13.696Z"}},{"iob":0.012,"basaliob":-0.033,"bolussnooze":0,"activity":3.0E-4,"lastBolusTime":1703633559000,"time":"2023-12-27T02:57:13.696Z","iobWithZeroTemp":{"iob":-0.423,"basaliob":-0.468,"bolussnooze":0,"activity":-0.0035,"lastBolusTime":1703633559000,"time":"2023-12-27T02:57:13.696Z"}},{"iob":0.01,"basaliob":-0.031,"bolussnooze":0,"activity":2.0E-4,"lastBolusTime":1703633559000,"time":"2023-12-27T03:02:13.696Z","iobWithZeroTemp":{"iob":-0.429,"basaliob":-0.47,"bolussnooze":0,"activity":-0.0037,"lastBolusTime":1703633559000,"time":"2023-12-27T03:02:13.696Z"}},{"iob":0.01,"basaliob":-0.028,"bolussnooze":0,"activity":1.0E-4,"lastBolusTime":1703633559000,"time":"2023-12-27T03:07:13.696Z","iobWithZeroTemp":{"iob":-0.434,"basaliob":-0.472,"bolussnooze":0,"activity":-0.0038,"lastBolusTime":1703633559000,"time":"2023-12-27T03:07:13.696Z"}},{"iob":0.009,"basaliob":-0.026,"bolussnooze":0,"activity":2.0E-4,"lastBolusTime":1703633559000,"time":"2023-12-27T03:12:13.696Z","iobWithZeroTemp":{"iob":-0.44,"basaliob":-0.475,"bolussnooze":0,"activity":-0.0038,"lastBolusTime":1703633559000,"time":"2023-12-27T03:12:13.696Z"}},{"iob":0.008,"basaliob":-0.024,"bolussnooze":0,"activity":2.0E-4,"lastBolusTime":1703633559000,"time":"2023-12-27T03:17:13.696Z","iobWithZeroTemp":{"iob":-0.447,"basaliob":-0.479,"bolussnooze":0,"activity":-0.0038,"lastBolusTime":1703633559000,"time":"2023-12-27T03:17:13.696Z"}},{"iob":0.007,"basaliob":-0.022,"bolussnooze":0,"activity":1.0E-4,"lastBolusTime":1703633559000,"time":"2023-12-27T03:22:13.696Z","iobWithZeroTemp":{"iob":-0.452,"basaliob":-0.481,"bolussnooze":0,"activity":-0.004,"lastBolusTime":1703633559000,"time":"2023-12-27T03:22:13.696Z"}},{"iob":0.007,"basaliob":-0.02,"bolussnooze":0,"activity":2.0E-4,"lastBolusTime":1703633559000,"time":"2023-12-27T03:27:13.696Z","iobWithZeroTemp":{"iob":-0.457,"basaliob":-0.484,"bolussnooze":0,"activity":-0.0039,"lastBolusTime":1703633559000,"time":"2023-12-27T03:27:13.696Z"}},{"iob":0.006,"basaliob":-0.019,"bolussnooze":0,"activity":1.0E-4,"lastBolusTime":1703633559000,"time":"2023-12-27T03:32:13.696Z","iobWithZeroTemp":{"iob":-0.462,"basaliob":-0.487,"bolussnooze":0,"activity":-0.0041,"lastBolusTime":1703633559000,"time":"2023-12-27T03:32:13.696Z"}},{"iob":0.005,"basaliob":-0.017,"bolussnooze":0,"activity":1.0E-4,"lastBolusTime":1703633559000,"time":"2023-12-27T03:37:13.696Z","iobWithZeroTemp":{"iob":-0.467,"basaliob":-0.489,"bolussnooze":0,"activity":-0.0041,"lastBolusTime":1703633559000,"time":"2023-12-27T03:37:13.696Z"}},{"iob":0.004,"basaliob":-0.016,"bolussnooze":0,"activity":1.0E-4,"lastBolusTime":1703633559000,"time":"2023-12-27T03:42:13.696Z","iobWithZeroTemp":{"iob":-0.472,"basaliob":-0.492,"bolussnooze":0,"activity":-0.0041,"lastBolusTime":1703633559000,"time":"2023-12-27T03:42:13.696Z"}},{"iob":0.005,"basaliob":-0.014,"bolussnooze":0,"activity":1.0E-4,"lastBolusTime":1703633559000,"time":"2023-12-27T03:47:13.696Z","iobWithZeroTemp":{"iob":-0.475,"basaliob":-0.494,"bolussnooze":0,"activity":-0.0042,"lastBolusTime":1703633559000,"time":"2023-12-27T03:47:13.696Z"}},{"iob":0.004,"basaliob":-0.013,"bolussnooze":0,"activity":1.0E-4,"lastBolusTime":1703633559000,"time":"2023-12-27T03:52:13.696Z","iobWithZeroTemp":{"iob":-0.479,"basaliob":-0.496,"bolussnooze":0,"activity":-0.0042,"lastBolusTime":1703633559000,"time":"2023-12-27T03:52:13.696Z"}},{"iob":0.004,"basaliob":-0.012,"bolussnooze":0,"activity":1.0E-4,"lastBolusTime":1703633559000,"time":"2023-12-27T03:57:13.696Z","iobWithZeroTemp":{"iob":-0.484,"basaliob":-0.5,"bolussnooze":0,"activity":-0.0043,"lastBolusTime":1703633559000,"time":"2023-12-27T03:57:13.696Z"}},{"iob":0.003,"basaliob":-0.011,"bolussnooze":0,"activity":1.0E-4,"lastBolusTime":1703633559000,"time":"2023-12-27T04:02:13.696Z","iobWithZeroTemp":{"iob":-0.488,"basaliob":-0.502,"bolussnooze":0,"activity":-0.0043,"lastBolusTime":1703633559000,"time":"2023-12-27T04:02:13.696Z"}},{"iob":0.003,"basaliob":-0.01,"bolussnooze":0,"activity":0,"lastBolusTime":1703633559000,"time":"2023-12-27T04:07:13.696Z","iobWithZeroTemp":{"iob":-0.499,"basaliob":-0.512,"bolussnooze":0,"activity":-0.0045,"lastBolusTime":1703633559000,"time":"2023-12-27T04:07:13.696Z"}},{"iob":0.003,"basaliob":-0.009,"bolussnooze":0,"activity":0,"lastBolusTime":1703633559000,"time":"2023-12-27T04:12:13.696Z","iobWithZeroTemp":{"iob":-0.51,"basaliob":-0.522,"bolussnooze":0,"activity":-0.0045,"lastBolusTime":1703633559000,"time":"2023-12-27T04:12:13.696Z"}}],"profile":{"max_iob":7,"type":"current","max_daily_basal":0.45,"max_basal":1.35,"min_bg":106.2,"max_bg":106.2,"target_bg":106.2,"carb_ratio":11,"sens":369,"max_daily_safety_multiplier":3,"current_basal_safety_multiplier":4,"lgsThreshold":65,"high_temptarget_raises_sensitivity":false,"low_temptarget_lowers_sensitivity":false,"sensitivity_raises_target":true,"resistance_lowers_target":true,"adv_target_adjustments":false,"exercise_mode":false,"half_basal_exercise_target":160,"maxCOB":120,"skip_neutral_temps":false,"remainingCarbsCap":90,"enableUAM":true,"A52_risk_enable":false,"SMBInterval":4,"enableSMB_with_COB":true,"enableSMB_with_temptarget":false,"allowSMB_with_high_temptarget":true,"enableSMB_always":true,"enableSMB_after_carbs":false,"maxSMBBasalMinutes":60,"maxUAMSMBBasalMinutes":60,"bolus_increment":0.05,"carbsReqThreshold":10,"current_basal":0.35,"temptargetSet":false,"autosens_max":1.2,"autosens_min":0.8,"out_units":"mmol\/L","variable_sens":182.8,"insulinDivisor":65,"TDD":9.564493083333334},"autosens_data":{"ratio":0.9503119219923014},"meal_data":{"carbs":5,"mealCOB":0,"slopeFromMaxDeviation":-0.8847499999999999,"slopeFromMinDeviation":0.31899999999999995,"lastBolusTime":1703633559000,"lastCarbTime":1703622476000},"microBolusAllowed":true,"currentTime":1703636235866,"flatBGsDetected":false,"tdd1D":30.685750000000006,"tdd7D":32.38752380952381,"tddLast24H":30.77825,"tddLast4H":1.7254166666666668,"tddLast8to4H":6.393333333333333},"output":{"temp":"absolute","bg":117,"tick":-3,"eventualBG":71,"targetBG":109,"insulinReq":0,"deliverAt":"2023-12-27T00:17:15.866Z","sensitivityRatio":0.9503119219923014,"variable_sens":182.8,"predBGs":{"IOB":[117,113,109,106,102,99,97,94,92,90,88,86,84,83,82,80,79,78,77,76,75,74,74,73,72,72,71,70,70,70,69,69,69,68,68,68,67,67,67,67,67,67,66],"ZT":[117,114,111,109,107,105,103,101,100,100,99,99,99,100,100,101,102,104,105,107,109]},"reason":"COB: 0, Dev: -0.6, BGI: -0.2, ISF: 10.2, CR: 11, Target: 6.1, minPredBG 3.9, minGuardBG 3.7, IOBpredBG 3.7; minGuardBG 3.7<4.1 25m left and 0 ~ req 0U\/hr: no temp required","COB":0,"IOB":0.197,"timestamp":"2023-12-27T00:17:15.891Z"}}