{"algorithm":"OpenAPSSMBDynamicISFPlugin","input":{"glucoseStatus":{"glucose":151,"noise":0,"delta":1,"short_avgdelta":1.5,"long_avgdelta":3.4,"date":1703633211126},"currenttemp":{"temp":"absolute","duration":10,"rate":0.495,"minutesrunning":5},"iob_data":[{"iob":0.394,"basaliob":-0.161,"bolussnooze":0,"activity":0.0021,"lastBolusTime":1703632639000,"time":"2023-12-26T23:27:13.215Z","iobWithZeroTemp":{"iob":0.394,"basaliob":-0.161,"bolussnooze":0,"activity":0.0021,"lastBolusTime":1703632639000,"time":"2023-12-26T23:27:13.215Z"}},{"iob":0.383,"basaliob":-0.149,"bolussnooze":0,"activity":0.0023,"lastBolusTime":1703632639000,"time":"2023-12-26T23:32:13.215Z","iobWithZeroTemp":{"iob":0.353,"basaliob":-0.179,"bolussnooze":0,"activity":0.0023,"lastBolusTime":1703632639000,"time":"2023-12-26T23:32:13.215Z"}},{"iob":0.371,"basaliob":-0.137,"bolussnooze":0,"activity":0.0025,"lastBolusTime":1703632639000,"time":"2023-12-26T23:37:13.215Z","iobWithZeroTemp":{"iob":0.304,"basaliob":-0.204,"bolussnooze":0,"activity":0.0024,"lastBolusTime":1703632639000,"time":"2023-12-26T23:37:13.215Z"}},{"iob":0.357,"basaliob":-0.127,"bolussnooze":0,"activity":0.0026,"lastBolusTime":1703632639000,"time":"2023-12-26T23:42:13.215Z","iobWithZeroTemp":{"iob":0.253,"basaliob":-0.231,"bolussnooze":0,"activity":0.0024,"lastBolusTime":1703632639000,"time":"2023-12-26T23:42:13.215Z"}},{"iob":0.344,"basaliob":-0.117,"bolussnooze":0,"activity":0.0028,"lastBolusTime":1703632639000,"time":"2023-12-26T23:47:13.215Z","iobWithZeroTemp":{"iob":0.204,"basaliob":-0.257,"bolussnooze":0,"activity":0.0024,"lastBolusTime":1703632639000,"time":"2023-12-26T23:47:13.215Z"}},{"iob":0.33,"basaliob":-0.108,"bolussnooze":0,"activity":0.0028,"lastBolusTime":1703632639000,"time":"2023-12-26T23:52:13.215Z","iobWithZeroTemp":{"iob":0.155,"basaliob":-0.283,"bolussnooze":0,"activity":0.0022,"lastBolusTime":1703632639000,"time":"2023-12-26T23:52:13.215Z"}},{"iob":0.316,"basaliob":-0.099,"bolussnooze":0,"activity":0.0029,"lastBolusTime":1703632639000,"time":"2023-12-26T23:57:13.215Z","iobWithZeroTemp":{"iob":0.106,"basaliob":-0.309,"bolussnooze":0,"activity":0.0021,"lastBolusTime":1703632639000,"time":"2023-12-26T23:57:13.215Z"}},{"iob":0.302,"basaliob":-0.091,"bolussnooze":0,"activity":0.0029,"lastBolusTime":1703632639000,"time":"2023-12-27T00:02:13.215Z","iobWithZeroTemp":{"iob":0.059,"basaliob":-0.334,"bolussnooze":0,"activity":0.0019,"lastBolusTime":1703632639000,"time":"2023-12-27T00:02:13.215Z"}},{"iob":0.287,"basaliob":-0.084,"bolussnooze":0,"activity":0.0029,"lastBolusTime":1703632639000,"time":"2023-12-27T00:07:13.215Z","iobWithZeroTemp":{"iob":0.02,"basaliob":-0.351,"bolussnooze":0,"activity":0.0017,"lastBolusTime":1703632639000,"time":"2023-12-27T00:07:13.215Z"}},{"iob":0.273,"basaliob":-0.077,"bolussnooze":0,"activity":0.0028,"lastBolusTime":1703632639000,"time":"2023-12-27T00:12:13.215Z","iobWithZeroTemp":{"iob":-0.008,"basaliob":-0.358,"bolussnooze":0,"activity":0.0014,"lastBolusTime":1703632639000,"time":"2023-12-27T00:12:13.215Z"}},{"iob":0.258,"basaliob":-0.071,"bolussnooze":0,"activity":0.0028,"lastBolusTime":1703632639000,"time":"2023-12-27T00:17:13.215Z","iobWithZeroTemp":{"iob":-0.045,"basaliob":-0.374,"bolussnooze":0,"activity":0.0012,"lastBolusTime":1703632639000,"time":"2023-12-27T00:17:13.215Z"}},{"iob":0.245,"basaliob":-0.065,"bolussnooze":0,"activity":0.0027,"lastBolusTime":1703632639000,"time":"2023-12-27T00:22:13.215Z","iobWithZeroTemp":{"iob":-0.078,"basaliob":-0.388,"bolussnooze":0,"activity":8.0E-4,"lastBolusTime":1703632639000,"time":"2023-12-27T00:22:13.215Z"}},{"iob":0.232,"basaliob":-0.059,"bolussnooze":0,"activity":0.0027,"lastBolusTime":1703632639000,"time":"2023-12-27T00:27:13.215Z","iobWithZeroTemp":{"iob":-0.111,"basaliob":-0.402,"bolussnooze":0,"activity":6.0E-4,"lastBolusTime":1703632639000,"time":"2023-12-27T00:27:13.215Z"}},{"iob":0.219,"basaliob":-0.054,"bolussnooze":0,"activity":0.0025,"lastBolusTime":1703632639000,"time":"2023-12-27T00:32:13.215Z","iobWithZeroTemp":{"iob":-0.142,"basaliob":-0.415,"bolussnooze":0,"activity":2.0E-4,"lastBolusTime":1703632639000,"time":"2023-12-27T00:32:13.215Z"}},{"iob":0.206,"basaliob":-0.05,"bolussnooze":0,"activity":0.0024,"lastBolusTime":1703632639000,"time":"2023-12-27T00:37:13.215Z","iobWithZeroTemp":{"iob":-0.173,"basaliob":-0.429,"bolussnooze":0,"activity":-1.0E-4,"lastBolusTime":1703632639000,"time":"2023-12-27T00:37:13.215Z"}},{"iob":0.194,"basaliob":-0.046,"bolussnooze":0,"activity":0.0024,"lastBolusTime":1703632639000,"time":"2023-12-27T00:42:13.215Z","iobWithZeroTemp":{"iob":-0.201,"basaliob":-0.441,"bolussnooze":0,"activity":-3.0E-4,"lastBolusTime":1703632639000,"time":"2023-12-27T00:42:13.215Z"}},{"iob":0.182,"basaliob":-0.042,"bolussnooze":0,"activity":0.0022,"lastBolusTime":1703632639000,"time":"2023-12-27T00:47:13.215Z","iobWithZeroTemp":{"iob":-0.228,"basaliob":-0.452,"bolussnooze":0,"activity":-6.0E-4,"lastBolusTime":1703632639000,"time":"2023-12-27T00:47:13.215Z"}},{"iob":0.172,"basaliob":-0.038,"bolussnooze":0,"activity":0.0022,"lastBolusTime":1703632639000,"time":"2023-12-27T00:52:13.215Z","iobWithZeroTemp":{"iob":-0.253,"basaliob":-0.463,"bolussnooze":0,"activity":-8.0E-4,"lastBolusTime":1703632639000,"time":"2023-12-27T00:52:13.215Z"}},{"iob":0.161,"basaliob":-0.035,"bolussnooze":0,"activity":0.0021,"lastBolusTime":1703632639000,"time":"2023-12-27T00:57:13.215Z","iobWithZeroTemp":{"iob":-0.278,"basaliob":-0.474,"bolussnooze":0,"activity":-0.0011,"lastBolusTime":1703632639000,"time":"2023-12-27T00:57:13.215Z"}},{"iob":0.15,"basaliob":-0.032,"bolussnooze":0,"activity":0.002,"lastBolusTime":1703632639000,"time":"2023-12-27T01:02:13.215Z","iobWithZeroTemp":{"iob":-0.301,"basaliob":-0.483,"bolussnooze":0,"activity":-0.0014,"lastBolusTime":1703632639000,"time":"2023-12-27T01:02:13.215Z"}},{"iob":0.141,"basaliob":-0.029,"bolussnooze":0,"activity":0.0019,"lastBolusTime":1703632639000,"time":"2023-12-27T01:07:13.215Z","iobWithZeroTemp":{"iob":-0.316,"basaliob":-0.486,"bolussnooze":0,"activity":-0.0016,"lastBolusTime":1703632639000,"time":"2023-12-27T01:07:13.215Z"}},{"iob":0.132,"basaliob":-0.026,"bolussnooze":0,"activity":0.0018,"lastBolusTime":1703632639000,"time":"2023-12-27T01:12:13.215Z","iobWithZeroTemp":{"iob":-0.329,"basaliob":-0.487,"bolussnooze":0,"activity":-0.0018,"lastBolusTime":1703632639000,"time":"2023-12-27T01:12:13.215Z"}},{"iob":0.123,"basaliob":-0.024,"bolussnooze":0,"activity":0.0016,"lastBolusTime":1703632639000,"time":"2023-12-27T01:17:13.215Z","iobWithZeroTemp":{"iob":-0.343,"basaliob":-0.49,"bolussnooze":0,"activity":-0.0022,"lastBolusTime":1703632639000,"time":"2023-12-27T01:17:13.215Z"}},{"iob":0.115,"basaliob":-0.022,"bolussnooze":0,"activity":0.0016,"lastBolusTime":1703632639000,"time":"2023-12-27T01:22:13.215Z","iobWithZeroTemp":{"iob":-0.354,"basaliob":-0.491,"bolussnooze":0,"activity":-0.0023,"lastBolusTime":1703632639000,"time":"2023-12-27T01:22:13.215Z"}},{"iob":0.107,"basaliob":-0.02,"bolussnooze":0,"activity":0.0015,"lastBolusTime":1703632639000,"time":"2023-12-27T01:27:13.215Z","iobWithZeroTemp":{"iob":-0.365,"basaliob":-0.492,"bolussnooze":0,"activity":-0.0025,"lastBolusTime":1703632639000,"time":"2023-12-27T01:27:13.215Z"}},{"iob":0.1,"basaliob":-0.018,"bolussnooze":0,"activity":0.0014,"lastBolusTime":1703632639000,"time":"2023-12-27T01:32:13.215Z","iobWithZeroTemp":{"iob":-0.374,"basaliob":-0.492,"bolussnooze":0,"activity":-0.0026,"lastBolusTime":1703632639000,"time":"2023-12-27T01:32:13.215Z"}},{"iob":0.093,"basaliob":-0.016,"bolussnooze":0,"activity":0.0014,"lastBolusTime":1703632639000,"time":"2023-12-27T01:37:13.215Z","iobWithZeroTemp":{"iob":-0.378,"basaliob":-0.487,"bolussnooze":0,"activity":-0.0027,"lastBolusTime":1703632639000,"time":"2023-12-27T01:37:13.215Z"}},{"iob":0.086,"basaliob":-0.015,"bolussnooze":0,"activity":0.0013,"lastBolusTime":1703632639000,"time":"2023-12-27T01:42:13.215Z","iobWithZeroTemp":{"iob":-0.387,"basaliob":-0.488,"bolussnooze":0,"activity":-0.0028,"lastBolusTime":1703632639000,"time":"2023-12-27T01:42:13.215Z"}},{"iob":0.081,"basaliob":-0.013,"bolussnooze":0,"activity":0.0011,"lastBolusTime":1703632639000,"time":"2023-12-27T01:47:13.215Z","iobWithZeroTemp":{"iob":-0.394,"basaliob":-0.488,"bolussnooze":0,"activity":-0.0031,"lastBolusTime":1703632639000,"time":"2023-12-27T01:47:13.215Z"}},{"iob":0.075,"basaliob":-0.012,"bolussnooze":0,"activity":0.0012,"lastBolusTime":1703632639000,"time":"2023-12-27T01:52:13.215Z","iobWithZeroTemp":{"iob":-0.401,"basaliob":-0.488,"bolussnooze":0,"activity":-0.003,"lastBolusTime":1703632639000,"time":"2023-12-27T01:52:13.215Z"}},{"iob":0.069,"basaliob":-0.011,"bolussnooze":0,"activity":0.0011,"lastBolusTime":1703632639000,"time":"2023-12-27T01:57:13.215Z","iobWithZeroTemp":{"iob":-0.408,"basaliob":-0.488,"bolussnooze":0,"activity":-0.0032,"lastBolusTime":1703632639000,"time":"2023-12-27T01:57:13.215Z"}},{"iob":0.064,"basaliob":-0.01,"bolussnooze":0,"activity":0.001,"lastBolusTime":1703632639000,"time":"2023-12-27T02:02:13.215Z","iobWithZeroTemp":{"iob":-0.414,"basaliob":-0.488,"bolussnooze":0,"activity":-0.0033,"lastBolusTime":1703632639000,"time":"2023-12-27T02:02:13.215Z"}},{"iob":0.06,"basaliob":-0.009,"bolussnooze":0,"activity":9.0E-4,"lastBolusTime":1703632639000,"time":"2023-12-27T02:07:13.215Z","iobWithZeroTemp":{"iob":-0.419,"basaliob":-0.488,"bolussnooze":0,"activity":-0.0035,"lastBolusTime":1703632639000,"time":"2023-12-27T02:07:13.215Z"}},{"iob":0.055,"basaliob":-0.008,"bolussnooze":0,"activity":8.0E-4,"lastBolusTime":1703632639000,"time":"2023-12-27T02:12:13.215Z","iobWithZeroTemp":{"iob":-0.425,"basaliob":-0.488,"bolussnooze":0,"activity":-0.0036,"lastBolusTime":1703632639000,"time":"2023-12-27T02:12:13.215Z"}},{"iob":0.051,"basaliob":-0.007,"bolussnooze":0,"activity":7.0E-4,"lastBolusTime":1703632639000,"time":"2023-12-27T02:17:13.215Z","iobWithZeroTemp":{"iob":-0.43,"basaliob":-0.488,"bolussnooze":0,"activity":-0.0037,"lastBolusTime":1703632639000,"time":"2023-12-27T02:17:13.215Z"}},{"iob":0.048,"basaliob":-0.006,"bolussnooze":0,"activity":8.0E-4,"lastBolusTime":1703632639000,"time":"2023-12-27T02:22:13.215Z","iobWithZeroTemp":{"iob":-0.433,"basaliob":-0.487,"bolussnooze":0,"activity":-0.0036,"lastBolusTime":1703632639000,"time":"2023-12-27T02:22:13.215Z"}},{"iob":0.044,"basaliob":-0.006,"bolussnooze":0,"activity":7.0E-4,"lastBolusTime":1703632639000,"time":"2023-12-27T02:27:13.215Z","iobWithZeroTemp":{"iob":-0.437,"basaliob":-0.487,"bolussnooze":0,"activity":-0.0037,"lastBolusTime":1703632639000,"time":"2023-12-27T02:27:13.215Z"}},{"iob":0.041,"basaliob":-0.005,"bolussnooze":0,"activity":7.0E-4,"lastBolusTime":1703632639000,"time":"2023-12-27T02:32:13.215Z","iobWithZeroTemp":{"iob":-0.441,"basaliob":-0.487,"bolussnooze":0,"activity":-0.0038,"lastBolusTime":1703632639000,"time":"2023-12-27T02:32:13.215Z"}},{"iob":0.037,"basaliob":-0.005,"bolussnooze":0,"activity":6.0E-4,"lastBolusTime":1703632639000,"time":"2023-12-27T02:37:13.215Z","iobWithZeroTemp":{"iob":-0.445,"basaliob":-0.487,"bolussnooze":0,"activity":-0.0039,"lastBolusTime":1703632639000,"time":"2023-12-27T02:37:13.215Z"}},{"iob":0.035,"basaliob":-0.004,"bolussnooze":0,"activity":5.0E-4,"lastBolusTime":1703632639000,"time":"2023-12-27T02:42:13.215Z","iobWithZeroTemp":{"iob":-0.447,"basaliob":-0.486,"bolussnooze":0,"activity":-0.004,"lastBolusTime":1703632639000,"time":"2023-12-27T02:42:13.215Z"}},{"iob":0.031,"basaliob":-0.004,"bolussnooze":0,"activity":5.0E-4,"lastBolusTime":1703632639000,"time":"2023-12-27T02:47:13.215Z","iobWithZeroTemp":{"iob":-0.451,"basaliob":-0.486,"bolussnooze":0,"activity":-0.004,"lastBolusTime":1703632639000,"time":"2023-12-27T02:47:13.215Z"}},{"iob":0.03,"basaliob":-0.003,"bolussnooze":0,"activity":5.0E-4,"lastBolusTime":1703632639000,"time":"2023-12-27T02:52:13.215Z","iobWithZeroTemp":{"iob":-0.452,"basaliob":-0.485,"bolussnooze":0,"activity":-0.004,"lastBolusTime":1703632639000,"time":"2023-12-27T02:52:13.215Z"}},{"iob":0.027,"basaliob":-0.003,"bolussnooze":0,"activity":4.0E-4,"lastBolusTime":1703632639000,"time":"2023-12-27T02:57:13.215Z","iobWithZeroTemp":{"iob":-0.455,"basaliob":-0.485,"bolussnooze":0,"activity":-0.0041,"lastBolusTime":1703632639000,"time":"2023-12-27T02:57:13.215Z"}},{"iob":0.024,"basaliob":-0.003,"bolussnooze":0,"activity":4.0E-4,"lastBolusTime":1703632639000,"time":"2023-12-27T03:02:13.215Z","iobWithZeroTemp":{"iob":-0.458,"basaliob":-0.485,"bolussnooze":0,"activity":-0.0041,"lastBolusTime":1703632639000,"time":"2023-12-27T03:02:13.215Z"}},{"iob":0.023,"basaliob":-0.002,"bolussnooze":0,"activity":3.0E-4,"lastBolusTime":1703632639000,"time":"2023-12-27T03:07:13.215Z","iobWithZeroTemp":{"iob":-0.461,"basaliob":-0.486,"bolussnooze":0,"activity":-0.0042,"lastBolusTime":1703632639000,"time":"2023-12-27T03:07:13.215Z"}},{"iob":0.021,"basaliob":-0.002,"bolussnooze":0,"activity":3.0E-4,"lastBolusTime":1703632639000,"time":"2023-12-27T03:12:13.215Z","iobWithZeroTemp":{"iob":-0.465,"basaliob":-0.488,"bolussnooze":0,"activity":-0.0042,"lastBolusTime":1703632639000,"time":"2023-12-27T03:12:13.215Z"}},{"iob":0.019,"basaliob":-0.002,"bolussnooze":0,"activity":4.0E-4,"lastBolusTime":1703632639000,"time":"2023-12-27T03:17:13.215Z","iobWithZeroTemp":{"iob":-0.47,"basaliob":-0.491,"bolussnooze":0,"activity":-0.0042,"lastBolusTime":1703632639000,"time":"2023-12-27T03:17:13.215Z"}},{"iob":0.018,"basaliob":-0.001,"bolussnooze":0,"activity":3.0E-4,"lastBolusTime":1703632639000,"time":"2023-12-27T03:22:13.215Z","iobWithZeroTemp":{"iob":-0.473,"basaliob":-0.492,"bolussnooze":0,"activity":-0.0043,"lastBolusTime":1703632639000,"time":"2023-12-27T03:22:13.215Z"}}],"profile":{"max_iob":7,"type":"current","max_daily_basal":0.45,"max_basal":1.35,"min_bg":106.2,"max_bg":106.2,"target_bg":106.2,"carb_ratio":11,"sens":369,"max_daily_safety_multiplier":3,"current_basal_safety_multiplier":4,"lgsThreshold":65,"high_temptarget_raises_sensitivity":false,"low_temptarget_lowers_sensitivity":false,"sensitivity_raises_target":true,"resistance_lowers_target":true,"adv_target_adjustments":false,"exercise_mode":false,"half_basal_exercise_target":160,"maxCOB":120,"skip_neutral_temps":false,"remainingCarbsCap":90,"enableUAM":true,"A52_risk_enable":false,"SMBInterval":4,"enableSMB_with_COB":true,"enableSMB_with_temptarget":false,"allowSMB_with_high_temptarget":true,"enableSMB_always":true,"enableSMB_after_carbs":false,"maxSMBBasalMinutes":60,"maxUAMSMBBasalMinutes":60,"bolus_increment":0.05,"carbsReqThreshold":10,"current_basal":0.45,"temptargetSet":false,"autosens_max":1.2,"autosens_min":0.8,"out_units":"mmol\/L","variable_sens":157.3,"insulinDivisor":65,"TDD":9.530276208333333},"autosens_data":{"ratio":0.9458734844987341},"meal_data":{"carbs":5,"mealCOB":0,"slopeFromMaxDeviation":-0.26199999999999984,"slopeFromMinDeviation":0.4386,"lastBolusTime":1703632639000,"lastCarbTime":1703622476000},"microBolusAllowed":true,"currentTime":1703633235281,"flatBGsDetected":false,"tdd1D":30.685750000000006,"tdd7D":32.38752380952381,"tddLast24H":30.634500000000003,"tddLast4H":1.5691666666666666,"tddLast8to4H":6.593333333333333},"output":{"temp":"absolute","bg":151,"tick":"+1","eventualBG":105,"targetBG":109,"insulinReq":0,"deliverAt":"2023-12-26T23:27:15.281Z","sensitivityRatio":0.9458734844987341,"variable_sens":157.3,"predBGs":{"IOB":[151,152,152,152,152,151,151,149,148,146,145,143,140,138,136,134,132,130,128,127,125,123,122,120,119,117,116,115,114,112,111,110,109,109,108,107,106,106,105,104,104,103,103,102,102,102,101],"ZT":[151,149,148,146,144,142,140,138,137,135,134,133,132,132,132,132,132,133,133],"UAM":[151,152,152,152,152,151,150,148,147,145,143,140,138,136,134,132,130,128,126,124,122,121,119,118,116,115,113,112,111,110,109,108,107,106,105,104,104,103,102,102,101,101,100,100,99,99,99,98]},"reason":"COB: 0, Dev: 0.9, BGI: -0.1, ISF: 8.7, CR: 11, Target: 6.1, minPredBG 6.4, minGuardBG 5.4, IOBpredBG 5.6, UAMpredBG 5.4; Eventual BG 5.8 < 6.1, setting 0.35U\/hr. ","COB":0,"IOB":0.394,"duration":30,"rate":0.34564306802443034,"timestamp":"2023-12-26T23:27:15.305Z"}}