{"algorithm":"OpenAPSSMBDynamicISFPlugin","input":{"glucoseStatus":{"glucose":117,"noise":0,"delta":0,"short_avgdelta":0.22,"long_avgdelta":1.6,"date":1703393157257},"currenttemp":{"temp":"absolute","duration":15,"rate":0.16,"minutesrunning":15},"iob_data":[{"iob":0.098,"basaliob":-0.191,"bolussnooze":0,"activity":0,"lastBolusTime":1703391999000,"time":"2023-12-24T04:46:22.792Z","iobWithZeroTemp":{"iob":0.098,"basaliob":-0.191,"bolussnooze":0,"activity":0,"lastBolusTime":1703391999000,"time":"2023-12-24T04:46:22.792Z"}},{"iob":0.097,"basaliob":-0.18,"bolussnooze":0,"activity":0,"lastBolusTime":1703391999000,"time":"2023-12-24T04:51:22.792Z","iobWithZeroTemp":{"iob":0.07,"basaliob":-0.207,"bolussnooze":0,"activity":0,"lastBolusTime":1703391999000,"time":"2023-12-24T04:51:22.792Z"}},{"iob":0.097,"basaliob":-0.169,"bolussnooze":0,"activity":2.0E-4,"lastBolusTime":1703391999000,"time":"2023-12-24T04:56:22.792Z","iobWithZeroTemp":{"iob":0.037,"basaliob":-0.229,"bolussnooze":0,"activity":1.0E-4,"lastBolusTime":1703391999000,"time":"2023-12-24T04:56:22.792Z"}},{"iob":0.096,"basaliob":-0.158,"bolussnooze":0,"activity":3.0E-4,"lastBolusTime":1703391999000,"time":"2023-12-24T05:01:22.792Z","iobWithZeroTemp":{"iob":0.004,"basaliob":-0.25,"bolussnooze":0,"activity":1.0E-4,"lastBolusTime":1703391999000,"time":"2023-12-24T05:01:22.792Z"}},{"iob":0.094,"basaliob":-0.148,"bolussnooze":0,"activity":4.0E-4,"lastBolusTime":1703391999000,"time":"2023-12-24T05:06:22.792Z","iobWithZeroTemp":{"iob":-0.031,"basaliob":-0.273,"bolussnooze":0,"activity":1.0E-4,"lastBolusTime":1703391999000,"time":"2023-12-24T05:06:22.792Z"}},{"iob":0.092,"basaliob":-0.138,"bolussnooze":0,"activity":5.0E-4,"lastBolusTime":1703391999000,"time":"2023-12-24T05:11:22.792Z","iobWithZeroTemp":{"iob":-0.064,"basaliob":-0.294,"bolussnooze":0,"activity":0,"lastBolusTime":1703391999000,"time":"2023-12-24T05:11:22.792Z"}},{"iob":0.089,"basaliob":-0.129,"bolussnooze":0,"activity":5.0E-4,"lastBolusTime":1703391999000,"time":"2023-12-24T05:16:22.792Z","iobWithZeroTemp":{"iob":-0.097,"basaliob":-0.315,"bolussnooze":0,"activity":-2.0E-4,"lastBolusTime":1703391999000,"time":"2023-12-24T05:16:22.792Z"}},{"iob":0.086,"basaliob":-0.121,"bolussnooze":0,"activity":6.0E-4,"lastBolusTime":1703391999000,"time":"2023-12-24T05:21:22.792Z","iobWithZeroTemp":{"iob":-0.13,"basaliob":-0.337,"bolussnooze":0,"activity":-3.0E-4,"lastBolusTime":1703391999000,"time":"2023-12-24T05:21:22.792Z"}},{"iob":0.083,"basaliob":-0.113,"bolussnooze":0,"activity":6.0E-4,"lastBolusTime":1703391999000,"time":"2023-12-24T05:26:22.792Z","iobWithZeroTemp":{"iob":-0.161,"basaliob":-0.357,"bolussnooze":0,"activity":-5.0E-4,"lastBolusTime":1703391999000,"time":"2023-12-24T05:26:22.792Z"}},{"iob":0.08,"basaliob":-0.105,"bolussnooze":0,"activity":6.0E-4,"lastBolusTime":1703391999000,"time":"2023-12-24T05:31:22.792Z","iobWithZeroTemp":{"iob":-0.192,"basaliob":-0.377,"bolussnooze":0,"activity":-7.0E-4,"lastBolusTime":1703391999000,"time":"2023-12-24T05:31:22.792Z"}},{"iob":0.076,"basaliob":-0.098,"bolussnooze":0,"activity":7.0E-4,"lastBolusTime":1703391999000,"time":"2023-12-24T05:36:22.792Z","iobWithZeroTemp":{"iob":-0.222,"basaliob":-0.396,"bolussnooze":0,"activity":-8.0E-4,"lastBolusTime":1703391999000,"time":"2023-12-24T05:36:22.792Z"}},{"iob":0.073,"basaliob":-0.091,"bolussnooze":0,"activity":7.0E-4,"lastBolusTime":1703391999000,"time":"2023-12-24T05:41:22.792Z","iobWithZeroTemp":{"iob":-0.25,"basaliob":-0.414,"bolussnooze":0,"activity":-0.0011,"lastBolusTime":1703391999000,"time":"2023-12-24T05:41:22.792Z"}},{"iob":0.069,"basaliob":-0.085,"bolussnooze":0,"activity":7.0E-4,"lastBolusTime":1703391999000,"time":"2023-12-24T05:46:22.792Z","iobWithZeroTemp":{"iob":-0.278,"basaliob":-0.432,"bolussnooze":0,"activity":-0.0013,"lastBolusTime":1703391999000,"time":"2023-12-24T05:46:22.792Z"}},{"iob":0.066,"basaliob":-0.079,"bolussnooze":0,"activity":6.0E-4,"lastBolusTime":1703391999000,"time":"2023-12-24T05:51:22.792Z","iobWithZeroTemp":{"iob":-0.304,"basaliob":-0.449,"bolussnooze":0,"activity":-0.0016,"lastBolusTime":1703391999000,"time":"2023-12-24T05:51:22.792Z"}},{"iob":0.063,"basaliob":-0.073,"bolussnooze":0,"activity":6.0E-4,"lastBolusTime":1703391999000,"time":"2023-12-24T05:56:22.792Z","iobWithZeroTemp":{"iob":-0.328,"basaliob":-0.464,"bolussnooze":0,"activity":-0.0018,"lastBolusTime":1703391999000,"time":"2023-12-24T05:56:22.792Z"}},{"iob":0.059,"basaliob":-0.068,"bolussnooze":0,"activity":7.0E-4,"lastBolusTime":1703391999000,"time":"2023-12-24T06:01:22.792Z","iobWithZeroTemp":{"iob":-0.353,"basaliob":-0.48,"bolussnooze":0,"activity":-0.002,"lastBolusTime":1703391999000,"time":"2023-12-24T06:01:22.792Z"}},{"iob":0.056,"basaliob":-0.063,"bolussnooze":0,"activity":6.0E-4,"lastBolusTime":1703391999000,"time":"2023-12-24T06:06:22.792Z","iobWithZeroTemp":{"iob":-0.375,"basaliob":-0.494,"bolussnooze":0,"activity":-0.0023,"lastBolusTime":1703391999000,"time":"2023-12-24T06:06:22.792Z"}},{"iob":0.054,"basaliob":-0.058,"bolussnooze":0,"activity":6.0E-4,"lastBolusTime":1703391999000,"time":"2023-12-24T06:11:22.792Z","iobWithZeroTemp":{"iob":-0.396,"basaliob":-0.508,"bolussnooze":0,"activity":-0.0025,"lastBolusTime":1703391999000,"time":"2023-12-24T06:11:22.792Z"}},{"iob":0.05,"basaliob":-0.054,"bolussnooze":0,"activity":6.0E-4,"lastBolusTime":1703391999000,"time":"2023-12-24T06:16:22.792Z","iobWithZeroTemp":{"iob":-0.417,"basaliob":-0.521,"bolussnooze":0,"activity":-0.0027,"lastBolusTime":1703391999000,"time":"2023-12-24T06:16:22.792Z"}},{"iob":0.047,"basaliob":-0.05,"bolussnooze":0,"activity":5.0E-4,"lastBolusTime":1703391999000,"time":"2023-12-24T06:21:22.792Z","iobWithZeroTemp":{"iob":-0.437,"basaliob":-0.534,"bolussnooze":0,"activity":-0.003,"lastBolusTime":1703391999000,"time":"2023-12-24T06:21:22.792Z"}},{"iob":0.045,"basaliob":-0.046,"bolussnooze":0,"activity":6.0E-4,"lastBolusTime":1703391999000,"time":"2023-12-24T06:26:22.792Z","iobWithZeroTemp":{"iob":-0.454,"basaliob":-0.545,"bolussnooze":0,"activity":-0.0031,"lastBolusTime":1703391999000,"time":"2023-12-24T06:26:22.792Z"}},{"iob":0.043,"basaliob":-0.042,"bolussnooze":0,"activity":5.0E-4,"lastBolusTime":1703391999000,"time":"2023-12-24T06:31:22.792Z","iobWithZeroTemp":{"iob":-0.471,"basaliob":-0.556,"bolussnooze":0,"activity":-0.0034,"lastBolusTime":1703391999000,"time":"2023-12-24T06:31:22.792Z"}},{"iob":0.04,"basaliob":-0.039,"bolussnooze":0,"activity":5.0E-4,"lastBolusTime":1703391999000,"time":"2023-12-24T06:36:22.792Z","iobWithZeroTemp":{"iob":-0.487,"basaliob":-0.566,"bolussnooze":0,"activity":-0.0035,"lastBolusTime":1703391999000,"time":"2023-12-24T06:36:22.792Z"}},{"iob":0.037,"basaliob":-0.036,"bolussnooze":0,"activity":5.0E-4,"lastBolusTime":1703391999000,"time":"2023-12-24T06:41:22.792Z","iobWithZeroTemp":{"iob":-0.503,"basaliob":-0.576,"bolussnooze":0,"activity":-0.0037,"lastBolusTime":1703391999000,"time":"2023-12-24T06:41:22.792Z"}},{"iob":0.035,"basaliob":-0.033,"bolussnooze":0,"activity":5.0E-4,"lastBolusTime":1703391999000,"time":"2023-12-24T06:46:22.792Z","iobWithZeroTemp":{"iob":-0.517,"basaliob":-0.585,"bolussnooze":0,"activity":-0.0038,"lastBolusTime":1703391999000,"time":"2023-12-24T06:46:22.792Z"}},{"iob":0.032,"basaliob":-0.031,"bolussnooze":0,"activity":4.0E-4,"lastBolusTime":1703391999000,"time":"2023-12-24T06:51:22.792Z","iobWithZeroTemp":{"iob":-0.531,"basaliob":-0.594,"bolussnooze":0,"activity":-0.0041,"lastBolusTime":1703391999000,"time":"2023-12-24T06:51:22.792Z"}},{"iob":0.031,"basaliob":-0.028,"bolussnooze":0,"activity":4.0E-4,"lastBolusTime":1703391999000,"time":"2023-12-24T06:56:22.792Z","iobWithZeroTemp":{"iob":-0.543,"basaliob":-0.602,"bolussnooze":0,"activity":-0.0042,"lastBolusTime":1703391999000,"time":"2023-12-24T06:56:22.792Z"}},{"iob":0.028,"basaliob":-0.026,"bolussnooze":0,"activity":4.0E-4,"lastBolusTime":1703391999000,"time":"2023-12-24T07:01:22.792Z","iobWithZeroTemp":{"iob":-0.556,"basaliob":-0.61,"bolussnooze":0,"activity":-0.0044,"lastBolusTime":1703391999000,"time":"2023-12-24T07:01:22.792Z"}},{"iob":0.026,"basaliob":-0.024,"bolussnooze":0,"activity":4.0E-4,"lastBolusTime":1703391999000,"time":"2023-12-24T07:06:22.792Z","iobWithZeroTemp":{"iob":-0.567,"basaliob":-0.617,"bolussnooze":0,"activity":-0.0045,"lastBolusTime":1703391999000,"time":"2023-12-24T07:06:22.792Z"}},{"iob":0.025,"basaliob":-0.022,"bolussnooze":0,"activity":3.0E-4,"lastBolusTime":1703391999000,"time":"2023-12-24T07:11:22.792Z","iobWithZeroTemp":{"iob":-0.576,"basaliob":-0.623,"bolussnooze":0,"activity":-0.0047,"lastBolusTime":1703391999000,"time":"2023-12-24T07:11:22.792Z"}},{"iob":0.023,"basaliob":-0.02,"bolussnooze":0,"activity":4.0E-4,"lastBolusTime":1703391999000,"time":"2023-12-24T07:16:22.792Z","iobWithZeroTemp":{"iob":-0.586,"basaliob":-0.629,"bolussnooze":0,"activity":-0.0047,"lastBolusTime":1703391999000,"time":"2023-12-24T07:16:22.792Z"}},{"iob":0.022,"basaliob":-0.018,"bolussnooze":0,"activity":3.0E-4,"lastBolusTime":1703391999000,"time":"2023-12-24T07:21:22.792Z","iobWithZeroTemp":{"iob":-0.595,"basaliob":-0.635,"bolussnooze":0,"activity":-0.0049,"lastBolusTime":1703391999000,"time":"2023-12-24T07:21:22.792Z"}},{"iob":0.02,"basaliob":-0.017,"bolussnooze":0,"activity":3.0E-4,"lastBolusTime":1703391999000,"time":"2023-12-24T07:26:22.792Z","iobWithZeroTemp":{"iob":-0.604,"basaliob":-0.641,"bolussnooze":0,"activity":-0.005,"lastBolusTime":1703391999000,"time":"2023-12-24T07:26:22.792Z"}},{"iob":0.019,"basaliob":-0.015,"bolussnooze":0,"activity":2.0E-4,"lastBolusTime":1703391999000,"time":"2023-12-24T07:31:22.792Z","iobWithZeroTemp":{"iob":-0.611,"basaliob":-0.645,"bolussnooze":0,"activity":-0.0052,"lastBolusTime":1703391999000,"time":"2023-12-24T07:31:22.792Z"}},{"iob":0.017,"basaliob":-0.014,"bolussnooze":0,"activity":2.0E-4,"lastBolusTime":1703391999000,"time":"2023-12-24T07:36:22.792Z","iobWithZeroTemp":{"iob":-0.619,"basaliob":-0.65,"bolussnooze":0,"activity":-0.0053,"lastBolusTime":1703391999000,"time":"2023-12-24T07:36:22.792Z"}},{"iob":0.016,"basaliob":-0.013,"bolussnooze":0,"activity":3.0E-4,"lastBolusTime":1703391999000,"time":"2023-12-24T07:41:22.792Z","iobWithZeroTemp":{"iob":-0.626,"basaliob":-0.655,"bolussnooze":0,"activity":-0.0053,"lastBolusTime":1703391999000,"time":"2023-12-24T07:41:22.792Z"}},{"iob":0.015,"basaliob":-0.012,"bolussnooze":0,"activity":2.0E-4,"lastBolusTime":1703391999000,"time":"2023-12-24T07:46:22.792Z","iobWithZeroTemp":{"iob":-0.632,"basaliob":-0.659,"bolussnooze":0,"activity":-0.0055,"lastBolusTime":1703391999000,"time":"2023-12-24T07:46:22.792Z"}},{"iob":0.014,"basaliob":-0.011,"bolussnooze":0,"activity":2.0E-4,"lastBolusTime":1703391999000,"time":"2023-12-24T07:51:22.792Z","iobWithZeroTemp":{"iob":-0.637,"basaliob":-0.662,"bolussnooze":0,"activity":-0.0056,"lastBolusTime":1703391999000,"time":"2023-12-24T07:51:22.792Z"}},{"iob":0.013,"basaliob":-0.01,"bolussnooze":0,"activity":2.0E-4,"lastBolusTime":1703391999000,"time":"2023-12-24T07:56:22.792Z","iobWithZeroTemp":{"iob":-0.643,"basaliob":-0.666,"bolussnooze":0,"activity":-0.0056,"lastBolusTime":1703391999000,"time":"2023-12-24T07:56:22.792Z"}},{"iob":0.012,"basaliob":-0.009,"bolussnooze":0,"activity":2.0E-4,"lastBolusTime":1703391999000,"time":"2023-12-24T08:01:22.792Z","iobWithZeroTemp":{"iob":-0.648,"basaliob":-0.669,"bolussnooze":0,"activity":-0.0057,"lastBolusTime":1703391999000,"time":"2023-12-24T08:01:22.792Z"}},{"iob":0.011,"basaliob":-0.008,"bolussnooze":0,"activity":1.0E-4,"lastBolusTime":1703391999000,"time":"2023-12-24T08:06:22.792Z","iobWithZeroTemp":{"iob":-0.653,"basaliob":-0.672,"bolussnooze":0,"activity":-0.0058,"lastBolusTime":1703391999000,"time":"2023-12-24T08:06:22.792Z"}},{"iob":0.011,"basaliob":-0.007,"bolussnooze":0,"activity":2.0E-4,"lastBolusTime":1703391999000,"time":"2023-12-24T08:11:22.792Z","iobWithZeroTemp":{"iob":-0.656,"basaliob":-0.674,"bolussnooze":0,"activity":-0.0058,"lastBolusTime":1703391999000,"time":"2023-12-24T08:11:22.792Z"}},{"iob":0.009,"basaliob":-0.007,"bolussnooze":0,"activity":2.0E-4,"lastBolusTime":1703391999000,"time":"2023-12-24T08:16:22.792Z","iobWithZeroTemp":{"iob":-0.661,"basaliob":-0.677,"bolussnooze":0,"activity":-0.0059,"lastBolusTime":1703391999000,"time":"2023-12-24T08:16:22.792Z"}},{"iob":0.009,"basaliob":-0.006,"bolussnooze":0,"activity":2.0E-4,"lastBolusTime":1703391999000,"time":"2023-12-24T08:21:22.792Z","iobWithZeroTemp":{"iob":-0.664,"basaliob":-0.679,"bolussnooze":0,"activity":-0.0059,"lastBolusTime":1703391999000,"time":"2023-12-24T08:21:22.792Z"}},{"iob":0.008,"basaliob":-0.006,"bolussnooze":0,"activity":1.0E-4,"lastBolusTime":1703391999000,"time":"2023-12-24T08:26:22.792Z","iobWithZeroTemp":{"iob":-0.668,"basaliob":-0.682,"bolussnooze":0,"activity":-0.006,"lastBolusTime":1703391999000,"time":"2023-12-24T08:26:22.792Z"}},{"iob":0.007,"basaliob":-0.005,"bolussnooze":0,"activity":1.0E-4,"lastBolusTime":1703391999000,"time":"2023-12-24T08:31:22.792Z","iobWithZeroTemp":{"iob":-0.671,"basaliob":-0.683,"bolussnooze":0,"activity":-0.0061,"lastBolusTime":1703391999000,"time":"2023-12-24T08:31:22.792Z"}},{"iob":0.006,"basaliob":-0.005,"bolussnooze":0,"activity":1.0E-4,"lastBolusTime":1703391999000,"time":"2023-12-24T08:36:22.792Z","iobWithZeroTemp":{"iob":-0.675,"basaliob":-0.686,"bolussnooze":0,"activity":-0.0061,"lastBolusTime":1703391999000,"time":"2023-12-24T08:36:22.792Z"}},{"iob":0.006,"basaliob":-0.004,"bolussnooze":0,"activity":1.0E-4,"lastBolusTime":1703391999000,"time":"2023-12-24T08:41:22.792Z","iobWithZeroTemp":{"iob":-0.677,"basaliob":-0.687,"bolussnooze":0,"activity":-0.0062,"lastBolusTime":1703391999000,"time":"2023-12-24T08:41:22.792Z"}}],"profile":{"max_iob":7,"type":"current","max_daily_basal":0.45,"max_basal":1.35,"min_bg":106.2,"max_bg":106.2,"target_bg":106.2,"carb_ratio":9,"sens":352.8,"max_daily_safety_multiplier":3,"current_basal_safety_multiplier":4,"lgsThreshold":65,"high_temptarget_raises_sensitivity":false,"low_temptarget_lowers_sensitivity":false,"sensitivity_raises_target":true,"resistance_lowers_target":true,"adv_target_adjustments":false,"exercise_mode":false,"half_basal_exercise_target":160,"maxCOB":120,"skip_neutral_temps":false,"remainingCarbsCap":90,"enableUAM":true,"A52_risk_enable":false,"SMBInterval":4,"enableSMB_with_COB":true,"enableSMB_with_temptarget":false,"allowSMB_with_high_temptarget":true,"enableSMB_always":true,"enableSMB_after_carbs":false,"maxSMBBasalMinutes":60,"maxUAMSMBBasalMinutes":60,"bolus_increment":0.05,"carbsReqThreshold":10,"current_basal":0.4,"temptargetSet":false,"autosens_max":1.2,"autosens_min":0.8,"out_units":"mmol\/L","variable_sens":198.1,"insulinDivisor":65,"TDD":8.823737948571425},"autosens_data":{"ratio":1.0676315610623868},"meal_data":{"carbs":0,"mealCOB":0,"slopeFromMaxDeviation":-0.012499999999999997,"slopeFromMinDeviation":0.23466101694915256,"lastBolusTime":1703391999000,"lastCarbTime":0},"microBolusAllowed":true,"currentTime":1703393184914,"flatBGsDetected":false,"tdd1D":36.190166666666634,"tdd7D":31.004297619047623,"tddLast24H":33.10116666666666,"tddLast4H":1.1474166666666668,"tddLast8to4H":0.73375},"output":{"temp":"absolute","bg":117,"tick":"+0","eventualBG":98,"targetBG":103,"insulinReq":0,"deliverAt":"2023-12-24T04:46:24.914Z","sensitivityRatio":1.0676315610623868,"variable_sens":198.1,"predBGs":{"IOB":[117,117,117,117,117,116,116,115,115,114,113,113,112,111,111,110,109,109,108,107,107,106,106,105,105,104,104,103,103,102,102,102,101,101,101,101,100,100,100,100,99,99,99,99,99,98],"ZT":[117,117,117,117,117,117,117,117,117,118,118]},"reason":"COB: 0, Dev: 0.0, BGI: 0.0, ISF: 11.0, CR: 9, Target: 5.7, minPredBG 6.0, minGuardBG 5.4, IOBpredBG 5.4; Eventual BG 5.4 < 5.7, temp 0.16 ~< req 0.33U\/hr. ","COB":0,"IOB":0.098,"timestamp":"2023-12-24T04:46:24.939Z"}}