{"algorithm":"OpenAPSSMBDynamicISFPlugin","input":{"glucoseStatus":{"glucose":132,"noise":0,"delta":3,"short_avgdelta":3.89,"long_avgdelta":1.38,"date":1703539010316},"currenttemp":{"temp":"absolute","duration":78,"rate":0,"minutesrunning":42},"iob_data":[{"iob":2.95,"basaliob":-0.705,"bolussnooze":0.3914,"activity":0.0347,"lastBolusTime":1703539047000,"time":"2023-12-25T21:19:11.979Z","iobWithZeroTemp":{"iob":2.95,"basaliob":-0.705,"bolussnooze":0.3914,"activity":0.0347,"lastBolusTime":1703539047000,"time":"2023-12-25T21:19:11.979Z"}},{"iob":2.78,"basaliob":-0.672,"bolussnooze":0.3361,"activity":0.0334,"lastBolusTime":1703539047000,"time":"2023-12-25T21:24:11.979Z","iobWithZeroTemp":{"iob":2.753,"basaliob":-0.699,"bolussnooze":0.3361,"activity":0.0334,"lastBolusTime":1703539047000,"time":"2023-12-25T21:24:11.979Z"}},{"iob":2.616,"basaliob":-0.639,"bolussnooze":0.2877,"activity":0.0321,"lastBolusTime":1703539047000,"time":"2023-12-25T21:29:11.979Z","iobWithZeroTemp":{"iob":2.556,"basaliob":-0.699,"bolussnooze":0.2877,"activity":0.032,"lastBolusTime":1703539047000,"time":"2023-12-25T21:29:11.979Z"}},{"iob":2.459,"basaliob":-0.606,"bolussnooze":0.2456,"activity":0.0309,"lastBolusTime":1703539047000,"time":"2023-12-25T21:34:11.979Z","iobWithZeroTemp":{"iob":2.367,"basaliob":-0.698,"bolussnooze":0.2456,"activity":0.0307,"lastBolusTime":1703539047000,"time":"2023-12-25T21:34:11.979Z"}},{"iob":2.308,"basaliob":-0.574,"bolussnooze":0.2091,"activity":0.0295,"lastBolusTime":1703539047000,"time":"2023-12-25T21:39:11.979Z","iobWithZeroTemp":{"iob":2.183,"basaliob":-0.699,"bolussnooze":0.2091,"activity":0.0292,"lastBolusTime":1703539047000,"time":"2023-12-25T21:39:11.979Z"}},{"iob":2.164,"basaliob":-0.543,"bolussnooze":0.1775,"activity":0.0282,"lastBolusTime":1703539047000,"time":"2023-12-25T21:44:11.979Z","iobWithZeroTemp":{"iob":2.008,"basaliob":-0.699,"bolussnooze":0.1775,"activity":0.0277,"lastBolusTime":1703539047000,"time":"2023-12-25T21:44:11.979Z"}},{"iob":2.027,"basaliob":-0.513,"bolussnooze":0.1502,"activity":0.0267,"lastBolusTime":1703539047000,"time":"2023-12-25T21:49:11.979Z","iobWithZeroTemp":{"iob":1.841,"basaliob":-0.699,"bolussnooze":0.1502,"activity":0.026,"lastBolusTime":1703539047000,"time":"2023-12-25T21:49:11.979Z"}},{"iob":1.896,"basaliob":-0.484,"bolussnooze":0.1268,"activity":0.0255,"lastBolusTime":1703539047000,"time":"2023-12-25T21:54:11.979Z","iobWithZeroTemp":{"iob":1.68,"basaliob":-0.7,"bolussnooze":0.1268,"activity":0.0246,"lastBolusTime":1703539047000,"time":"2023-12-25T21:54:11.979Z"}},{"iob":1.773,"basaliob":-0.455,"bolussnooze":0.1067,"activity":0.0242,"lastBolusTime":1703539047000,"time":"2023-12-25T21:59:11.979Z","iobWithZeroTemp":{"iob":1.529,"basaliob":-0.699,"bolussnooze":0.1067,"activity":0.0231,"lastBolusTime":1703539047000,"time":"2023-12-25T21:59:11.979Z"}},{"iob":1.655,"basaliob":-0.428,"bolussnooze":0.0896,"activity":0.0229,"lastBolusTime":1703539047000,"time":"2023-12-25T22:04:11.979Z","iobWithZeroTemp":{"iob":1.379,"basaliob":-0.704,"bolussnooze":0.0896,"activity":0.0216,"lastBolusTime":1703539047000,"time":"2023-12-25T22:04:11.979Z"}},{"iob":1.544,"basaliob":-0.402,"bolussnooze":0.0749,"activity":0.0216,"lastBolusTime":1703539047000,"time":"2023-12-25T22:09:11.979Z","iobWithZeroTemp":{"iob":1.238,"basaliob":-0.708,"bolussnooze":0.0749,"activity":0.0201,"lastBolusTime":1703539047000,"time":"2023-12-25T22:09:11.979Z"}},{"iob":1.439,"basaliob":-0.377,"bolussnooze":0.0625,"activity":0.0204,"lastBolusTime":1703539047000,"time":"2023-12-25T22:14:11.979Z","iobWithZeroTemp":{"iob":1.104,"basaliob":-0.712,"bolussnooze":0.0625,"activity":0.0186,"lastBolusTime":1703539047000,"time":"2023-12-25T22:14:11.979Z"}},{"iob":1.339,"basaliob":-0.354,"bolussnooze":0.052,"activity":0.0193,"lastBolusTime":1703539047000,"time":"2023-12-25T22:19:11.979Z","iobWithZeroTemp":{"iob":0.976,"basaliob":-0.717,"bolussnooze":0.052,"activity":0.0173,"lastBolusTime":1703539047000,"time":"2023-12-25T22:19:11.979Z"}},{"iob":1.246,"basaliob":-0.331,"bolussnooze":0.0431,"activity":0.0181,"lastBolusTime":1703539047000,"time":"2023-12-25T22:24:11.979Z","iobWithZeroTemp":{"iob":0.856,"basaliob":-0.721,"bolussnooze":0.0431,"activity":0.0158,"lastBolusTime":1703539047000,"time":"2023-12-25T22:24:11.979Z"}},{"iob":1.158,"basaliob":-0.31,"bolussnooze":0.0356,"activity":0.017,"lastBolusTime":1703539047000,"time":"2023-12-25T22:29:11.979Z","iobWithZeroTemp":{"iob":0.743,"basaliob":-0.725,"bolussnooze":0.0356,"activity":0.0145,"lastBolusTime":1703539047000,"time":"2023-12-25T22:29:11.979Z"}},{"iob":1.076,"basaliob":-0.289,"bolussnooze":0.0293,"activity":0.0159,"lastBolusTime":1703539047000,"time":"2023-12-25T22:34:11.979Z","iobWithZeroTemp":{"iob":0.637,"basaliob":-0.728,"bolussnooze":0.0293,"activity":0.0131,"lastBolusTime":1703539047000,"time":"2023-12-25T22:34:11.979Z"}},{"iob":0.999,"basaliob":-0.27,"bolussnooze":0.024,"activity":0.0149,"lastBolusTime":1703539047000,"time":"2023-12-25T22:39:11.979Z","iobWithZeroTemp":{"iob":0.537,"basaliob":-0.732,"bolussnooze":0.024,"activity":0.0119,"lastBolusTime":1703539047000,"time":"2023-12-25T22:39:11.979Z"}},{"iob":0.926,"basaliob":-0.252,"bolussnooze":0.0196,"activity":0.0141,"lastBolusTime":1703539047000,"time":"2023-12-25T22:44:11.979Z","iobWithZeroTemp":{"iob":0.442,"basaliob":-0.736,"bolussnooze":0.0196,"activity":0.0108,"lastBolusTime":1703539047000,"time":"2023-12-25T22:44:11.979Z"}},{"iob":0.859,"basaliob":-0.234,"bolussnooze":0.0159,"activity":0.0132,"lastBolusTime":1703539047000,"time":"2023-12-25T22:49:11.979Z","iobWithZeroTemp":{"iob":0.354,"basaliob":-0.739,"bolussnooze":0.0159,"activity":0.0097,"lastBolusTime":1703539047000,"time":"2023-12-25T22:49:11.979Z"}},{"iob":0.795,"basaliob":-0.218,"bolussnooze":0.0129,"activity":0.0123,"lastBolusTime":1703539047000,"time":"2023-12-25T22:54:11.979Z","iobWithZeroTemp":{"iob":0.271,"basaliob":-0.742,"bolussnooze":0.0129,"activity":0.0086,"lastBolusTime":1703539047000,"time":"2023-12-25T22:54:11.979Z"}},{"iob":0.735,"basaliob":-0.203,"bolussnooze":0.0103,"activity":0.0114,"lastBolusTime":1703539047000,"time":"2023-12-25T22:59:11.979Z","iobWithZeroTemp":{"iob":0.192,"basaliob":-0.746,"bolussnooze":0.0103,"activity":0.0075,"lastBolusTime":1703539047000,"time":"2023-12-25T22:59:11.979Z"}},{"iob":0.679,"basaliob":-0.189,"bolussnooze":0.0083,"activity":0.0107,"lastBolusTime":1703539047000,"time":"2023-12-25T23:04:11.979Z","iobWithZeroTemp":{"iob":0.119,"basaliob":-0.749,"bolussnooze":0.0083,"activity":0.0066,"lastBolusTime":1703539047000,"time":"2023-12-25T23:04:11.979Z"}},{"iob":0.628,"basaliob":-0.175,"bolussnooze":0.0066,"activity":0.01,"lastBolusTime":1703539047000,"time":"2023-12-25T23:09:11.979Z","iobWithZeroTemp":{"iob":0.052,"basaliob":-0.751,"bolussnooze":0.0066,"activity":0.0057,"lastBolusTime":1703539047000,"time":"2023-12-25T23:09:11.979Z"}},{"iob":0.58,"basaliob":-0.162,"bolussnooze":0.0052,"activity":0.0094,"lastBolusTime":1703539047000,"time":"2023-12-25T23:14:11.979Z","iobWithZeroTemp":{"iob":-0.012,"basaliob":-0.754,"bolussnooze":0.0052,"activity":0.0049,"lastBolusTime":1703539047000,"time":"2023-12-25T23:14:11.979Z"}},{"iob":0.535,"basaliob":-0.151,"bolussnooze":0.004,"activity":0.0087,"lastBolusTime":1703539047000,"time":"2023-12-25T23:19:11.979Z","iobWithZeroTemp":{"iob":-0.071,"basaliob":-0.757,"bolussnooze":0.004,"activity":0.004,"lastBolusTime":1703539047000,"time":"2023-12-25T23:19:11.979Z"}},{"iob":0.493,"basaliob":-0.14,"bolussnooze":0.0031,"activity":0.0081,"lastBolusTime":1703539047000,"time":"2023-12-25T23:24:11.979Z","iobWithZeroTemp":{"iob":-0.127,"basaliob":-0.76,"bolussnooze":0.0031,"activity":0.0032,"lastBolusTime":1703539047000,"time":"2023-12-25T23:24:11.979Z"}},{"iob":0.455,"basaliob":-0.129,"bolussnooze":0.0024,"activity":0.0075,"lastBolusTime":1703539047000,"time":"2023-12-25T23:29:11.979Z","iobWithZeroTemp":{"iob":-0.177,"basaliob":-0.761,"bolussnooze":0.0024,"activity":0.0024,"lastBolusTime":1703539047000,"time":"2023-12-25T23:29:11.979Z"}},{"iob":0.419,"basaliob":-0.119,"bolussnooze":0.0018,"activity":0.0069,"lastBolusTime":1703539047000,"time":"2023-12-25T23:34:11.979Z","iobWithZeroTemp":{"iob":-0.225,"basaliob":-0.763,"bolussnooze":0.0018,"activity":0.0017,"lastBolusTime":1703539047000,"time":"2023-12-25T23:34:11.979Z"}},{"iob":0.385,"basaliob":-0.11,"bolussnooze":0.0013,"activity":0.0065,"lastBolusTime":1703539047000,"time":"2023-12-25T23:39:11.979Z","iobWithZeroTemp":{"iob":-0.27,"basaliob":-0.765,"bolussnooze":0.0013,"activity":0.0011,"lastBolusTime":1703539047000,"time":"2023-12-25T23:39:11.979Z"}},{"iob":0.354,"basaliob":-0.102,"bolussnooze":0.001,"activity":0.006,"lastBolusTime":1703539047000,"time":"2023-12-25T23:44:11.979Z","iobWithZeroTemp":{"iob":-0.312,"basaliob":-0.768,"bolussnooze":0.001,"activity":5.0E-4,"lastBolusTime":1703539047000,"time":"2023-12-25T23:44:11.979Z"}},{"iob":0.325,"basaliob":-0.094,"bolussnooze":7.0E-4,"activity":0.0056,"lastBolusTime":1703539047000,"time":"2023-12-25T23:49:11.979Z","iobWithZeroTemp":{"iob":-0.35,"basaliob":-0.769,"bolussnooze":7.0E-4,"activity":0,"lastBolusTime":1703539047000,"time":"2023-12-25T23:49:11.979Z"}},{"iob":0.298,"basaliob":-0.087,"bolussnooze":5.0E-4,"activity":0.0051,"lastBolusTime":1703539047000,"time":"2023-12-25T23:54:11.979Z","iobWithZeroTemp":{"iob":-0.386,"basaliob":-0.771,"bolussnooze":5.0E-4,"activity":-7.0E-4,"lastBolusTime":1703539047000,"time":"2023-12-25T23:54:11.979Z"}},{"iob":0.274,"basaliob":-0.08,"bolussnooze":3.0E-4,"activity":0.0048,"lastBolusTime":1703539047000,"time":"2023-12-25T23:59:11.979Z","iobWithZeroTemp":{"iob":-0.419,"basaliob":-0.773,"bolussnooze":3.0E-4,"activity":-0.0011,"lastBolusTime":1703539047000,"time":"2023-12-25T23:59:11.979Z"}},{"iob":0.25,"basaliob":-0.074,"bolussnooze":2.0E-4,"activity":0.0044,"lastBolusTime":1703539047000,"time":"2023-12-26T00:04:11.979Z","iobWithZeroTemp":{"iob":-0.442,"basaliob":-0.766,"bolussnooze":2.0E-4,"activity":-0.0016,"lastBolusTime":1703539047000,"time":"2023-12-26T00:04:11.979Z"}},{"iob":0.23,"basaliob":-0.068,"bolussnooze":1.0E-4,"activity":0.0041,"lastBolusTime":1703539047000,"time":"2023-12-26T00:09:11.979Z","iobWithZeroTemp":{"iob":-0.461,"basaliob":-0.759,"bolussnooze":1.0E-4,"activity":-0.002,"lastBolusTime":1703539047000,"time":"2023-12-26T00:09:11.979Z"}},{"iob":0.211,"basaliob":-0.062,"bolussnooze":1.0E-4,"activity":0.0038,"lastBolusTime":1703539047000,"time":"2023-12-26T00:14:11.979Z","iobWithZeroTemp":{"iob":-0.479,"basaliob":-0.752,"bolussnooze":1.0E-4,"activity":-0.0024,"lastBolusTime":1703539047000,"time":"2023-12-26T00:14:11.979Z"}},{"iob":0.193,"basaliob":-0.057,"bolussnooze":0,"activity":0.0034,"lastBolusTime":1703539047000,"time":"2023-12-26T00:19:11.979Z","iobWithZeroTemp":{"iob":-0.495,"basaliob":-0.745,"bolussnooze":0,"activity":-0.0028,"lastBolusTime":1703539047000,"time":"2023-12-26T00:19:11.979Z"}},{"iob":0.175,"basaliob":-0.053,"bolussnooze":0,"activity":0.0032,"lastBolusTime":1703539047000,"time":"2023-12-26T00:24:11.979Z","iobWithZeroTemp":{"iob":-0.511,"basaliob":-0.739,"bolussnooze":0,"activity":-0.0031,"lastBolusTime":1703539047000,"time":"2023-12-26T00:24:11.979Z"}},{"iob":0.161,"basaliob":-0.048,"bolussnooze":0,"activity":0.003,"lastBolusTime":1703539047000,"time":"2023-12-26T00:29:11.979Z","iobWithZeroTemp":{"iob":-0.523,"basaliob":-0.732,"bolussnooze":0,"activity":-0.0033,"lastBolusTime":1703539047000,"time":"2023-12-26T00:29:11.979Z"}},{"iob":0.147,"basaliob":-0.044,"bolussnooze":0,"activity":0.0027,"lastBolusTime":1703539047000,"time":"2023-12-26T00:34:11.979Z","iobWithZeroTemp":{"iob":-0.535,"basaliob":-0.726,"bolussnooze":0,"activity":-0.0036,"lastBolusTime":1703539047000,"time":"2023-12-26T00:34:11.979Z"}},{"iob":0.133,"basaliob":-0.041,"bolussnooze":0,"activity":0.0025,"lastBolusTime":1703539047000,"time":"2023-12-26T00:39:11.979Z","iobWithZeroTemp":{"iob":-0.546,"basaliob":-0.72,"bolussnooze":0,"activity":-0.0038,"lastBolusTime":1703539047000,"time":"2023-12-26T00:39:11.979Z"}},{"iob":0.122,"basaliob":-0.037,"bolussnooze":0,"activity":0.0022,"lastBolusTime":1703539047000,"time":"2023-12-26T00:44:11.979Z","iobWithZeroTemp":{"iob":-0.555,"basaliob":-0.714,"bolussnooze":0,"activity":-0.0041,"lastBolusTime":1703539047000,"time":"2023-12-26T00:44:11.979Z"}},{"iob":0.111,"basaliob":-0.034,"bolussnooze":0,"activity":0.0021,"lastBolusTime":1703539047000,"time":"2023-12-26T00:49:11.979Z","iobWithZeroTemp":{"iob":-0.563,"basaliob":-0.708,"bolussnooze":0,"activity":-0.0043,"lastBolusTime":1703539047000,"time":"2023-12-26T00:49:11.979Z"}},{"iob":0.101,"basaliob":-0.031,"bolussnooze":0,"activity":0.0019,"lastBolusTime":1703539047000,"time":"2023-12-26T00:54:11.979Z","iobWithZeroTemp":{"iob":-0.571,"basaliob":-0.703,"bolussnooze":0,"activity":-0.0045,"lastBolusTime":1703539047000,"time":"2023-12-26T00:54:11.979Z"}},{"iob":0.092,"basaliob":-0.028,"bolussnooze":0,"activity":0.0018,"lastBolusTime":1703539047000,"time":"2023-12-26T00:59:11.979Z","iobWithZeroTemp":{"iob":-0.577,"basaliob":-0.697,"bolussnooze":0,"activity":-0.0046,"lastBolusTime":1703539047000,"time":"2023-12-26T00:59:11.979Z"}},{"iob":0.083,"basaliob":-0.026,"bolussnooze":0,"activity":0.0016,"lastBolusTime":1703539047000,"time":"2023-12-26T01:04:11.979Z","iobWithZeroTemp":{"iob":-0.577,"basaliob":-0.686,"bolussnooze":0,"activity":-0.0047,"lastBolusTime":1703539047000,"time":"2023-12-26T01:04:11.979Z"}},{"iob":0.075,"basaliob":-0.024,"bolussnooze":0,"activity":0.0015,"lastBolusTime":1703539047000,"time":"2023-12-26T01:09:11.979Z","iobWithZeroTemp":{"iob":-0.576,"basaliob":-0.675,"bolussnooze":0,"activity":-0.0048,"lastBolusTime":1703539047000,"time":"2023-12-26T01:09:11.979Z"}},{"iob":0.068,"basaliob":-0.022,"bolussnooze":0,"activity":0.0014,"lastBolusTime":1703539047000,"time":"2023-12-26T01:14:11.979Z","iobWithZeroTemp":{"iob":-0.574,"basaliob":-0.664,"bolussnooze":0,"activity":-0.0049,"lastBolusTime":1703539047000,"time":"2023-12-26T01:14:11.979Z"}}],"profile":{"max_iob":7,"type":"current","max_daily_basal":0.45,"max_basal":1.35,"min_bg":81.0000000000001,"max_bg":81.0000000000001,"target_bg":81.0000000000001,"carb_ratio":11,"sens":352.8,"max_daily_safety_multiplier":3,"current_basal_safety_multiplier":4,"lgsThreshold":65,"high_temptarget_raises_sensitivity":false,"low_temptarget_lowers_sensitivity":false,"sensitivity_raises_target":true,"resistance_lowers_target":true,"adv_target_adjustments":false,"exercise_mode":false,"half_basal_exercise_target":160,"maxCOB":120,"skip_neutral_temps":false,"remainingCarbsCap":90,"enableUAM":true,"A52_risk_enable":false,"SMBInterval":4,"enableSMB_with_COB":true,"enableSMB_with_temptarget":false,"allowSMB_with_high_temptarget":true,"enableSMB_always":true,"enableSMB_after_carbs":false,"maxSMBBasalMinutes":60,"maxUAMSMBBasalMinutes":60,"bolus_increment":0.05,"carbsReqThreshold":10,"current_basal":0.4,"temptargetSet":true,"autosens_max":1.2,"autosens_min":0.8,"out_units":"mmol\/L","variable_sens":120.4,"insulinDivisor":65,"TDD":13.487323114285713},"autosens_data":{"ratio":1.0996044944365908},"meal_data":{"carbs":90,"mealCOB":35.50725396825398,"slopeFromMaxDeviation":-0.43063636363636315,"slopeFromMinDeviation":1.7634444444444455,"lastBolusTime":1703539047000,"lastCarbTime":1703538780000},"microBolusAllowed":true,"currentTime":1703539153541,"flatBGsDetected":false,"tdd1D":26.494500000000002,"tdd7D":31.37635714285714,"tddLast24H":34.50158333333334,"tddLast4H":9.750000000000002,"tddLast8to4H":7.6433333333333335},"output":{"temp":"absolute","bg":132,"tick":"+3","eventualBG":246,"targetBG":81.0000000000001,"insulinReq":0.57,"deliverAt":"2023-12-25T21:19:13.541Z","sensitivityRatio":1.0996044944365908,"variable_sens":120.4,"predBGs":{"IOB":[132,133,133,132,129,125,119,112,103,92,79,63,42,39],"ZT":[132,111,89,64,39,39,39,39,39,39,39,39,39,39,39,39,39,39,39,39,39,39,39,39,39,39,39,39,39,39,39,39,39,39,39,39,39,39,39,39,39,39,39,39,39,39,39,39],"COB":[132,134,137,139,141,144,146,149,152,154,157,160,163,165,168,171,173,176,178,180,182,183,185,186,186,187,187,186,185,184,182,180,177,174,172,169,167,165,163,161,159,158,157,155,154,153,152,151],"UAM":[132,134,137,140,143,147,151,155,160,165,170,176,181,187,192,198,204,209,215,220,225,230,235,239,243,246,250,252,255,257,258,259,260,260,259,258,257,255,254,253,251,250,249,249,248,247,246]},"reason":"COB: 35.5, Dev: 7.9, BGI: -1.2, ISF: 6.7, CR: 11, Target: 4.5, minPredBG 8.3, minGuardBG 7.4, IOBpredBG 2.2, COBpredBG 8.4, UAMpredBG 13.7; Eventual BG 13.7 >= 4.5,  insulinReq 0.57; setting 60m low temp of 0U\/h. Waiting 2m 12s to microbolus again. ","COB":35.50725396825398,"IOB":2.95,"rate":0,"duration":60,"timestamp":"2023-12-25T21:19:13.570Z"}}