{"algorithm":"OpenAPSSMBDynamicISFPlugin","input":{"glucoseStatus":{"glucose":66,"noise":0,"delta":4,"short_avgdelta":3.56,"long_avgdelta":1.85,"date":1703369170211},"currenttemp":{"temp":"absolute","duration":59,"rate":0,"minutesrunning":1},"iob_data":[{"iob":0.247,"basaliob":-0.702,"bolussnooze":0.0321,"activity":0.0082,"lastBolusTime":1703361755000,"time":"2023-12-23T22:06:19.535Z","iobWithZeroTemp":{"iob":0.247,"basaliob":-0.702,"bolussnooze":0.0321,"activity":0.0082,"lastBolusTime":1703361755000,"time":"2023-12-23T22:06:19.535Z"}},{"iob":0.209,"basaliob":-0.669,"bolussnooze":0.0268,"activity":0.0072,"lastBolusTime":1703361755000,"time":"2023-12-23T22:11:19.535Z","iobWithZeroTemp":{"iob":0.179,"basaliob":-0.699,"bolussnooze":0.0268,"activity":0.0072,"lastBolusTime":1703361755000,"time":"2023-12-23T22:11:19.535Z"}},{"iob":0.175,"basaliob":-0.637,"bolussnooze":0.0223,"activity":0.0063,"lastBolusTime":1703361755000,"time":"2023-12-23T22:16:19.535Z","iobWithZeroTemp":{"iob":0.108,"basaliob":-0.704,"bolussnooze":0.0223,"activity":0.0062,"lastBolusTime":1703361755000,"time":"2023-12-23T22:16:19.535Z"}},{"iob":0.145,"basaliob":-0.605,"bolussnooze":0.0184,"activity":0.0055,"lastBolusTime":1703361755000,"time":"2023-12-23T22:21:19.535Z","iobWithZeroTemp":{"iob":0.041,"basaliob":-0.709,"bolussnooze":0.0184,"activity":0.0053,"lastBolusTime":1703361755000,"time":"2023-12-23T22:21:19.535Z"}},{"iob":0.12,"basaliob":-0.573,"bolussnooze":0.0152,"activity":0.0049,"lastBolusTime":1703361755000,"time":"2023-12-23T22:26:19.535Z","iobWithZeroTemp":{"iob":-0.02,"basaliob":-0.713,"bolussnooze":0.0152,"activity":0.0045,"lastBolusTime":1703361755000,"time":"2023-12-23T22:26:19.535Z"}},{"iob":0.097,"basaliob":-0.542,"bolussnooze":0.0125,"activity":0.0043,"lastBolusTime":1703361755000,"time":"2023-12-23T22:31:19.535Z","iobWithZeroTemp":{"iob":-0.078,"basaliob":-0.717,"bolussnooze":0.0125,"activity":0.0037,"lastBolusTime":1703361755000,"time":"2023-12-23T22:31:19.535Z"}},{"iob":0.077,"basaliob":-0.512,"bolussnooze":0.0103,"activity":0.0037,"lastBolusTime":1703361755000,"time":"2023-12-23T22:36:19.535Z","iobWithZeroTemp":{"iob":-0.133,"basaliob":-0.722,"bolussnooze":0.0103,"activity":0.0029,"lastBolusTime":1703361755000,"time":"2023-12-23T22:36:19.535Z"}},{"iob":0.059,"basaliob":-0.483,"bolussnooze":0.0084,"activity":0.0032,"lastBolusTime":1703361755000,"time":"2023-12-23T22:41:19.535Z","iobWithZeroTemp":{"iob":-0.184,"basaliob":-0.726,"bolussnooze":0.0084,"activity":0.0022,"lastBolusTime":1703361755000,"time":"2023-12-23T22:41:19.535Z"}},{"iob":0.044,"basaliob":-0.455,"bolussnooze":0.0068,"activity":0.0028,"lastBolusTime":1703361755000,"time":"2023-12-23T22:46:19.535Z","iobWithZeroTemp":{"iob":-0.231,"basaliob":-0.73,"bolussnooze":0.0068,"activity":0.0016,"lastBolusTime":1703361755000,"time":"2023-12-23T22:46:19.535Z"}},{"iob":0.031,"basaliob":-0.428,"bolussnooze":0.0056,"activity":0.0024,"lastBolusTime":1703361755000,"time":"2023-12-23T22:51:19.535Z","iobWithZeroTemp":{"iob":-0.275,"basaliob":-0.734,"bolussnooze":0.0056,"activity":9.0E-4,"lastBolusTime":1703361755000,"time":"2023-12-23T22:51:19.535Z"}},{"iob":0.02,"basaliob":-0.402,"bolussnooze":0.0045,"activity":0.002,"lastBolusTime":1703361755000,"time":"2023-12-23T22:56:19.535Z","iobWithZeroTemp":{"iob":-0.315,"basaliob":-0.737,"bolussnooze":0.0045,"activity":3.0E-4,"lastBolusTime":1703361755000,"time":"2023-12-23T22:56:19.535Z"}},{"iob":0.01,"basaliob":-0.378,"bolussnooze":0.0036,"activity":0.0018,"lastBolusTime":1703361755000,"time":"2023-12-23T23:01:19.535Z","iobWithZeroTemp":{"iob":-0.353,"basaliob":-0.741,"bolussnooze":0.0036,"activity":-2.0E-4,"lastBolusTime":1703361755000,"time":"2023-12-23T23:01:19.535Z"}},{"iob":0.002,"basaliob":-0.354,"bolussnooze":0.0029,"activity":0.0015,"lastBolusTime":1703361755000,"time":"2023-12-23T23:06:19.535Z","iobWithZeroTemp":{"iob":-0.388,"basaliob":-0.744,"bolussnooze":0.0029,"activity":-7.0E-4,"lastBolusTime":1703361755000,"time":"2023-12-23T23:06:19.535Z"}},{"iob":-0.004,"basaliob":-0.331,"bolussnooze":0.0023,"activity":0.0013,"lastBolusTime":1703361755000,"time":"2023-12-23T23:11:19.535Z","iobWithZeroTemp":{"iob":-0.42,"basaliob":-0.747,"bolussnooze":0.0023,"activity":-0.0012,"lastBolusTime":1703361755000,"time":"2023-12-23T23:11:19.535Z"}},{"iob":-0.011,"basaliob":-0.31,"bolussnooze":0.0018,"activity":0.001,"lastBolusTime":1703361755000,"time":"2023-12-23T23:16:19.535Z","iobWithZeroTemp":{"iob":-0.451,"basaliob":-0.75,"bolussnooze":0.0018,"activity":-0.0017,"lastBolusTime":1703361755000,"time":"2023-12-23T23:16:19.535Z"}},{"iob":-0.016,"basaliob":-0.29,"bolussnooze":0.0014,"activity":8.0E-4,"lastBolusTime":1703361755000,"time":"2023-12-23T23:21:19.535Z","iobWithZeroTemp":{"iob":-0.479,"basaliob":-0.753,"bolussnooze":0.0014,"activity":-0.0022,"lastBolusTime":1703361755000,"time":"2023-12-23T23:21:19.535Z"}},{"iob":-0.019,"basaliob":-0.27,"bolussnooze":0.0011,"activity":8.0E-4,"lastBolusTime":1703361755000,"time":"2023-12-23T23:26:19.535Z","iobWithZeroTemp":{"iob":-0.504,"basaliob":-0.755,"bolussnooze":0.0011,"activity":-0.0024,"lastBolusTime":1703361755000,"time":"2023-12-23T23:26:19.535Z"}},{"iob":-0.023,"basaliob":-0.252,"bolussnooze":9.0E-4,"activity":6.0E-4,"lastBolusTime":1703361755000,"time":"2023-12-23T23:31:19.535Z","iobWithZeroTemp":{"iob":-0.529,"basaliob":-0.758,"bolussnooze":9.0E-4,"activity":-0.0029,"lastBolusTime":1703361755000,"time":"2023-12-23T23:31:19.535Z"}},{"iob":-0.025,"basaliob":-0.235,"bolussnooze":7.0E-4,"activity":5.0E-4,"lastBolusTime":1703361755000,"time":"2023-12-23T23:36:19.535Z","iobWithZeroTemp":{"iob":-0.551,"basaliob":-0.761,"bolussnooze":7.0E-4,"activity":-0.0032,"lastBolusTime":1703361755000,"time":"2023-12-23T23:36:19.535Z"}},{"iob":-0.028,"basaliob":-0.219,"bolussnooze":5.0E-4,"activity":4.0E-4,"lastBolusTime":1703361755000,"time":"2023-12-23T23:41:19.535Z","iobWithZeroTemp":{"iob":-0.572,"basaliob":-0.763,"bolussnooze":5.0E-4,"activity":-0.0035,"lastBolusTime":1703361755000,"time":"2023-12-23T23:41:19.535Z"}},{"iob":-0.029,"basaliob":-0.204,"bolussnooze":4.0E-4,"activity":2.0E-4,"lastBolusTime":1703361755000,"time":"2023-12-23T23:46:19.535Z","iobWithZeroTemp":{"iob":-0.591,"basaliob":-0.766,"bolussnooze":4.0E-4,"activity":-0.0039,"lastBolusTime":1703361755000,"time":"2023-12-23T23:46:19.535Z"}},{"iob":-0.03,"basaliob":-0.189,"bolussnooze":3.0E-4,"activity":2.0E-4,"lastBolusTime":1703361755000,"time":"2023-12-23T23:51:19.535Z","iobWithZeroTemp":{"iob":-0.608,"basaliob":-0.767,"bolussnooze":3.0E-4,"activity":-0.0041,"lastBolusTime":1703361755000,"time":"2023-12-23T23:51:19.535Z"}},{"iob":-0.031,"basaliob":-0.176,"bolussnooze":2.0E-4,"activity":1.0E-4,"lastBolusTime":1703361755000,"time":"2023-12-23T23:56:19.535Z","iobWithZeroTemp":{"iob":-0.624,"basaliob":-0.769,"bolussnooze":2.0E-4,"activity":-0.0044,"lastBolusTime":1703361755000,"time":"2023-12-23T23:56:19.535Z"}},{"iob":-0.031,"basaliob":-0.163,"bolussnooze":1.0E-4,"activity":0,"lastBolusTime":1703361755000,"time":"2023-12-24T00:01:19.535Z","iobWithZeroTemp":{"iob":-0.639,"basaliob":-0.771,"bolussnooze":1.0E-4,"activity":-0.0047,"lastBolusTime":1703361755000,"time":"2023-12-24T00:01:19.535Z"}},{"iob":-0.031,"basaliob":-0.151,"bolussnooze":1.0E-4,"activity":0,"lastBolusTime":1703361755000,"time":"2023-12-24T00:06:19.535Z","iobWithZeroTemp":{"iob":-0.644,"basaliob":-0.764,"bolussnooze":1.0E-4,"activity":-0.0049,"lastBolusTime":1703361755000,"time":"2023-12-24T00:06:19.535Z"}},{"iob":-0.031,"basaliob":-0.14,"bolussnooze":0,"activity":0,"lastBolusTime":1703361755000,"time":"2023-12-24T00:11:19.535Z","iobWithZeroTemp":{"iob":-0.648,"basaliob":-0.757,"bolussnooze":0,"activity":-0.005,"lastBolusTime":1703361755000,"time":"2023-12-24T00:11:19.535Z"}},{"iob":-0.031,"basaliob":-0.13,"bolussnooze":0,"activity":-1.0E-4,"lastBolusTime":1703361755000,"time":"2023-12-24T00:16:19.535Z","iobWithZeroTemp":{"iob":-0.652,"basaliob":-0.751,"bolussnooze":0,"activity":-0.0053,"lastBolusTime":1703361755000,"time":"2023-12-24T00:16:19.535Z"}},{"iob":-0.03,"basaliob":-0.12,"bolussnooze":0,"activity":-1.0E-4,"lastBolusTime":1703361755000,"time":"2023-12-24T00:21:19.535Z","iobWithZeroTemp":{"iob":-0.654,"basaliob":-0.744,"bolussnooze":0,"activity":-0.0054,"lastBolusTime":1703361755000,"time":"2023-12-24T00:21:19.535Z"}},{"iob":-0.03,"basaliob":-0.111,"bolussnooze":0,"activity":-1.0E-4,"lastBolusTime":1703361755000,"time":"2023-12-24T00:26:19.535Z","iobWithZeroTemp":{"iob":-0.657,"basaliob":-0.738,"bolussnooze":0,"activity":-0.0055,"lastBolusTime":1703361755000,"time":"2023-12-24T00:26:19.535Z"}},{"iob":-0.03,"basaliob":-0.103,"bolussnooze":0,"activity":-1.0E-4,"lastBolusTime":1703361755000,"time":"2023-12-24T00:31:19.535Z","iobWithZeroTemp":{"iob":-0.659,"basaliob":-0.732,"bolussnooze":0,"activity":-0.0056,"lastBolusTime":1703361755000,"time":"2023-12-24T00:31:19.535Z"}},{"iob":-0.029,"basaliob":-0.095,"bolussnooze":0,"activity":-2.0E-4,"lastBolusTime":1703361755000,"time":"2023-12-24T00:36:19.535Z","iobWithZeroTemp":{"iob":-0.659,"basaliob":-0.725,"bolussnooze":0,"activity":-0.0057,"lastBolusTime":1703361755000,"time":"2023-12-24T00:36:19.535Z"}},{"iob":-0.027,"basaliob":-0.087,"bolussnooze":0,"activity":-2.0E-4,"lastBolusTime":1703361755000,"time":"2023-12-24T00:41:19.535Z","iobWithZeroTemp":{"iob":-0.659,"basaliob":-0.719,"bolussnooze":0,"activity":-0.0058,"lastBolusTime":1703361755000,"time":"2023-12-24T00:41:19.535Z"}},{"iob":-0.027,"basaliob":-0.081,"bolussnooze":0,"activity":-2.0E-4,"lastBolusTime":1703361755000,"time":"2023-12-24T00:46:19.535Z","iobWithZeroTemp":{"iob":-0.66,"basaliob":-0.714,"bolussnooze":0,"activity":-0.0059,"lastBolusTime":1703361755000,"time":"2023-12-24T00:46:19.535Z"}},{"iob":-0.025,"basaliob":-0.074,"bolussnooze":0,"activity":-2.0E-4,"lastBolusTime":1703361755000,"time":"2023-12-24T00:51:19.535Z","iobWithZeroTemp":{"iob":-0.658,"basaliob":-0.707,"bolussnooze":0,"activity":-0.0059,"lastBolusTime":1703361755000,"time":"2023-12-24T00:51:19.535Z"}},{"iob":-0.024,"basaliob":-0.068,"bolussnooze":0,"activity":-2.0E-4,"lastBolusTime":1703361755000,"time":"2023-12-24T00:56:19.535Z","iobWithZeroTemp":{"iob":-0.658,"basaliob":-0.702,"bolussnooze":0,"activity":-0.006,"lastBolusTime":1703361755000,"time":"2023-12-24T00:56:19.535Z"}},{"iob":-0.024,"basaliob":-0.063,"bolussnooze":0,"activity":-3.0E-4,"lastBolusTime":1703361755000,"time":"2023-12-24T01:01:19.535Z","iobWithZeroTemp":{"iob":-0.658,"basaliob":-0.697,"bolussnooze":0,"activity":-0.0061,"lastBolusTime":1703361755000,"time":"2023-12-24T01:01:19.535Z"}},{"iob":-0.023,"basaliob":-0.058,"bolussnooze":0,"activity":-2.0E-4,"lastBolusTime":1703361755000,"time":"2023-12-24T01:06:19.535Z","iobWithZeroTemp":{"iob":-0.651,"basaliob":-0.686,"bolussnooze":0,"activity":-0.006,"lastBolusTime":1703361755000,"time":"2023-12-24T01:06:19.535Z"}},{"iob":-0.021,"basaliob":-0.053,"bolussnooze":0,"activity":-2.0E-4,"lastBolusTime":1703361755000,"time":"2023-12-24T01:11:19.535Z","iobWithZeroTemp":{"iob":-0.642,"basaliob":-0.674,"bolussnooze":0,"activity":-0.006,"lastBolusTime":1703361755000,"time":"2023-12-24T01:11:19.535Z"}},{"iob":-0.021,"basaliob":-0.049,"bolussnooze":0,"activity":-2.0E-4,"lastBolusTime":1703361755000,"time":"2023-12-24T01:16:19.535Z","iobWithZeroTemp":{"iob":-0.635,"basaliob":-0.663,"bolussnooze":0,"activity":-0.006,"lastBolusTime":1703361755000,"time":"2023-12-24T01:16:19.535Z"}},{"iob":-0.02,"basaliob":-0.045,"bolussnooze":0,"activity":-2.0E-4,"lastBolusTime":1703361755000,"time":"2023-12-24T01:21:19.535Z","iobWithZeroTemp":{"iob":-0.628,"basaliob":-0.653,"bolussnooze":0,"activity":-0.006,"lastBolusTime":1703361755000,"time":"2023-12-24T01:21:19.535Z"}},{"iob":-0.018,"basaliob":-0.041,"bolussnooze":0,"activity":-2.0E-4,"lastBolusTime":1703361755000,"time":"2023-12-24T01:26:19.535Z","iobWithZeroTemp":{"iob":-0.619,"basaliob":-0.642,"bolussnooze":0,"activity":-0.006,"lastBolusTime":1703361755000,"time":"2023-12-24T01:26:19.535Z"}},{"iob":-0.017,"basaliob":-0.037,"bolussnooze":0,"activity":-2.0E-4,"lastBolusTime":1703361755000,"time":"2023-12-24T01:31:19.535Z","iobWithZeroTemp":{"iob":-0.612,"basaliob":-0.632,"bolussnooze":0,"activity":-0.006,"lastBolusTime":1703361755000,"time":"2023-12-24T01:31:19.535Z"}},{"iob":-0.016,"basaliob":-0.034,"bolussnooze":0,"activity":-2.0E-4,"lastBolusTime":1703361755000,"time":"2023-12-24T01:36:19.535Z","iobWithZeroTemp":{"iob":-0.605,"basaliob":-0.623,"bolussnooze":0,"activity":-0.006,"lastBolusTime":1703361755000,"time":"2023-12-24T01:36:19.535Z"}},{"iob":-0.015,"basaliob":-0.031,"bolussnooze":0,"activity":-2.0E-4,"lastBolusTime":1703361755000,"time":"2023-12-24T01:41:19.535Z","iobWithZeroTemp":{"iob":-0.597,"basaliob":-0.613,"bolussnooze":0,"activity":-0.0059,"lastBolusTime":1703361755000,"time":"2023-12-24T01:41:19.535Z"}},{"iob":-0.015,"basaliob":-0.029,"bolussnooze":0,"activity":-2.0E-4,"lastBolusTime":1703361755000,"time":"2023-12-24T01:46:19.535Z","iobWithZeroTemp":{"iob":-0.592,"basaliob":-0.606,"bolussnooze":0,"activity":-0.0059,"lastBolusTime":1703361755000,"time":"2023-12-24T01:46:19.535Z"}},{"iob":-0.014,"basaliob":-0.026,"bolussnooze":0,"activity":-2.0E-4,"lastBolusTime":1703361755000,"time":"2023-12-24T01:51:19.535Z","iobWithZeroTemp":{"iob":-0.585,"basaliob":-0.597,"bolussnooze":0,"activity":-0.0058,"lastBolusTime":1703361755000,"time":"2023-12-24T01:51:19.535Z"}},{"iob":-0.013,"basaliob":-0.024,"bolussnooze":0,"activity":-1.0E-4,"lastBolusTime":1703361755000,"time":"2023-12-24T01:56:19.535Z","iobWithZeroTemp":{"iob":-0.578,"basaliob":-0.589,"bolussnooze":0,"activity":-0.0057,"lastBolusTime":1703361755000,"time":"2023-12-24T01:56:19.535Z"}},{"iob":-0.012,"basaliob":-0.022,"bolussnooze":0,"activity":-2.0E-4,"lastBolusTime":1703361755000,"time":"2023-12-24T02:01:19.535Z","iobWithZeroTemp":{"iob":-0.572,"basaliob":-0.582,"bolussnooze":0,"activity":-0.0057,"lastBolusTime":1703361755000,"time":"2023-12-24T02:01:19.535Z"}}],"profile":{"max_iob":7,"type":"current","max_daily_basal":0.45,"max_basal":1.35,"min_bg":144,"max_bg":144,"target_bg":144,"carb_ratio":11,"sens":369,"max_daily_safety_multiplier":3,"current_basal_safety_multiplier":4,"lgsThreshold":65,"high_temptarget_raises_sensitivity":false,"low_temptarget_lowers_sensitivity":false,"sensitivity_raises_target":true,"resistance_lowers_target":true,"adv_target_adjustments":false,"exercise_mode":false,"half_basal_exercise_target":160,"maxCOB":120,"skip_neutral_temps":false,"remainingCarbsCap":90,"enableUAM":true,"A52_risk_enable":false,"SMBInterval":4,"enableSMB_with_COB":true,"enableSMB_with_temptarget":false,"allowSMB_with_high_temptarget":true,"enableSMB_always":true,"enableSMB_after_carbs":false,"maxSMBBasalMinutes":60,"maxUAMSMBBasalMinutes":60,"bolus_increment":0.05,"carbsReqThreshold":10,"current_basal":0.45,"temptargetSet":true,"autosens_max":1.2,"autosens_min":0.8,"out_units":"mmol\/L","variable_sens":203.7,"insulinDivisor":65,"TDD":12.607054628571426},"autosens_data":{"ratio":1.16726291017259},"meal_data":{"carbs":50,"mealCOB":10.33536311597807,"slopeFromMaxDeviation":-1.427545454545455,"slopeFromMinDeviation":0.13100000000000023,"lastBolusTime":1703361755000,"lastCarbTime":1703358152209},"microBolusAllowed":true,"currentTime":1703369181939,"flatBGsDetected":false,"tdd1D":36.190166666666634,"tdd7D":31.004297619047623,"tddLast24H":36.190166666666634,"tddLast4H":5.85,"tddLast8to4H":7.453333333333333},"output":{"temp":"absolute","bg":66,"tick":"+4","eventualBG":194,"targetBG":144,"insulinReq":0,"deliverAt":"2023-12-23T22:06:21.939Z","sensitivityRatio":1.16726291017259,"variable_sens":203.7,"predBGs":{"IOB":[66,69,71,74,77,79,82,83,84,85,85,84,83,81,80,79,79,78,77,77,77,76,76,76,76,76,76,76,76,76,76,77,77,77,77,77,78,78,78,78,78,79,79,79,79,79,79,80],"ZT":[66,58,50,42,39,39,39,39,39,39,39,39,39,39,39,39,39,39,39,39,39,43,49,54,60,65,70,75,80,85,90,95,99,104,108,113,117,121,125,129,133,137,141],"COB":[66,69,73,77,82,87,93,98,104,110,115,121,127,132,138,143,148,153,158,162,166,170,174,177,180,182,185,187,188,190,191,191,191,192,192,192,192,193,193,193,193,193,194],"UAM":[66,68,70,71,72,72,72,70,67,64,62,60,58,56,55,54,53,52,51,50,50,50,49,49,49,49,49,49,49,50,50,50,50,50,51,51,51,52,52,52,52,53,53,53,53,53,54]},"reason":"COB: 10.3, Dev: 3.9, BGI: -0.5, ISF: 11.3, CR: 11, Target: 8.0, minPredBG 4.6, minGuardBG 2.9, IOBpredBG 4.4, COBpredBG 10.8, UAMpredBG 3.0; minGuardBG 2.9<5.1 59m left and 0 ~ req 0U\/hr: no temp required","COB":10.33536311597807,"IOB":0.247,"timestamp":"2023-12-23T22:06:21.965Z"}}