{"algorithm":"OpenAPSSMBDynamicISFPlugin","input":{"glucoseStatus":{"glucose":160,"noise":0,"delta":-4,"short_avgdelta":-4.39,"long_avgdelta":-3.4,"date":1703670110428},"currenttemp":{"temp":"absolute","duration":115,"rate":0,"minutesrunning":5},"iob_data":[{"iob":2.262,"basaliob":-0.66,"bolussnooze":0.0075,"activity":0.0251,"lastBolusTime":1703668650000,"time":"2023-12-27T09:42:15.427Z","iobWithZeroTemp":{"iob":2.262,"basaliob":-0.66,"bolussnooze":0.0075,"activity":0.0251,"lastBolusTime":1703668650000,"time":"2023-12-27T09:42:15.427Z"}},{"iob":2.137,"basaliob":-0.631,"bolussnooze":0.0061,"activity":0.0244,"lastBolusTime":1703668650000,"time":"2023-12-27T09:47:15.427Z","iobWithZeroTemp":{"iob":2.11,"basaliob":-0.658,"bolussnooze":0.0061,"activity":0.0244,"lastBolusTime":1703668650000,"time":"2023-12-27T09:47:15.427Z"}},{"iob":2.017,"basaliob":-0.601,"bolussnooze":0.0049,"activity":0.0236,"lastBolusTime":1703668650000,"time":"2023-12-27T09:52:15.427Z","iobWithZeroTemp":{"iob":1.957,"basaliob":-0.661,"bolussnooze":0.0049,"activity":0.0235,"lastBolusTime":1703668650000,"time":"2023-12-27T09:52:15.427Z"}},{"iob":1.902,"basaliob":-0.571,"bolussnooze":0.0039,"activity":0.0227,"lastBolusTime":1703668650000,"time":"2023-12-27T09:57:15.427Z","iobWithZeroTemp":{"iob":1.81,"basaliob":-0.663,"bolussnooze":0.0039,"activity":0.0225,"lastBolusTime":1703668650000,"time":"2023-12-27T09:57:15.427Z"}},{"iob":1.79,"basaliob":-0.542,"bolussnooze":0.0031,"activity":0.0219,"lastBolusTime":1703668650000,"time":"2023-12-27T10:02:15.427Z","iobWithZeroTemp":{"iob":1.665,"basaliob":-0.667,"bolussnooze":0.0031,"activity":0.0216,"lastBolusTime":1703668650000,"time":"2023-12-27T10:02:15.427Z"}},{"iob":1.682,"basaliob":-0.514,"bolussnooze":0.0024,"activity":0.021,"lastBolusTime":1703668650000,"time":"2023-12-27T10:07:15.427Z","iobWithZeroTemp":{"iob":1.526,"basaliob":-0.67,"bolussnooze":0.0024,"activity":0.0205,"lastBolusTime":1703668650000,"time":"2023-12-27T10:07:15.427Z"}},{"iob":1.58,"basaliob":-0.486,"bolussnooze":0.0019,"activity":0.0201,"lastBolusTime":1703668650000,"time":"2023-12-27T10:12:15.427Z","iobWithZeroTemp":{"iob":1.394,"basaliob":-0.672,"bolussnooze":0.0019,"activity":0.0194,"lastBolusTime":1703668650000,"time":"2023-12-27T10:12:15.427Z"}},{"iob":1.481,"basaliob":-0.459,"bolussnooze":0.0015,"activity":0.0192,"lastBolusTime":1703668650000,"time":"2023-12-27T10:17:15.427Z","iobWithZeroTemp":{"iob":1.265,"basaliob":-0.675,"bolussnooze":0.0015,"activity":0.0183,"lastBolusTime":1703668650000,"time":"2023-12-27T10:17:15.427Z"}},{"iob":1.388,"basaliob":-0.433,"bolussnooze":0.0011,"activity":0.0183,"lastBolusTime":1703668650000,"time":"2023-12-27T10:22:15.427Z","iobWithZeroTemp":{"iob":1.144,"basaliob":-0.677,"bolussnooze":0.0011,"activity":0.0172,"lastBolusTime":1703668650000,"time":"2023-12-27T10:22:15.427Z"}},{"iob":1.298,"basaliob":-0.408,"bolussnooze":8.0E-4,"activity":0.0174,"lastBolusTime":1703668650000,"time":"2023-12-27T10:27:15.427Z","iobWithZeroTemp":{"iob":1.026,"basaliob":-0.68,"bolussnooze":8.0E-4,"activity":0.0161,"lastBolusTime":1703668650000,"time":"2023-12-27T10:27:15.427Z"}},{"iob":1.214,"basaliob":-0.383,"bolussnooze":6.0E-4,"activity":0.0164,"lastBolusTime":1703668650000,"time":"2023-12-27T10:32:15.427Z","iobWithZeroTemp":{"iob":0.916,"basaliob":-0.681,"bolussnooze":6.0E-4,"activity":0.0149,"lastBolusTime":1703668650000,"time":"2023-12-27T10:32:15.427Z"}},{"iob":1.134,"basaliob":-0.36,"bolussnooze":4.0E-4,"activity":0.0156,"lastBolusTime":1703668650000,"time":"2023-12-27T10:37:15.427Z","iobWithZeroTemp":{"iob":0.811,"basaliob":-0.683,"bolussnooze":4.0E-4,"activity":0.0138,"lastBolusTime":1703668650000,"time":"2023-12-27T10:37:15.427Z"}},{"iob":1.058,"basaliob":-0.338,"bolussnooze":3.0E-4,"activity":0.0148,"lastBolusTime":1703668650000,"time":"2023-12-27T10:42:15.427Z","iobWithZeroTemp":{"iob":0.711,"basaliob":-0.685,"bolussnooze":3.0E-4,"activity":0.0128,"lastBolusTime":1703668650000,"time":"2023-12-27T10:42:15.427Z"}},{"iob":0.986,"basaliob":-0.317,"bolussnooze":2.0E-4,"activity":0.014,"lastBolusTime":1703668650000,"time":"2023-12-27T10:47:15.427Z","iobWithZeroTemp":{"iob":0.616,"basaliob":-0.687,"bolussnooze":2.0E-4,"activity":0.0118,"lastBolusTime":1703668650000,"time":"2023-12-27T10:47:15.427Z"}},{"iob":0.919,"basaliob":-0.296,"bolussnooze":1.0E-4,"activity":0.0132,"lastBolusTime":1703668650000,"time":"2023-12-27T10:52:15.427Z","iobWithZeroTemp":{"iob":0.528,"basaliob":-0.687,"bolussnooze":1.0E-4,"activity":0.0108,"lastBolusTime":1703668650000,"time":"2023-12-27T10:52:15.427Z"}},{"iob":0.855,"basaliob":-0.277,"bolussnooze":1.0E-4,"activity":0.0124,"lastBolusTime":1703668650000,"time":"2023-12-27T10:57:15.427Z","iobWithZeroTemp":{"iob":0.443,"basaliob":-0.689,"bolussnooze":1.0E-4,"activity":0.0097,"lastBolusTime":1703668650000,"time":"2023-12-27T10:57:15.427Z"}},{"iob":0.795,"basaliob":-0.259,"bolussnooze":0,"activity":0.0117,"lastBolusTime":1703668650000,"time":"2023-12-27T11:02:15.427Z","iobWithZeroTemp":{"iob":0.364,"basaliob":-0.69,"bolussnooze":0,"activity":0.0088,"lastBolusTime":1703668650000,"time":"2023-12-27T11:02:15.427Z"}},{"iob":0.738,"basaliob":-0.242,"bolussnooze":0,"activity":0.0109,"lastBolusTime":1703668650000,"time":"2023-12-27T11:07:15.427Z","iobWithZeroTemp":{"iob":0.288,"basaliob":-0.692,"bolussnooze":0,"activity":0.0078,"lastBolusTime":1703668650000,"time":"2023-12-27T11:07:15.427Z"}},{"iob":0.686,"basaliob":-0.225,"bolussnooze":0,"activity":0.0102,"lastBolusTime":1703668650000,"time":"2023-12-27T11:12:15.427Z","iobWithZeroTemp":{"iob":0.219,"basaliob":-0.692,"bolussnooze":0,"activity":0.0069,"lastBolusTime":1703668650000,"time":"2023-12-27T11:12:15.427Z"}},{"iob":0.636,"basaliob":-0.21,"bolussnooze":0,"activity":0.0096,"lastBolusTime":1703668650000,"time":"2023-12-27T11:17:15.427Z","iobWithZeroTemp":{"iob":0.152,"basaliob":-0.694,"bolussnooze":0,"activity":0.0061,"lastBolusTime":1703668650000,"time":"2023-12-27T11:17:15.427Z"}},{"iob":0.589,"basaliob":-0.196,"bolussnooze":0,"activity":0.009,"lastBolusTime":1703668650000,"time":"2023-12-27T11:22:15.427Z","iobWithZeroTemp":{"iob":0.09,"basaliob":-0.695,"bolussnooze":0,"activity":0.0053,"lastBolusTime":1703668650000,"time":"2023-12-27T11:22:15.427Z"}},{"iob":0.546,"basaliob":-0.182,"bolussnooze":0,"activity":0.0084,"lastBolusTime":1703668650000,"time":"2023-12-27T11:27:15.427Z","iobWithZeroTemp":{"iob":0.032,"basaliob":-0.696,"bolussnooze":0,"activity":0.0045,"lastBolusTime":1703668650000,"time":"2023-12-27T11:27:15.427Z"}},{"iob":0.506,"basaliob":-0.169,"bolussnooze":0,"activity":0.0078,"lastBolusTime":1703668650000,"time":"2023-12-27T11:32:15.427Z","iobWithZeroTemp":{"iob":-0.021,"basaliob":-0.696,"bolussnooze":0,"activity":0.0038,"lastBolusTime":1703668650000,"time":"2023-12-27T11:32:15.427Z"}},{"iob":0.468,"basaliob":-0.157,"bolussnooze":0,"activity":0.0074,"lastBolusTime":1703668650000,"time":"2023-12-27T11:37:15.427Z","iobWithZeroTemp":{"iob":-0.072,"basaliob":-0.697,"bolussnooze":0,"activity":0.0032,"lastBolusTime":1703668650000,"time":"2023-12-27T11:37:15.427Z"}},{"iob":0.432,"basaliob":-0.146,"bolussnooze":0,"activity":0.0068,"lastBolusTime":1703668650000,"time":"2023-12-27T11:42:15.427Z","iobWithZeroTemp":{"iob":-0.12,"basaliob":-0.698,"bolussnooze":0,"activity":0.0025,"lastBolusTime":1703668650000,"time":"2023-12-27T11:42:15.427Z"}},{"iob":0.399,"basaliob":-0.135,"bolussnooze":0,"activity":0.0063,"lastBolusTime":1703668650000,"time":"2023-12-27T11:47:15.427Z","iobWithZeroTemp":{"iob":-0.164,"basaliob":-0.698,"bolussnooze":0,"activity":0.0018,"lastBolusTime":1703668650000,"time":"2023-12-27T11:47:15.427Z"}},{"iob":0.368,"basaliob":-0.125,"bolussnooze":0,"activity":0.006,"lastBolusTime":1703668650000,"time":"2023-12-27T11:52:15.427Z","iobWithZeroTemp":{"iob":-0.206,"basaliob":-0.699,"bolussnooze":0,"activity":0.0014,"lastBolusTime":1703668650000,"time":"2023-12-27T11:52:15.427Z"}},{"iob":0.339,"basaliob":-0.116,"bolussnooze":0,"activity":0.0055,"lastBolusTime":1703668650000,"time":"2023-12-27T11:57:15.427Z","iobWithZeroTemp":{"iob":-0.245,"basaliob":-0.7,"bolussnooze":0,"activity":7.0E-4,"lastBolusTime":1703668650000,"time":"2023-12-27T11:57:15.427Z"}},{"iob":0.313,"basaliob":-0.107,"bolussnooze":0,"activity":0.0051,"lastBolusTime":1703668650000,"time":"2023-12-27T12:02:15.427Z","iobWithZeroTemp":{"iob":-0.28,"basaliob":-0.7,"bolussnooze":0,"activity":2.0E-4,"lastBolusTime":1703668650000,"time":"2023-12-27T12:02:15.427Z"}},{"iob":0.288,"basaliob":-0.099,"bolussnooze":0,"activity":0.0047,"lastBolusTime":1703668650000,"time":"2023-12-27T12:07:15.427Z","iobWithZeroTemp":{"iob":-0.313,"basaliob":-0.7,"bolussnooze":0,"activity":-3.0E-4,"lastBolusTime":1703668650000,"time":"2023-12-27T12:07:15.427Z"}},{"iob":0.265,"basaliob":-0.092,"bolussnooze":0,"activity":0.0044,"lastBolusTime":1703668650000,"time":"2023-12-27T12:12:15.427Z","iobWithZeroTemp":{"iob":-0.344,"basaliob":-0.701,"bolussnooze":0,"activity":-7.0E-4,"lastBolusTime":1703668650000,"time":"2023-12-27T12:12:15.427Z"}},{"iob":0.244,"basaliob":-0.084,"bolussnooze":0,"activity":0.0041,"lastBolusTime":1703668650000,"time":"2023-12-27T12:17:15.427Z","iobWithZeroTemp":{"iob":-0.373,"basaliob":-0.701,"bolussnooze":0,"activity":-0.0011,"lastBolusTime":1703668650000,"time":"2023-12-27T12:17:15.427Z"}},{"iob":0.224,"basaliob":-0.078,"bolussnooze":0,"activity":0.0038,"lastBolusTime":1703668650000,"time":"2023-12-27T12:22:15.427Z","iobWithZeroTemp":{"iob":-0.4,"basaliob":-0.702,"bolussnooze":0,"activity":-0.0015,"lastBolusTime":1703668650000,"time":"2023-12-27T12:22:15.427Z"}},{"iob":0.206,"basaliob":-0.072,"bolussnooze":0,"activity":0.0035,"lastBolusTime":1703668650000,"time":"2023-12-27T12:27:15.427Z","iobWithZeroTemp":{"iob":-0.424,"basaliob":-0.702,"bolussnooze":0,"activity":-0.0019,"lastBolusTime":1703668650000,"time":"2023-12-27T12:27:15.427Z"}},{"iob":0.189,"basaliob":-0.066,"bolussnooze":0,"activity":0.0033,"lastBolusTime":1703668650000,"time":"2023-12-27T12:32:15.427Z","iobWithZeroTemp":{"iob":-0.447,"basaliob":-0.702,"bolussnooze":0,"activity":-0.0022,"lastBolusTime":1703668650000,"time":"2023-12-27T12:32:15.427Z"}},{"iob":0.173,"basaliob":-0.061,"bolussnooze":0,"activity":0.003,"lastBolusTime":1703668650000,"time":"2023-12-27T12:37:15.427Z","iobWithZeroTemp":{"iob":-0.469,"basaliob":-0.703,"bolussnooze":0,"activity":-0.0026,"lastBolusTime":1703668650000,"time":"2023-12-27T12:37:15.427Z"}},{"iob":0.159,"basaliob":-0.056,"bolussnooze":0,"activity":0.0028,"lastBolusTime":1703668650000,"time":"2023-12-27T12:42:15.427Z","iobWithZeroTemp":{"iob":-0.488,"basaliob":-0.703,"bolussnooze":0,"activity":-0.0029,"lastBolusTime":1703668650000,"time":"2023-12-27T12:42:15.427Z"}},{"iob":0.145,"basaliob":-0.052,"bolussnooze":0,"activity":0.0025,"lastBolusTime":1703668650000,"time":"2023-12-27T12:47:15.427Z","iobWithZeroTemp":{"iob":-0.506,"basaliob":-0.703,"bolussnooze":0,"activity":-0.0033,"lastBolusTime":1703668650000,"time":"2023-12-27T12:47:15.427Z"}},{"iob":0.133,"basaliob":-0.047,"bolussnooze":0,"activity":0.0024,"lastBolusTime":1703668650000,"time":"2023-12-27T12:52:15.427Z","iobWithZeroTemp":{"iob":-0.523,"basaliob":-0.703,"bolussnooze":0,"activity":-0.0034,"lastBolusTime":1703668650000,"time":"2023-12-27T12:52:15.427Z"}},{"iob":0.122,"basaliob":-0.043,"bolussnooze":0,"activity":0.0022,"lastBolusTime":1703668650000,"time":"2023-12-27T12:57:15.427Z","iobWithZeroTemp":{"iob":-0.538,"basaliob":-0.703,"bolussnooze":0,"activity":-0.0037,"lastBolusTime":1703668650000,"time":"2023-12-27T12:57:15.427Z"}},{"iob":0.111,"basaliob":-0.04,"bolussnooze":0,"activity":0.002,"lastBolusTime":1703668650000,"time":"2023-12-27T13:02:15.427Z","iobWithZeroTemp":{"iob":-0.553,"basaliob":-0.704,"bolussnooze":0,"activity":-0.0039,"lastBolusTime":1703668650000,"time":"2023-12-27T13:02:15.427Z"}},{"iob":0.102,"basaliob":-0.036,"bolussnooze":0,"activity":0.0019,"lastBolusTime":1703668650000,"time":"2023-12-27T13:07:15.427Z","iobWithZeroTemp":{"iob":-0.565,"basaliob":-0.703,"bolussnooze":0,"activity":-0.0041,"lastBolusTime":1703668650000,"time":"2023-12-27T13:07:15.427Z"}},{"iob":0.093,"basaliob":-0.033,"bolussnooze":0,"activity":0.0017,"lastBolusTime":1703668650000,"time":"2023-12-27T13:12:15.427Z","iobWithZeroTemp":{"iob":-0.577,"basaliob":-0.703,"bolussnooze":0,"activity":-0.0044,"lastBolusTime":1703668650000,"time":"2023-12-27T13:12:15.427Z"}},{"iob":0.084,"basaliob":-0.031,"bolussnooze":0,"activity":0.0016,"lastBolusTime":1703668650000,"time":"2023-12-27T13:17:15.427Z","iobWithZeroTemp":{"iob":-0.589,"basaliob":-0.704,"bolussnooze":0,"activity":-0.0045,"lastBolusTime":1703668650000,"time":"2023-12-27T13:17:15.427Z"}},{"iob":0.076,"basaliob":-0.028,"bolussnooze":0,"activity":0.0014,"lastBolusTime":1703668650000,"time":"2023-12-27T13:22:15.427Z","iobWithZeroTemp":{"iob":-0.6,"basaliob":-0.704,"bolussnooze":0,"activity":-0.0047,"lastBolusTime":1703668650000,"time":"2023-12-27T13:22:15.427Z"}},{"iob":0.069,"basaliob":-0.026,"bolussnooze":0,"activity":0.0013,"lastBolusTime":1703668650000,"time":"2023-12-27T13:27:15.427Z","iobWithZeroTemp":{"iob":-0.609,"basaliob":-0.704,"bolussnooze":0,"activity":-0.0049,"lastBolusTime":1703668650000,"time":"2023-12-27T13:27:15.427Z"}},{"iob":0.064,"basaliob":-0.023,"bolussnooze":0,"activity":0.0012,"lastBolusTime":1703668650000,"time":"2023-12-27T13:32:15.427Z","iobWithZeroTemp":{"iob":-0.617,"basaliob":-0.704,"bolussnooze":0,"activity":-0.005,"lastBolusTime":1703668650000,"time":"2023-12-27T13:32:15.427Z"}},{"iob":0.058,"basaliob":-0.021,"bolussnooze":0,"activity":0.0011,"lastBolusTime":1703668650000,"time":"2023-12-27T13:37:15.427Z","iobWithZeroTemp":{"iob":-0.625,"basaliob":-0.704,"bolussnooze":0,"activity":-0.0052,"lastBolusTime":1703668650000,"time":"2023-12-27T13:37:15.427Z"}}],"profile":{"max_iob":7,"type":"current","max_daily_basal":0.45,"max_basal":1.35,"min_bg":81.0000000000001,"max_bg":81.0000000000001,"target_bg":81.0000000000001,"carb_ratio":11,"sens":352.8,"max_daily_safety_multiplier":3,"current_basal_safety_multiplier":4,"lgsThreshold":65,"high_temptarget_raises_sensitivity":false,"low_temptarget_lowers_sensitivity":false,"sensitivity_raises_target":true,"resistance_lowers_target":true,"adv_target_adjustments":false,"exercise_mode":false,"half_basal_exercise_target":160,"maxCOB":120,"skip_neutral_temps":false,"remainingCarbsCap":90,"enableUAM":true,"A52_risk_enable":false,"SMBInterval":4,"enableSMB_with_COB":true,"enableSMB_with_temptarget":false,"allowSMB_with_high_temptarget":true,"enableSMB_always":true,"enableSMB_after_carbs":false,"maxSMBBasalMinutes":60,"maxUAMSMBBasalMinutes":60,"bolus_increment":0.05,"carbsReqThreshold":10,"current_basal":0.4,"temptargetSet":true,"autosens_max":1.2,"autosens_min":0.8,"out_units":"mmol\/L","variable_sens":131.9,"insulinDivisor":65,"TDD":10.989410808333334},"autosens_data":{"ratio":0.82566515912947},"meal_data":{"carbs":65,"mealCOB":33.083921768707484,"slopeFromMaxDeviation":-0.5418181818181819,"slopeFromMinDeviation":0,"lastBolusTime":1703668650000,"lastCarbTime":1703668255000},"microBolusAllowed":true,"currentTime":1703670137836,"flatBGsDetected":false,"tdd1D":30.685750000000006,"tdd7D":32.38752380952381,"tddLast24H":26.74124999999998,"tddLast4H":7.09,"tddLast8to4H":0.7298333333333336},"output":{"temp":"absolute","bg":160,"tick":-4,"eventualBG":247,"targetBG":81.0000000000001,"insulinReq":0,"deliverAt":"2023-12-27T09:42:17.836Z","sensitivityRatio":0.82566515912947,"variable_sens":131.9,"predBGs":{"IOB":[160,155,148,141,133,124,114,103,91,77,60,41,39],"ZT":[160,143,126,108,90,69,46,39,39,39,39,39,39,39,39,39,39,39,39,39,39,39,39,39,39,39,39,39,39,39,39,39,39,39,39,39,39,39,39,39,39,39,39,39,39,39,39,39],"COB":[160,156,151,148,144,142,139,137,136,135,134,134,135,136,137,138,140,143,146,149,152,156,160,164,168,173,178,182,187,192,196,201,205,209,214,217,221,225,228,231,234,237,239,241,243,245,246,247],"UAM":[160,155,150,144,138,132,126,119,112,104,96,87,78,68,56,43,39]},"reason":"COB: 33.1, Dev: 4.1, BGI: -0.9, ISF: 7.3, CR: 11, Target: 4.5, minPredBG 0.7, minGuardBG -2.5, IOBpredBG 2.2, COBpredBG 13.7, UAMpredBG 2.2; minGuardBG -2.5<3.6 115m left and 0 ~ req 0U\/hr: no temp required","COB":33.083921768707484,"IOB":2.262,"timestamp":"2023-12-27T09:42:17.860Z"}}