{"algorithm":"OpenAPSSMBDynamicISFPlugin","input":{"glucoseStatus":{"glucose":147,"noise":0,"delta":-20,"short_avgdelta":-14.89,"long_avgdelta":-6.2,"date":1703432160058},"currenttemp":{"temp":"absolute","duration":75,"rate":0,"minutesrunning":45},"iob_data":[{"iob":1.873,"basaliob":-0.547,"bolussnooze":0.0025,"activity":0.0214,"lastBolusTime":1703431590000,"time":"2023-12-24T15:36:26.249Z","iobWithZeroTemp":{"iob":1.873,"basaliob":-0.547,"bolussnooze":0.0025,"activity":0.0214,"lastBolusTime":1703431590000,"time":"2023-12-24T15:36:26.249Z"}},{"iob":1.768,"basaliob":-0.522,"bolussnooze":0.0019,"activity":0.0207,"lastBolusTime":1703431590000,"time":"2023-12-24T15:41:26.249Z","iobWithZeroTemp":{"iob":1.741,"basaliob":-0.549,"bolussnooze":0.0019,"activity":0.0207,"lastBolusTime":1703431590000,"time":"2023-12-24T15:41:26.249Z"}},{"iob":1.666,"basaliob":-0.497,"bolussnooze":0.0015,"activity":0.0199,"lastBolusTime":1703431590000,"time":"2023-12-24T15:46:26.249Z","iobWithZeroTemp":{"iob":1.606,"basaliob":-0.557,"bolussnooze":0.0015,"activity":0.0198,"lastBolusTime":1703431590000,"time":"2023-12-24T15:46:26.249Z"}},{"iob":1.569,"basaliob":-0.472,"bolussnooze":0.0011,"activity":0.0192,"lastBolusTime":1703431590000,"time":"2023-12-24T15:51:26.249Z","iobWithZeroTemp":{"iob":1.477,"basaliob":-0.564,"bolussnooze":0.0011,"activity":0.019,"lastBolusTime":1703431590000,"time":"2023-12-24T15:51:26.249Z"}},{"iob":1.475,"basaliob":-0.447,"bolussnooze":8.0E-4,"activity":0.0184,"lastBolusTime":1703431590000,"time":"2023-12-24T15:56:26.249Z","iobWithZeroTemp":{"iob":1.35,"basaliob":-0.572,"bolussnooze":8.0E-4,"activity":0.0181,"lastBolusTime":1703431590000,"time":"2023-12-24T15:56:26.249Z"}},{"iob":1.384,"basaliob":-0.424,"bolussnooze":6.0E-4,"activity":0.0176,"lastBolusTime":1703431590000,"time":"2023-12-24T16:01:26.249Z","iobWithZeroTemp":{"iob":1.228,"basaliob":-0.58,"bolussnooze":6.0E-4,"activity":0.0171,"lastBolusTime":1703431590000,"time":"2023-12-24T16:01:26.249Z"}},{"iob":1.299,"basaliob":-0.4,"bolussnooze":4.0E-4,"activity":0.0168,"lastBolusTime":1703431590000,"time":"2023-12-24T16:06:26.249Z","iobWithZeroTemp":{"iob":1.113,"basaliob":-0.586,"bolussnooze":4.0E-4,"activity":0.0161,"lastBolusTime":1703431590000,"time":"2023-12-24T16:06:26.249Z"}},{"iob":1.216,"basaliob":-0.378,"bolussnooze":3.0E-4,"activity":0.016,"lastBolusTime":1703431590000,"time":"2023-12-24T16:11:26.249Z","iobWithZeroTemp":{"iob":1,"basaliob":-0.594,"bolussnooze":3.0E-4,"activity":0.0151,"lastBolusTime":1703431590000,"time":"2023-12-24T16:11:26.249Z"}},{"iob":1.138,"basaliob":-0.356,"bolussnooze":2.0E-4,"activity":0.0152,"lastBolusTime":1703431590000,"time":"2023-12-24T16:16:26.249Z","iobWithZeroTemp":{"iob":0.894,"basaliob":-0.6,"bolussnooze":2.0E-4,"activity":0.0141,"lastBolusTime":1703431590000,"time":"2023-12-24T16:16:26.249Z"}},{"iob":1.064,"basaliob":-0.335,"bolussnooze":1.0E-4,"activity":0.0144,"lastBolusTime":1703431590000,"time":"2023-12-24T16:21:26.249Z","iobWithZeroTemp":{"iob":0.792,"basaliob":-0.607,"bolussnooze":1.0E-4,"activity":0.0131,"lastBolusTime":1703431590000,"time":"2023-12-24T16:21:26.249Z"}},{"iob":0.994,"basaliob":-0.315,"bolussnooze":1.0E-4,"activity":0.0137,"lastBolusTime":1703431590000,"time":"2023-12-24T16:26:26.249Z","iobWithZeroTemp":{"iob":0.696,"basaliob":-0.613,"bolussnooze":1.0E-4,"activity":0.0122,"lastBolusTime":1703431590000,"time":"2023-12-24T16:26:26.249Z"}},{"iob":0.928,"basaliob":-0.295,"bolussnooze":0,"activity":0.0129,"lastBolusTime":1703431590000,"time":"2023-12-24T16:31:26.249Z","iobWithZeroTemp":{"iob":0.605,"basaliob":-0.618,"bolussnooze":0,"activity":0.0111,"lastBolusTime":1703431590000,"time":"2023-12-24T16:31:26.249Z"}},{"iob":0.865,"basaliob":-0.277,"bolussnooze":0,"activity":0.0122,"lastBolusTime":1703431590000,"time":"2023-12-24T16:36:26.249Z","iobWithZeroTemp":{"iob":0.518,"basaliob":-0.624,"bolussnooze":0,"activity":0.0102,"lastBolusTime":1703431590000,"time":"2023-12-24T16:36:26.249Z"}},{"iob":0.806,"basaliob":-0.259,"bolussnooze":0,"activity":0.0115,"lastBolusTime":1703431590000,"time":"2023-12-24T16:41:26.249Z","iobWithZeroTemp":{"iob":0.436,"basaliob":-0.629,"bolussnooze":0,"activity":0.0093,"lastBolusTime":1703431590000,"time":"2023-12-24T16:41:26.249Z"}},{"iob":0.749,"basaliob":-0.243,"bolussnooze":0,"activity":0.0108,"lastBolusTime":1703431590000,"time":"2023-12-24T16:46:26.249Z","iobWithZeroTemp":{"iob":0.358,"basaliob":-0.634,"bolussnooze":0,"activity":0.0084,"lastBolusTime":1703431590000,"time":"2023-12-24T16:46:26.249Z"}},{"iob":0.697,"basaliob":-0.227,"bolussnooze":0,"activity":0.0102,"lastBolusTime":1703431590000,"time":"2023-12-24T16:51:26.249Z","iobWithZeroTemp":{"iob":0.285,"basaliob":-0.639,"bolussnooze":0,"activity":0.0075,"lastBolusTime":1703431590000,"time":"2023-12-24T16:51:26.249Z"}},{"iob":0.648,"basaliob":-0.212,"bolussnooze":0,"activity":0.0096,"lastBolusTime":1703431590000,"time":"2023-12-24T16:56:26.249Z","iobWithZeroTemp":{"iob":0.217,"basaliob":-0.643,"bolussnooze":0,"activity":0.0067,"lastBolusTime":1703431590000,"time":"2023-12-24T16:56:26.249Z"}},{"iob":0.601,"basaliob":-0.198,"bolussnooze":0,"activity":0.0089,"lastBolusTime":1703431590000,"time":"2023-12-24T17:01:26.249Z","iobWithZeroTemp":{"iob":0.151,"basaliob":-0.648,"bolussnooze":0,"activity":0.0058,"lastBolusTime":1703431590000,"time":"2023-12-24T17:01:26.249Z"}},{"iob":0.558,"basaliob":-0.184,"bolussnooze":0,"activity":0.0084,"lastBolusTime":1703431590000,"time":"2023-12-24T17:06:26.249Z","iobWithZeroTemp":{"iob":0.091,"basaliob":-0.651,"bolussnooze":0,"activity":0.0051,"lastBolusTime":1703431590000,"time":"2023-12-24T17:06:26.249Z"}},{"iob":0.518,"basaliob":-0.171,"bolussnooze":0,"activity":0.0078,"lastBolusTime":1703431590000,"time":"2023-12-24T17:11:26.249Z","iobWithZeroTemp":{"iob":0.034,"basaliob":-0.655,"bolussnooze":0,"activity":0.0043,"lastBolusTime":1703431590000,"time":"2023-12-24T17:11:26.249Z"}},{"iob":0.48,"basaliob":-0.159,"bolussnooze":0,"activity":0.0074,"lastBolusTime":1703431590000,"time":"2023-12-24T17:16:26.249Z","iobWithZeroTemp":{"iob":-0.019,"basaliob":-0.658,"bolussnooze":0,"activity":0.0037,"lastBolusTime":1703431590000,"time":"2023-12-24T17:16:26.249Z"}},{"iob":0.444,"basaliob":-0.148,"bolussnooze":0,"activity":0.0069,"lastBolusTime":1703431590000,"time":"2023-12-24T17:21:26.249Z","iobWithZeroTemp":{"iob":-0.07,"basaliob":-0.662,"bolussnooze":0,"activity":0.003,"lastBolusTime":1703431590000,"time":"2023-12-24T17:21:26.249Z"}},{"iob":0.41,"basaliob":-0.138,"bolussnooze":0,"activity":0.0065,"lastBolusTime":1703431590000,"time":"2023-12-24T17:26:26.249Z","iobWithZeroTemp":{"iob":-0.117,"basaliob":-0.665,"bolussnooze":0,"activity":0.0025,"lastBolusTime":1703431590000,"time":"2023-12-24T17:26:26.249Z"}},{"iob":0.379,"basaliob":-0.128,"bolussnooze":0,"activity":0.006,"lastBolusTime":1703431590000,"time":"2023-12-24T17:31:26.249Z","iobWithZeroTemp":{"iob":-0.161,"basaliob":-0.668,"bolussnooze":0,"activity":0.0018,"lastBolusTime":1703431590000,"time":"2023-12-24T17:31:26.249Z"}},{"iob":0.351,"basaliob":-0.118,"bolussnooze":0,"activity":0.0056,"lastBolusTime":1703431590000,"time":"2023-12-24T17:36:26.249Z","iobWithZeroTemp":{"iob":-0.201,"basaliob":-0.67,"bolussnooze":0,"activity":0.0013,"lastBolusTime":1703431590000,"time":"2023-12-24T17:36:26.249Z"}},{"iob":0.323,"basaliob":-0.11,"bolussnooze":0,"activity":0.0052,"lastBolusTime":1703431590000,"time":"2023-12-24T17:41:26.249Z","iobWithZeroTemp":{"iob":-0.24,"basaliob":-0.673,"bolussnooze":0,"activity":7.0E-4,"lastBolusTime":1703431590000,"time":"2023-12-24T17:41:26.249Z"}},{"iob":0.298,"basaliob":-0.102,"bolussnooze":0,"activity":0.0048,"lastBolusTime":1703431590000,"time":"2023-12-24T17:46:26.249Z","iobWithZeroTemp":{"iob":-0.276,"basaliob":-0.676,"bolussnooze":0,"activity":2.0E-4,"lastBolusTime":1703431590000,"time":"2023-12-24T17:46:26.249Z"}},{"iob":0.275,"basaliob":-0.094,"bolussnooze":0,"activity":0.0045,"lastBolusTime":1703431590000,"time":"2023-12-24T17:51:26.249Z","iobWithZeroTemp":{"iob":-0.309,"basaliob":-0.678,"bolussnooze":0,"activity":-3.0E-4,"lastBolusTime":1703431590000,"time":"2023-12-24T17:51:26.249Z"}},{"iob":0.253,"basaliob":-0.087,"bolussnooze":0,"activity":0.0042,"lastBolusTime":1703431590000,"time":"2023-12-24T17:56:26.249Z","iobWithZeroTemp":{"iob":-0.34,"basaliob":-0.68,"bolussnooze":0,"activity":-7.0E-4,"lastBolusTime":1703431590000,"time":"2023-12-24T17:56:26.249Z"}},{"iob":0.233,"basaliob":-0.08,"bolussnooze":0,"activity":0.0039,"lastBolusTime":1703431590000,"time":"2023-12-24T18:01:26.249Z","iobWithZeroTemp":{"iob":-0.368,"basaliob":-0.681,"bolussnooze":0,"activity":-0.0011,"lastBolusTime":1703431590000,"time":"2023-12-24T18:01:26.249Z"}},{"iob":0.215,"basaliob":-0.074,"bolussnooze":0,"activity":0.0036,"lastBolusTime":1703431590000,"time":"2023-12-24T18:06:26.249Z","iobWithZeroTemp":{"iob":-0.394,"basaliob":-0.683,"bolussnooze":0,"activity":-0.0015,"lastBolusTime":1703431590000,"time":"2023-12-24T18:06:26.249Z"}},{"iob":0.196,"basaliob":-0.069,"bolussnooze":0,"activity":0.0033,"lastBolusTime":1703431590000,"time":"2023-12-24T18:11:26.249Z","iobWithZeroTemp":{"iob":-0.421,"basaliob":-0.686,"bolussnooze":0,"activity":-0.0019,"lastBolusTime":1703431590000,"time":"2023-12-24T18:11:26.249Z"}},{"iob":0.181,"basaliob":-0.063,"bolussnooze":0,"activity":0.0031,"lastBolusTime":1703431590000,"time":"2023-12-24T18:16:26.249Z","iobWithZeroTemp":{"iob":-0.443,"basaliob":-0.687,"bolussnooze":0,"activity":-0.0022,"lastBolusTime":1703431590000,"time":"2023-12-24T18:16:26.249Z"}},{"iob":0.166,"basaliob":-0.058,"bolussnooze":0,"activity":0.0028,"lastBolusTime":1703431590000,"time":"2023-12-24T18:21:26.249Z","iobWithZeroTemp":{"iob":-0.464,"basaliob":-0.688,"bolussnooze":0,"activity":-0.0026,"lastBolusTime":1703431590000,"time":"2023-12-24T18:21:26.249Z"}},{"iob":0.152,"basaliob":-0.054,"bolussnooze":0,"activity":0.0026,"lastBolusTime":1703431590000,"time":"2023-12-24T18:26:26.249Z","iobWithZeroTemp":{"iob":-0.484,"basaliob":-0.69,"bolussnooze":0,"activity":-0.0029,"lastBolusTime":1703431590000,"time":"2023-12-24T18:26:26.249Z"}},{"iob":0.14,"basaliob":-0.049,"bolussnooze":0,"activity":0.0025,"lastBolusTime":1703431590000,"time":"2023-12-24T18:31:26.249Z","iobWithZeroTemp":{"iob":-0.502,"basaliob":-0.691,"bolussnooze":0,"activity":-0.0031,"lastBolusTime":1703431590000,"time":"2023-12-24T18:31:26.249Z"}},{"iob":0.128,"basaliob":-0.045,"bolussnooze":0,"activity":0.0022,"lastBolusTime":1703431590000,"time":"2023-12-24T18:36:26.249Z","iobWithZeroTemp":{"iob":-0.519,"basaliob":-0.692,"bolussnooze":0,"activity":-0.0035,"lastBolusTime":1703431590000,"time":"2023-12-24T18:36:26.249Z"}},{"iob":0.117,"basaliob":-0.042,"bolussnooze":0,"activity":0.0021,"lastBolusTime":1703431590000,"time":"2023-12-24T18:41:26.249Z","iobWithZeroTemp":{"iob":-0.534,"basaliob":-0.693,"bolussnooze":0,"activity":-0.0037,"lastBolusTime":1703431590000,"time":"2023-12-24T18:41:26.249Z"}},{"iob":0.107,"basaliob":-0.038,"bolussnooze":0,"activity":0.0019,"lastBolusTime":1703431590000,"time":"2023-12-24T18:46:26.249Z","iobWithZeroTemp":{"iob":-0.549,"basaliob":-0.694,"bolussnooze":0,"activity":-0.0039,"lastBolusTime":1703431590000,"time":"2023-12-24T18:46:26.249Z"}},{"iob":0.098,"basaliob":-0.035,"bolussnooze":0,"activity":0.0018,"lastBolusTime":1703431590000,"time":"2023-12-24T18:51:26.249Z","iobWithZeroTemp":{"iob":-0.562,"basaliob":-0.695,"bolussnooze":0,"activity":-0.0041,"lastBolusTime":1703431590000,"time":"2023-12-24T18:51:26.249Z"}},{"iob":0.089,"basaliob":-0.032,"bolussnooze":0,"activity":0.0016,"lastBolusTime":1703431590000,"time":"2023-12-24T18:56:26.249Z","iobWithZeroTemp":{"iob":-0.575,"basaliob":-0.696,"bolussnooze":0,"activity":-0.0043,"lastBolusTime":1703431590000,"time":"2023-12-24T18:56:26.249Z"}},{"iob":0.082,"basaliob":-0.029,"bolussnooze":0,"activity":0.0015,"lastBolusTime":1703431590000,"time":"2023-12-24T19:01:26.249Z","iobWithZeroTemp":{"iob":-0.585,"basaliob":-0.696,"bolussnooze":0,"activity":-0.0045,"lastBolusTime":1703431590000,"time":"2023-12-24T19:01:26.249Z"}},{"iob":0.074,"basaliob":-0.027,"bolussnooze":0,"activity":0.0014,"lastBolusTime":1703431590000,"time":"2023-12-24T19:06:26.249Z","iobWithZeroTemp":{"iob":-0.596,"basaliob":-0.697,"bolussnooze":0,"activity":-0.0047,"lastBolusTime":1703431590000,"time":"2023-12-24T19:06:26.249Z"}},{"iob":0.068,"basaliob":-0.024,"bolussnooze":0,"activity":0.0013,"lastBolusTime":1703431590000,"time":"2023-12-24T19:11:26.249Z","iobWithZeroTemp":{"iob":-0.605,"basaliob":-0.697,"bolussnooze":0,"activity":-0.0048,"lastBolusTime":1703431590000,"time":"2023-12-24T19:11:26.249Z"}},{"iob":0.062,"basaliob":-0.022,"bolussnooze":0,"activity":0.0012,"lastBolusTime":1703431590000,"time":"2023-12-24T19:16:26.249Z","iobWithZeroTemp":{"iob":-0.614,"basaliob":-0.698,"bolussnooze":0,"activity":-0.0049,"lastBolusTime":1703431590000,"time":"2023-12-24T19:16:26.249Z"}},{"iob":0.056,"basaliob":-0.02,"bolussnooze":0,"activity":0.001,"lastBolusTime":1703431590000,"time":"2023-12-24T19:21:26.249Z","iobWithZeroTemp":{"iob":-0.622,"basaliob":-0.698,"bolussnooze":0,"activity":-0.0052,"lastBolusTime":1703431590000,"time":"2023-12-24T19:21:26.249Z"}},{"iob":0.051,"basaliob":-0.019,"bolussnooze":0,"activity":0.001,"lastBolusTime":1703431590000,"time":"2023-12-24T19:26:26.249Z","iobWithZeroTemp":{"iob":-0.63,"basaliob":-0.7,"bolussnooze":0,"activity":-0.0052,"lastBolusTime":1703431590000,"time":"2023-12-24T19:26:26.249Z"}},{"iob":0.046,"basaliob":-0.017,"bolussnooze":0,"activity":9.0E-4,"lastBolusTime":1703431590000,"time":"2023-12-24T19:31:26.249Z","iobWithZeroTemp":{"iob":-0.637,"basaliob":-0.7,"bolussnooze":0,"activity":-0.0054,"lastBolusTime":1703431590000,"time":"2023-12-24T19:31:26.249Z"}}],"profile":{"max_iob":7,"type":"current","max_daily_basal":0.45,"max_basal":1.35,"min_bg":81.0000000000001,"max_bg":81.0000000000001,"target_bg":81.0000000000001,"carb_ratio":11,"sens":352.8,"max_daily_safety_multiplier":3,"current_basal_safety_multiplier":4,"lgsThreshold":65,"high_temptarget_raises_sensitivity":false,"low_temptarget_lowers_sensitivity":false,"sensitivity_raises_target":true,"resistance_lowers_target":true,"adv_target_adjustments":false,"exercise_mode":false,"half_basal_exercise_target":160,"maxCOB":120,"skip_neutral_temps":false,"remainingCarbsCap":90,"enableUAM":true,"A52_risk_enable":false,"SMBInterval":4,"enableSMB_with_COB":true,"enableSMB_with_temptarget":false,"allowSMB_with_high_temptarget":true,"enableSMB_always":true,"enableSMB_after_carbs":false,"maxSMBBasalMinutes":60,"maxUAMSMBBasalMinutes":60,"bolus_increment":0.05,"carbsReqThreshold":10,"current_basal":0.4,"temptargetSet":true,"autosens_max":1.2,"autosens_min":0.8,"out_units":"mmol\/L","variable_sens":115.2,"insulinDivisor":65,"TDD":13.212934628571427},"autosens_data":{"ratio":0.9448528832984369},"meal_data":{"carbs":45,"mealCOB":22.545132653061213,"slopeFromMaxDeviation":-1.161333333333334,"slopeFromMinDeviation":1.866129032258064,"lastBolusTime":1703431590000,"lastCarbTime":1703428892000},"microBolusAllowed":true,"currentTime":1703432188490,"flatBGsDetected":false,"tdd1D":36.190166666666634,"tdd7D":31.004297619047623,"tddLast24H":29.294500000000006,"tddLast4H":6.450000000000001,"tddLast8to4H":8.886666666666668},"output":{"temp":"absolute","bg":147,"tick":-20,"eventualBG":115,"targetBG":81.0000000000001,"insulinReq":0,"deliverAt":"2023-12-24T15:36:28.490Z","sensitivityRatio":0.9448528832984369,"variable_sens":115.2,"predBGs":{"IOB":[147,128,108,89,68,46,39,39,39,39,39,39,39],"ZT":[147,135,122,109,96,83,68,53,39,39,39,39,39,39,39,39,39,39,39,39,39,39,39,39,39,39,39,39,39,39,39,39,39,39,39,39,39,39,39,39,39,39,39,39,39,39,39,39],"COB":[147,128,110,94,79,65,53,43,39,39,39,39,39,39,39,39,39,39,39,39,39,39,39,39,39,39,39,39,39,44,50,55,61,66,71,76,80,84,89,92,96,100,103,106,109,111,113,115],"UAM":[147,128,108,89,68,46,39,39,39,39,39,39,39]},"reason":"COB: 22.5, Dev: 2.1, BGI: -0.7, ISF: 6.4, CR: 11, Target: 4.5, minPredBG -6.9, minGuardBG -10.1, IOBpredBG 2.2, COBpredBG 6.4, UAMpredBG 2.2; 10 add'l carbs req w\/in 30m; minGuardBG -10.1<3.6","COB":22.545132653061213,"IOB":1.873,"carbsReq":10,"carbsReqWithin":30,"duration":120,"rate":0,"timestamp":"2023-12-24T15:36:28.519Z"}}