{"algorithm":"OpenAPSSMBDynamicISFPlugin","input":{"glucoseStatus":{"glucose":146,"noise":0,"delta":5,"short_avgdelta":5.56,"long_avgdelta":4,"date":1703416860391},"currenttemp":{"temp":"absolute","duration":43,"rate":0,"minutesrunning":77},"iob_data":[{"iob":1.379,"basaliob":-0.691,"bolussnooze":0.1101,"activity":0.0197,"lastBolusTime":1703415410000,"time":"2023-12-24T11:23:17.145Z","iobWithZeroTemp":{"iob":1.379,"basaliob":-0.691,"bolussnooze":0.1101,"activity":0.0197,"lastBolusTime":1703415410000,"time":"2023-12-24T11:23:17.145Z"}},{"iob":1.283,"basaliob":-0.659,"bolussnooze":0.0921,"activity":0.0185,"lastBolusTime":1703415410000,"time":"2023-12-24T11:28:17.145Z","iobWithZeroTemp":{"iob":1.256,"basaliob":-0.686,"bolussnooze":0.0921,"activity":0.0185,"lastBolusTime":1703415410000,"time":"2023-12-24T11:28:17.145Z"}},{"iob":1.193,"basaliob":-0.627,"bolussnooze":0.0767,"activity":0.0174,"lastBolusTime":1703415410000,"time":"2023-12-24T11:33:17.145Z","iobWithZeroTemp":{"iob":1.133,"basaliob":-0.687,"bolussnooze":0.0767,"activity":0.0173,"lastBolusTime":1703415410000,"time":"2023-12-24T11:33:17.145Z"}},{"iob":1.108,"basaliob":-0.596,"bolussnooze":0.0637,"activity":0.0163,"lastBolusTime":1703415410000,"time":"2023-12-24T11:38:17.145Z","iobWithZeroTemp":{"iob":1.016,"basaliob":-0.688,"bolussnooze":0.0637,"activity":0.0161,"lastBolusTime":1703415410000,"time":"2023-12-24T11:38:17.145Z"}},{"iob":1.029,"basaliob":-0.565,"bolussnooze":0.0527,"activity":0.0154,"lastBolusTime":1703415410000,"time":"2023-12-24T11:43:17.145Z","iobWithZeroTemp":{"iob":0.904,"basaliob":-0.69,"bolussnooze":0.0527,"activity":0.0151,"lastBolusTime":1703415410000,"time":"2023-12-24T11:43:17.145Z"}},{"iob":0.955,"basaliob":-0.534,"bolussnooze":0.0435,"activity":0.0144,"lastBolusTime":1703415410000,"time":"2023-12-24T11:48:17.145Z","iobWithZeroTemp":{"iob":0.799,"basaliob":-0.69,"bolussnooze":0.0435,"activity":0.0139,"lastBolusTime":1703415410000,"time":"2023-12-24T11:48:17.145Z"}},{"iob":0.885,"basaliob":-0.505,"bolussnooze":0.0357,"activity":0.0135,"lastBolusTime":1703415410000,"time":"2023-12-24T11:53:17.145Z","iobWithZeroTemp":{"iob":0.699,"basaliob":-0.691,"bolussnooze":0.0357,"activity":0.0128,"lastBolusTime":1703415410000,"time":"2023-12-24T11:53:17.145Z"}},{"iob":0.821,"basaliob":-0.476,"bolussnooze":0.0292,"activity":0.0126,"lastBolusTime":1703415410000,"time":"2023-12-24T11:58:17.145Z","iobWithZeroTemp":{"iob":0.605,"basaliob":-0.692,"bolussnooze":0.0292,"activity":0.0117,"lastBolusTime":1703415410000,"time":"2023-12-24T11:58:17.145Z"}},{"iob":0.759,"basaliob":-0.449,"bolussnooze":0.0238,"activity":0.0118,"lastBolusTime":1703415410000,"time":"2023-12-24T12:03:17.145Z","iobWithZeroTemp":{"iob":0.515,"basaliob":-0.693,"bolussnooze":0.0238,"activity":0.0107,"lastBolusTime":1703415410000,"time":"2023-12-24T12:03:17.145Z"}},{"iob":0.703,"basaliob":-0.422,"bolussnooze":0.0193,"activity":0.011,"lastBolusTime":1703415410000,"time":"2023-12-24T12:08:17.145Z","iobWithZeroTemp":{"iob":0.431,"basaliob":-0.694,"bolussnooze":0.0193,"activity":0.0097,"lastBolusTime":1703415410000,"time":"2023-12-24T12:08:17.145Z"}},{"iob":0.649,"basaliob":-0.397,"bolussnooze":0.0155,"activity":0.0102,"lastBolusTime":1703415410000,"time":"2023-12-24T12:13:17.145Z","iobWithZeroTemp":{"iob":0.351,"basaliob":-0.695,"bolussnooze":0.0155,"activity":0.0087,"lastBolusTime":1703415410000,"time":"2023-12-24T12:13:17.145Z"}},{"iob":0.6,"basaliob":-0.372,"bolussnooze":0.0125,"activity":0.0095,"lastBolusTime":1703415410000,"time":"2023-12-24T12:18:17.145Z","iobWithZeroTemp":{"iob":0.277,"basaliob":-0.695,"bolussnooze":0.0125,"activity":0.0077,"lastBolusTime":1703415410000,"time":"2023-12-24T12:18:17.145Z"}},{"iob":0.554,"basaliob":-0.349,"bolussnooze":0.0099,"activity":0.0089,"lastBolusTime":1703415410000,"time":"2023-12-24T12:23:17.145Z","iobWithZeroTemp":{"iob":0.207,"basaliob":-0.696,"bolussnooze":0.0099,"activity":0.0069,"lastBolusTime":1703415410000,"time":"2023-12-24T12:23:17.145Z"}},{"iob":0.511,"basaliob":-0.327,"bolussnooze":0.0079,"activity":0.0083,"lastBolusTime":1703415410000,"time":"2023-12-24T12:28:17.145Z","iobWithZeroTemp":{"iob":0.141,"basaliob":-0.697,"bolussnooze":0.0079,"activity":0.0061,"lastBolusTime":1703415410000,"time":"2023-12-24T12:28:17.145Z"}},{"iob":0.471,"basaliob":-0.306,"bolussnooze":0.0062,"activity":0.0077,"lastBolusTime":1703415410000,"time":"2023-12-24T12:33:17.145Z","iobWithZeroTemp":{"iob":0.08,"basaliob":-0.697,"bolussnooze":0.0062,"activity":0.0053,"lastBolusTime":1703415410000,"time":"2023-12-24T12:33:17.145Z"}},{"iob":0.434,"basaliob":-0.286,"bolussnooze":0.0048,"activity":0.0072,"lastBolusTime":1703415410000,"time":"2023-12-24T12:38:17.145Z","iobWithZeroTemp":{"iob":0.022,"basaliob":-0.698,"bolussnooze":0.0048,"activity":0.0045,"lastBolusTime":1703415410000,"time":"2023-12-24T12:38:17.145Z"}},{"iob":0.399,"basaliob":-0.267,"bolussnooze":0.0037,"activity":0.0066,"lastBolusTime":1703415410000,"time":"2023-12-24T12:43:17.145Z","iobWithZeroTemp":{"iob":-0.032,"basaliob":-0.698,"bolussnooze":0.0037,"activity":0.0037,"lastBolusTime":1703415410000,"time":"2023-12-24T12:43:17.145Z"}},{"iob":0.367,"basaliob":-0.249,"bolussnooze":0.0028,"activity":0.0061,"lastBolusTime":1703415410000,"time":"2023-12-24T12:48:17.145Z","iobWithZeroTemp":{"iob":-0.083,"basaliob":-0.699,"bolussnooze":0.0028,"activity":0.003,"lastBolusTime":1703415410000,"time":"2023-12-24T12:48:17.145Z"}},{"iob":0.338,"basaliob":-0.232,"bolussnooze":0.0021,"activity":0.0057,"lastBolusTime":1703415410000,"time":"2023-12-24T12:53:17.145Z","iobWithZeroTemp":{"iob":-0.129,"basaliob":-0.699,"bolussnooze":0.0021,"activity":0.0024,"lastBolusTime":1703415410000,"time":"2023-12-24T12:53:17.145Z"}},{"iob":0.31,"basaliob":-0.216,"bolussnooze":0.0016,"activity":0.0053,"lastBolusTime":1703415410000,"time":"2023-12-24T12:58:17.145Z","iobWithZeroTemp":{"iob":-0.174,"basaliob":-0.7,"bolussnooze":0.0016,"activity":0.0018,"lastBolusTime":1703415410000,"time":"2023-12-24T12:58:17.145Z"}},{"iob":0.285,"basaliob":-0.201,"bolussnooze":0.0012,"activity":0.0049,"lastBolusTime":1703415410000,"time":"2023-12-24T13:03:17.145Z","iobWithZeroTemp":{"iob":-0.214,"basaliob":-0.7,"bolussnooze":0.0012,"activity":0.0012,"lastBolusTime":1703415410000,"time":"2023-12-24T13:03:17.145Z"}},{"iob":0.261,"basaliob":-0.187,"bolussnooze":8.0E-4,"activity":0.0046,"lastBolusTime":1703415410000,"time":"2023-12-24T13:08:17.145Z","iobWithZeroTemp":{"iob":-0.253,"basaliob":-0.701,"bolussnooze":8.0E-4,"activity":7.0E-4,"lastBolusTime":1703415410000,"time":"2023-12-24T13:08:17.145Z"}},{"iob":0.239,"basaliob":-0.174,"bolussnooze":6.0E-4,"activity":0.0042,"lastBolusTime":1703415410000,"time":"2023-12-24T13:13:17.145Z","iobWithZeroTemp":{"iob":-0.288,"basaliob":-0.701,"bolussnooze":6.0E-4,"activity":2.0E-4,"lastBolusTime":1703415410000,"time":"2023-12-24T13:13:17.145Z"}},{"iob":0.219,"basaliob":-0.161,"bolussnooze":4.0E-4,"activity":0.0039,"lastBolusTime":1703415410000,"time":"2023-12-24T13:18:17.145Z","iobWithZeroTemp":{"iob":-0.321,"basaliob":-0.701,"bolussnooze":4.0E-4,"activity":-3.0E-4,"lastBolusTime":1703415410000,"time":"2023-12-24T13:18:17.145Z"}},{"iob":0.201,"basaliob":-0.149,"bolussnooze":2.0E-4,"activity":0.0035,"lastBolusTime":1703415410000,"time":"2023-12-24T13:23:17.145Z","iobWithZeroTemp":{"iob":-0.351,"basaliob":-0.701,"bolussnooze":2.0E-4,"activity":-8.0E-4,"lastBolusTime":1703415410000,"time":"2023-12-24T13:23:17.145Z"}},{"iob":0.184,"basaliob":-0.138,"bolussnooze":1.0E-4,"activity":0.0033,"lastBolusTime":1703415410000,"time":"2023-12-24T13:28:17.145Z","iobWithZeroTemp":{"iob":-0.379,"basaliob":-0.701,"bolussnooze":1.0E-4,"activity":-0.0012,"lastBolusTime":1703415410000,"time":"2023-12-24T13:28:17.145Z"}},{"iob":0.168,"basaliob":-0.128,"bolussnooze":1.0E-4,"activity":0.003,"lastBolusTime":1703415410000,"time":"2023-12-24T13:33:17.145Z","iobWithZeroTemp":{"iob":-0.406,"basaliob":-0.702,"bolussnooze":1.0E-4,"activity":-0.0016,"lastBolusTime":1703415410000,"time":"2023-12-24T13:33:17.145Z"}},{"iob":0.153,"basaliob":-0.119,"bolussnooze":0,"activity":0.0027,"lastBolusTime":1703415410000,"time":"2023-12-24T13:38:17.145Z","iobWithZeroTemp":{"iob":-0.431,"basaliob":-0.703,"bolussnooze":0,"activity":-0.0021,"lastBolusTime":1703415410000,"time":"2023-12-24T13:38:17.145Z"}},{"iob":0.139,"basaliob":-0.11,"bolussnooze":0,"activity":0.0026,"lastBolusTime":1703415410000,"time":"2023-12-24T13:43:17.145Z","iobWithZeroTemp":{"iob":-0.454,"basaliob":-0.703,"bolussnooze":0,"activity":-0.0023,"lastBolusTime":1703415410000,"time":"2023-12-24T13:43:17.145Z"}},{"iob":0.128,"basaliob":-0.101,"bolussnooze":0,"activity":0.0024,"lastBolusTime":1703415410000,"time":"2023-12-24T13:48:17.145Z","iobWithZeroTemp":{"iob":-0.473,"basaliob":-0.702,"bolussnooze":0,"activity":-0.0026,"lastBolusTime":1703415410000,"time":"2023-12-24T13:48:17.145Z"}},{"iob":0.115,"basaliob":-0.094,"bolussnooze":0,"activity":0.0022,"lastBolusTime":1703415410000,"time":"2023-12-24T13:53:17.145Z","iobWithZeroTemp":{"iob":-0.494,"basaliob":-0.703,"bolussnooze":0,"activity":-0.0029,"lastBolusTime":1703415410000,"time":"2023-12-24T13:53:17.145Z"}},{"iob":0.106,"basaliob":-0.086,"bolussnooze":0,"activity":0.002,"lastBolusTime":1703415410000,"time":"2023-12-24T13:58:17.145Z","iobWithZeroTemp":{"iob":-0.511,"basaliob":-0.703,"bolussnooze":0,"activity":-0.0032,"lastBolusTime":1703415410000,"time":"2023-12-24T13:58:17.145Z"}},{"iob":0.095,"basaliob":-0.08,"bolussnooze":0,"activity":0.0018,"lastBolusTime":1703415410000,"time":"2023-12-24T14:03:17.145Z","iobWithZeroTemp":{"iob":-0.529,"basaliob":-0.704,"bolussnooze":0,"activity":-0.0035,"lastBolusTime":1703415410000,"time":"2023-12-24T14:03:17.145Z"}},{"iob":0.087,"basaliob":-0.073,"bolussnooze":0,"activity":0.0017,"lastBolusTime":1703415410000,"time":"2023-12-24T14:08:17.145Z","iobWithZeroTemp":{"iob":-0.543,"basaliob":-0.703,"bolussnooze":0,"activity":-0.0037,"lastBolusTime":1703415410000,"time":"2023-12-24T14:08:17.145Z"}},{"iob":0.079,"basaliob":-0.067,"bolussnooze":0,"activity":0.0016,"lastBolusTime":1703415410000,"time":"2023-12-24T14:13:17.145Z","iobWithZeroTemp":{"iob":-0.557,"basaliob":-0.703,"bolussnooze":0,"activity":-0.0039,"lastBolusTime":1703415410000,"time":"2023-12-24T14:13:17.145Z"}},{"iob":0.072,"basaliob":-0.062,"bolussnooze":0,"activity":0.0015,"lastBolusTime":1703415410000,"time":"2023-12-24T14:18:17.145Z","iobWithZeroTemp":{"iob":-0.57,"basaliob":-0.704,"bolussnooze":0,"activity":-0.0041,"lastBolusTime":1703415410000,"time":"2023-12-24T14:18:17.145Z"}},{"iob":0.065,"basaliob":-0.057,"bolussnooze":0,"activity":0.0013,"lastBolusTime":1703415410000,"time":"2023-12-24T14:23:17.145Z","iobWithZeroTemp":{"iob":-0.582,"basaliob":-0.704,"bolussnooze":0,"activity":-0.0044,"lastBolusTime":1703415410000,"time":"2023-12-24T14:23:17.145Z"}},{"iob":0.059,"basaliob":-0.052,"bolussnooze":0,"activity":0.0012,"lastBolusTime":1703415410000,"time":"2023-12-24T14:28:17.145Z","iobWithZeroTemp":{"iob":-0.592,"basaliob":-0.703,"bolussnooze":0,"activity":-0.0046,"lastBolusTime":1703415410000,"time":"2023-12-24T14:28:17.145Z"}},{"iob":0.053,"basaliob":-0.048,"bolussnooze":0,"activity":0.0011,"lastBolusTime":1703415410000,"time":"2023-12-24T14:33:17.145Z","iobWithZeroTemp":{"iob":-0.603,"basaliob":-0.704,"bolussnooze":0,"activity":-0.0047,"lastBolusTime":1703415410000,"time":"2023-12-24T14:33:17.145Z"}},{"iob":0.048,"basaliob":-0.044,"bolussnooze":0,"activity":0.001,"lastBolusTime":1703415410000,"time":"2023-12-24T14:38:17.145Z","iobWithZeroTemp":{"iob":-0.612,"basaliob":-0.704,"bolussnooze":0,"activity":-0.0049,"lastBolusTime":1703415410000,"time":"2023-12-24T14:38:17.145Z"}},{"iob":0.043,"basaliob":-0.04,"bolussnooze":0,"activity":9.0E-4,"lastBolusTime":1703415410000,"time":"2023-12-24T14:43:17.145Z","iobWithZeroTemp":{"iob":-0.621,"basaliob":-0.704,"bolussnooze":0,"activity":-0.005,"lastBolusTime":1703415410000,"time":"2023-12-24T14:43:17.145Z"}},{"iob":0.039,"basaliob":-0.037,"bolussnooze":0,"activity":8.0E-4,"lastBolusTime":1703415410000,"time":"2023-12-24T14:48:17.145Z","iobWithZeroTemp":{"iob":-0.628,"basaliob":-0.704,"bolussnooze":0,"activity":-0.0052,"lastBolusTime":1703415410000,"time":"2023-12-24T14:48:17.145Z"}},{"iob":0.035,"basaliob":-0.034,"bolussnooze":0,"activity":8.0E-4,"lastBolusTime":1703415410000,"time":"2023-12-24T14:53:17.145Z","iobWithZeroTemp":{"iob":-0.635,"basaliob":-0.704,"bolussnooze":0,"activity":-0.0053,"lastBolusTime":1703415410000,"time":"2023-12-24T14:53:17.145Z"}},{"iob":0.031,"basaliob":-0.031,"bolussnooze":0,"activity":6.0E-4,"lastBolusTime":1703415410000,"time":"2023-12-24T14:58:17.145Z","iobWithZeroTemp":{"iob":-0.642,"basaliob":-0.704,"bolussnooze":0,"activity":-0.0055,"lastBolusTime":1703415410000,"time":"2023-12-24T14:58:17.145Z"}},{"iob":0.028,"basaliob":-0.028,"bolussnooze":0,"activity":6.0E-4,"lastBolusTime":1703415410000,"time":"2023-12-24T15:03:17.145Z","iobWithZeroTemp":{"iob":-0.648,"basaliob":-0.704,"bolussnooze":0,"activity":-0.0055,"lastBolusTime":1703415410000,"time":"2023-12-24T15:03:17.145Z"}},{"iob":0.025,"basaliob":-0.026,"bolussnooze":0,"activity":5.0E-4,"lastBolusTime":1703415410000,"time":"2023-12-24T15:08:17.145Z","iobWithZeroTemp":{"iob":-0.653,"basaliob":-0.704,"bolussnooze":0,"activity":-0.0057,"lastBolusTime":1703415410000,"time":"2023-12-24T15:08:17.145Z"}},{"iob":0.022,"basaliob":-0.024,"bolussnooze":0,"activity":5.0E-4,"lastBolusTime":1703415410000,"time":"2023-12-24T15:13:17.145Z","iobWithZeroTemp":{"iob":-0.659,"basaliob":-0.705,"bolussnooze":0,"activity":-0.0057,"lastBolusTime":1703415410000,"time":"2023-12-24T15:13:17.145Z"}},{"iob":0.019,"basaliob":-0.022,"bolussnooze":0,"activity":5.0E-4,"lastBolusTime":1703415410000,"time":"2023-12-24T15:18:17.145Z","iobWithZeroTemp":{"iob":-0.664,"basaliob":-0.705,"bolussnooze":0,"activity":-0.0058,"lastBolusTime":1703415410000,"time":"2023-12-24T15:18:17.145Z"}}],"profile":{"max_iob":7,"type":"current","max_daily_basal":0.45,"max_basal":1.35,"min_bg":81.0000000000001,"max_bg":81.0000000000001,"target_bg":81.0000000000001,"carb_ratio":11,"sens":352.8,"max_daily_safety_multiplier":3,"current_basal_safety_multiplier":4,"lgsThreshold":65,"high_temptarget_raises_sensitivity":false,"low_temptarget_lowers_sensitivity":false,"sensitivity_raises_target":true,"resistance_lowers_target":true,"adv_target_adjustments":false,"exercise_mode":false,"half_basal_exercise_target":160,"maxCOB":120,"skip_neutral_temps":false,"remainingCarbsCap":90,"enableUAM":true,"A52_risk_enable":false,"SMBInterval":4,"enableSMB_with_COB":true,"enableSMB_with_temptarget":false,"allowSMB_with_high_temptarget":true,"enableSMB_always":true,"enableSMB_after_carbs":false,"maxSMBBasalMinutes":60,"maxUAMSMBBasalMinutes":60,"bolus_increment":0.05,"carbsReqThreshold":10,"current_basal":0.4,"temptargetSet":true,"autosens_max":1.2,"autosens_min":0.8,"out_units":"mmol\/L","variable_sens":123.7,"insulinDivisor":65,"TDD":12.362386028571427},"autosens_data":{"ratio":0.9057185236608902},"meal_data":{"carbs":90,"mealCOB":20.27339455782313,"slopeFromMaxDeviation":-1.7710975609756094,"slopeFromMinDeviation":0,"lastBolusTime":1703415410000,"lastCarbTime":1703416973000},"microBolusAllowed":true,"currentTime":1703416998709,"flatBGsDetected":false,"tdd1D":36.190166666666634,"tdd7D":31.004297619047623,"tddLast24H":28.081166666666668,"tddLast4H":7.920000000000002,"tddLast8to4H":1.4791666666666665},"output":{"temp":"absolute","bg":146,"tick":"+5","eventualBG":192,"targetBG":81.0000000000001,"insulinReq":0,"deliverAt":"2023-12-24T11:23:18.709Z","sensitivityRatio":0.9057185236608902,"variable_sens":123.7,"predBGs":{"IOB":[146,150,153,155,157,158,158,157,155,153,149,144,138,132,127,122,117,112,108,103,99,95,92,88,85,82,79,76,74,71,69,67,65,63,61,59,57,56,54,53,52,51,50,49,48,47,47,46],"ZT":[146,134,122,110,98,86,74,62,49,39,39,39,39,39,39,39,39,39,39,39,39,39,39,39,39,39,39,39,39,39,39,39,39,39,39,39,39,39,39,39,39,39,39,42,50,57,64,70],"COB":[146,150,155,159,164,168,173,177,181,185,189,193,196,200,203,205,208,210,212,213,214,214,215,214,213,212,211,209,207,205,204,203,201,200,199,198,197,196,196,195,194,194,193,193,193,192],"UAM":[146,149,152,153,153,152,150,147,142,136,129,122,116,109,103,97,92,86,81,76,71,66,61,56,52,47,43,39]},"reason":"COB: 20.3, Dev: 5.7, BGI: -0.7, ISF: 6.9, CR: 11, Target: 4.5, minPredBG 2.2, minGuardBG 1.7, IOBpredBG 2.6, COBpredBG 10.7, UAMpredBG 2.2; minGuardBG 1.7<3.6","COB":20.27339455782313,"IOB":1.379,"duration":60,"rate":0,"timestamp":"2023-12-24T11:23:18.733Z"}}