{"algorithm":"OpenAPSSMBDynamicISFPlugin","input":{"glucoseStatus":{"glucose":186,"noise":0,"delta":19,"short_avgdelta":23.89,"long_avgdelta":18.15,"date":1703924517037},"currenttemp":{"temp":"absolute","duration":10,"rate":1.32,"minutesrunning":5},"iob_data":[{"iob":3.159,"basaliob":-0.31,"bolussnooze":1.8872,"activity":0.0156,"lastBolusTime":1703923966000,"time":"2023-12-30T08:22:23.992Z","iobWithZeroTemp":{"iob":3.159,"basaliob":-0.31,"bolussnooze":1.8872,"activity":0.0156,"lastBolusTime":1703923966000,"time":"2023-12-30T08:22:23.992Z"}},{"iob":3.076,"basaliob":-0.293,"bolussnooze":1.7164,"activity":0.0179,"lastBolusTime":1703923966000,"time":"2023-12-30T08:27:23.992Z","iobWithZeroTemp":{"iob":3.049,"basaliob":-0.32,"bolussnooze":1.7164,"activity":0.0179,"lastBolusTime":1703923966000,"time":"2023-12-30T08:27:23.992Z"}},{"iob":2.981,"basaliob":-0.277,"bolussnooze":1.5484,"activity":0.0196,"lastBolusTime":1703923966000,"time":"2023-12-30T08:32:23.992Z","iobWithZeroTemp":{"iob":2.921,"basaliob":-0.337,"bolussnooze":1.5484,"activity":0.0195,"lastBolusTime":1703923966000,"time":"2023-12-30T08:32:23.992Z"}},{"iob":2.879,"basaliob":-0.262,"bolussnooze":1.3872,"activity":0.0209,"lastBolusTime":1703923966000,"time":"2023-12-30T08:37:23.992Z","iobWithZeroTemp":{"iob":2.787,"basaliob":-0.354,"bolussnooze":1.3872,"activity":0.0207,"lastBolusTime":1703923966000,"time":"2023-12-30T08:37:23.992Z"}},{"iob":2.773,"basaliob":-0.246,"bolussnooze":1.2352,"activity":0.0218,"lastBolusTime":1703923966000,"time":"2023-12-30T08:42:23.992Z","iobWithZeroTemp":{"iob":2.648,"basaliob":-0.371,"bolussnooze":1.2352,"activity":0.0215,"lastBolusTime":1703923966000,"time":"2023-12-30T08:42:23.992Z"}},{"iob":2.661,"basaliob":-0.232,"bolussnooze":1.0939,"activity":0.0225,"lastBolusTime":1703923966000,"time":"2023-12-30T08:47:23.992Z","iobWithZeroTemp":{"iob":2.505,"basaliob":-0.388,"bolussnooze":1.0939,"activity":0.022,"lastBolusTime":1703923966000,"time":"2023-12-30T08:47:23.992Z"}},{"iob":2.548,"basaliob":-0.218,"bolussnooze":0.9641,"activity":0.0228,"lastBolusTime":1703923966000,"time":"2023-12-30T08:52:23.992Z","iobWithZeroTemp":{"iob":2.362,"basaliob":-0.404,"bolussnooze":0.9641,"activity":0.0221,"lastBolusTime":1703923966000,"time":"2023-12-30T08:52:23.992Z"}},{"iob":2.434,"basaliob":-0.205,"bolussnooze":0.846,"activity":0.0229,"lastBolusTime":1703923966000,"time":"2023-12-30T08:57:23.992Z","iobWithZeroTemp":{"iob":2.218,"basaliob":-0.421,"bolussnooze":0.846,"activity":0.022,"lastBolusTime":1703923966000,"time":"2023-12-30T08:57:23.992Z"}},{"iob":2.319,"basaliob":-0.192,"bolussnooze":0.7394,"activity":0.0228,"lastBolusTime":1703923966000,"time":"2023-12-30T09:02:23.992Z","iobWithZeroTemp":{"iob":2.075,"basaliob":-0.436,"bolussnooze":0.7394,"activity":0.0217,"lastBolusTime":1703923966000,"time":"2023-12-30T09:02:23.992Z"}},{"iob":2.206,"basaliob":-0.18,"bolussnooze":0.6437,"activity":0.0225,"lastBolusTime":1703923966000,"time":"2023-12-30T09:07:23.992Z","iobWithZeroTemp":{"iob":1.934,"basaliob":-0.452,"bolussnooze":0.6437,"activity":0.0212,"lastBolusTime":1703923966000,"time":"2023-12-30T09:07:23.992Z"}},{"iob":2.094,"basaliob":-0.168,"bolussnooze":0.5585,"activity":0.0221,"lastBolusTime":1703923966000,"time":"2023-12-30T09:12:23.992Z","iobWithZeroTemp":{"iob":1.796,"basaliob":-0.466,"bolussnooze":0.5585,"activity":0.0206,"lastBolusTime":1703923966000,"time":"2023-12-30T09:12:23.992Z"}},{"iob":1.985,"basaliob":-0.157,"bolussnooze":0.483,"activity":0.0217,"lastBolusTime":1703923966000,"time":"2023-12-30T09:17:23.992Z","iobWithZeroTemp":{"iob":1.662,"basaliob":-0.48,"bolussnooze":0.483,"activity":0.0199,"lastBolusTime":1703923966000,"time":"2023-12-30T09:17:23.992Z"}},{"iob":1.877,"basaliob":-0.147,"bolussnooze":0.4163,"activity":0.0211,"lastBolusTime":1703923966000,"time":"2023-12-30T09:22:23.992Z","iobWithZeroTemp":{"iob":1.53,"basaliob":-0.494,"bolussnooze":0.4163,"activity":0.0191,"lastBolusTime":1703923966000,"time":"2023-12-30T09:22:23.992Z"}},{"iob":1.773,"basaliob":-0.137,"bolussnooze":0.3578,"activity":0.0205,"lastBolusTime":1703923966000,"time":"2023-12-30T09:27:23.992Z","iobWithZeroTemp":{"iob":1.403,"basaliob":-0.507,"bolussnooze":0.3578,"activity":0.0183,"lastBolusTime":1703923966000,"time":"2023-12-30T09:27:23.992Z"}},{"iob":1.672,"basaliob":-0.128,"bolussnooze":0.3066,"activity":0.0198,"lastBolusTime":1703923966000,"time":"2023-12-30T09:32:23.992Z","iobWithZeroTemp":{"iob":1.281,"basaliob":-0.519,"bolussnooze":0.3066,"activity":0.0174,"lastBolusTime":1703923966000,"time":"2023-12-30T09:32:23.992Z"}},{"iob":1.575,"basaliob":-0.119,"bolussnooze":0.2619,"activity":0.0191,"lastBolusTime":1703923966000,"time":"2023-12-30T09:37:23.992Z","iobWithZeroTemp":{"iob":1.163,"basaliob":-0.531,"bolussnooze":0.2619,"activity":0.0164,"lastBolusTime":1703923966000,"time":"2023-12-30T09:37:23.992Z"}},{"iob":1.482,"basaliob":-0.111,"bolussnooze":0.2232,"activity":0.0183,"lastBolusTime":1703923966000,"time":"2023-12-30T09:42:23.992Z","iobWithZeroTemp":{"iob":1.051,"basaliob":-0.542,"bolussnooze":0.2232,"activity":0.0154,"lastBolusTime":1703923966000,"time":"2023-12-30T09:42:23.992Z"}},{"iob":1.393,"basaliob":-0.103,"bolussnooze":0.1896,"activity":0.0175,"lastBolusTime":1703923966000,"time":"2023-12-30T09:47:23.992Z","iobWithZeroTemp":{"iob":0.943,"basaliob":-0.553,"bolussnooze":0.1896,"activity":0.0144,"lastBolusTime":1703923966000,"time":"2023-12-30T09:47:23.992Z"}},{"iob":1.307,"basaliob":-0.096,"bolussnooze":0.1606,"activity":0.0168,"lastBolusTime":1703923966000,"time":"2023-12-30T09:52:23.992Z","iobWithZeroTemp":{"iob":0.84,"basaliob":-0.563,"bolussnooze":0.1606,"activity":0.0135,"lastBolusTime":1703923966000,"time":"2023-12-30T09:52:23.992Z"}},{"iob":1.225,"basaliob":-0.089,"bolussnooze":0.1357,"activity":0.016,"lastBolusTime":1703923966000,"time":"2023-12-30T09:57:23.992Z","iobWithZeroTemp":{"iob":0.741,"basaliob":-0.573,"bolussnooze":0.1357,"activity":0.0125,"lastBolusTime":1703923966000,"time":"2023-12-30T09:57:23.992Z"}},{"iob":1.148,"basaliob":-0.082,"bolussnooze":0.1143,"activity":0.0152,"lastBolusTime":1703923966000,"time":"2023-12-30T10:02:23.992Z","iobWithZeroTemp":{"iob":0.649,"basaliob":-0.581,"bolussnooze":0.1143,"activity":0.0115,"lastBolusTime":1703923966000,"time":"2023-12-30T10:02:23.992Z"}},{"iob":1.074,"basaliob":-0.076,"bolussnooze":0.096,"activity":0.0144,"lastBolusTime":1703923966000,"time":"2023-12-30T10:07:23.992Z","iobWithZeroTemp":{"iob":0.56,"basaliob":-0.59,"bolussnooze":0.096,"activity":0.0105,"lastBolusTime":1703923966000,"time":"2023-12-30T10:07:23.992Z"}},{"iob":1.003,"basaliob":-0.071,"bolussnooze":0.0804,"activity":0.0137,"lastBolusTime":1703923966000,"time":"2023-12-30T10:12:23.992Z","iobWithZeroTemp":{"iob":0.476,"basaliob":-0.598,"bolussnooze":0.0804,"activity":0.0097,"lastBolusTime":1703923966000,"time":"2023-12-30T10:12:23.992Z"}},{"iob":0.937,"basaliob":-0.065,"bolussnooze":0.0671,"activity":0.013,"lastBolusTime":1703923966000,"time":"2023-12-30T10:17:23.992Z","iobWithZeroTemp":{"iob":0.397,"basaliob":-0.605,"bolussnooze":0.0671,"activity":0.0088,"lastBolusTime":1703923966000,"time":"2023-12-30T10:17:23.992Z"}},{"iob":0.873,"basaliob":-0.061,"bolussnooze":0.0558,"activity":0.0123,"lastBolusTime":1703923966000,"time":"2023-12-30T10:22:23.992Z","iobWithZeroTemp":{"iob":0.321,"basaliob":-0.613,"bolussnooze":0.0558,"activity":0.008,"lastBolusTime":1703923966000,"time":"2023-12-30T10:22:23.992Z"}},{"iob":0.814,"basaliob":-0.056,"bolussnooze":0.0463,"activity":0.0115,"lastBolusTime":1703923966000,"time":"2023-12-30T10:27:23.992Z","iobWithZeroTemp":{"iob":0.251,"basaliob":-0.619,"bolussnooze":0.0463,"activity":0.007,"lastBolusTime":1703923966000,"time":"2023-12-30T10:27:23.992Z"}},{"iob":0.758,"basaliob":-0.052,"bolussnooze":0.0382,"activity":0.0109,"lastBolusTime":1703923966000,"time":"2023-12-30T10:32:23.992Z","iobWithZeroTemp":{"iob":0.184,"basaliob":-0.626,"bolussnooze":0.0382,"activity":0.0063,"lastBolusTime":1703923966000,"time":"2023-12-30T10:32:23.992Z"}},{"iob":0.705,"basaliob":-0.048,"bolussnooze":0.0315,"activity":0.0102,"lastBolusTime":1703923966000,"time":"2023-12-30T10:37:23.992Z","iobWithZeroTemp":{"iob":0.121,"basaliob":-0.632,"bolussnooze":0.0315,"activity":0.0054,"lastBolusTime":1703923966000,"time":"2023-12-30T10:37:23.992Z"}},{"iob":0.656,"basaliob":-0.044,"bolussnooze":0.0258,"activity":0.0096,"lastBolusTime":1703923966000,"time":"2023-12-30T10:42:23.992Z","iobWithZeroTemp":{"iob":0.063,"basaliob":-0.637,"bolussnooze":0.0258,"activity":0.0047,"lastBolusTime":1703923966000,"time":"2023-12-30T10:42:23.992Z"}},{"iob":0.609,"basaliob":-0.041,"bolussnooze":0.021,"activity":0.009,"lastBolusTime":1703923966000,"time":"2023-12-30T10:47:23.992Z","iobWithZeroTemp":{"iob":0.008,"basaliob":-0.642,"bolussnooze":0.021,"activity":0.004,"lastBolusTime":1703923966000,"time":"2023-12-30T10:47:23.992Z"}},{"iob":0.566,"basaliob":-0.037,"bolussnooze":0.0171,"activity":0.0085,"lastBolusTime":1703923966000,"time":"2023-12-30T10:52:23.992Z","iobWithZeroTemp":{"iob":-0.043,"basaliob":-0.646,"bolussnooze":0.0171,"activity":0.0034,"lastBolusTime":1703923966000,"time":"2023-12-30T10:52:23.992Z"}},{"iob":0.525,"basaliob":-0.034,"bolussnooze":0.0138,"activity":0.0079,"lastBolusTime":1703923966000,"time":"2023-12-30T10:57:23.992Z","iobWithZeroTemp":{"iob":-0.092,"basaliob":-0.651,"bolussnooze":0.0138,"activity":0.0027,"lastBolusTime":1703923966000,"time":"2023-12-30T10:57:23.992Z"}},{"iob":0.486,"basaliob":-0.032,"bolussnooze":0.011,"activity":0.0075,"lastBolusTime":1703923966000,"time":"2023-12-30T11:02:23.992Z","iobWithZeroTemp":{"iob":-0.138,"basaliob":-0.656,"bolussnooze":0.011,"activity":0.0022,"lastBolusTime":1703923966000,"time":"2023-12-30T11:02:23.992Z"}},{"iob":0.45,"basaliob":-0.029,"bolussnooze":0.0088,"activity":0.0069,"lastBolusTime":1703923966000,"time":"2023-12-30T11:07:23.992Z","iobWithZeroTemp":{"iob":-0.18,"basaliob":-0.659,"bolussnooze":0.0088,"activity":0.0015,"lastBolusTime":1703923966000,"time":"2023-12-30T11:07:23.992Z"}},{"iob":0.417,"basaliob":-0.027,"bolussnooze":0.007,"activity":0.0064,"lastBolusTime":1703923966000,"time":"2023-12-30T11:12:23.992Z","iobWithZeroTemp":{"iob":-0.219,"basaliob":-0.663,"bolussnooze":0.007,"activity":9.0E-4,"lastBolusTime":1703923966000,"time":"2023-12-30T11:12:23.992Z"}},{"iob":0.386,"basaliob":-0.024,"bolussnooze":0.0055,"activity":0.0061,"lastBolusTime":1703923966000,"time":"2023-12-30T11:17:23.992Z","iobWithZeroTemp":{"iob":-0.255,"basaliob":-0.665,"bolussnooze":0.0055,"activity":5.0E-4,"lastBolusTime":1703923966000,"time":"2023-12-30T11:17:23.992Z"}},{"iob":0.357,"basaliob":-0.022,"bolussnooze":0.0042,"activity":0.0056,"lastBolusTime":1703923966000,"time":"2023-12-30T11:22:23.992Z","iobWithZeroTemp":{"iob":-0.29,"basaliob":-0.669,"bolussnooze":0.0042,"activity":-1.0E-4,"lastBolusTime":1703923966000,"time":"2023-12-30T11:22:23.992Z"}},{"iob":0.329,"basaliob":-0.021,"bolussnooze":0.0032,"activity":0.0052,"lastBolusTime":1703923966000,"time":"2023-12-30T11:27:23.992Z","iobWithZeroTemp":{"iob":-0.322,"basaliob":-0.672,"bolussnooze":0.0032,"activity":-6.0E-4,"lastBolusTime":1703923966000,"time":"2023-12-30T11:27:23.992Z"}},{"iob":0.303,"basaliob":-0.019,"bolussnooze":0.0025,"activity":0.0049,"lastBolusTime":1703923966000,"time":"2023-12-30T11:32:23.992Z","iobWithZeroTemp":{"iob":-0.353,"basaliob":-0.675,"bolussnooze":0.0025,"activity":-9.0E-4,"lastBolusTime":1703923966000,"time":"2023-12-30T11:32:23.992Z"}},{"iob":0.28,"basaliob":-0.017,"bolussnooze":0.0018,"activity":0.0046,"lastBolusTime":1703923966000,"time":"2023-12-30T11:37:23.992Z","iobWithZeroTemp":{"iob":-0.38,"basaliob":-0.677,"bolussnooze":0.0018,"activity":-0.0013,"lastBolusTime":1703923966000,"time":"2023-12-30T11:37:23.992Z"}},{"iob":0.258,"basaliob":-0.016,"bolussnooze":0.0013,"activity":0.0042,"lastBolusTime":1703923966000,"time":"2023-12-30T11:42:23.992Z","iobWithZeroTemp":{"iob":-0.406,"basaliob":-0.68,"bolussnooze":0.0013,"activity":-0.0017,"lastBolusTime":1703923966000,"time":"2023-12-30T11:42:23.992Z"}},{"iob":0.238,"basaliob":-0.014,"bolussnooze":9.0E-4,"activity":0.0039,"lastBolusTime":1703923966000,"time":"2023-12-30T11:47:23.992Z","iobWithZeroTemp":{"iob":-0.429,"basaliob":-0.681,"bolussnooze":9.0E-4,"activity":-0.0021,"lastBolusTime":1703923966000,"time":"2023-12-30T11:47:23.992Z"}},{"iob":0.219,"basaliob":-0.013,"bolussnooze":7.0E-4,"activity":0.0037,"lastBolusTime":1703923966000,"time":"2023-12-30T11:52:23.992Z","iobWithZeroTemp":{"iob":-0.451,"basaliob":-0.683,"bolussnooze":7.0E-4,"activity":-0.0024,"lastBolusTime":1703923966000,"time":"2023-12-30T11:52:23.992Z"}},{"iob":0.201,"basaliob":-0.012,"bolussnooze":4.0E-4,"activity":0.0034,"lastBolusTime":1703923966000,"time":"2023-12-30T11:57:23.992Z","iobWithZeroTemp":{"iob":-0.472,"basaliob":-0.685,"bolussnooze":4.0E-4,"activity":-0.0027,"lastBolusTime":1703923966000,"time":"2023-12-30T11:57:23.992Z"}},{"iob":0.185,"basaliob":-0.011,"bolussnooze":3.0E-4,"activity":0.0031,"lastBolusTime":1703923966000,"time":"2023-12-30T12:02:23.992Z","iobWithZeroTemp":{"iob":-0.491,"basaliob":-0.687,"bolussnooze":3.0E-4,"activity":-0.003,"lastBolusTime":1703923966000,"time":"2023-12-30T12:02:23.992Z"}},{"iob":0.17,"basaliob":-0.01,"bolussnooze":2.0E-4,"activity":0.0029,"lastBolusTime":1703923966000,"time":"2023-12-30T12:07:23.992Z","iobWithZeroTemp":{"iob":-0.508,"basaliob":-0.688,"bolussnooze":2.0E-4,"activity":-0.0033,"lastBolusTime":1703923966000,"time":"2023-12-30T12:07:23.992Z"}},{"iob":0.156,"basaliob":-0.009,"bolussnooze":1.0E-4,"activity":0.0027,"lastBolusTime":1703923966000,"time":"2023-12-30T12:12:23.992Z","iobWithZeroTemp":{"iob":-0.525,"basaliob":-0.69,"bolussnooze":1.0E-4,"activity":-0.0035,"lastBolusTime":1703923966000,"time":"2023-12-30T12:12:23.992Z"}},{"iob":0.143,"basaliob":-0.008,"bolussnooze":0,"activity":0.0024,"lastBolusTime":1703923966000,"time":"2023-12-30T12:17:23.992Z","iobWithZeroTemp":{"iob":-0.54,"basaliob":-0.691,"bolussnooze":0,"activity":-0.0039,"lastBolusTime":1703923966000,"time":"2023-12-30T12:17:23.992Z"}}],"profile":{"max_iob":7,"type":"current","max_daily_basal":0.45,"max_basal":1.35,"min_bg":81.0000000000001,"max_bg":81.0000000000001,"target_bg":81.0000000000001,"carb_ratio":9,"sens":352.8,"max_daily_safety_multiplier":3,"current_basal_safety_multiplier":4,"lgsThreshold":65,"high_temptarget_raises_sensitivity":false,"low_temptarget_lowers_sensitivity":false,"sensitivity_raises_target":true,"resistance_lowers_target":true,"adv_target_adjustments":false,"exercise_mode":false,"half_basal_exercise_target":160,"maxCOB":120,"skip_neutral_temps":false,"remainingCarbsCap":90,"enableUAM":true,"A52_risk_enable":false,"SMBInterval":4,"enableSMB_with_COB":true,"enableSMB_with_temptarget":false,"allowSMB_with_high_temptarget":true,"enableSMB_always":true,"enableSMB_after_carbs":false,"maxSMBBasalMinutes":60,"maxUAMSMBBasalMinutes":60,"bolus_increment":0.05,"carbsReqThreshold":10,"current_basal":0.4,"temptargetSet":true,"autosens_max":1.2,"autosens_min":0.8,"out_units":"mmol\/L","variable_sens":153.4,"insulinDivisor":65,"TDD":8.686239025},"autosens_data":{"ratio":1.113410705136094},"meal_data":{"carbs":50,"mealCOB":45.13135714285714,"slopeFromMaxDeviation":0,"slopeFromMinDeviation":5.697040816326531,"lastBolusTime":1703923966000,"lastCarbTime":1703923206000},"microBolusAllowed":true,"currentTime":1703924545160,"flatBGsDetected":false,"tdd1D":23.883833333333342,"tdd7D":27.277071428571436,"tddLast24H":30.370583333333325,"tddLast4H":4.629999999999999,"tddLast8to4H":2.0955833333333334},"output":{"temp":"absolute","bg":186,"tick":"+19","eventualBG":401,"targetBG":81.0000000000001,"insulinReq":2.09,"deliverAt":"2023-12-30T08:22:25.160Z","sensitivityRatio":1.113410705136094,"variable_sens":153.4,"predBGs":{"IOB":[186,202,215,225,231,234,234,232,226,218,208,194,178,161,144,127,108,89,68,44,39],"ZT":[186,174,160,144,125,104,81,52,39,39,39,39,39,39,39,39,39,39,39,39,39,39,39,39,39,39,39,39,39,39,39,39,39,39,39,39,39,39,39,39,39,39,39,39,39,39,39,39],"COB":[186,205,221,236,250,262,274,285,296,307,317,327,338,348,359,370,381,392,401],"UAM":[186,203,217,229,238,245,249,252,253,252,249,245,238,231,221,210,196,183,169,156,142,129,115,101,86,71,55,39]},"reason":"COB: 45.1, Dev: 10.3, BGI: -0.7, ISF: 8.5, CR: 9, Target: 4.5, minPredBG 22.4, minGuardBG 9.1, IOBpredBG 2.2, COBpredBG 22.3, UAMpredBG 2.2; Eventual BG 22.3 >= 4.5,  insulinReq 2.09; maxBolus 0.4; setting 60m low temp of 0U\/h. Microbolusing 0.4U. ","COB":45.13135714285714,"IOB":3.159,"units":0.4,"rate":0,"duration":60,"timestamp":"2023-12-30T08:22:25.169Z"}}