{"algorithm":"OpenAPSSMBDynamicISFPlugin","input":{"glucoseStatus":{"glucose":114,"noise":0,"delta":-41,"short_avgdelta":-31.94,"long_avgdelta":-10.73,"date":1703178650588},"currenttemp":{"temp":"absolute","duration":110,"rate":0,"minutesrunning":10},"iob_data":[{"iob":4.466,"basaliob":-0.704,"bolussnooze":1.4874,"activity":0.0397,"lastBolusTime":1703177374000,"time":"2023-12-21T17:11:10.007Z","iobWithZeroTemp":{"iob":4.466,"basaliob":-0.704,"bolussnooze":1.4874,"activity":0.0397,"lastBolusTime":1703177374000,"time":"2023-12-21T17:11:10.007Z"}},{"iob":4.267,"basaliob":-0.671,"bolussnooze":1.3382,"activity":0.0399,"lastBolusTime":1703177374000,"time":"2023-12-21T17:16:10.007Z","iobWithZeroTemp":{"iob":4.24,"basaliob":-0.698,"bolussnooze":1.3382,"activity":0.0399,"lastBolusTime":1703177374000,"time":"2023-12-21T17:16:10.007Z"}},{"iob":4.067,"basaliob":-0.638,"bolussnooze":1.196,"activity":0.0398,"lastBolusTime":1703177374000,"time":"2023-12-21T17:21:10.007Z","iobWithZeroTemp":{"iob":4.007,"basaliob":-0.698,"bolussnooze":1.196,"activity":0.0397,"lastBolusTime":1703177374000,"time":"2023-12-21T17:21:10.007Z"}},{"iob":3.87,"basaliob":-0.605,"bolussnooze":1.0627,"activity":0.0394,"lastBolusTime":1703177374000,"time":"2023-12-21T17:26:10.007Z","iobWithZeroTemp":{"iob":3.778,"basaliob":-0.697,"bolussnooze":1.0627,"activity":0.0392,"lastBolusTime":1703177374000,"time":"2023-12-21T17:26:10.007Z"}},{"iob":3.674,"basaliob":-0.574,"bolussnooze":0.9394,"activity":0.0388,"lastBolusTime":1703177374000,"time":"2023-12-21T17:31:10.007Z","iobWithZeroTemp":{"iob":3.549,"basaliob":-0.699,"bolussnooze":0.9394,"activity":0.0385,"lastBolusTime":1703177374000,"time":"2023-12-21T17:31:10.007Z"}},{"iob":3.482,"basaliob":-0.543,"bolussnooze":0.8264,"activity":0.038,"lastBolusTime":1703177374000,"time":"2023-12-21T17:36:10.007Z","iobWithZeroTemp":{"iob":3.326,"basaliob":-0.699,"bolussnooze":0.8264,"activity":0.0375,"lastBolusTime":1703177374000,"time":"2023-12-21T17:36:10.007Z"}},{"iob":3.295,"basaliob":-0.512,"bolussnooze":0.724,"activity":0.037,"lastBolusTime":1703177374000,"time":"2023-12-21T17:41:10.007Z","iobWithZeroTemp":{"iob":3.109,"basaliob":-0.698,"bolussnooze":0.724,"activity":0.0363,"lastBolusTime":1703177374000,"time":"2023-12-21T17:41:10.007Z"}},{"iob":3.113,"basaliob":-0.483,"bolussnooze":0.6317,"activity":0.0359,"lastBolusTime":1703177374000,"time":"2023-12-21T17:46:10.007Z","iobWithZeroTemp":{"iob":2.897,"basaliob":-0.699,"bolussnooze":0.6317,"activity":0.035,"lastBolusTime":1703177374000,"time":"2023-12-21T17:46:10.007Z"}},{"iob":2.936,"basaliob":-0.455,"bolussnooze":0.5492,"activity":0.0347,"lastBolusTime":1703177374000,"time":"2023-12-21T17:51:10.007Z","iobWithZeroTemp":{"iob":2.692,"basaliob":-0.699,"bolussnooze":0.5492,"activity":0.0336,"lastBolusTime":1703177374000,"time":"2023-12-21T17:51:10.007Z"}},{"iob":2.766,"basaliob":-0.428,"bolussnooze":0.4758,"activity":0.0334,"lastBolusTime":1703177374000,"time":"2023-12-21T17:56:10.007Z","iobWithZeroTemp":{"iob":2.494,"basaliob":-0.7,"bolussnooze":0.4758,"activity":0.0321,"lastBolusTime":1703177374000,"time":"2023-12-21T17:56:10.007Z"}},{"iob":2.602,"basaliob":-0.402,"bolussnooze":0.4109,"activity":0.0321,"lastBolusTime":1703177374000,"time":"2023-12-21T18:01:10.007Z","iobWithZeroTemp":{"iob":2.304,"basaliob":-0.7,"bolussnooze":0.4109,"activity":0.0306,"lastBolusTime":1703177374000,"time":"2023-12-21T18:01:10.007Z"}},{"iob":2.445,"basaliob":-0.377,"bolussnooze":0.3537,"activity":0.0307,"lastBolusTime":1703177374000,"time":"2023-12-21T18:06:10.007Z","iobWithZeroTemp":{"iob":2.122,"basaliob":-0.7,"bolussnooze":0.3537,"activity":0.0289,"lastBolusTime":1703177374000,"time":"2023-12-21T18:06:10.007Z"}},{"iob":2.294,"basaliob":-0.354,"bolussnooze":0.3036,"activity":0.0294,"lastBolusTime":1703177374000,"time":"2023-12-21T18:11:10.007Z","iobWithZeroTemp":{"iob":1.947,"basaliob":-0.701,"bolussnooze":0.3036,"activity":0.0274,"lastBolusTime":1703177374000,"time":"2023-12-21T18:11:10.007Z"}},{"iob":2.151,"basaliob":-0.331,"bolussnooze":0.2599,"activity":0.028,"lastBolusTime":1703177374000,"time":"2023-12-21T18:16:10.007Z","iobWithZeroTemp":{"iob":1.781,"basaliob":-0.701,"bolussnooze":0.2599,"activity":0.0258,"lastBolusTime":1703177374000,"time":"2023-12-21T18:16:10.007Z"}},{"iob":2.014,"basaliob":-0.31,"bolussnooze":0.2218,"activity":0.0266,"lastBolusTime":1703177374000,"time":"2023-12-21T18:21:10.007Z","iobWithZeroTemp":{"iob":1.623,"basaliob":-0.701,"bolussnooze":0.2218,"activity":0.0242,"lastBolusTime":1703177374000,"time":"2023-12-21T18:21:10.007Z"}},{"iob":1.884,"basaliob":-0.289,"bolussnooze":0.1887,"activity":0.0253,"lastBolusTime":1703177374000,"time":"2023-12-21T18:26:10.007Z","iobWithZeroTemp":{"iob":1.472,"basaliob":-0.701,"bolussnooze":0.1887,"activity":0.0226,"lastBolusTime":1703177374000,"time":"2023-12-21T18:26:10.007Z"}},{"iob":1.761,"basaliob":-0.27,"bolussnooze":0.1602,"activity":0.0241,"lastBolusTime":1703177374000,"time":"2023-12-21T18:31:10.007Z","iobWithZeroTemp":{"iob":1.33,"basaliob":-0.701,"bolussnooze":0.1602,"activity":0.0212,"lastBolusTime":1703177374000,"time":"2023-12-21T18:31:10.007Z"}},{"iob":1.644,"basaliob":-0.252,"bolussnooze":0.1355,"activity":0.0228,"lastBolusTime":1703177374000,"time":"2023-12-21T18:36:10.007Z","iobWithZeroTemp":{"iob":1.194,"basaliob":-0.702,"bolussnooze":0.1355,"activity":0.0197,"lastBolusTime":1703177374000,"time":"2023-12-21T18:36:10.007Z"}},{"iob":1.533,"basaliob":-0.235,"bolussnooze":0.1144,"activity":0.0215,"lastBolusTime":1703177374000,"time":"2023-12-21T18:41:10.007Z","iobWithZeroTemp":{"iob":1.066,"basaliob":-0.702,"bolussnooze":0.1144,"activity":0.0182,"lastBolusTime":1703177374000,"time":"2023-12-21T18:41:10.007Z"}},{"iob":1.429,"basaliob":-0.218,"bolussnooze":0.0962,"activity":0.0203,"lastBolusTime":1703177374000,"time":"2023-12-21T18:46:10.007Z","iobWithZeroTemp":{"iob":0.945,"basaliob":-0.702,"bolussnooze":0.0962,"activity":0.0168,"lastBolusTime":1703177374000,"time":"2023-12-21T18:46:10.007Z"}},{"iob":1.331,"basaliob":-0.203,"bolussnooze":0.0808,"activity":0.0191,"lastBolusTime":1703177374000,"time":"2023-12-21T18:51:10.007Z","iobWithZeroTemp":{"iob":0.832,"basaliob":-0.702,"bolussnooze":0.0808,"activity":0.0154,"lastBolusTime":1703177374000,"time":"2023-12-21T18:51:10.007Z"}},{"iob":1.238,"basaliob":-0.189,"bolussnooze":0.0675,"activity":0.018,"lastBolusTime":1703177374000,"time":"2023-12-21T18:56:10.007Z","iobWithZeroTemp":{"iob":0.724,"basaliob":-0.703,"bolussnooze":0.0675,"activity":0.0141,"lastBolusTime":1703177374000,"time":"2023-12-21T18:56:10.007Z"}},{"iob":1.151,"basaliob":-0.175,"bolussnooze":0.0563,"activity":0.0169,"lastBolusTime":1703177374000,"time":"2023-12-21T19:01:10.007Z","iobWithZeroTemp":{"iob":0.624,"basaliob":-0.702,"bolussnooze":0.0563,"activity":0.0129,"lastBolusTime":1703177374000,"time":"2023-12-21T19:01:10.007Z"}},{"iob":1.07,"basaliob":-0.162,"bolussnooze":0.0468,"activity":0.0159,"lastBolusTime":1703177374000,"time":"2023-12-21T19:06:10.007Z","iobWithZeroTemp":{"iob":0.53,"basaliob":-0.702,"bolussnooze":0.0468,"activity":0.0117,"lastBolusTime":1703177374000,"time":"2023-12-21T19:06:10.007Z"}},{"iob":0.992,"basaliob":-0.151,"bolussnooze":0.0388,"activity":0.0149,"lastBolusTime":1703177374000,"time":"2023-12-21T19:11:10.007Z","iobWithZeroTemp":{"iob":0.44,"basaliob":-0.703,"bolussnooze":0.0388,"activity":0.0106,"lastBolusTime":1703177374000,"time":"2023-12-21T19:11:10.007Z"}},{"iob":0.92,"basaliob":-0.14,"bolussnooze":0.032,"activity":0.014,"lastBolusTime":1703177374000,"time":"2023-12-21T19:16:10.007Z","iobWithZeroTemp":{"iob":0.357,"basaliob":-0.703,"bolussnooze":0.032,"activity":0.0095,"lastBolusTime":1703177374000,"time":"2023-12-21T19:16:10.007Z"}},{"iob":0.853,"basaliob":-0.129,"bolussnooze":0.0263,"activity":0.013,"lastBolusTime":1703177374000,"time":"2023-12-21T19:21:10.007Z","iobWithZeroTemp":{"iob":0.279,"basaliob":-0.703,"bolussnooze":0.0263,"activity":0.0084,"lastBolusTime":1703177374000,"time":"2023-12-21T19:21:10.007Z"}},{"iob":0.789,"basaliob":-0.12,"bolussnooze":0.0215,"activity":0.0122,"lastBolusTime":1703177374000,"time":"2023-12-21T19:26:10.007Z","iobWithZeroTemp":{"iob":0.205,"basaliob":-0.704,"bolussnooze":0.0215,"activity":0.0074,"lastBolusTime":1703177374000,"time":"2023-12-21T19:26:10.007Z"}},{"iob":0.731,"basaliob":-0.11,"bolussnooze":0.0176,"activity":0.0114,"lastBolusTime":1703177374000,"time":"2023-12-21T19:31:10.007Z","iobWithZeroTemp":{"iob":0.138,"basaliob":-0.703,"bolussnooze":0.0176,"activity":0.0065,"lastBolusTime":1703177374000,"time":"2023-12-21T19:31:10.007Z"}},{"iob":0.676,"basaliob":-0.102,"bolussnooze":0.0142,"activity":0.0107,"lastBolusTime":1703177374000,"time":"2023-12-21T19:36:10.007Z","iobWithZeroTemp":{"iob":0.075,"basaliob":-0.703,"bolussnooze":0.0142,"activity":0.0057,"lastBolusTime":1703177374000,"time":"2023-12-21T19:36:10.007Z"}},{"iob":0.625,"basaliob":-0.094,"bolussnooze":0.0115,"activity":0.0099,"lastBolusTime":1703177374000,"time":"2023-12-21T19:41:10.007Z","iobWithZeroTemp":{"iob":0.016,"basaliob":-0.703,"bolussnooze":0.0115,"activity":0.0048,"lastBolusTime":1703177374000,"time":"2023-12-21T19:41:10.007Z"}},{"iob":0.577,"basaliob":-0.087,"bolussnooze":0.0092,"activity":0.0092,"lastBolusTime":1703177374000,"time":"2023-12-21T19:46:10.007Z","iobWithZeroTemp":{"iob":-0.04,"basaliob":-0.704,"bolussnooze":0.0092,"activity":0.004,"lastBolusTime":1703177374000,"time":"2023-12-21T19:46:10.007Z"}},{"iob":0.532,"basaliob":-0.08,"bolussnooze":0.0073,"activity":0.0086,"lastBolusTime":1703177374000,"time":"2023-12-21T19:51:10.007Z","iobWithZeroTemp":{"iob":-0.092,"basaliob":-0.704,"bolussnooze":0.0073,"activity":0.0033,"lastBolusTime":1703177374000,"time":"2023-12-21T19:51:10.007Z"}},{"iob":0.49,"basaliob":-0.074,"bolussnooze":0.0058,"activity":0.008,"lastBolusTime":1703177374000,"time":"2023-12-21T19:56:10.007Z","iobWithZeroTemp":{"iob":-0.14,"basaliob":-0.704,"bolussnooze":0.0058,"activity":0.0026,"lastBolusTime":1703177374000,"time":"2023-12-21T19:56:10.007Z"}},{"iob":0.452,"basaliob":-0.068,"bolussnooze":0.0045,"activity":0.0075,"lastBolusTime":1703177374000,"time":"2023-12-21T20:01:10.007Z","iobWithZeroTemp":{"iob":-0.184,"basaliob":-0.704,"bolussnooze":0.0045,"activity":0.002,"lastBolusTime":1703177374000,"time":"2023-12-21T20:01:10.007Z"}},{"iob":0.417,"basaliob":-0.062,"bolussnooze":0.0035,"activity":0.0069,"lastBolusTime":1703177374000,"time":"2023-12-21T20:06:10.007Z","iobWithZeroTemp":{"iob":-0.225,"basaliob":-0.704,"bolussnooze":0.0035,"activity":0.0013,"lastBolusTime":1703177374000,"time":"2023-12-21T20:06:10.007Z"}},{"iob":0.384,"basaliob":-0.057,"bolussnooze":0.0027,"activity":0.0064,"lastBolusTime":1703177374000,"time":"2023-12-21T20:11:10.007Z","iobWithZeroTemp":{"iob":-0.263,"basaliob":-0.704,"bolussnooze":0.0027,"activity":7.0E-4,"lastBolusTime":1703177374000,"time":"2023-12-21T20:11:10.007Z"}},{"iob":0.352,"basaliob":-0.053,"bolussnooze":0.002,"activity":0.0059,"lastBolusTime":1703177374000,"time":"2023-12-21T20:16:10.007Z","iobWithZeroTemp":{"iob":-0.299,"basaliob":-0.704,"bolussnooze":0.002,"activity":1.0E-4,"lastBolusTime":1703177374000,"time":"2023-12-21T20:16:10.007Z"}},{"iob":0.324,"basaliob":-0.048,"bolussnooze":0.0015,"activity":0.0055,"lastBolusTime":1703177374000,"time":"2023-12-21T20:21:10.007Z","iobWithZeroTemp":{"iob":-0.332,"basaliob":-0.704,"bolussnooze":0.0015,"activity":-3.0E-4,"lastBolusTime":1703177374000,"time":"2023-12-21T20:21:10.007Z"}},{"iob":0.298,"basaliob":-0.044,"bolussnooze":0.0011,"activity":0.0051,"lastBolusTime":1703177374000,"time":"2023-12-21T20:26:10.007Z","iobWithZeroTemp":{"iob":-0.362,"basaliob":-0.704,"bolussnooze":0.0011,"activity":-8.0E-4,"lastBolusTime":1703177374000,"time":"2023-12-21T20:26:10.007Z"}},{"iob":0.272,"basaliob":-0.041,"bolussnooze":8.0E-4,"activity":0.0047,"lastBolusTime":1703177374000,"time":"2023-12-21T20:31:10.007Z","iobWithZeroTemp":{"iob":-0.392,"basaliob":-0.705,"bolussnooze":8.0E-4,"activity":-0.0012,"lastBolusTime":1703177374000,"time":"2023-12-21T20:31:10.007Z"}},{"iob":0.25,"basaliob":-0.037,"bolussnooze":5.0E-4,"activity":0.0043,"lastBolusTime":1703177374000,"time":"2023-12-21T20:36:10.007Z","iobWithZeroTemp":{"iob":-0.417,"basaliob":-0.704,"bolussnooze":5.0E-4,"activity":-0.0017,"lastBolusTime":1703177374000,"time":"2023-12-21T20:36:10.007Z"}},{"iob":0.229,"basaliob":-0.034,"bolussnooze":4.0E-4,"activity":0.004,"lastBolusTime":1703177374000,"time":"2023-12-21T20:41:10.007Z","iobWithZeroTemp":{"iob":-0.441,"basaliob":-0.704,"bolussnooze":4.0E-4,"activity":-0.0021,"lastBolusTime":1703177374000,"time":"2023-12-21T20:41:10.007Z"}},{"iob":0.21,"basaliob":-0.031,"bolussnooze":2.0E-4,"activity":0.0037,"lastBolusTime":1703177374000,"time":"2023-12-21T20:46:10.007Z","iobWithZeroTemp":{"iob":-0.463,"basaliob":-0.704,"bolussnooze":2.0E-4,"activity":-0.0024,"lastBolusTime":1703177374000,"time":"2023-12-21T20:46:10.007Z"}},{"iob":0.192,"basaliob":-0.028,"bolussnooze":1.0E-4,"activity":0.0034,"lastBolusTime":1703177374000,"time":"2023-12-21T20:51:10.007Z","iobWithZeroTemp":{"iob":-0.484,"basaliob":-0.704,"bolussnooze":1.0E-4,"activity":-0.0027,"lastBolusTime":1703177374000,"time":"2023-12-21T20:51:10.007Z"}},{"iob":0.175,"basaliob":-0.026,"bolussnooze":1.0E-4,"activity":0.0031,"lastBolusTime":1703177374000,"time":"2023-12-21T20:56:10.007Z","iobWithZeroTemp":{"iob":-0.503,"basaliob":-0.704,"bolussnooze":1.0E-4,"activity":-0.0031,"lastBolusTime":1703177374000,"time":"2023-12-21T20:56:10.007Z"}},{"iob":0.16,"basaliob":-0.024,"bolussnooze":0,"activity":0.0029,"lastBolusTime":1703177374000,"time":"2023-12-21T21:01:10.007Z","iobWithZeroTemp":{"iob":-0.521,"basaliob":-0.705,"bolussnooze":0,"activity":-0.0033,"lastBolusTime":1703177374000,"time":"2023-12-21T21:01:10.007Z"}},{"iob":0.146,"basaliob":-0.022,"bolussnooze":0,"activity":0.0027,"lastBolusTime":1703177374000,"time":"2023-12-21T21:06:10.007Z","iobWithZeroTemp":{"iob":-0.537,"basaliob":-0.705,"bolussnooze":0,"activity":-0.0036,"lastBolusTime":1703177374000,"time":"2023-12-21T21:06:10.007Z"}}],"profile":{"max_iob":7,"type":"current","max_daily_basal":0.45,"max_basal":1.35,"min_bg":81.0000000000001,"max_bg":81.0000000000001,"target_bg":81.0000000000001,"carb_ratio":11,"sens":352.8,"max_daily_safety_multiplier":3,"current_basal_safety_multiplier":4,"lgsThreshold":65,"high_temptarget_raises_sensitivity":false,"low_temptarget_lowers_sensitivity":false,"sensitivity_raises_target":true,"resistance_lowers_target":true,"adv_target_adjustments":false,"exercise_mode":false,"half_basal_exercise_target":160,"maxCOB":120,"skip_neutral_temps":false,"remainingCarbsCap":90,"enableUAM":true,"A52_risk_enable":false,"SMBInterval":4,"enableSMB_with_COB":true,"enableSMB_with_temptarget":false,"allowSMB_with_high_temptarget":true,"enableSMB_always":true,"enableSMB_after_carbs":false,"maxSMBBasalMinutes":60,"maxUAMSMBBasalMinutes":60,"bolus_increment":0.05,"carbsReqThreshold":10,"current_basal":0.4,"temptargetSet":true,"autosens_max":1.2,"autosens_min":0.8,"out_units":"mmol\/L","variable_sens":49.6,"insulinDivisor":65,"TDD":35.83202250000001},"autosens_data":{"ratio":1.3124829469985209},"meal_data":{"carbs":85,"mealCOB":49.08292403628117,"slopeFromMaxDeviation":-7.092666666666664,"slopeFromMinDeviation":0.47788888888888914,"lastBolusTime":1703177374000,"lastCarbTime":1703177376272},"microBolusAllowed":true,"currentTime":1703178672127,"flatBGsDetected":false,"tdd1D":29.01841666666669,"tdd7D":27.79325000000001,"tddLast24H":36.47816666666665,"tddLast4H":8.5,"tddLast8to4H":8.459999999999999},"output":{"temp":"absolute","bg":114,"tick":-41,"eventualBG":39,"targetBG":81.0000000000001,"insulinReq":0,"deliverAt":"2023-12-21T17:11:12.127Z","sensitivityRatio":1.3124829469985209,"variable_sens":49.6,"predBGs":{"IOB":[114,76,39,39,39,39,39,39,39,39,39,39,39],"ZT":[114,104,94,83,70,57,42,39,39,39,39,39,39,39,39,39,39,39,39,39,39,39,39,39,39,39,39,39,39,39,39,39,39,39,39,39,39,39,39,39,39,39,39,39,39,39,39,39],"COB":[114,76,42,39,39,39,39,39,39,39,39,39,39],"UAM":[114,76,39,39,39,39,39,39,39,39,39,39,39]},"reason":"COB: 49.1, Dev: -0.3, BGI: -0.5, ISF: 2.8, CR: 11, Target: 4.5, minPredBG -12.2, minGuardBG -15.6, IOBpredBG 2.2, COBpredBG 2.2, UAMpredBG 2.2; 48 add'l carbs req w\/in 10m; minGuardBG -15.6<3.6","COB":49.08292403628117,"IOB":4.466,"carbsReq":48,"carbsReqWithin":10,"duration":120,"rate":0,"timestamp":"2023-12-21T17:11:12.153Z"}}