{"algorithm":"OpenAPSSMBDynamicISFPlugin","input":{"glucoseStatus":{"glucose":123,"noise":0,"delta":-9,"short_avgdelta":-7.06,"long_avgdelta":-3.7,"date":1703952126685},"currenttemp":{"temp":"absolute","duration":10,"rate":0,"minutesrunning":20},"iob_data":[{"iob":0.199,"basaliob":-0.477,"bolussnooze":0,"activity":0.0034,"lastBolusTime":1703950371000,"time":"2023-12-30T16:02:22.778Z","iobWithZeroTemp":{"iob":0.199,"basaliob":-0.477,"bolussnooze":0,"activity":0.0034,"lastBolusTime":1703950371000,"time":"2023-12-30T16:02:22.778Z"}},{"iob":0.182,"basaliob":-0.455,"bolussnooze":0,"activity":0.0031,"lastBolusTime":1703950371000,"time":"2023-12-30T16:07:22.778Z","iobWithZeroTemp":{"iob":0.155,"basaliob":-0.482,"bolussnooze":0,"activity":0.0031,"lastBolusTime":1703950371000,"time":"2023-12-30T16:07:22.778Z"}},{"iob":0.168,"basaliob":-0.432,"bolussnooze":0,"activity":0.0028,"lastBolusTime":1703950371000,"time":"2023-12-30T16:12:22.778Z","iobWithZeroTemp":{"iob":0.108,"basaliob":-0.492,"bolussnooze":0,"activity":0.0027,"lastBolusTime":1703950371000,"time":"2023-12-30T16:12:22.778Z"}},{"iob":0.154,"basaliob":-0.41,"bolussnooze":0,"activity":0.0026,"lastBolusTime":1703950371000,"time":"2023-12-30T16:17:22.778Z","iobWithZeroTemp":{"iob":0.062,"basaliob":-0.502,"bolussnooze":0,"activity":0.0024,"lastBolusTime":1703950371000,"time":"2023-12-30T16:17:22.778Z"}},{"iob":0.142,"basaliob":-0.388,"bolussnooze":0,"activity":0.0024,"lastBolusTime":1703950371000,"time":"2023-12-30T16:22:22.778Z","iobWithZeroTemp":{"iob":0.017,"basaliob":-0.513,"bolussnooze":0,"activity":0.0021,"lastBolusTime":1703950371000,"time":"2023-12-30T16:22:22.778Z"}},{"iob":0.13,"basaliob":-0.367,"bolussnooze":0,"activity":0.0022,"lastBolusTime":1703950371000,"time":"2023-12-30T16:27:22.778Z","iobWithZeroTemp":{"iob":-0.026,"basaliob":-0.523,"bolussnooze":0,"activity":0.0017,"lastBolusTime":1703950371000,"time":"2023-12-30T16:27:22.778Z"}},{"iob":0.119,"basaliob":-0.347,"bolussnooze":0,"activity":0.0021,"lastBolusTime":1703950371000,"time":"2023-12-30T16:32:22.778Z","iobWithZeroTemp":{"iob":-0.067,"basaliob":-0.533,"bolussnooze":0,"activity":0.0014,"lastBolusTime":1703950371000,"time":"2023-12-30T16:32:22.778Z"}},{"iob":0.109,"basaliob":-0.327,"bolussnooze":0,"activity":0.0019,"lastBolusTime":1703950371000,"time":"2023-12-30T16:37:22.778Z","iobWithZeroTemp":{"iob":-0.107,"basaliob":-0.543,"bolussnooze":0,"activity":0.001,"lastBolusTime":1703950371000,"time":"2023-12-30T16:37:22.778Z"}},{"iob":0.1,"basaliob":-0.308,"bolussnooze":0,"activity":0.0017,"lastBolusTime":1703950371000,"time":"2023-12-30T16:42:22.778Z","iobWithZeroTemp":{"iob":-0.144,"basaliob":-0.552,"bolussnooze":0,"activity":6.0E-4,"lastBolusTime":1703950371000,"time":"2023-12-30T16:42:22.778Z"}},{"iob":0.092,"basaliob":-0.289,"bolussnooze":0,"activity":0.0016,"lastBolusTime":1703950371000,"time":"2023-12-30T16:47:22.778Z","iobWithZeroTemp":{"iob":-0.18,"basaliob":-0.561,"bolussnooze":0,"activity":3.0E-4,"lastBolusTime":1703950371000,"time":"2023-12-30T16:47:22.778Z"}},{"iob":0.084,"basaliob":-0.272,"bolussnooze":0,"activity":0.0015,"lastBolusTime":1703950371000,"time":"2023-12-30T16:52:22.778Z","iobWithZeroTemp":{"iob":-0.214,"basaliob":-0.57,"bolussnooze":0,"activity":0,"lastBolusTime":1703950371000,"time":"2023-12-30T16:52:22.778Z"}},{"iob":0.077,"basaliob":-0.255,"bolussnooze":0,"activity":0.0014,"lastBolusTime":1703950371000,"time":"2023-12-30T16:57:22.778Z","iobWithZeroTemp":{"iob":-0.246,"basaliob":-0.578,"bolussnooze":0,"activity":-4.0E-4,"lastBolusTime":1703950371000,"time":"2023-12-30T16:57:22.778Z"}},{"iob":0.07,"basaliob":-0.239,"bolussnooze":0,"activity":0.0013,"lastBolusTime":1703950371000,"time":"2023-12-30T17:02:22.778Z","iobWithZeroTemp":{"iob":-0.277,"basaliob":-0.586,"bolussnooze":0,"activity":-7.0E-4,"lastBolusTime":1703950371000,"time":"2023-12-30T17:02:22.778Z"}},{"iob":0.064,"basaliob":-0.224,"bolussnooze":0,"activity":0.0011,"lastBolusTime":1703950371000,"time":"2023-12-30T17:07:22.778Z","iobWithZeroTemp":{"iob":-0.306,"basaliob":-0.594,"bolussnooze":0,"activity":-0.0011,"lastBolusTime":1703950371000,"time":"2023-12-30T17:07:22.778Z"}},{"iob":0.058,"basaliob":-0.209,"bolussnooze":0,"activity":0.0011,"lastBolusTime":1703950371000,"time":"2023-12-30T17:12:22.778Z","iobWithZeroTemp":{"iob":-0.333,"basaliob":-0.6,"bolussnooze":0,"activity":-0.0013,"lastBolusTime":1703950371000,"time":"2023-12-30T17:12:22.778Z"}},{"iob":0.054,"basaliob":-0.195,"bolussnooze":0,"activity":0.001,"lastBolusTime":1703950371000,"time":"2023-12-30T17:17:22.778Z","iobWithZeroTemp":{"iob":-0.358,"basaliob":-0.607,"bolussnooze":0,"activity":-0.0017,"lastBolusTime":1703950371000,"time":"2023-12-30T17:17:22.778Z"}},{"iob":0.049,"basaliob":-0.182,"bolussnooze":0,"activity":9.0E-4,"lastBolusTime":1703950371000,"time":"2023-12-30T17:22:22.778Z","iobWithZeroTemp":{"iob":-0.382,"basaliob":-0.613,"bolussnooze":0,"activity":-0.002,"lastBolusTime":1703950371000,"time":"2023-12-30T17:22:22.778Z"}},{"iob":0.044,"basaliob":-0.17,"bolussnooze":0,"activity":8.0E-4,"lastBolusTime":1703950371000,"time":"2023-12-30T17:27:22.778Z","iobWithZeroTemp":{"iob":-0.406,"basaliob":-0.62,"bolussnooze":0,"activity":-0.0023,"lastBolusTime":1703950371000,"time":"2023-12-30T17:27:22.778Z"}},{"iob":0.041,"basaliob":-0.158,"bolussnooze":0,"activity":7.0E-4,"lastBolusTime":1703950371000,"time":"2023-12-30T17:32:22.778Z","iobWithZeroTemp":{"iob":-0.426,"basaliob":-0.625,"bolussnooze":0,"activity":-0.0026,"lastBolusTime":1703950371000,"time":"2023-12-30T17:32:22.778Z"}},{"iob":0.037,"basaliob":-0.147,"bolussnooze":0,"activity":7.0E-4,"lastBolusTime":1703950371000,"time":"2023-12-30T17:37:22.778Z","iobWithZeroTemp":{"iob":-0.447,"basaliob":-0.631,"bolussnooze":0,"activity":-0.0028,"lastBolusTime":1703950371000,"time":"2023-12-30T17:37:22.778Z"}},{"iob":0.033,"basaliob":-0.137,"bolussnooze":0,"activity":6.0E-4,"lastBolusTime":1703950371000,"time":"2023-12-30T17:42:22.778Z","iobWithZeroTemp":{"iob":-0.466,"basaliob":-0.636,"bolussnooze":0,"activity":-0.0031,"lastBolusTime":1703950371000,"time":"2023-12-30T17:42:22.778Z"}},{"iob":0.031,"basaliob":-0.127,"bolussnooze":0,"activity":6.0E-4,"lastBolusTime":1703950371000,"time":"2023-12-30T17:47:22.778Z","iobWithZeroTemp":{"iob":-0.483,"basaliob":-0.641,"bolussnooze":0,"activity":-0.0033,"lastBolusTime":1703950371000,"time":"2023-12-30T17:47:22.778Z"}},{"iob":0.028,"basaliob":-0.118,"bolussnooze":0,"activity":5.0E-4,"lastBolusTime":1703950371000,"time":"2023-12-30T17:52:22.778Z","iobWithZeroTemp":{"iob":-0.499,"basaliob":-0.645,"bolussnooze":0,"activity":-0.0035,"lastBolusTime":1703950371000,"time":"2023-12-30T17:52:22.778Z"}},{"iob":0.025,"basaliob":-0.11,"bolussnooze":0,"activity":4.0E-4,"lastBolusTime":1703950371000,"time":"2023-12-30T17:57:22.778Z","iobWithZeroTemp":{"iob":-0.515,"basaliob":-0.65,"bolussnooze":0,"activity":-0.0038,"lastBolusTime":1703950371000,"time":"2023-12-30T17:57:22.778Z"}},{"iob":0.022,"basaliob":-0.102,"bolussnooze":0,"activity":5.0E-4,"lastBolusTime":1703950371000,"time":"2023-12-30T18:02:22.778Z","iobWithZeroTemp":{"iob":-0.53,"basaliob":-0.654,"bolussnooze":0,"activity":-0.0038,"lastBolusTime":1703950371000,"time":"2023-12-30T18:02:22.778Z"}},{"iob":0.021,"basaliob":-0.094,"bolussnooze":0,"activity":5.0E-4,"lastBolusTime":1703950371000,"time":"2023-12-30T18:07:22.778Z","iobWithZeroTemp":{"iob":-0.542,"basaliob":-0.657,"bolussnooze":0,"activity":-0.004,"lastBolusTime":1703950371000,"time":"2023-12-30T18:07:22.778Z"}},{"iob":0.019,"basaliob":-0.087,"bolussnooze":0,"activity":3.0E-4,"lastBolusTime":1703950371000,"time":"2023-12-30T18:12:22.778Z","iobWithZeroTemp":{"iob":-0.555,"basaliob":-0.661,"bolussnooze":0,"activity":-0.0043,"lastBolusTime":1703950371000,"time":"2023-12-30T18:12:22.778Z"}},{"iob":0.016,"basaliob":-0.081,"bolussnooze":0,"activity":3.0E-4,"lastBolusTime":1703950371000,"time":"2023-12-30T18:17:22.778Z","iobWithZeroTemp":{"iob":-0.568,"basaliob":-0.665,"bolussnooze":0,"activity":-0.0045,"lastBolusTime":1703950371000,"time":"2023-12-30T18:17:22.778Z"}},{"iob":0.016,"basaliob":-0.074,"bolussnooze":0,"activity":3.0E-4,"lastBolusTime":1703950371000,"time":"2023-12-30T18:22:22.778Z","iobWithZeroTemp":{"iob":-0.577,"basaliob":-0.667,"bolussnooze":0,"activity":-0.0046,"lastBolusTime":1703950371000,"time":"2023-12-30T18:22:22.778Z"}},{"iob":0.013,"basaliob":-0.069,"bolussnooze":0,"activity":3.0E-4,"lastBolusTime":1703950371000,"time":"2023-12-30T18:27:22.778Z","iobWithZeroTemp":{"iob":-0.588,"basaliob":-0.67,"bolussnooze":0,"activity":-0.0047,"lastBolusTime":1703950371000,"time":"2023-12-30T18:27:22.778Z"}},{"iob":0.013,"basaliob":-0.063,"bolussnooze":0,"activity":3.0E-4,"lastBolusTime":1703950371000,"time":"2023-12-30T18:32:22.778Z","iobWithZeroTemp":{"iob":-0.596,"basaliob":-0.672,"bolussnooze":0,"activity":-0.0048,"lastBolusTime":1703950371000,"time":"2023-12-30T18:32:22.778Z"}},{"iob":0.012,"basaliob":-0.058,"bolussnooze":0,"activity":3.0E-4,"lastBolusTime":1703950371000,"time":"2023-12-30T18:37:22.778Z","iobWithZeroTemp":{"iob":-0.605,"basaliob":-0.675,"bolussnooze":0,"activity":-0.0049,"lastBolusTime":1703950371000,"time":"2023-12-30T18:37:22.778Z"}},{"iob":0.01,"basaliob":-0.054,"bolussnooze":0,"activity":2.0E-4,"lastBolusTime":1703950371000,"time":"2023-12-30T18:42:22.778Z","iobWithZeroTemp":{"iob":-0.614,"basaliob":-0.678,"bolussnooze":0,"activity":-0.0051,"lastBolusTime":1703950371000,"time":"2023-12-30T18:42:22.778Z"}},{"iob":0.009,"basaliob":-0.05,"bolussnooze":0,"activity":2.0E-4,"lastBolusTime":1703950371000,"time":"2023-12-30T18:47:22.778Z","iobWithZeroTemp":{"iob":-0.621,"basaliob":-0.68,"bolussnooze":0,"activity":-0.0052,"lastBolusTime":1703950371000,"time":"2023-12-30T18:47:22.778Z"}},{"iob":0.008,"basaliob":-0.046,"bolussnooze":0,"activity":1.0E-4,"lastBolusTime":1703950371000,"time":"2023-12-30T18:52:22.778Z","iobWithZeroTemp":{"iob":-0.628,"basaliob":-0.682,"bolussnooze":0,"activity":-0.0054,"lastBolusTime":1703950371000,"time":"2023-12-30T18:52:22.778Z"}},{"iob":0.007,"basaliob":-0.042,"bolussnooze":0,"activity":2.0E-4,"lastBolusTime":1703950371000,"time":"2023-12-30T18:57:22.778Z","iobWithZeroTemp":{"iob":-0.635,"basaliob":-0.684,"bolussnooze":0,"activity":-0.0054,"lastBolusTime":1703950371000,"time":"2023-12-30T18:57:22.778Z"}},{"iob":0.006,"basaliob":-0.039,"bolussnooze":0,"activity":1.0E-4,"lastBolusTime":1703950371000,"time":"2023-12-30T19:02:22.778Z","iobWithZeroTemp":{"iob":-0.641,"basaliob":-0.686,"bolussnooze":0,"activity":-0.0056,"lastBolusTime":1703950371000,"time":"2023-12-30T19:02:22.778Z"}},{"iob":0.006,"basaliob":-0.035,"bolussnooze":0,"activity":1.0E-4,"lastBolusTime":1703950371000,"time":"2023-12-30T19:07:22.778Z","iobWithZeroTemp":{"iob":-0.645,"basaliob":-0.686,"bolussnooze":0,"activity":-0.0057,"lastBolusTime":1703950371000,"time":"2023-12-30T19:07:22.778Z"}},{"iob":0.005,"basaliob":-0.033,"bolussnooze":0,"activity":1.0E-4,"lastBolusTime":1703950371000,"time":"2023-12-30T19:12:22.778Z","iobWithZeroTemp":{"iob":-0.651,"basaliob":-0.689,"bolussnooze":0,"activity":-0.0057,"lastBolusTime":1703950371000,"time":"2023-12-30T19:12:22.778Z"}},{"iob":0.004,"basaliob":-0.03,"bolussnooze":0,"activity":1.0E-4,"lastBolusTime":1703950371000,"time":"2023-12-30T19:17:22.778Z","iobWithZeroTemp":{"iob":-0.656,"basaliob":-0.69,"bolussnooze":0,"activity":-0.0058,"lastBolusTime":1703950371000,"time":"2023-12-30T19:17:22.778Z"}},{"iob":0.004,"basaliob":-0.027,"bolussnooze":0,"activity":1.0E-4,"lastBolusTime":1703950371000,"time":"2023-12-30T19:22:22.778Z","iobWithZeroTemp":{"iob":-0.66,"basaliob":-0.691,"bolussnooze":0,"activity":-0.0058,"lastBolusTime":1703950371000,"time":"2023-12-30T19:22:22.778Z"}},{"iob":0.004,"basaliob":-0.025,"bolussnooze":0,"activity":1.0E-4,"lastBolusTime":1703950371000,"time":"2023-12-30T19:27:22.778Z","iobWithZeroTemp":{"iob":-0.663,"basaliob":-0.692,"bolussnooze":0,"activity":-0.0059,"lastBolusTime":1703950371000,"time":"2023-12-30T19:27:22.778Z"}},{"iob":0.003,"basaliob":-0.023,"bolussnooze":0,"activity":1.0E-4,"lastBolusTime":1703950371000,"time":"2023-12-30T19:32:22.778Z","iobWithZeroTemp":{"iob":-0.667,"basaliob":-0.693,"bolussnooze":0,"activity":-0.006,"lastBolusTime":1703950371000,"time":"2023-12-30T19:32:22.778Z"}},{"iob":0.003,"basaliob":-0.021,"bolussnooze":0,"activity":0,"lastBolusTime":1703950371000,"time":"2023-12-30T19:37:22.778Z","iobWithZeroTemp":{"iob":-0.67,"basaliob":-0.694,"bolussnooze":0,"activity":-0.0061,"lastBolusTime":1703950371000,"time":"2023-12-30T19:37:22.778Z"}},{"iob":0.002,"basaliob":-0.019,"bolussnooze":0,"activity":1.0E-4,"lastBolusTime":1703950371000,"time":"2023-12-30T19:42:22.778Z","iobWithZeroTemp":{"iob":-0.674,"basaliob":-0.695,"bolussnooze":0,"activity":-0.006,"lastBolusTime":1703950371000,"time":"2023-12-30T19:42:22.778Z"}},{"iob":0.003,"basaliob":-0.017,"bolussnooze":0,"activity":1.0E-4,"lastBolusTime":1703950371000,"time":"2023-12-30T19:47:22.778Z","iobWithZeroTemp":{"iob":-0.675,"basaliob":-0.695,"bolussnooze":0,"activity":-0.0061,"lastBolusTime":1703950371000,"time":"2023-12-30T19:47:22.778Z"}},{"iob":0.002,"basaliob":-0.016,"bolussnooze":0,"activity":0,"lastBolusTime":1703950371000,"time":"2023-12-30T19:52:22.778Z","iobWithZeroTemp":{"iob":-0.679,"basaliob":-0.697,"bolussnooze":0,"activity":-0.0062,"lastBolusTime":1703950371000,"time":"2023-12-30T19:52:22.778Z"}},{"iob":0.001,"basaliob":-0.015,"bolussnooze":0,"activity":0,"lastBolusTime":1703950371000,"time":"2023-12-30T19:57:22.778Z","iobWithZeroTemp":{"iob":-0.682,"basaliob":-0.698,"bolussnooze":0,"activity":-0.0063,"lastBolusTime":1703950371000,"time":"2023-12-30T19:57:22.778Z"}}],"profile":{"max_iob":7,"type":"current","max_daily_basal":0.45,"max_basal":1.35,"min_bg":106.2,"max_bg":106.2,"target_bg":106.2,"carb_ratio":11,"sens":352.8,"max_daily_safety_multiplier":3,"current_basal_safety_multiplier":4,"lgsThreshold":65,"high_temptarget_raises_sensitivity":false,"low_temptarget_lowers_sensitivity":false,"sensitivity_raises_target":true,"resistance_lowers_target":true,"adv_target_adjustments":false,"exercise_mode":false,"half_basal_exercise_target":160,"maxCOB":120,"skip_neutral_temps":false,"remainingCarbsCap":90,"enableUAM":true,"A52_risk_enable":false,"SMBInterval":4,"enableSMB_with_COB":true,"enableSMB_with_temptarget":false,"allowSMB_with_high_temptarget":true,"enableSMB_always":true,"enableSMB_after_carbs":false,"maxSMBBasalMinutes":60,"maxUAMSMBBasalMinutes":60,"bolus_increment":0.05,"carbsReqThreshold":10,"current_basal":0.4,"temptargetSet":false,"autosens_max":1.2,"autosens_min":0.8,"out_units":"mmol\/L","variable_sens":200.7,"insulinDivisor":65,"TDD":8.443945291666667},"autosens_data":{"ratio":0.840908823274138},"meal_data":{"carbs":15,"mealCOB":4.727363945578242,"slopeFromMaxDeviation":-1.1942,"slopeFromMinDeviation":0,"lastBolusTime":1703950371000,"lastCarbTime":1703939884000},"microBolusAllowed":true,"currentTime":1703952145046,"flatBGsDetected":false,"tdd1D":25.347250000000006,"tdd7D":27.29536904761905,"tddLast24H":22.952916666666663,"tddLast4H":2.71,"tddLast8to4H":4.586666666666667},"output":{"temp":"absolute","bg":123,"tick":-9,"eventualBG":87,"targetBG":115,"insulinReq":0,"deliverAt":"2023-12-30T16:02:25.046Z","sensitivityRatio":0.840908823274138,"variable_sens":200.7,"predBGs":{"IOB":[123,114,107,99,93,86,81,76,71,67,64,61,59,57,55,53,51,50,48,47,45,44,43,42,41,40,39],"ZT":[123,120,116,114,111,109,107,105,104,104,103,103,104,105,106,107,109,111,114],"COB":[123,114,107,100,94,88,83,79,76,73,71,69,68,67,66,66,65,65,65,65,64,65,65,65,65,65,66,66,67,68,68,69,70,70,71,72,73,74,75,77,78,79,80,81,83,84,86,87],"UAM":[123,114,107,99,93,86,81,76,71,67,64,61,59,57,55,53,51,50,48,47,45,44,43,42,41,40,39]},"reason":"COB: 4.7, Dev: -0.1, BGI: -0.2, ISF: 11.1, CR: 11, Target: 6.4, minPredBG 3.6, minGuardBG 2.3, IOBpredBG 2.2, COBpredBG 4.8, UAMpredBG 2.2; minGuardBG 2.3<4.3","COB":4.727363945578242,"IOB":0.199,"duration":60,"rate":0,"timestamp":"2023-12-30T16:02:25.073Z"}}