{"algorithm":"OpenAPSSMBDynamicISFPlugin","input":{"glucoseStatus":{"glucose":96,"noise":0,"delta":10,"short_avgdelta":6.94,"long_avgdelta":0.6,"date":1703775716660},"currenttemp":{"temp":"absolute","duration":26,"rate":0,"minutesrunning":4},"iob_data":[{"iob":-0.139,"basaliob":-0.677,"bolussnooze":0.0101,"activity":0.0012,"lastBolusTime":1703775750000,"time":"2023-12-28T15:06:08.603Z","iobWithZeroTemp":{"iob":-0.139,"basaliob":-0.677,"bolussnooze":0.0101,"activity":0.0012,"lastBolusTime":1703775750000,"time":"2023-12-28T15:06:08.603Z"}},{"iob":-0.145,"basaliob":-0.646,"bolussnooze":0.0082,"activity":8.0E-4,"lastBolusTime":1703775750000,"time":"2023-12-28T15:11:08.603Z","iobWithZeroTemp":{"iob":-0.172,"basaliob":-0.673,"bolussnooze":0.0082,"activity":8.0E-4,"lastBolusTime":1703775750000,"time":"2023-12-28T15:11:08.603Z"}},{"iob":-0.148,"basaliob":-0.614,"bolussnooze":0.0065,"activity":4.0E-4,"lastBolusTime":1703775750000,"time":"2023-12-28T15:16:08.603Z","iobWithZeroTemp":{"iob":-0.208,"basaliob":-0.674,"bolussnooze":0.0065,"activity":3.0E-4,"lastBolusTime":1703775750000,"time":"2023-12-28T15:16:08.603Z"}},{"iob":-0.149,"basaliob":-0.583,"bolussnooze":0.0052,"activity":1.0E-4,"lastBolusTime":1703775750000,"time":"2023-12-28T15:21:08.603Z","iobWithZeroTemp":{"iob":-0.241,"basaliob":-0.675,"bolussnooze":0.0052,"activity":-1.0E-4,"lastBolusTime":1703775750000,"time":"2023-12-28T15:21:08.603Z"}},{"iob":-0.149,"basaliob":-0.552,"bolussnooze":0.0041,"activity":0,"lastBolusTime":1703775750000,"time":"2023-12-28T15:26:08.603Z","iobWithZeroTemp":{"iob":-0.274,"basaliob":-0.677,"bolussnooze":0.0041,"activity":-3.0E-4,"lastBolusTime":1703775750000,"time":"2023-12-28T15:26:08.603Z"}},{"iob":-0.148,"basaliob":-0.522,"bolussnooze":0.0032,"activity":-3.0E-4,"lastBolusTime":1703775750000,"time":"2023-12-28T15:31:08.603Z","iobWithZeroTemp":{"iob":-0.304,"basaliob":-0.678,"bolussnooze":0.0032,"activity":-8.0E-4,"lastBolusTime":1703775750000,"time":"2023-12-28T15:31:08.603Z"}},{"iob":-0.146,"basaliob":-0.493,"bolussnooze":0.0025,"activity":-5.0E-4,"lastBolusTime":1703775750000,"time":"2023-12-28T15:36:08.603Z","iobWithZeroTemp":{"iob":-0.332,"basaliob":-0.679,"bolussnooze":0.0025,"activity":-0.0012,"lastBolusTime":1703775750000,"time":"2023-12-28T15:36:08.603Z"}},{"iob":-0.143,"basaliob":-0.465,"bolussnooze":0.0019,"activity":-6.0E-4,"lastBolusTime":1703775750000,"time":"2023-12-28T15:41:08.603Z","iobWithZeroTemp":{"iob":-0.359,"basaliob":-0.681,"bolussnooze":0.0019,"activity":-0.0015,"lastBolusTime":1703775750000,"time":"2023-12-28T15:41:08.603Z"}},{"iob":-0.14,"basaliob":-0.438,"bolussnooze":0.0015,"activity":-7.0E-4,"lastBolusTime":1703775750000,"time":"2023-12-28T15:46:08.603Z","iobWithZeroTemp":{"iob":-0.384,"basaliob":-0.682,"bolussnooze":0.0015,"activity":-0.0018,"lastBolusTime":1703775750000,"time":"2023-12-28T15:46:08.603Z"}},{"iob":-0.136,"basaliob":-0.412,"bolussnooze":0.0011,"activity":-8.0E-4,"lastBolusTime":1703775750000,"time":"2023-12-28T15:51:08.603Z","iobWithZeroTemp":{"iob":-0.408,"basaliob":-0.684,"bolussnooze":0.0011,"activity":-0.0021,"lastBolusTime":1703775750000,"time":"2023-12-28T15:51:08.603Z"}},{"iob":-0.132,"basaliob":-0.387,"bolussnooze":8.0E-4,"activity":-9.0E-4,"lastBolusTime":1703775750000,"time":"2023-12-28T15:56:08.603Z","iobWithZeroTemp":{"iob":-0.43,"basaliob":-0.685,"bolussnooze":8.0E-4,"activity":-0.0024,"lastBolusTime":1703775750000,"time":"2023-12-28T15:56:08.603Z"}},{"iob":-0.127,"basaliob":-0.363,"bolussnooze":6.0E-4,"activity":-0.001,"lastBolusTime":1703775750000,"time":"2023-12-28T16:01:08.603Z","iobWithZeroTemp":{"iob":-0.45,"basaliob":-0.686,"bolussnooze":6.0E-4,"activity":-0.0028,"lastBolusTime":1703775750000,"time":"2023-12-28T16:01:08.603Z"}},{"iob":-0.123,"basaliob":-0.341,"bolussnooze":4.0E-4,"activity":-0.001,"lastBolusTime":1703775750000,"time":"2023-12-28T16:06:08.603Z","iobWithZeroTemp":{"iob":-0.47,"basaliob":-0.688,"bolussnooze":4.0E-4,"activity":-0.003,"lastBolusTime":1703775750000,"time":"2023-12-28T16:06:08.603Z"}},{"iob":-0.118,"basaliob":-0.319,"bolussnooze":3.0E-4,"activity":-0.001,"lastBolusTime":1703775750000,"time":"2023-12-28T16:11:08.603Z","iobWithZeroTemp":{"iob":-0.488,"basaliob":-0.689,"bolussnooze":3.0E-4,"activity":-0.0032,"lastBolusTime":1703775750000,"time":"2023-12-28T16:11:08.603Z"}},{"iob":-0.113,"basaliob":-0.298,"bolussnooze":2.0E-4,"activity":-0.001,"lastBolusTime":1703775750000,"time":"2023-12-28T16:16:08.603Z","iobWithZeroTemp":{"iob":-0.504,"basaliob":-0.689,"bolussnooze":2.0E-4,"activity":-0.0034,"lastBolusTime":1703775750000,"time":"2023-12-28T16:16:08.603Z"}},{"iob":-0.109,"basaliob":-0.279,"bolussnooze":1.0E-4,"activity":-0.001,"lastBolusTime":1703775750000,"time":"2023-12-28T16:21:08.603Z","iobWithZeroTemp":{"iob":-0.521,"basaliob":-0.691,"bolussnooze":1.0E-4,"activity":-0.0037,"lastBolusTime":1703775750000,"time":"2023-12-28T16:21:08.603Z"}},{"iob":-0.103,"basaliob":-0.26,"bolussnooze":1.0E-4,"activity":-0.001,"lastBolusTime":1703775750000,"time":"2023-12-28T16:26:08.603Z","iobWithZeroTemp":{"iob":-0.534,"basaliob":-0.691,"bolussnooze":1.0E-4,"activity":-0.0039,"lastBolusTime":1703775750000,"time":"2023-12-28T16:26:08.603Z"}},{"iob":-0.098,"basaliob":-0.242,"bolussnooze":0,"activity":-0.001,"lastBolusTime":1703775750000,"time":"2023-12-28T16:31:08.603Z","iobWithZeroTemp":{"iob":-0.548,"basaliob":-0.692,"bolussnooze":0,"activity":-0.0041,"lastBolusTime":1703775750000,"time":"2023-12-28T16:31:08.603Z"}},{"iob":-0.093,"basaliob":-0.226,"bolussnooze":0,"activity":-0.001,"lastBolusTime":1703775750000,"time":"2023-12-28T16:36:08.603Z","iobWithZeroTemp":{"iob":-0.56,"basaliob":-0.693,"bolussnooze":0,"activity":-0.0043,"lastBolusTime":1703775750000,"time":"2023-12-28T16:36:08.603Z"}},{"iob":-0.088,"basaliob":-0.21,"bolussnooze":0,"activity":-9.0E-4,"lastBolusTime":1703775750000,"time":"2023-12-28T16:41:08.603Z","iobWithZeroTemp":{"iob":-0.572,"basaliob":-0.694,"bolussnooze":0,"activity":-0.0044,"lastBolusTime":1703775750000,"time":"2023-12-28T16:41:08.603Z"}},{"iob":-0.084,"basaliob":-0.196,"bolussnooze":0,"activity":-0.001,"lastBolusTime":1703775750000,"time":"2023-12-28T16:46:08.603Z","iobWithZeroTemp":{"iob":-0.583,"basaliob":-0.695,"bolussnooze":0,"activity":-0.0047,"lastBolusTime":1703775750000,"time":"2023-12-28T16:46:08.603Z"}},{"iob":-0.079,"basaliob":-0.182,"bolussnooze":0,"activity":-9.0E-4,"lastBolusTime":1703775750000,"time":"2023-12-28T16:51:08.603Z","iobWithZeroTemp":{"iob":-0.593,"basaliob":-0.696,"bolussnooze":0,"activity":-0.0048,"lastBolusTime":1703775750000,"time":"2023-12-28T16:51:08.603Z"}},{"iob":-0.075,"basaliob":-0.169,"bolussnooze":0,"activity":-9.0E-4,"lastBolusTime":1703775750000,"time":"2023-12-28T16:56:08.603Z","iobWithZeroTemp":{"iob":-0.602,"basaliob":-0.696,"bolussnooze":0,"activity":-0.0049,"lastBolusTime":1703775750000,"time":"2023-12-28T16:56:08.603Z"}},{"iob":-0.071,"basaliob":-0.157,"bolussnooze":0,"activity":-9.0E-4,"lastBolusTime":1703775750000,"time":"2023-12-28T17:01:08.603Z","iobWithZeroTemp":{"iob":-0.611,"basaliob":-0.697,"bolussnooze":0,"activity":-0.0051,"lastBolusTime":1703775750000,"time":"2023-12-28T17:01:08.603Z"}},{"iob":-0.066,"basaliob":-0.145,"bolussnooze":0,"activity":-8.0E-4,"lastBolusTime":1703775750000,"time":"2023-12-28T17:06:08.603Z","iobWithZeroTemp":{"iob":-0.618,"basaliob":-0.697,"bolussnooze":0,"activity":-0.0051,"lastBolusTime":1703775750000,"time":"2023-12-28T17:06:08.603Z"}},{"iob":-0.062,"basaliob":-0.134,"bolussnooze":0,"activity":-8.0E-4,"lastBolusTime":1703775750000,"time":"2023-12-28T17:11:08.603Z","iobWithZeroTemp":{"iob":-0.625,"basaliob":-0.697,"bolussnooze":0,"activity":-0.0053,"lastBolusTime":1703775750000,"time":"2023-12-28T17:11:08.603Z"}},{"iob":-0.058,"basaliob":-0.124,"bolussnooze":0,"activity":-7.0E-4,"lastBolusTime":1703775750000,"time":"2023-12-28T17:16:08.603Z","iobWithZeroTemp":{"iob":-0.632,"basaliob":-0.698,"bolussnooze":0,"activity":-0.0053,"lastBolusTime":1703775750000,"time":"2023-12-28T17:16:08.603Z"}},{"iob":-0.055,"basaliob":-0.115,"bolussnooze":0,"activity":-7.0E-4,"lastBolusTime":1703775750000,"time":"2023-12-28T17:21:08.603Z","iobWithZeroTemp":{"iob":-0.639,"basaliob":-0.699,"bolussnooze":0,"activity":-0.0055,"lastBolusTime":1703775750000,"time":"2023-12-28T17:21:08.603Z"}},{"iob":-0.051,"basaliob":-0.106,"bolussnooze":0,"activity":-7.0E-4,"lastBolusTime":1703775750000,"time":"2023-12-28T17:26:08.603Z","iobWithZeroTemp":{"iob":-0.644,"basaliob":-0.699,"bolussnooze":0,"activity":-0.0056,"lastBolusTime":1703775750000,"time":"2023-12-28T17:26:08.603Z"}},{"iob":-0.048,"basaliob":-0.098,"bolussnooze":0,"activity":-7.0E-4,"lastBolusTime":1703775750000,"time":"2023-12-28T17:31:08.603Z","iobWithZeroTemp":{"iob":-0.649,"basaliob":-0.699,"bolussnooze":0,"activity":-0.0057,"lastBolusTime":1703775750000,"time":"2023-12-28T17:31:08.603Z"}},{"iob":-0.045,"basaliob":-0.091,"bolussnooze":0,"activity":-6.0E-4,"lastBolusTime":1703775750000,"time":"2023-12-28T17:36:08.603Z","iobWithZeroTemp":{"iob":-0.654,"basaliob":-0.7,"bolussnooze":0,"activity":-0.0057,"lastBolusTime":1703775750000,"time":"2023-12-28T17:36:08.603Z"}},{"iob":-0.042,"basaliob":-0.084,"bolussnooze":0,"activity":-6.0E-4,"lastBolusTime":1703775750000,"time":"2023-12-28T17:41:08.603Z","iobWithZeroTemp":{"iob":-0.659,"basaliob":-0.701,"bolussnooze":0,"activity":-0.0058,"lastBolusTime":1703775750000,"time":"2023-12-28T17:41:08.603Z"}},{"iob":-0.039,"basaliob":-0.077,"bolussnooze":0,"activity":-6.0E-4,"lastBolusTime":1703775750000,"time":"2023-12-28T17:46:08.603Z","iobWithZeroTemp":{"iob":-0.663,"basaliob":-0.701,"bolussnooze":0,"activity":-0.0059,"lastBolusTime":1703775750000,"time":"2023-12-28T17:46:08.603Z"}},{"iob":-0.037,"basaliob":-0.071,"bolussnooze":0,"activity":-5.0E-4,"lastBolusTime":1703775750000,"time":"2023-12-28T17:51:08.603Z","iobWithZeroTemp":{"iob":-0.667,"basaliob":-0.701,"bolussnooze":0,"activity":-0.0059,"lastBolusTime":1703775750000,"time":"2023-12-28T17:51:08.603Z"}},{"iob":-0.034,"basaliob":-0.065,"bolussnooze":0,"activity":-5.0E-4,"lastBolusTime":1703775750000,"time":"2023-12-28T17:56:08.603Z","iobWithZeroTemp":{"iob":-0.67,"basaliob":-0.701,"bolussnooze":0,"activity":-0.006,"lastBolusTime":1703775750000,"time":"2023-12-28T17:56:08.603Z"}},{"iob":-0.032,"basaliob":-0.06,"bolussnooze":0,"activity":-4.0E-4,"lastBolusTime":1703775750000,"time":"2023-12-28T18:01:08.603Z","iobWithZeroTemp":{"iob":-0.674,"basaliob":-0.702,"bolussnooze":0,"activity":-0.006,"lastBolusTime":1703775750000,"time":"2023-12-28T18:01:08.603Z"}},{"iob":-0.029,"basaliob":-0.055,"bolussnooze":0,"activity":-4.0E-4,"lastBolusTime":1703775750000,"time":"2023-12-28T18:06:08.603Z","iobWithZeroTemp":{"iob":-0.676,"basaliob":-0.702,"bolussnooze":0,"activity":-0.0061,"lastBolusTime":1703775750000,"time":"2023-12-28T18:06:08.603Z"}},{"iob":-0.028,"basaliob":-0.051,"bolussnooze":0,"activity":-4.0E-4,"lastBolusTime":1703775750000,"time":"2023-12-28T18:11:08.603Z","iobWithZeroTemp":{"iob":-0.679,"basaliob":-0.702,"bolussnooze":0,"activity":-0.0062,"lastBolusTime":1703775750000,"time":"2023-12-28T18:11:08.603Z"}},{"iob":-0.026,"basaliob":-0.047,"bolussnooze":0,"activity":-4.0E-4,"lastBolusTime":1703775750000,"time":"2023-12-28T18:16:08.603Z","iobWithZeroTemp":{"iob":-0.682,"basaliob":-0.703,"bolussnooze":0,"activity":-0.0062,"lastBolusTime":1703775750000,"time":"2023-12-28T18:16:08.603Z"}},{"iob":-0.024,"basaliob":-0.043,"bolussnooze":0,"activity":-3.0E-4,"lastBolusTime":1703775750000,"time":"2023-12-28T18:21:08.603Z","iobWithZeroTemp":{"iob":-0.684,"basaliob":-0.703,"bolussnooze":0,"activity":-0.0062,"lastBolusTime":1703775750000,"time":"2023-12-28T18:21:08.603Z"}},{"iob":-0.022,"basaliob":-0.039,"bolussnooze":0,"activity":-3.0E-4,"lastBolusTime":1703775750000,"time":"2023-12-28T18:26:08.603Z","iobWithZeroTemp":{"iob":-0.686,"basaliob":-0.703,"bolussnooze":0,"activity":-0.0062,"lastBolusTime":1703775750000,"time":"2023-12-28T18:26:08.603Z"}},{"iob":-0.021,"basaliob":-0.036,"bolussnooze":0,"activity":-3.0E-4,"lastBolusTime":1703775750000,"time":"2023-12-28T18:31:08.603Z","iobWithZeroTemp":{"iob":-0.688,"basaliob":-0.703,"bolussnooze":0,"activity":-0.0063,"lastBolusTime":1703775750000,"time":"2023-12-28T18:31:08.603Z"}},{"iob":-0.019,"basaliob":-0.033,"bolussnooze":0,"activity":-3.0E-4,"lastBolusTime":1703775750000,"time":"2023-12-28T18:36:08.603Z","iobWithZeroTemp":{"iob":-0.689,"basaliob":-0.703,"bolussnooze":0,"activity":-0.0064,"lastBolusTime":1703775750000,"time":"2023-12-28T18:36:08.603Z"}},{"iob":-0.018,"basaliob":-0.03,"bolussnooze":0,"activity":-2.0E-4,"lastBolusTime":1703775750000,"time":"2023-12-28T18:41:08.603Z","iobWithZeroTemp":{"iob":-0.691,"basaliob":-0.703,"bolussnooze":0,"activity":-0.0063,"lastBolusTime":1703775750000,"time":"2023-12-28T18:41:08.603Z"}},{"iob":-0.016,"basaliob":-0.027,"bolussnooze":0,"activity":-3.0E-4,"lastBolusTime":1703775750000,"time":"2023-12-28T18:46:08.603Z","iobWithZeroTemp":{"iob":-0.692,"basaliob":-0.703,"bolussnooze":0,"activity":-0.0064,"lastBolusTime":1703775750000,"time":"2023-12-28T18:46:08.603Z"}},{"iob":-0.015,"basaliob":-0.025,"bolussnooze":0,"activity":-3.0E-4,"lastBolusTime":1703775750000,"time":"2023-12-28T18:51:08.603Z","iobWithZeroTemp":{"iob":-0.693,"basaliob":-0.703,"bolussnooze":0,"activity":-0.0065,"lastBolusTime":1703775750000,"time":"2023-12-28T18:51:08.603Z"}},{"iob":-0.014,"basaliob":-0.023,"bolussnooze":0,"activity":-2.0E-4,"lastBolusTime":1703775750000,"time":"2023-12-28T18:56:08.603Z","iobWithZeroTemp":{"iob":-0.695,"basaliob":-0.704,"bolussnooze":0,"activity":-0.0064,"lastBolusTime":1703775750000,"time":"2023-12-28T18:56:08.603Z"}},{"iob":-0.013,"basaliob":-0.021,"bolussnooze":0,"activity":-2.0E-4,"lastBolusTime":1703775750000,"time":"2023-12-28T19:01:08.603Z","iobWithZeroTemp":{"iob":-0.696,"basaliob":-0.704,"bolussnooze":0,"activity":-0.0065,"lastBolusTime":1703775750000,"time":"2023-12-28T19:01:08.603Z"}}],"profile":{"max_iob":7,"type":"current","max_daily_basal":0.45,"max_basal":1.35,"min_bg":81.0000000000001,"max_bg":81.0000000000001,"target_bg":81.0000000000001,"carb_ratio":11,"sens":352.8,"max_daily_safety_multiplier":3,"current_basal_safety_multiplier":4,"lgsThreshold":65,"high_temptarget_raises_sensitivity":false,"low_temptarget_lowers_sensitivity":false,"sensitivity_raises_target":true,"resistance_lowers_target":true,"adv_target_adjustments":false,"exercise_mode":false,"half_basal_exercise_target":160,"maxCOB":120,"skip_neutral_temps":false,"remainingCarbsCap":90,"enableUAM":true,"A52_risk_enable":false,"SMBInterval":4,"enableSMB_with_COB":true,"enableSMB_with_temptarget":false,"allowSMB_with_high_temptarget":true,"enableSMB_always":true,"enableSMB_after_carbs":false,"maxSMBBasalMinutes":60,"maxUAMSMBBasalMinutes":60,"bolus_increment":0.05,"carbsReqThreshold":10,"current_basal":0.4,"temptargetSet":true,"autosens_max":1.2,"autosens_min":0.8,"out_units":"mmol\/L","variable_sens":236.7,"insulinDivisor":65,"TDD":8.38364475},"autosens_data":{"ratio":0.5081014241066657},"meal_data":{"carbs":40,"mealCOB":3.92755328798187,"slopeFromMaxDeviation":-0.8682,"slopeFromMinDeviation":1.314,"lastBolusTime":1703775750000,"lastCarbTime":1703775902000},"microBolusAllowed":true,"currentTime":1703775970321,"flatBGsDetected":false,"tdd1D":18.366333333333344,"tdd7D":30.827178571428565,"tddLast24H":15.663333333333341,"tddLast4H":3.04,"tddLast8to4H":5.383333333333333},"output":{"temp":"absolute","bg":96,"tick":"+10","eventualBG":206,"targetBG":81.0000000000001,"insulinReq":0.33,"deliverAt":"2023-12-28T15:06:10.321Z","sensitivityRatio":0.5081014241066657,"variable_sens":236.7,"predBGs":{"IOB":[96,102,108,114,120,125,129,133,136,139,141,143,144,145,146,147,148,148,149,150,151,152,153,154,154,155,156,156,157,158,158,159,159,160,160,161,161,161,162,162,162,162,163,163,163,163,164],"ZT":[96,95,94,93,93,94,95],"COB":[96,103,109,116,122,129,135,141,147,152,158,162,167,171,175,178,181,184,186,187,188,190,191,192,193,194,195,196,196,197,198,199,199,200,201,201,202,202,203,203,204,204,204,205,205,205,206],"UAM":[96,102,108,113,118,122,126,128,130,132,132,133,134,135,136,137,138,139,140,141,142,143,143,144,145,146,147,147,148,149,149,150,150,151,151,152,152,152,153,153,153,154,154,154,154,155]},"reason":"COB: 3.9, Dev: 2.8, BGI: -0.1, ISF: 13.2, CR: 11, Target: 4.5, minPredBG 8.9, minGuardBG 5.7, IOBpredBG 9.1, COBpredBG 11.4, UAMpredBG 8.6; Eventual BG 11.4 >= 4.5,  insulinReq 0.33. Waiting 0m 18s to microbolus again. temp 0.00 < 0.86U\/hr. ","COB":3.92755328798187,"IOB":-0.139,"duration":30,"rate":0.8632405696426664,"timestamp":"2023-12-28T15:06:10.346Z"}}