{"algorithm":"OpenAPSSMBDynamicISFPlugin","input":{"glucoseStatus":{"glucose":261,"noise":0,"delta":-19,"short_avgdelta":-14.33,"long_avgdelta":0.24,"date":1703248549618},"currenttemp":{"temp":"absolute","duration":45,"rate":0,"minutesrunning":75},"iob_data":[{"iob":5.12,"basaliob":-0.518,"bolussnooze":2.5569,"activity":0.0438,"lastBolusTime":1703247517000,"time":"2023-12-22T12:36:13.550Z","iobWithZeroTemp":{"iob":5.12,"basaliob":-0.518,"bolussnooze":2.5569,"activity":0.0438,"lastBolusTime":1703247517000,"time":"2023-12-22T12:36:13.550Z"}},{"iob":4.9,"basaliob":-0.496,"bolussnooze":2.2995,"activity":0.0444,"lastBolusTime":1703247517000,"time":"2023-12-22T12:41:13.550Z","iobWithZeroTemp":{"iob":4.873,"basaliob":-0.523,"bolussnooze":2.2995,"activity":0.0444,"lastBolusTime":1703247517000,"time":"2023-12-22T12:41:13.550Z"}},{"iob":4.677,"basaliob":-0.474,"bolussnooze":2.0545,"activity":0.0445,"lastBolusTime":1703247517000,"time":"2023-12-22T12:46:13.550Z","iobWithZeroTemp":{"iob":4.617,"basaliob":-0.534,"bolussnooze":2.0545,"activity":0.0444,"lastBolusTime":1703247517000,"time":"2023-12-22T12:46:13.550Z"}},{"iob":4.455,"basaliob":-0.452,"bolussnooze":1.8248,"activity":0.0443,"lastBolusTime":1703247517000,"time":"2023-12-22T12:51:13.550Z","iobWithZeroTemp":{"iob":4.363,"basaliob":-0.544,"bolussnooze":1.8248,"activity":0.0441,"lastBolusTime":1703247517000,"time":"2023-12-22T12:51:13.550Z"}},{"iob":4.235,"basaliob":-0.43,"bolussnooze":1.6125,"activity":0.0437,"lastBolusTime":1703247517000,"time":"2023-12-22T12:56:13.550Z","iobWithZeroTemp":{"iob":4.11,"basaliob":-0.555,"bolussnooze":1.6125,"activity":0.0434,"lastBolusTime":1703247517000,"time":"2023-12-22T12:56:13.550Z"}},{"iob":4.018,"basaliob":-0.408,"bolussnooze":1.4182,"activity":0.043,"lastBolusTime":1703247517000,"time":"2023-12-22T13:01:13.550Z","iobWithZeroTemp":{"iob":3.862,"basaliob":-0.564,"bolussnooze":1.4182,"activity":0.0425,"lastBolusTime":1703247517000,"time":"2023-12-22T13:01:13.550Z"}},{"iob":3.806,"basaliob":-0.387,"bolussnooze":1.242,"activity":0.042,"lastBolusTime":1703247517000,"time":"2023-12-22T13:06:13.550Z","iobWithZeroTemp":{"iob":3.62,"basaliob":-0.573,"bolussnooze":1.242,"activity":0.0413,"lastBolusTime":1703247517000,"time":"2023-12-22T13:06:13.550Z"}},{"iob":3.599,"basaliob":-0.366,"bolussnooze":1.0834,"activity":0.0408,"lastBolusTime":1703247517000,"time":"2023-12-22T13:11:13.550Z","iobWithZeroTemp":{"iob":3.383,"basaliob":-0.582,"bolussnooze":1.0834,"activity":0.0399,"lastBolusTime":1703247517000,"time":"2023-12-22T13:11:13.550Z"}},{"iob":3.398,"basaliob":-0.346,"bolussnooze":0.9416,"activity":0.0395,"lastBolusTime":1703247517000,"time":"2023-12-22T13:16:13.550Z","iobWithZeroTemp":{"iob":3.154,"basaliob":-0.59,"bolussnooze":0.9416,"activity":0.0384,"lastBolusTime":1703247517000,"time":"2023-12-22T13:16:13.550Z"}},{"iob":3.204,"basaliob":-0.326,"bolussnooze":0.8156,"activity":0.0381,"lastBolusTime":1703247517000,"time":"2023-12-22T13:21:13.550Z","iobWithZeroTemp":{"iob":2.932,"basaliob":-0.598,"bolussnooze":0.8156,"activity":0.0368,"lastBolusTime":1703247517000,"time":"2023-12-22T13:21:13.550Z"}},{"iob":3.017,"basaliob":-0.307,"bolussnooze":0.7041,"activity":0.0367,"lastBolusTime":1703247517000,"time":"2023-12-22T13:26:13.550Z","iobWithZeroTemp":{"iob":2.719,"basaliob":-0.605,"bolussnooze":0.7041,"activity":0.0352,"lastBolusTime":1703247517000,"time":"2023-12-22T13:26:13.550Z"}},{"iob":2.837,"basaliob":-0.289,"bolussnooze":0.6059,"activity":0.0352,"lastBolusTime":1703247517000,"time":"2023-12-22T13:31:13.550Z","iobWithZeroTemp":{"iob":2.514,"basaliob":-0.612,"bolussnooze":0.6059,"activity":0.0334,"lastBolusTime":1703247517000,"time":"2023-12-22T13:31:13.550Z"}},{"iob":2.665,"basaliob":-0.271,"bolussnooze":0.5199,"activity":0.0338,"lastBolusTime":1703247517000,"time":"2023-12-22T13:36:13.550Z","iobWithZeroTemp":{"iob":2.318,"basaliob":-0.618,"bolussnooze":0.5199,"activity":0.0318,"lastBolusTime":1703247517000,"time":"2023-12-22T13:36:13.550Z"}},{"iob":2.499,"basaliob":-0.255,"bolussnooze":0.4448,"activity":0.0322,"lastBolusTime":1703247517000,"time":"2023-12-22T13:41:13.550Z","iobWithZeroTemp":{"iob":2.129,"basaliob":-0.625,"bolussnooze":0.4448,"activity":0.03,"lastBolusTime":1703247517000,"time":"2023-12-22T13:41:13.550Z"}},{"iob":2.342,"basaliob":-0.239,"bolussnooze":0.3794,"activity":0.0307,"lastBolusTime":1703247517000,"time":"2023-12-22T13:46:13.550Z","iobWithZeroTemp":{"iob":1.951,"basaliob":-0.63,"bolussnooze":0.3794,"activity":0.0283,"lastBolusTime":1703247517000,"time":"2023-12-22T13:46:13.550Z"}},{"iob":2.193,"basaliob":-0.223,"bolussnooze":0.3227,"activity":0.0292,"lastBolusTime":1703247517000,"time":"2023-12-22T13:51:13.550Z","iobWithZeroTemp":{"iob":1.781,"basaliob":-0.635,"bolussnooze":0.3227,"activity":0.0265,"lastBolusTime":1703247517000,"time":"2023-12-22T13:51:13.550Z"}},{"iob":2.05,"basaliob":-0.209,"bolussnooze":0.2737,"activity":0.0277,"lastBolusTime":1703247517000,"time":"2023-12-22T13:56:13.550Z","iobWithZeroTemp":{"iob":1.619,"basaliob":-0.64,"bolussnooze":0.2737,"activity":0.0248,"lastBolusTime":1703247517000,"time":"2023-12-22T13:56:13.550Z"}},{"iob":1.916,"basaliob":-0.195,"bolussnooze":0.2315,"activity":0.0262,"lastBolusTime":1703247517000,"time":"2023-12-22T14:01:13.550Z","iobWithZeroTemp":{"iob":1.466,"basaliob":-0.645,"bolussnooze":0.2315,"activity":0.0231,"lastBolusTime":1703247517000,"time":"2023-12-22T14:01:13.550Z"}},{"iob":1.788,"basaliob":-0.182,"bolussnooze":0.1952,"activity":0.0249,"lastBolusTime":1703247517000,"time":"2023-12-22T14:06:13.550Z","iobWithZeroTemp":{"iob":1.321,"basaliob":-0.649,"bolussnooze":0.1952,"activity":0.0216,"lastBolusTime":1703247517000,"time":"2023-12-22T14:06:13.550Z"}},{"iob":1.667,"basaliob":-0.17,"bolussnooze":0.1642,"activity":0.0234,"lastBolusTime":1703247517000,"time":"2023-12-22T14:11:13.550Z","iobWithZeroTemp":{"iob":1.183,"basaliob":-0.654,"bolussnooze":0.1642,"activity":0.0199,"lastBolusTime":1703247517000,"time":"2023-12-22T14:11:13.550Z"}},{"iob":1.554,"basaliob":-0.158,"bolussnooze":0.1376,"activity":0.0221,"lastBolusTime":1703247517000,"time":"2023-12-22T14:16:13.550Z","iobWithZeroTemp":{"iob":1.055,"basaliob":-0.657,"bolussnooze":0.1376,"activity":0.0184,"lastBolusTime":1703247517000,"time":"2023-12-22T14:16:13.550Z"}},{"iob":1.446,"basaliob":-0.147,"bolussnooze":0.115,"activity":0.0209,"lastBolusTime":1703247517000,"time":"2023-12-22T14:21:13.550Z","iobWithZeroTemp":{"iob":0.932,"basaliob":-0.661,"bolussnooze":0.115,"activity":0.017,"lastBolusTime":1703247517000,"time":"2023-12-22T14:21:13.550Z"}},{"iob":1.345,"basaliob":-0.137,"bolussnooze":0.0958,"activity":0.0196,"lastBolusTime":1703247517000,"time":"2023-12-22T14:26:13.550Z","iobWithZeroTemp":{"iob":0.818,"basaliob":-0.664,"bolussnooze":0.0958,"activity":0.0156,"lastBolusTime":1703247517000,"time":"2023-12-22T14:26:13.550Z"}},{"iob":1.25,"basaliob":-0.127,"bolussnooze":0.0795,"activity":0.0184,"lastBolusTime":1703247517000,"time":"2023-12-22T14:31:13.550Z","iobWithZeroTemp":{"iob":0.71,"basaliob":-0.667,"bolussnooze":0.0795,"activity":0.0142,"lastBolusTime":1703247517000,"time":"2023-12-22T14:31:13.550Z"}},{"iob":1.161,"basaliob":-0.118,"bolussnooze":0.0658,"activity":0.0172,"lastBolusTime":1703247517000,"time":"2023-12-22T14:36:13.550Z","iobWithZeroTemp":{"iob":0.609,"basaliob":-0.67,"bolussnooze":0.0658,"activity":0.0129,"lastBolusTime":1703247517000,"time":"2023-12-22T14:36:13.550Z"}},{"iob":1.077,"basaliob":-0.11,"bolussnooze":0.0542,"activity":0.0162,"lastBolusTime":1703247517000,"time":"2023-12-22T14:41:13.550Z","iobWithZeroTemp":{"iob":0.514,"basaliob":-0.673,"bolussnooze":0.0542,"activity":0.0117,"lastBolusTime":1703247517000,"time":"2023-12-22T14:41:13.550Z"}},{"iob":0.998,"basaliob":-0.102,"bolussnooze":0.0445,"activity":0.0152,"lastBolusTime":1703247517000,"time":"2023-12-22T14:46:13.550Z","iobWithZeroTemp":{"iob":0.424,"basaliob":-0.676,"bolussnooze":0.0445,"activity":0.0106,"lastBolusTime":1703247517000,"time":"2023-12-22T14:46:13.550Z"}},{"iob":0.925,"basaliob":-0.094,"bolussnooze":0.0364,"activity":0.0142,"lastBolusTime":1703247517000,"time":"2023-12-22T14:51:13.550Z","iobWithZeroTemp":{"iob":0.341,"basaliob":-0.678,"bolussnooze":0.0364,"activity":0.0094,"lastBolusTime":1703247517000,"time":"2023-12-22T14:51:13.550Z"}},{"iob":0.857,"basaliob":-0.087,"bolussnooze":0.0296,"activity":0.0132,"lastBolusTime":1703247517000,"time":"2023-12-22T14:56:13.550Z","iobWithZeroTemp":{"iob":0.264,"basaliob":-0.68,"bolussnooze":0.0296,"activity":0.0083,"lastBolusTime":1703247517000,"time":"2023-12-22T14:56:13.550Z"}},{"iob":0.792,"basaliob":-0.081,"bolussnooze":0.0239,"activity":0.0124,"lastBolusTime":1703247517000,"time":"2023-12-22T15:01:13.550Z","iobWithZeroTemp":{"iob":0.191,"basaliob":-0.682,"bolussnooze":0.0239,"activity":0.0074,"lastBolusTime":1703247517000,"time":"2023-12-22T15:01:13.550Z"}},{"iob":0.732,"basaliob":-0.075,"bolussnooze":0.0193,"activity":0.0115,"lastBolusTime":1703247517000,"time":"2023-12-22T15:06:13.550Z","iobWithZeroTemp":{"iob":0.123,"basaliob":-0.684,"bolussnooze":0.0193,"activity":0.0064,"lastBolusTime":1703247517000,"time":"2023-12-22T15:06:13.550Z"}},{"iob":0.677,"basaliob":-0.069,"bolussnooze":0.0154,"activity":0.0108,"lastBolusTime":1703247517000,"time":"2023-12-22T15:11:13.550Z","iobWithZeroTemp":{"iob":0.06,"basaliob":-0.686,"bolussnooze":0.0154,"activity":0.0056,"lastBolusTime":1703247517000,"time":"2023-12-22T15:11:13.550Z"}},{"iob":0.624,"basaliob":-0.064,"bolussnooze":0.0122,"activity":0.0101,"lastBolusTime":1703247517000,"time":"2023-12-22T15:16:13.550Z","iobWithZeroTemp":{"iob":0,"basaliob":-0.688,"bolussnooze":0.0122,"activity":0.0048,"lastBolusTime":1703247517000,"time":"2023-12-22T15:16:13.550Z"}},{"iob":0.576,"basaliob":-0.059,"bolussnooze":0.0097,"activity":0.0093,"lastBolusTime":1703247517000,"time":"2023-12-22T15:21:13.550Z","iobWithZeroTemp":{"iob":-0.054,"basaliob":-0.689,"bolussnooze":0.0097,"activity":0.0039,"lastBolusTime":1703247517000,"time":"2023-12-22T15:21:13.550Z"}},{"iob":0.531,"basaliob":-0.054,"bolussnooze":0.0076,"activity":0.0087,"lastBolusTime":1703247517000,"time":"2023-12-22T15:26:13.550Z","iobWithZeroTemp":{"iob":-0.105,"basaliob":-0.69,"bolussnooze":0.0076,"activity":0.0032,"lastBolusTime":1703247517000,"time":"2023-12-22T15:26:13.550Z"}},{"iob":0.489,"basaliob":-0.05,"bolussnooze":0.0059,"activity":0.0081,"lastBolusTime":1703247517000,"time":"2023-12-22T15:31:13.550Z","iobWithZeroTemp":{"iob":-0.153,"basaliob":-0.692,"bolussnooze":0.0059,"activity":0.0025,"lastBolusTime":1703247517000,"time":"2023-12-22T15:31:13.550Z"}},{"iob":0.45,"basaliob":-0.046,"bolussnooze":0.0045,"activity":0.0075,"lastBolusTime":1703247517000,"time":"2023-12-22T15:36:13.550Z","iobWithZeroTemp":{"iob":-0.197,"basaliob":-0.693,"bolussnooze":0.0045,"activity":0.0018,"lastBolusTime":1703247517000,"time":"2023-12-22T15:36:13.550Z"}},{"iob":0.415,"basaliob":-0.042,"bolussnooze":0.0034,"activity":0.007,"lastBolusTime":1703247517000,"time":"2023-12-22T15:41:13.550Z","iobWithZeroTemp":{"iob":-0.236,"basaliob":-0.693,"bolussnooze":0.0034,"activity":0.0012,"lastBolusTime":1703247517000,"time":"2023-12-22T15:41:13.550Z"}},{"iob":0.381,"basaliob":-0.039,"bolussnooze":0.0025,"activity":0.0064,"lastBolusTime":1703247517000,"time":"2023-12-22T15:46:13.550Z","iobWithZeroTemp":{"iob":-0.275,"basaliob":-0.695,"bolussnooze":0.0025,"activity":6.0E-4,"lastBolusTime":1703247517000,"time":"2023-12-22T15:46:13.550Z"}},{"iob":0.35,"basaliob":-0.036,"bolussnooze":0.0019,"activity":0.006,"lastBolusTime":1703247517000,"time":"2023-12-22T15:51:13.550Z","iobWithZeroTemp":{"iob":-0.31,"basaliob":-0.696,"bolussnooze":0.0019,"activity":1.0E-4,"lastBolusTime":1703247517000,"time":"2023-12-22T15:51:13.550Z"}},{"iob":0.321,"basaliob":-0.033,"bolussnooze":0.0014,"activity":0.0055,"lastBolusTime":1703247517000,"time":"2023-12-22T15:56:13.550Z","iobWithZeroTemp":{"iob":-0.343,"basaliob":-0.697,"bolussnooze":0.0014,"activity":-4.0E-4,"lastBolusTime":1703247517000,"time":"2023-12-22T15:56:13.550Z"}},{"iob":0.295,"basaliob":-0.03,"bolussnooze":0.001,"activity":0.0051,"lastBolusTime":1703247517000,"time":"2023-12-22T16:01:13.550Z","iobWithZeroTemp":{"iob":-0.372,"basaliob":-0.697,"bolussnooze":0.001,"activity":-9.0E-4,"lastBolusTime":1703247517000,"time":"2023-12-22T16:01:13.550Z"}},{"iob":0.27,"basaliob":-0.028,"bolussnooze":7.0E-4,"activity":0.0047,"lastBolusTime":1703247517000,"time":"2023-12-22T16:06:13.550Z","iobWithZeroTemp":{"iob":-0.4,"basaliob":-0.698,"bolussnooze":7.0E-4,"activity":-0.0014,"lastBolusTime":1703247517000,"time":"2023-12-22T16:06:13.550Z"}},{"iob":0.247,"basaliob":-0.025,"bolussnooze":4.0E-4,"activity":0.0044,"lastBolusTime":1703247517000,"time":"2023-12-22T16:11:13.550Z","iobWithZeroTemp":{"iob":-0.426,"basaliob":-0.698,"bolussnooze":4.0E-4,"activity":-0.0017,"lastBolusTime":1703247517000,"time":"2023-12-22T16:11:13.550Z"}},{"iob":0.226,"basaliob":-0.023,"bolussnooze":3.0E-4,"activity":0.004,"lastBolusTime":1703247517000,"time":"2023-12-22T16:16:13.550Z","iobWithZeroTemp":{"iob":-0.45,"basaliob":-0.699,"bolussnooze":3.0E-4,"activity":-0.0021,"lastBolusTime":1703247517000,"time":"2023-12-22T16:16:13.550Z"}},{"iob":0.207,"basaliob":-0.021,"bolussnooze":2.0E-4,"activity":0.0037,"lastBolusTime":1703247517000,"time":"2023-12-22T16:21:13.550Z","iobWithZeroTemp":{"iob":-0.471,"basaliob":-0.699,"bolussnooze":2.0E-4,"activity":-0.0025,"lastBolusTime":1703247517000,"time":"2023-12-22T16:21:13.550Z"}},{"iob":0.189,"basaliob":-0.019,"bolussnooze":1.0E-4,"activity":0.0035,"lastBolusTime":1703247517000,"time":"2023-12-22T16:26:13.550Z","iobWithZeroTemp":{"iob":-0.492,"basaliob":-0.7,"bolussnooze":1.0E-4,"activity":-0.0027,"lastBolusTime":1703247517000,"time":"2023-12-22T16:26:13.550Z"}},{"iob":0.172,"basaliob":-0.018,"bolussnooze":0,"activity":0.0032,"lastBolusTime":1703247517000,"time":"2023-12-22T16:31:13.550Z","iobWithZeroTemp":{"iob":-0.511,"basaliob":-0.701,"bolussnooze":0,"activity":-0.0031,"lastBolusTime":1703247517000,"time":"2023-12-22T16:31:13.550Z"}}],"profile":{"max_iob":7,"type":"current","max_daily_basal":0.45,"max_basal":1.35,"min_bg":81.0000000000001,"max_bg":81.0000000000001,"target_bg":81.0000000000001,"carb_ratio":11,"sens":352.8,"max_daily_safety_multiplier":3,"current_basal_safety_multiplier":4,"lgsThreshold":65,"high_temptarget_raises_sensitivity":false,"low_temptarget_lowers_sensitivity":false,"sensitivity_raises_target":true,"resistance_lowers_target":true,"adv_target_adjustments":false,"exercise_mode":false,"half_basal_exercise_target":160,"maxCOB":120,"skip_neutral_temps":false,"remainingCarbsCap":90,"enableUAM":true,"A52_risk_enable":false,"SMBInterval":4,"enableSMB_with_COB":true,"enableSMB_with_temptarget":false,"allowSMB_with_high_temptarget":true,"enableSMB_always":true,"enableSMB_after_carbs":false,"maxSMBBasalMinutes":60,"maxUAMSMBBasalMinutes":60,"bolus_increment":0.05,"carbsReqThreshold":10,"current_basal":0.4,"temptargetSet":true,"autosens_max":1.2,"autosens_min":0.8,"out_units":"mmol\/L","variable_sens":81.7,"insulinDivisor":65,"TDD":13.670950833333334},"autosens_data":{"ratio":1.2009266098486713},"meal_data":{"carbs":85,"mealCOB":59.42618253968252,"slopeFromMaxDeviation":0,"slopeFromMinDeviation":5.494571428571429,"lastBolusTime":1703247517000,"lastCarbTime":1703247542000},"microBolusAllowed":true,"currentTime":1703248576028,"flatBGsDetected":false,"tdd1D":36.428166666666655,"tdd7D":29.994130952380967,"tddLast24H":36.02074999999997,"tddLast4H":10.363333333333335,"tddLast8to4H":4.17},"output":{"temp":"absolute","bg":261,"tick":-19,"eventualBG":284,"targetBG":81.0000000000001,"insulinReq":0,"deliverAt":"2023-12-22T12:36:16.028Z","sensitivityRatio":1.2009266098486713,"variable_sens":81.7,"predBGs":{"IOB":[261,242,222,202,180,158,135,110,82,50,39,39,39],"ZT":[261,243,224,205,184,163,141,117,92,63,39,39,39,39,39,39,39,39,39,39,39,39,39,39,39,39,39,39,39,39,39,39,39,39,39,39,39,39,39,39,39,39,39,39,39,39,39,39],"COB":[261,243,226,210,196,183,171,161,152,145,140,137,135,135,137,140,145,152,160,170,182,194,205,216,226,236,245,254,261,269,275,281,286,290,293,296,297,298,299,298,296,294,292,290,288,287,285,284],"UAM":[261,242,222,202,180,158,135,110,82,50,39,39,39]},"reason":"COB: 59.4, Dev: 1.2, BGI: -1.0, ISF: 4.5, CR: 11, Target: 4.5, minPredBG -2.7, minGuardBG -8.4, IOBpredBG 2.2, COBpredBG 15.8, UAMpredBG 2.2; minGuardBG -8.4<3.6","COB":59.42618253968252,"IOB":5.12,"duration":120,"rate":0,"timestamp":"2023-12-22T12:36:16.063Z"}}