{"algorithm":"OpenAPSSMBDynamicISFPlugin","input":{"glucoseStatus":{"glucose":158,"noise":0,"delta":-1,"short_avgdelta":-1.5,"long_avgdelta":-2.48,"date":1703292353179},"currenttemp":{"temp":"absolute","duration":40,"rate":0,"minutesrunning":20},"iob_data":[{"iob":0.588,"basaliob":-0.41,"bolussnooze":5.0E-4,"activity":0.0076,"lastBolusTime":1703292077000,"time":"2023-12-23T00:46:13.165Z","iobWithZeroTemp":{"iob":0.588,"basaliob":-0.41,"bolussnooze":5.0E-4,"activity":0.0076,"lastBolusTime":1703292077000,"time":"2023-12-23T00:46:13.165Z"}},{"iob":0.55,"basaliob":-0.391,"bolussnooze":4.0E-4,"activity":0.0073,"lastBolusTime":1703292077000,"time":"2023-12-23T00:51:13.165Z","iobWithZeroTemp":{"iob":0.527,"basaliob":-0.414,"bolussnooze":4.0E-4,"activity":0.0073,"lastBolusTime":1703292077000,"time":"2023-12-23T00:51:13.165Z"}},{"iob":0.514,"basaliob":-0.372,"bolussnooze":2.0E-4,"activity":0.0069,"lastBolusTime":1703292077000,"time":"2023-12-23T00:56:13.165Z","iobWithZeroTemp":{"iob":0.462,"basaliob":-0.424,"bolussnooze":2.0E-4,"activity":0.0068,"lastBolusTime":1703292077000,"time":"2023-12-23T00:56:13.165Z"}},{"iob":0.481,"basaliob":-0.353,"bolussnooze":2.0E-4,"activity":0.0065,"lastBolusTime":1703292077000,"time":"2023-12-23T01:01:13.165Z","iobWithZeroTemp":{"iob":0.4,"basaliob":-0.434,"bolussnooze":2.0E-4,"activity":0.0063,"lastBolusTime":1703292077000,"time":"2023-12-23T01:01:13.165Z"}},{"iob":0.449,"basaliob":-0.334,"bolussnooze":1.0E-4,"activity":0.0062,"lastBolusTime":1703292077000,"time":"2023-12-23T01:06:13.165Z","iobWithZeroTemp":{"iob":0.346,"basaliob":-0.437,"bolussnooze":1.0E-4,"activity":0.0059,"lastBolusTime":1703292077000,"time":"2023-12-23T01:06:13.165Z"}},{"iob":0.419,"basaliob":-0.316,"bolussnooze":1.0E-4,"activity":0.0059,"lastBolusTime":1703292077000,"time":"2023-12-23T01:11:13.165Z","iobWithZeroTemp":{"iob":0.295,"basaliob":-0.44,"bolussnooze":1.0E-4,"activity":0.0055,"lastBolusTime":1703292077000,"time":"2023-12-23T01:11:13.165Z"}},{"iob":0.39,"basaliob":-0.298,"bolussnooze":0,"activity":0.0055,"lastBolusTime":1703292077000,"time":"2023-12-23T01:16:13.165Z","iobWithZeroTemp":{"iob":0.246,"basaliob":-0.442,"bolussnooze":0,"activity":0.005,"lastBolusTime":1703292077000,"time":"2023-12-23T01:16:13.165Z"}},{"iob":0.363,"basaliob":-0.281,"bolussnooze":0,"activity":0.0053,"lastBolusTime":1703292077000,"time":"2023-12-23T01:21:13.165Z","iobWithZeroTemp":{"iob":0.2,"basaliob":-0.444,"bolussnooze":0,"activity":0.0046,"lastBolusTime":1703292077000,"time":"2023-12-23T01:21:13.165Z"}},{"iob":0.338,"basaliob":-0.265,"bolussnooze":0,"activity":0.005,"lastBolusTime":1703292077000,"time":"2023-12-23T01:26:13.165Z","iobWithZeroTemp":{"iob":0.156,"basaliob":-0.447,"bolussnooze":0,"activity":0.0041,"lastBolusTime":1703292077000,"time":"2023-12-23T01:26:13.165Z"}},{"iob":0.314,"basaliob":-0.249,"bolussnooze":0,"activity":0.0046,"lastBolusTime":1703292077000,"time":"2023-12-23T01:31:13.165Z","iobWithZeroTemp":{"iob":0.114,"basaliob":-0.449,"bolussnooze":0,"activity":0.0036,"lastBolusTime":1703292077000,"time":"2023-12-23T01:31:13.165Z"}},{"iob":0.291,"basaliob":-0.234,"bolussnooze":0,"activity":0.0043,"lastBolusTime":1703292077000,"time":"2023-12-23T01:36:13.165Z","iobWithZeroTemp":{"iob":0.074,"basaliob":-0.451,"bolussnooze":0,"activity":0.0031,"lastBolusTime":1703292077000,"time":"2023-12-23T01:36:13.165Z"}},{"iob":0.271,"basaliob":-0.219,"bolussnooze":0,"activity":0.0041,"lastBolusTime":1703292077000,"time":"2023-12-23T01:41:13.165Z","iobWithZeroTemp":{"iob":0.038,"basaliob":-0.452,"bolussnooze":0,"activity":0.0028,"lastBolusTime":1703292077000,"time":"2023-12-23T01:41:13.165Z"}},{"iob":0.25,"basaliob":-0.206,"bolussnooze":0,"activity":0.0038,"lastBolusTime":1703292077000,"time":"2023-12-23T01:46:13.165Z","iobWithZeroTemp":{"iob":0.001,"basaliob":-0.455,"bolussnooze":0,"activity":0.0023,"lastBolusTime":1703292077000,"time":"2023-12-23T01:46:13.165Z"}},{"iob":0.233,"basaliob":-0.192,"bolussnooze":0,"activity":0.0035,"lastBolusTime":1703292077000,"time":"2023-12-23T01:51:13.165Z","iobWithZeroTemp":{"iob":-0.031,"basaliob":-0.456,"bolussnooze":0,"activity":0.0019,"lastBolusTime":1703292077000,"time":"2023-12-23T01:51:13.165Z"}},{"iob":0.215,"basaliob":-0.18,"bolussnooze":0,"activity":0.0034,"lastBolusTime":1703292077000,"time":"2023-12-23T01:56:13.165Z","iobWithZeroTemp":{"iob":-0.063,"basaliob":-0.458,"bolussnooze":0,"activity":0.0016,"lastBolusTime":1703292077000,"time":"2023-12-23T01:56:13.165Z"}},{"iob":0.199,"basaliob":-0.168,"bolussnooze":0,"activity":0.0031,"lastBolusTime":1703292077000,"time":"2023-12-23T02:01:13.165Z","iobWithZeroTemp":{"iob":-0.092,"basaliob":-0.459,"bolussnooze":0,"activity":0.0012,"lastBolusTime":1703292077000,"time":"2023-12-23T02:01:13.165Z"}},{"iob":0.184,"basaliob":-0.157,"bolussnooze":0,"activity":0.0029,"lastBolusTime":1703292077000,"time":"2023-12-23T02:06:13.165Z","iobWithZeroTemp":{"iob":-0.119,"basaliob":-0.46,"bolussnooze":0,"activity":8.0E-4,"lastBolusTime":1703292077000,"time":"2023-12-23T02:06:13.165Z"}},{"iob":0.17,"basaliob":-0.146,"bolussnooze":0,"activity":0.0027,"lastBolusTime":1703292077000,"time":"2023-12-23T02:11:13.165Z","iobWithZeroTemp":{"iob":-0.145,"basaliob":-0.461,"bolussnooze":0,"activity":5.0E-4,"lastBolusTime":1703292077000,"time":"2023-12-23T02:11:13.165Z"}},{"iob":0.157,"basaliob":-0.136,"bolussnooze":0,"activity":0.0026,"lastBolusTime":1703292077000,"time":"2023-12-23T02:16:13.165Z","iobWithZeroTemp":{"iob":-0.169,"basaliob":-0.462,"bolussnooze":0,"activity":3.0E-4,"lastBolusTime":1703292077000,"time":"2023-12-23T02:16:13.165Z"}},{"iob":0.144,"basaliob":-0.127,"bolussnooze":0,"activity":0.0024,"lastBolusTime":1703292077000,"time":"2023-12-23T02:21:13.165Z","iobWithZeroTemp":{"iob":-0.193,"basaliob":-0.464,"bolussnooze":0,"activity":-1.0E-4,"lastBolusTime":1703292077000,"time":"2023-12-23T02:21:13.165Z"}},{"iob":0.133,"basaliob":-0.118,"bolussnooze":0,"activity":0.0022,"lastBolusTime":1703292077000,"time":"2023-12-23T02:26:13.165Z","iobWithZeroTemp":{"iob":-0.214,"basaliob":-0.465,"bolussnooze":0,"activity":-4.0E-4,"lastBolusTime":1703292077000,"time":"2023-12-23T02:26:13.165Z"}},{"iob":0.122,"basaliob":-0.11,"bolussnooze":0,"activity":0.002,"lastBolusTime":1703292077000,"time":"2023-12-23T02:31:13.165Z","iobWithZeroTemp":{"iob":-0.234,"basaliob":-0.466,"bolussnooze":0,"activity":-7.0E-4,"lastBolusTime":1703292077000,"time":"2023-12-23T02:31:13.165Z"}},{"iob":0.112,"basaliob":-0.102,"bolussnooze":0,"activity":0.0019,"lastBolusTime":1703292077000,"time":"2023-12-23T02:36:13.165Z","iobWithZeroTemp":{"iob":-0.253,"basaliob":-0.467,"bolussnooze":0,"activity":-9.0E-4,"lastBolusTime":1703292077000,"time":"2023-12-23T02:36:13.165Z"}},{"iob":0.104,"basaliob":-0.094,"bolussnooze":0,"activity":0.0018,"lastBolusTime":1703292077000,"time":"2023-12-23T02:41:13.165Z","iobWithZeroTemp":{"iob":-0.269,"basaliob":-0.467,"bolussnooze":0,"activity":-0.0011,"lastBolusTime":1703292077000,"time":"2023-12-23T02:41:13.165Z"}},{"iob":0.096,"basaliob":-0.087,"bolussnooze":0,"activity":0.0017,"lastBolusTime":1703292077000,"time":"2023-12-23T02:46:13.165Z","iobWithZeroTemp":{"iob":-0.284,"basaliob":-0.467,"bolussnooze":0,"activity":-0.0013,"lastBolusTime":1703292077000,"time":"2023-12-23T02:46:13.165Z"}},{"iob":0.087,"basaliob":-0.081,"bolussnooze":0,"activity":0.0015,"lastBolusTime":1703292077000,"time":"2023-12-23T02:51:13.165Z","iobWithZeroTemp":{"iob":-0.3,"basaliob":-0.468,"bolussnooze":0,"activity":-0.0016,"lastBolusTime":1703292077000,"time":"2023-12-23T02:51:13.165Z"}},{"iob":0.08,"basaliob":-0.075,"bolussnooze":0,"activity":0.0014,"lastBolusTime":1703292077000,"time":"2023-12-23T02:56:13.165Z","iobWithZeroTemp":{"iob":-0.314,"basaliob":-0.469,"bolussnooze":0,"activity":-0.0018,"lastBolusTime":1703292077000,"time":"2023-12-23T02:56:13.165Z"}},{"iob":0.074,"basaliob":-0.069,"bolussnooze":0,"activity":0.0013,"lastBolusTime":1703292077000,"time":"2023-12-23T03:01:13.165Z","iobWithZeroTemp":{"iob":-0.326,"basaliob":-0.469,"bolussnooze":0,"activity":-0.002,"lastBolusTime":1703292077000,"time":"2023-12-23T03:01:13.165Z"}},{"iob":0.067,"basaliob":-0.064,"bolussnooze":0,"activity":0.0012,"lastBolusTime":1703292077000,"time":"2023-12-23T03:06:13.165Z","iobWithZeroTemp":{"iob":-0.341,"basaliob":-0.472,"bolussnooze":0,"activity":-0.0022,"lastBolusTime":1703292077000,"time":"2023-12-23T03:06:13.165Z"}},{"iob":0.062,"basaliob":-0.059,"bolussnooze":0,"activity":0.0011,"lastBolusTime":1703292077000,"time":"2023-12-23T03:11:13.165Z","iobWithZeroTemp":{"iob":-0.354,"basaliob":-0.475,"bolussnooze":0,"activity":-0.0024,"lastBolusTime":1703292077000,"time":"2023-12-23T03:11:13.165Z"}},{"iob":0.056,"basaliob":-0.055,"bolussnooze":0,"activity":0.001,"lastBolusTime":1703292077000,"time":"2023-12-23T03:16:13.165Z","iobWithZeroTemp":{"iob":-0.368,"basaliob":-0.479,"bolussnooze":0,"activity":-0.0026,"lastBolusTime":1703292077000,"time":"2023-12-23T03:16:13.165Z"}},{"iob":0.052,"basaliob":-0.05,"bolussnooze":0,"activity":9.0E-4,"lastBolusTime":1703292077000,"time":"2023-12-23T03:21:13.165Z","iobWithZeroTemp":{"iob":-0.379,"basaliob":-0.481,"bolussnooze":0,"activity":-0.0027,"lastBolusTime":1703292077000,"time":"2023-12-23T03:21:13.165Z"}},{"iob":0.047,"basaliob":-0.046,"bolussnooze":0,"activity":8.0E-4,"lastBolusTime":1703292077000,"time":"2023-12-23T03:26:13.165Z","iobWithZeroTemp":{"iob":-0.39,"basaliob":-0.483,"bolussnooze":0,"activity":-0.0029,"lastBolusTime":1703292077000,"time":"2023-12-23T03:26:13.165Z"}},{"iob":0.043,"basaliob":-0.043,"bolussnooze":0,"activity":8.0E-4,"lastBolusTime":1703292077000,"time":"2023-12-23T03:31:13.165Z","iobWithZeroTemp":{"iob":-0.401,"basaliob":-0.487,"bolussnooze":0,"activity":-0.003,"lastBolusTime":1703292077000,"time":"2023-12-23T03:31:13.165Z"}},{"iob":0.039,"basaliob":-0.039,"bolussnooze":0,"activity":7.0E-4,"lastBolusTime":1703292077000,"time":"2023-12-23T03:36:13.165Z","iobWithZeroTemp":{"iob":-0.411,"basaliob":-0.489,"bolussnooze":0,"activity":-0.0032,"lastBolusTime":1703292077000,"time":"2023-12-23T03:36:13.165Z"}},{"iob":0.036,"basaliob":-0.036,"bolussnooze":0,"activity":7.0E-4,"lastBolusTime":1703292077000,"time":"2023-12-23T03:41:13.165Z","iobWithZeroTemp":{"iob":-0.419,"basaliob":-0.491,"bolussnooze":0,"activity":-0.0032,"lastBolusTime":1703292077000,"time":"2023-12-23T03:41:13.165Z"}},{"iob":0.033,"basaliob":-0.033,"bolussnooze":0,"activity":6.0E-4,"lastBolusTime":1703292077000,"time":"2023-12-23T03:46:13.165Z","iobWithZeroTemp":{"iob":-0.427,"basaliob":-0.493,"bolussnooze":0,"activity":-0.0034,"lastBolusTime":1703292077000,"time":"2023-12-23T03:46:13.165Z"}},{"iob":0.029,"basaliob":-0.031,"bolussnooze":0,"activity":6.0E-4,"lastBolusTime":1703292077000,"time":"2023-12-23T03:51:13.165Z","iobWithZeroTemp":{"iob":-0.436,"basaliob":-0.496,"bolussnooze":0,"activity":-0.0034,"lastBolusTime":1703292077000,"time":"2023-12-23T03:51:13.165Z"}},{"iob":0.027,"basaliob":-0.028,"bolussnooze":0,"activity":5.0E-4,"lastBolusTime":1703292077000,"time":"2023-12-23T03:56:13.165Z","iobWithZeroTemp":{"iob":-0.443,"basaliob":-0.498,"bolussnooze":0,"activity":-0.0036,"lastBolusTime":1703292077000,"time":"2023-12-23T03:56:13.165Z"}},{"iob":0.024,"basaliob":-0.026,"bolussnooze":0,"activity":5.0E-4,"lastBolusTime":1703292077000,"time":"2023-12-23T04:01:13.165Z","iobWithZeroTemp":{"iob":-0.45,"basaliob":-0.5,"bolussnooze":0,"activity":-0.0037,"lastBolusTime":1703292077000,"time":"2023-12-23T04:01:13.165Z"}},{"iob":0.022,"basaliob":-0.024,"bolussnooze":0,"activity":4.0E-4,"lastBolusTime":1703292077000,"time":"2023-12-23T04:06:13.165Z","iobWithZeroTemp":{"iob":-0.465,"basaliob":-0.511,"bolussnooze":0,"activity":-0.0038,"lastBolusTime":1703292077000,"time":"2023-12-23T04:06:13.165Z"}},{"iob":0.02,"basaliob":-0.022,"bolussnooze":0,"activity":4.0E-4,"lastBolusTime":1703292077000,"time":"2023-12-23T04:11:13.165Z","iobWithZeroTemp":{"iob":-0.479,"basaliob":-0.521,"bolussnooze":0,"activity":-0.0039,"lastBolusTime":1703292077000,"time":"2023-12-23T04:11:13.165Z"}},{"iob":0.018,"basaliob":-0.02,"bolussnooze":0,"activity":3.0E-4,"lastBolusTime":1703292077000,"time":"2023-12-23T04:16:13.165Z","iobWithZeroTemp":{"iob":-0.492,"basaliob":-0.53,"bolussnooze":0,"activity":-0.0041,"lastBolusTime":1703292077000,"time":"2023-12-23T04:16:13.165Z"}},{"iob":0.017,"basaliob":-0.018,"bolussnooze":0,"activity":4.0E-4,"lastBolusTime":1703292077000,"time":"2023-12-23T04:21:13.165Z","iobWithZeroTemp":{"iob":-0.504,"basaliob":-0.539,"bolussnooze":0,"activity":-0.0041,"lastBolusTime":1703292077000,"time":"2023-12-23T04:21:13.165Z"}},{"iob":0.015,"basaliob":-0.016,"bolussnooze":0,"activity":3.0E-4,"lastBolusTime":1703292077000,"time":"2023-12-23T04:26:13.165Z","iobWithZeroTemp":{"iob":-0.517,"basaliob":-0.548,"bolussnooze":0,"activity":-0.0042,"lastBolusTime":1703292077000,"time":"2023-12-23T04:26:13.165Z"}},{"iob":0.014,"basaliob":-0.015,"bolussnooze":0,"activity":2.0E-4,"lastBolusTime":1703292077000,"time":"2023-12-23T04:31:13.165Z","iobWithZeroTemp":{"iob":-0.529,"basaliob":-0.558,"bolussnooze":0,"activity":-0.0044,"lastBolusTime":1703292077000,"time":"2023-12-23T04:31:13.165Z"}},{"iob":0.012,"basaliob":-0.014,"bolussnooze":0,"activity":2.0E-4,"lastBolusTime":1703292077000,"time":"2023-12-23T04:36:13.165Z","iobWithZeroTemp":{"iob":-0.541,"basaliob":-0.567,"bolussnooze":0,"activity":-0.0045,"lastBolusTime":1703292077000,"time":"2023-12-23T04:36:13.165Z"}},{"iob":0.011,"basaliob":-0.012,"bolussnooze":0,"activity":3.0E-4,"lastBolusTime":1703292077000,"time":"2023-12-23T04:41:13.165Z","iobWithZeroTemp":{"iob":-0.551,"basaliob":-0.574,"bolussnooze":0,"activity":-0.0045,"lastBolusTime":1703292077000,"time":"2023-12-23T04:41:13.165Z"}}],"profile":{"max_iob":7,"type":"current","max_daily_basal":0.45,"max_basal":1.35,"min_bg":81,"max_bg":81,"target_bg":81,"carb_ratio":11,"sens":369,"max_daily_safety_multiplier":3,"current_basal_safety_multiplier":4,"lgsThreshold":65,"high_temptarget_raises_sensitivity":false,"low_temptarget_lowers_sensitivity":false,"sensitivity_raises_target":true,"resistance_lowers_target":true,"adv_target_adjustments":false,"exercise_mode":false,"half_basal_exercise_target":160,"maxCOB":120,"skip_neutral_temps":false,"remainingCarbsCap":90,"enableUAM":true,"A52_risk_enable":false,"SMBInterval":4,"enableSMB_with_COB":true,"enableSMB_with_temptarget":false,"allowSMB_with_high_temptarget":true,"enableSMB_always":true,"enableSMB_after_carbs":false,"maxSMBBasalMinutes":60,"maxUAMSMBBasalMinutes":60,"bolus_increment":0.05,"carbsReqThreshold":10,"current_basal":0.35,"temptargetSet":true,"autosens_max":1.2,"autosens_min":0.8,"out_units":"mmol\/L","variable_sens":131.9,"insulinDivisor":65,"TDD":11.068820791666665},"autosens_data":{"ratio":1.0870819427227978},"meal_data":{"carbs":35,"mealCOB":4.435224323875886,"slopeFromMaxDeviation":-0.5638181818181819,"slopeFromMinDeviation":0.26200000000000045,"lastBolusTime":1703292077000,"lastCarbTime":1703279288000},"microBolusAllowed":true,"currentTime":1703292375237,"flatBGsDetected":false,"tdd1D":34.144083333333334,"tdd7D":30.47294047619048,"tddLast24H":33.12658333333333,"tddLast4H":4.694166666666667,"tddLast8to4H":5.876666666666666},"output":{"temp":"absolute","bg":158,"tick":-1,"eventualBG":131,"targetBG":81,"insulinReq":0.16,"deliverAt":"2023-12-23T00:46:15.237Z","sensitivityRatio":1.0870819427227978,"variable_sens":131.9,"predBGs":{"IOB":[158,156,154,152,150,148,146,143,141,138,136,133,130,127,124,122,119,117,115,113,111,109,107,106,104,103,102,100,99,98,97,96,96,95,94,94,93,92,92,91,91,90,90,90,89],"ZT":[158,153,148,143,139,135,131,127,124,121,118,115,113,111,110,108,107,107,106,106,106,106],"COB":[158,156,155,153,152,151,150,149,148,147,147,146,145,145,144,144,144,143,143,142,142,142,141,141,141,140,140,139,138,138,137,136,136,135,135,134,134,133,133,133,132,132,132,132,131],"UAM":[158,156,153,151,148,144,140,136,132,129,125,122,119,116,113,110,108,105,103,101,99,97,95,93,92,90,89,87,86,85,84,83,82,81,80,80,79,78,78,77,77,76,76,76,75,75,75,74]},"reason":"COB: 4.4, Dev: 1.2, BGI: -0.3, ISF: 7.3, CR: 11, Target: 4.5, minPredBG 5.9, minGuardBG 4.5, IOBpredBG 4.9, COBpredBG 7.3, UAMpredBG 4.1; Eventual BG 7.3 >= 4.5,  insulinReq 0.16. Microbolusing 0.05U. temp 0.00 < 0.7U\/hr. ","COB":4.435224323875886,"IOB":0.588,"units":0.05,"duration":30,"rate":0.7004786799529792,"timestamp":"2023-12-23T00:46:15.264Z"}}