{"algorithm":"OpenAPSSMBDynamicISFPlugin","input":{"glucoseStatus":{"glucose":110,"noise":0,"delta":14,"short_avgdelta":5.17,"long_avgdelta":-7.67,"date":1703960819820},"currenttemp":{"temp":"absolute","duration":20,"rate":0,"minutesrunning":40},"iob_data":[{"iob":1.041,"basaliob":-0.215,"bolussnooze":0,"activity":0.0091,"lastBolusTime":1703959054000,"time":"2023-12-30T18:27:26.788Z","iobWithZeroTemp":{"iob":1.041,"basaliob":-0.215,"bolussnooze":0,"activity":0.0091,"lastBolusTime":1703959054000,"time":"2023-12-30T18:27:26.788Z"}},{"iob":0.996,"basaliob":-0.206,"bolussnooze":0,"activity":0.0092,"lastBolusTime":1703959054000,"time":"2023-12-30T18:32:26.788Z","iobWithZeroTemp":{"iob":0.969,"basaliob":-0.233,"bolussnooze":0,"activity":0.0092,"lastBolusTime":1703959054000,"time":"2023-12-30T18:32:26.788Z"}},{"iob":0.95,"basaliob":-0.197,"bolussnooze":0,"activity":0.0092,"lastBolusTime":1703959054000,"time":"2023-12-30T18:37:26.788Z","iobWithZeroTemp":{"iob":0.89,"basaliob":-0.257,"bolussnooze":0,"activity":0.0091,"lastBolusTime":1703959054000,"time":"2023-12-30T18:37:26.788Z"}},{"iob":0.904,"basaliob":-0.188,"bolussnooze":0,"activity":0.0091,"lastBolusTime":1703959054000,"time":"2023-12-30T18:42:26.788Z","iobWithZeroTemp":{"iob":0.812,"basaliob":-0.28,"bolussnooze":0,"activity":0.0089,"lastBolusTime":1703959054000,"time":"2023-12-30T18:42:26.788Z"}},{"iob":0.858,"basaliob":-0.179,"bolussnooze":0,"activity":0.009,"lastBolusTime":1703959054000,"time":"2023-12-30T18:47:26.788Z","iobWithZeroTemp":{"iob":0.733,"basaliob":-0.304,"bolussnooze":0,"activity":0.0087,"lastBolusTime":1703959054000,"time":"2023-12-30T18:47:26.788Z"}},{"iob":0.814,"basaliob":-0.17,"bolussnooze":0,"activity":0.0088,"lastBolusTime":1703959054000,"time":"2023-12-30T18:52:26.788Z","iobWithZeroTemp":{"iob":0.658,"basaliob":-0.326,"bolussnooze":0,"activity":0.0083,"lastBolusTime":1703959054000,"time":"2023-12-30T18:52:26.788Z"}},{"iob":0.771,"basaliob":-0.161,"bolussnooze":0,"activity":0.0085,"lastBolusTime":1703959054000,"time":"2023-12-30T18:57:26.788Z","iobWithZeroTemp":{"iob":0.585,"basaliob":-0.347,"bolussnooze":0,"activity":0.0078,"lastBolusTime":1703959054000,"time":"2023-12-30T18:57:26.788Z"}},{"iob":0.728,"basaliob":-0.153,"bolussnooze":0,"activity":0.0083,"lastBolusTime":1703959054000,"time":"2023-12-30T19:02:26.788Z","iobWithZeroTemp":{"iob":0.512,"basaliob":-0.369,"bolussnooze":0,"activity":0.0074,"lastBolusTime":1703959054000,"time":"2023-12-30T19:02:26.788Z"}},{"iob":0.687,"basaliob":-0.144,"bolussnooze":0,"activity":0.008,"lastBolusTime":1703959054000,"time":"2023-12-30T19:07:26.788Z","iobWithZeroTemp":{"iob":0.443,"basaliob":-0.388,"bolussnooze":0,"activity":0.0069,"lastBolusTime":1703959054000,"time":"2023-12-30T19:07:26.788Z"}},{"iob":0.648,"basaliob":-0.136,"bolussnooze":0,"activity":0.0078,"lastBolusTime":1703959054000,"time":"2023-12-30T19:12:26.788Z","iobWithZeroTemp":{"iob":0.376,"basaliob":-0.408,"bolussnooze":0,"activity":0.0065,"lastBolusTime":1703959054000,"time":"2023-12-30T19:12:26.788Z"}},{"iob":0.61,"basaliob":-0.128,"bolussnooze":0,"activity":0.0074,"lastBolusTime":1703959054000,"time":"2023-12-30T19:17:26.788Z","iobWithZeroTemp":{"iob":0.312,"basaliob":-0.426,"bolussnooze":0,"activity":0.0059,"lastBolusTime":1703959054000,"time":"2023-12-30T19:17:26.788Z"}},{"iob":0.573,"basaliob":-0.121,"bolussnooze":0,"activity":0.0071,"lastBolusTime":1703959054000,"time":"2023-12-30T19:22:26.788Z","iobWithZeroTemp":{"iob":0.25,"basaliob":-0.444,"bolussnooze":0,"activity":0.0053,"lastBolusTime":1703959054000,"time":"2023-12-30T19:22:26.788Z"}},{"iob":0.538,"basaliob":-0.113,"bolussnooze":0,"activity":0.0069,"lastBolusTime":1703959054000,"time":"2023-12-30T19:27:26.788Z","iobWithZeroTemp":{"iob":0.191,"basaliob":-0.46,"bolussnooze":0,"activity":0.0049,"lastBolusTime":1703959054000,"time":"2023-12-30T19:27:26.788Z"}},{"iob":0.505,"basaliob":-0.106,"bolussnooze":0,"activity":0.0065,"lastBolusTime":1703959054000,"time":"2023-12-30T19:32:26.788Z","iobWithZeroTemp":{"iob":0.135,"basaliob":-0.476,"bolussnooze":0,"activity":0.0043,"lastBolusTime":1703959054000,"time":"2023-12-30T19:32:26.788Z"}},{"iob":0.472,"basaliob":-0.1,"bolussnooze":0,"activity":0.0062,"lastBolusTime":1703959054000,"time":"2023-12-30T19:37:26.788Z","iobWithZeroTemp":{"iob":0.081,"basaliob":-0.491,"bolussnooze":0,"activity":0.0038,"lastBolusTime":1703959054000,"time":"2023-12-30T19:37:26.788Z"}},{"iob":0.443,"basaliob":-0.093,"bolussnooze":0,"activity":0.0059,"lastBolusTime":1703959054000,"time":"2023-12-30T19:42:26.788Z","iobWithZeroTemp":{"iob":0.031,"basaliob":-0.505,"bolussnooze":0,"activity":0.0032,"lastBolusTime":1703959054000,"time":"2023-12-30T19:42:26.788Z"}},{"iob":0.414,"basaliob":-0.087,"bolussnooze":0,"activity":0.0056,"lastBolusTime":1703959054000,"time":"2023-12-30T19:47:26.788Z","iobWithZeroTemp":{"iob":-0.017,"basaliob":-0.518,"bolussnooze":0,"activity":0.0027,"lastBolusTime":1703959054000,"time":"2023-12-30T19:47:26.788Z"}},{"iob":0.387,"basaliob":-0.081,"bolussnooze":0,"activity":0.0053,"lastBolusTime":1703959054000,"time":"2023-12-30T19:52:26.788Z","iobWithZeroTemp":{"iob":-0.063,"basaliob":-0.531,"bolussnooze":0,"activity":0.0022,"lastBolusTime":1703959054000,"time":"2023-12-30T19:52:26.788Z"}},{"iob":0.361,"basaliob":-0.076,"bolussnooze":0,"activity":0.005,"lastBolusTime":1703959054000,"time":"2023-12-30T19:57:26.788Z","iobWithZeroTemp":{"iob":-0.106,"basaliob":-0.543,"bolussnooze":0,"activity":0.0017,"lastBolusTime":1703959054000,"time":"2023-12-30T19:57:26.788Z"}},{"iob":0.336,"basaliob":-0.071,"bolussnooze":0,"activity":0.0047,"lastBolusTime":1703959054000,"time":"2023-12-30T20:02:26.788Z","iobWithZeroTemp":{"iob":-0.148,"basaliob":-0.555,"bolussnooze":0,"activity":0.0012,"lastBolusTime":1703959054000,"time":"2023-12-30T20:02:26.788Z"}},{"iob":0.313,"basaliob":-0.066,"bolussnooze":0,"activity":0.0045,"lastBolusTime":1703959054000,"time":"2023-12-30T20:07:26.788Z","iobWithZeroTemp":{"iob":-0.186,"basaliob":-0.565,"bolussnooze":0,"activity":8.0E-4,"lastBolusTime":1703959054000,"time":"2023-12-30T20:07:26.788Z"}},{"iob":0.292,"basaliob":-0.061,"bolussnooze":0,"activity":0.0042,"lastBolusTime":1703959054000,"time":"2023-12-30T20:12:26.788Z","iobWithZeroTemp":{"iob":-0.222,"basaliob":-0.575,"bolussnooze":0,"activity":3.0E-4,"lastBolusTime":1703959054000,"time":"2023-12-30T20:12:26.788Z"}},{"iob":0.271,"basaliob":-0.057,"bolussnooze":0,"activity":0.004,"lastBolusTime":1703959054000,"time":"2023-12-30T20:17:26.788Z","iobWithZeroTemp":{"iob":-0.256,"basaliob":-0.584,"bolussnooze":0,"activity":0,"lastBolusTime":1703959054000,"time":"2023-12-30T20:17:26.788Z"}},{"iob":0.252,"basaliob":-0.053,"bolussnooze":0,"activity":0.0037,"lastBolusTime":1703959054000,"time":"2023-12-30T20:22:26.788Z","iobWithZeroTemp":{"iob":-0.288,"basaliob":-0.593,"bolussnooze":0,"activity":-5.0E-4,"lastBolusTime":1703959054000,"time":"2023-12-30T20:22:26.788Z"}},{"iob":0.234,"basaliob":-0.049,"bolussnooze":0,"activity":0.0035,"lastBolusTime":1703959054000,"time":"2023-12-30T20:27:26.788Z","iobWithZeroTemp":{"iob":-0.318,"basaliob":-0.601,"bolussnooze":0,"activity":-8.0E-4,"lastBolusTime":1703959054000,"time":"2023-12-30T20:27:26.788Z"}},{"iob":0.217,"basaliob":-0.046,"bolussnooze":0,"activity":0.0033,"lastBolusTime":1703959054000,"time":"2023-12-30T20:32:26.788Z","iobWithZeroTemp":{"iob":-0.346,"basaliob":-0.609,"bolussnooze":0,"activity":-0.0012,"lastBolusTime":1703959054000,"time":"2023-12-30T20:32:26.788Z"}},{"iob":0.202,"basaliob":-0.042,"bolussnooze":0,"activity":0.0031,"lastBolusTime":1703959054000,"time":"2023-12-30T20:37:26.788Z","iobWithZeroTemp":{"iob":-0.372,"basaliob":-0.616,"bolussnooze":0,"activity":-0.0015,"lastBolusTime":1703959054000,"time":"2023-12-30T20:37:26.788Z"}},{"iob":0.187,"basaliob":-0.039,"bolussnooze":0,"activity":0.0029,"lastBolusTime":1703959054000,"time":"2023-12-30T20:42:26.788Z","iobWithZeroTemp":{"iob":-0.397,"basaliob":-0.623,"bolussnooze":0,"activity":-0.0019,"lastBolusTime":1703959054000,"time":"2023-12-30T20:42:26.788Z"}},{"iob":0.173,"basaliob":-0.036,"bolussnooze":0,"activity":0.0026,"lastBolusTime":1703959054000,"time":"2023-12-30T20:47:26.788Z","iobWithZeroTemp":{"iob":-0.42,"basaliob":-0.629,"bolussnooze":0,"activity":-0.0023,"lastBolusTime":1703959054000,"time":"2023-12-30T20:47:26.788Z"}},{"iob":0.159,"basaliob":-0.034,"bolussnooze":0,"activity":0.0025,"lastBolusTime":1703959054000,"time":"2023-12-30T20:52:26.788Z","iobWithZeroTemp":{"iob":-0.442,"basaliob":-0.635,"bolussnooze":0,"activity":-0.0025,"lastBolusTime":1703959054000,"time":"2023-12-30T20:52:26.788Z"}},{"iob":0.148,"basaliob":-0.031,"bolussnooze":0,"activity":0.0023,"lastBolusTime":1703959054000,"time":"2023-12-30T20:57:26.788Z","iobWithZeroTemp":{"iob":-0.461,"basaliob":-0.64,"bolussnooze":0,"activity":-0.0028,"lastBolusTime":1703959054000,"time":"2023-12-30T20:57:26.788Z"}},{"iob":0.136,"basaliob":-0.029,"bolussnooze":0,"activity":0.0021,"lastBolusTime":1703959054000,"time":"2023-12-30T21:02:26.788Z","iobWithZeroTemp":{"iob":-0.481,"basaliob":-0.646,"bolussnooze":0,"activity":-0.0031,"lastBolusTime":1703959054000,"time":"2023-12-30T21:02:26.788Z"}},{"iob":0.126,"basaliob":-0.026,"bolussnooze":0,"activity":0.002,"lastBolusTime":1703959054000,"time":"2023-12-30T21:07:26.788Z","iobWithZeroTemp":{"iob":-0.498,"basaliob":-0.65,"bolussnooze":0,"activity":-0.0033,"lastBolusTime":1703959054000,"time":"2023-12-30T21:07:26.788Z"}},{"iob":0.116,"basaliob":-0.024,"bolussnooze":0,"activity":0.0019,"lastBolusTime":1703959054000,"time":"2023-12-30T21:12:26.788Z","iobWithZeroTemp":{"iob":-0.514,"basaliob":-0.654,"bolussnooze":0,"activity":-0.0035,"lastBolusTime":1703959054000,"time":"2023-12-30T21:12:26.788Z"}},{"iob":0.107,"basaliob":-0.022,"bolussnooze":0,"activity":0.0017,"lastBolusTime":1703959054000,"time":"2023-12-30T21:17:26.788Z","iobWithZeroTemp":{"iob":-0.529,"basaliob":-0.658,"bolussnooze":0,"activity":-0.0038,"lastBolusTime":1703959054000,"time":"2023-12-30T21:17:26.788Z"}},{"iob":0.098,"basaliob":-0.021,"bolussnooze":0,"activity":0.0017,"lastBolusTime":1703959054000,"time":"2023-12-30T21:22:26.788Z","iobWithZeroTemp":{"iob":-0.544,"basaliob":-0.663,"bolussnooze":0,"activity":-0.0039,"lastBolusTime":1703959054000,"time":"2023-12-30T21:22:26.788Z"}},{"iob":0.091,"basaliob":-0.019,"bolussnooze":0,"activity":0.0015,"lastBolusTime":1703959054000,"time":"2023-12-30T21:27:26.788Z","iobWithZeroTemp":{"iob":-0.556,"basaliob":-0.666,"bolussnooze":0,"activity":-0.0042,"lastBolusTime":1703959054000,"time":"2023-12-30T21:27:26.788Z"}},{"iob":0.084,"basaliob":-0.017,"bolussnooze":0,"activity":0.0014,"lastBolusTime":1703959054000,"time":"2023-12-30T21:32:26.788Z","iobWithZeroTemp":{"iob":-0.567,"basaliob":-0.668,"bolussnooze":0,"activity":-0.0044,"lastBolusTime":1703959054000,"time":"2023-12-30T21:32:26.788Z"}},{"iob":0.077,"basaliob":-0.016,"bolussnooze":0,"activity":0.0013,"lastBolusTime":1703959054000,"time":"2023-12-30T21:37:26.788Z","iobWithZeroTemp":{"iob":-0.579,"basaliob":-0.672,"bolussnooze":0,"activity":-0.0045,"lastBolusTime":1703959054000,"time":"2023-12-30T21:37:26.788Z"}},{"iob":0.07,"basaliob":-0.015,"bolussnooze":0,"activity":0.0012,"lastBolusTime":1703959054000,"time":"2023-12-30T21:42:26.788Z","iobWithZeroTemp":{"iob":-0.59,"basaliob":-0.675,"bolussnooze":0,"activity":-0.0047,"lastBolusTime":1703959054000,"time":"2023-12-30T21:42:26.788Z"}},{"iob":0.064,"basaliob":-0.014,"bolussnooze":0,"activity":0.0011,"lastBolusTime":1703959054000,"time":"2023-12-30T21:47:26.788Z","iobWithZeroTemp":{"iob":-0.6,"basaliob":-0.678,"bolussnooze":0,"activity":-0.0048,"lastBolusTime":1703959054000,"time":"2023-12-30T21:47:26.788Z"}},{"iob":0.06,"basaliob":-0.012,"bolussnooze":0,"activity":0.001,"lastBolusTime":1703959054000,"time":"2023-12-30T21:52:26.788Z","iobWithZeroTemp":{"iob":-0.607,"basaliob":-0.679,"bolussnooze":0,"activity":-0.005,"lastBolusTime":1703959054000,"time":"2023-12-30T21:52:26.788Z"}},{"iob":0.055,"basaliob":-0.011,"bolussnooze":0,"activity":0.001,"lastBolusTime":1703959054000,"time":"2023-12-30T21:57:26.788Z","iobWithZeroTemp":{"iob":-0.615,"basaliob":-0.681,"bolussnooze":0,"activity":-0.0051,"lastBolusTime":1703959054000,"time":"2023-12-30T21:57:26.788Z"}},{"iob":0.05,"basaliob":-0.01,"bolussnooze":0,"activity":9.0E-4,"lastBolusTime":1703959054000,"time":"2023-12-30T22:02:26.788Z","iobWithZeroTemp":{"iob":-0.623,"basaliob":-0.683,"bolussnooze":0,"activity":-0.0052,"lastBolusTime":1703959054000,"time":"2023-12-30T22:02:26.788Z"}},{"iob":0.045,"basaliob":-0.01,"bolussnooze":0,"activity":8.0E-4,"lastBolusTime":1703959054000,"time":"2023-12-30T22:07:26.788Z","iobWithZeroTemp":{"iob":-0.635,"basaliob":-0.69,"bolussnooze":0,"activity":-0.0053,"lastBolusTime":1703959054000,"time":"2023-12-30T22:07:26.788Z"}},{"iob":0.041,"basaliob":-0.009,"bolussnooze":0,"activity":7.0E-4,"lastBolusTime":1703959054000,"time":"2023-12-30T22:12:26.788Z","iobWithZeroTemp":{"iob":-0.65,"basaliob":-0.7,"bolussnooze":0,"activity":-0.0055,"lastBolusTime":1703959054000,"time":"2023-12-30T22:12:26.788Z"}},{"iob":0.038,"basaliob":-0.008,"bolussnooze":0,"activity":7.0E-4,"lastBolusTime":1703959054000,"time":"2023-12-30T22:17:26.788Z","iobWithZeroTemp":{"iob":-0.659,"basaliob":-0.705,"bolussnooze":0,"activity":-0.0056,"lastBolusTime":1703959054000,"time":"2023-12-30T22:17:26.788Z"}},{"iob":0.035,"basaliob":-0.007,"bolussnooze":0,"activity":7.0E-4,"lastBolusTime":1703959054000,"time":"2023-12-30T22:22:26.788Z","iobWithZeroTemp":{"iob":-0.668,"basaliob":-0.71,"bolussnooze":0,"activity":-0.0056,"lastBolusTime":1703959054000,"time":"2023-12-30T22:22:26.788Z"}}],"profile":{"max_iob":7,"type":"current","max_daily_basal":0.45,"max_basal":1.35,"min_bg":143.99999999999991,"max_bg":143.99999999999991,"target_bg":143.99999999999991,"carb_ratio":11,"sens":352.8,"max_daily_safety_multiplier":3,"current_basal_safety_multiplier":4,"lgsThreshold":65,"high_temptarget_raises_sensitivity":false,"low_temptarget_lowers_sensitivity":false,"sensitivity_raises_target":true,"resistance_lowers_target":true,"adv_target_adjustments":false,"exercise_mode":false,"half_basal_exercise_target":160,"maxCOB":120,"skip_neutral_temps":false,"remainingCarbsCap":90,"enableUAM":true,"A52_risk_enable":false,"SMBInterval":4,"enableSMB_with_COB":true,"enableSMB_with_temptarget":false,"allowSMB_with_high_temptarget":true,"enableSMB_always":true,"enableSMB_after_carbs":false,"maxSMBBasalMinutes":60,"maxUAMSMBBasalMinutes":60,"bolus_increment":0.05,"carbsReqThreshold":10,"current_basal":0.4,"temptargetSet":true,"autosens_max":1.2,"autosens_min":0.8,"out_units":"mmol\/L","variable_sens":226.8,"insulinDivisor":65,"TDD":8.014285291666669},"autosens_data":{"ratio":0.9123495133266541},"meal_data":{"carbs":15,"mealCOB":11.587281179138321,"slopeFromMaxDeviation":-0.4926851851851854,"slopeFromMinDeviation":1.2418749999999998,"lastBolusTime":1703959054000,"lastCarbTime":1703957667000},"microBolusAllowed":true,"currentTime":1703960849071,"flatBGsDetected":false,"tdd1D":25.347250000000006,"tdd7D":27.29536904761905,"tddLast24H":24.90291666666666,"tddLast4H":2.9200000000000004,"tddLast8to4H":2.03},"output":{"temp":"absolute","bg":110,"tick":"+14","eventualBG":152,"targetBG":143.99999999999991,"insulinReq":-0.16,"deliverAt":"2023-12-30T18:27:29.071Z","sensitivityRatio":0.9123495133266541,"variable_sens":226.8,"predBGs":{"IOB":[110,114,117,118,119,118,116,113,109,104,97,90,80,71,61,50,39],"ZT":[110,100,89,77,64,50,39,39,39,39,39,39,39,39,39,39,39,39,39,39,39,39,39,39,39,39,39,39,39,39,39,39,39,39,39,39,39,39,39,39,39,39,39,39,43,55,65,74],"COB":[110,115,119,122,125,128,131,133,135,137,139,140,142,143,144,145,146,146,147,147,147,147,147,146,145,144,143,141,139,137,135,132,130,128,126,124,122,120,118,117,116,114,113,112,111,110,109],"UAM":[110,115,119,123,127,131,134,138,141,145,148,151,154,157,159,162,164,166,168,170,172,173,174,175,175,176,176,175,175,174,172,171,169,167,165,164,162,161,160,158,157,156,155,155,154,153,152]},"reason":"COB: 11.6, Dev: 5.2, BGI: -0.6, ISF: 12.6, CR: 11, Target: 8.0, minPredBG 6.0, minGuardBG 6.1, IOBpredBG 2.2, COBpredBG 6.1, UAMpredBG 8.4; Eventual BG 8.4 >= 8.0,  insulinReq -0.16; setting 60m low temp of 0U\/h. ","COB":11.587281179138321,"IOB":1.041,"rate":0,"duration":60,"timestamp":"2023-12-30T18:27:29.098Z"}}