{"algorithm":"OpenAPSSMBDynamicISFPlugin","input":{"glucoseStatus":{"glucose":58,"noise":0,"delta":-16,"short_avgdelta":-16,"long_avgdelta":-11.63,"date":1703782017217},"currenttemp":{"temp":"absolute","duration":55,"rate":0,"minutesrunning":65},"iob_data":[{"iob":1.417,"basaliob":-0.589,"bolussnooze":0.2544,"activity":0.0142,"lastBolusTime":1703780537000,"time":"2023-12-28T16:47:14.719Z","iobWithZeroTemp":{"iob":1.417,"basaliob":-0.589,"bolussnooze":0.2544,"activity":0.0142,"lastBolusTime":1703780537000,"time":"2023-12-28T16:47:14.719Z"}},{"iob":1.346,"basaliob":-0.563,"bolussnooze":0.2206,"activity":0.014,"lastBolusTime":1703780537000,"time":"2023-12-28T16:52:14.719Z","iobWithZeroTemp":{"iob":1.319,"basaliob":-0.59,"bolussnooze":0.2206,"activity":0.014,"lastBolusTime":1703780537000,"time":"2023-12-28T16:52:14.719Z"}},{"iob":1.277,"basaliob":-0.537,"bolussnooze":0.1907,"activity":0.0137,"lastBolusTime":1703780537000,"time":"2023-12-28T16:57:14.719Z","iobWithZeroTemp":{"iob":1.217,"basaliob":-0.597,"bolussnooze":0.1907,"activity":0.0136,"lastBolusTime":1703780537000,"time":"2023-12-28T16:57:14.719Z"}},{"iob":1.209,"basaliob":-0.511,"bolussnooze":0.1644,"activity":0.0134,"lastBolusTime":1703780537000,"time":"2023-12-28T17:02:14.719Z","iobWithZeroTemp":{"iob":1.117,"basaliob":-0.603,"bolussnooze":0.1644,"activity":0.0132,"lastBolusTime":1703780537000,"time":"2023-12-28T17:02:14.719Z"}},{"iob":1.143,"basaliob":-0.485,"bolussnooze":0.1412,"activity":0.013,"lastBolusTime":1703780537000,"time":"2023-12-28T17:07:14.719Z","iobWithZeroTemp":{"iob":1.018,"basaliob":-0.61,"bolussnooze":0.1412,"activity":0.0127,"lastBolusTime":1703780537000,"time":"2023-12-28T17:07:14.719Z"}},{"iob":1.079,"basaliob":-0.459,"bolussnooze":0.121,"activity":0.0126,"lastBolusTime":1703780537000,"time":"2023-12-28T17:12:14.719Z","iobWithZeroTemp":{"iob":0.923,"basaliob":-0.615,"bolussnooze":0.121,"activity":0.0121,"lastBolusTime":1703780537000,"time":"2023-12-28T17:12:14.719Z"}},{"iob":1.018,"basaliob":-0.434,"bolussnooze":0.1033,"activity":0.0121,"lastBolusTime":1703780537000,"time":"2023-12-28T17:17:14.719Z","iobWithZeroTemp":{"iob":0.832,"basaliob":-0.62,"bolussnooze":0.1033,"activity":0.0114,"lastBolusTime":1703780537000,"time":"2023-12-28T17:17:14.719Z"}},{"iob":0.958,"basaliob":-0.41,"bolussnooze":0.088,"activity":0.0117,"lastBolusTime":1703780537000,"time":"2023-12-28T17:22:14.719Z","iobWithZeroTemp":{"iob":0.742,"basaliob":-0.626,"bolussnooze":0.088,"activity":0.0108,"lastBolusTime":1703780537000,"time":"2023-12-28T17:22:14.719Z"}},{"iob":0.9,"basaliob":-0.387,"bolussnooze":0.0747,"activity":0.0112,"lastBolusTime":1703780537000,"time":"2023-12-28T17:27:14.719Z","iobWithZeroTemp":{"iob":0.656,"basaliob":-0.631,"bolussnooze":0.0747,"activity":0.0101,"lastBolusTime":1703780537000,"time":"2023-12-28T17:27:14.719Z"}},{"iob":0.845,"basaliob":-0.365,"bolussnooze":0.0633,"activity":0.0107,"lastBolusTime":1703780537000,"time":"2023-12-28T17:32:14.719Z","iobWithZeroTemp":{"iob":0.573,"basaliob":-0.637,"bolussnooze":0.0633,"activity":0.0094,"lastBolusTime":1703780537000,"time":"2023-12-28T17:32:14.719Z"}},{"iob":0.793,"basaliob":-0.343,"bolussnooze":0.0535,"activity":0.0103,"lastBolusTime":1703780537000,"time":"2023-12-28T17:37:14.719Z","iobWithZeroTemp":{"iob":0.495,"basaliob":-0.641,"bolussnooze":0.0535,"activity":0.0088,"lastBolusTime":1703780537000,"time":"2023-12-28T17:37:14.719Z"}},{"iob":0.743,"basaliob":-0.322,"bolussnooze":0.045,"activity":0.0097,"lastBolusTime":1703780537000,"time":"2023-12-28T17:42:14.719Z","iobWithZeroTemp":{"iob":0.42,"basaliob":-0.645,"bolussnooze":0.045,"activity":0.0079,"lastBolusTime":1703780537000,"time":"2023-12-28T17:42:14.719Z"}},{"iob":0.696,"basaliob":-0.302,"bolussnooze":0.0378,"activity":0.0093,"lastBolusTime":1703780537000,"time":"2023-12-28T17:47:14.719Z","iobWithZeroTemp":{"iob":0.349,"basaliob":-0.649,"bolussnooze":0.0378,"activity":0.0073,"lastBolusTime":1703780537000,"time":"2023-12-28T17:47:14.719Z"}},{"iob":0.651,"basaliob":-0.283,"bolussnooze":0.0316,"activity":0.0088,"lastBolusTime":1703780537000,"time":"2023-12-28T17:52:14.719Z","iobWithZeroTemp":{"iob":0.281,"basaliob":-0.653,"bolussnooze":0.0316,"activity":0.0066,"lastBolusTime":1703780537000,"time":"2023-12-28T17:52:14.719Z"}},{"iob":0.608,"basaliob":-0.265,"bolussnooze":0.0264,"activity":0.0084,"lastBolusTime":1703780537000,"time":"2023-12-28T17:57:14.719Z","iobWithZeroTemp":{"iob":0.217,"basaliob":-0.656,"bolussnooze":0.0264,"activity":0.006,"lastBolusTime":1703780537000,"time":"2023-12-28T17:57:14.719Z"}},{"iob":0.567,"basaliob":-0.248,"bolussnooze":0.022,"activity":0.0079,"lastBolusTime":1703780537000,"time":"2023-12-28T18:02:14.719Z","iobWithZeroTemp":{"iob":0.155,"basaliob":-0.66,"bolussnooze":0.022,"activity":0.0052,"lastBolusTime":1703780537000,"time":"2023-12-28T18:02:14.719Z"}},{"iob":0.528,"basaliob":-0.232,"bolussnooze":0.0182,"activity":0.0074,"lastBolusTime":1703780537000,"time":"2023-12-28T18:07:14.719Z","iobWithZeroTemp":{"iob":0.097,"basaliob":-0.663,"bolussnooze":0.0182,"activity":0.0045,"lastBolusTime":1703780537000,"time":"2023-12-28T18:07:14.719Z"}},{"iob":0.493,"basaliob":-0.216,"bolussnooze":0.015,"activity":0.007,"lastBolusTime":1703780537000,"time":"2023-12-28T18:12:14.719Z","iobWithZeroTemp":{"iob":0.043,"basaliob":-0.666,"bolussnooze":0.015,"activity":0.0039,"lastBolusTime":1703780537000,"time":"2023-12-28T18:12:14.719Z"}},{"iob":0.458,"basaliob":-0.202,"bolussnooze":0.0124,"activity":0.0066,"lastBolusTime":1703780537000,"time":"2023-12-28T18:17:14.719Z","iobWithZeroTemp":{"iob":-0.009,"basaliob":-0.669,"bolussnooze":0.0124,"activity":0.0033,"lastBolusTime":1703780537000,"time":"2023-12-28T18:17:14.719Z"}},{"iob":0.426,"basaliob":-0.188,"bolussnooze":0.0101,"activity":0.0062,"lastBolusTime":1703780537000,"time":"2023-12-28T18:22:14.719Z","iobWithZeroTemp":{"iob":-0.058,"basaliob":-0.672,"bolussnooze":0.0101,"activity":0.0027,"lastBolusTime":1703780537000,"time":"2023-12-28T18:22:14.719Z"}},{"iob":0.396,"basaliob":-0.175,"bolussnooze":0.0083,"activity":0.0059,"lastBolusTime":1703780537000,"time":"2023-12-28T18:27:14.719Z","iobWithZeroTemp":{"iob":-0.103,"basaliob":-0.674,"bolussnooze":0.0083,"activity":0.0022,"lastBolusTime":1703780537000,"time":"2023-12-28T18:27:14.719Z"}},{"iob":0.368,"basaliob":-0.163,"bolussnooze":0.0067,"activity":0.0055,"lastBolusTime":1703780537000,"time":"2023-12-28T18:32:14.719Z","iobWithZeroTemp":{"iob":-0.146,"basaliob":-0.677,"bolussnooze":0.0067,"activity":0.0016,"lastBolusTime":1703780537000,"time":"2023-12-28T18:32:14.719Z"}},{"iob":0.342,"basaliob":-0.151,"bolussnooze":0.0054,"activity":0.0052,"lastBolusTime":1703780537000,"time":"2023-12-28T18:37:14.719Z","iobWithZeroTemp":{"iob":-0.185,"basaliob":-0.678,"bolussnooze":0.0054,"activity":0.0012,"lastBolusTime":1703780537000,"time":"2023-12-28T18:37:14.719Z"}},{"iob":0.316,"basaliob":-0.141,"bolussnooze":0.0043,"activity":0.0048,"lastBolusTime":1703780537000,"time":"2023-12-28T18:42:14.719Z","iobWithZeroTemp":{"iob":-0.224,"basaliob":-0.681,"bolussnooze":0.0043,"activity":6.0E-4,"lastBolusTime":1703780537000,"time":"2023-12-28T18:42:14.719Z"}},{"iob":0.294,"basaliob":-0.13,"bolussnooze":0.0034,"activity":0.0045,"lastBolusTime":1703780537000,"time":"2023-12-28T18:47:14.719Z","iobWithZeroTemp":{"iob":-0.258,"basaliob":-0.682,"bolussnooze":0.0034,"activity":2.0E-4,"lastBolusTime":1703780537000,"time":"2023-12-28T18:47:14.719Z"}},{"iob":0.271,"basaliob":-0.121,"bolussnooze":0.0027,"activity":0.0042,"lastBolusTime":1703780537000,"time":"2023-12-28T18:52:14.719Z","iobWithZeroTemp":{"iob":-0.292,"basaliob":-0.684,"bolussnooze":0.0027,"activity":-3.0E-4,"lastBolusTime":1703780537000,"time":"2023-12-28T18:52:14.719Z"}},{"iob":0.251,"basaliob":-0.112,"bolussnooze":0.0021,"activity":0.0039,"lastBolusTime":1703780537000,"time":"2023-12-28T18:57:14.719Z","iobWithZeroTemp":{"iob":-0.323,"basaliob":-0.686,"bolussnooze":0.0021,"activity":-7.0E-4,"lastBolusTime":1703780537000,"time":"2023-12-28T18:57:14.719Z"}},{"iob":0.232,"basaliob":-0.104,"bolussnooze":0.0017,"activity":0.0037,"lastBolusTime":1703780537000,"time":"2023-12-28T19:02:14.719Z","iobWithZeroTemp":{"iob":-0.352,"basaliob":-0.688,"bolussnooze":0.0017,"activity":-0.0011,"lastBolusTime":1703780537000,"time":"2023-12-28T19:02:14.719Z"}},{"iob":0.214,"basaliob":-0.096,"bolussnooze":0.0013,"activity":0.0034,"lastBolusTime":1703780537000,"time":"2023-12-28T19:07:14.719Z","iobWithZeroTemp":{"iob":-0.379,"basaliob":-0.689,"bolussnooze":0.0013,"activity":-0.0015,"lastBolusTime":1703780537000,"time":"2023-12-28T19:07:14.719Z"}},{"iob":0.198,"basaliob":-0.089,"bolussnooze":0.001,"activity":0.0032,"lastBolusTime":1703780537000,"time":"2023-12-28T19:12:14.719Z","iobWithZeroTemp":{"iob":-0.403,"basaliob":-0.69,"bolussnooze":0.001,"activity":-0.0018,"lastBolusTime":1703780537000,"time":"2023-12-28T19:12:14.719Z"}},{"iob":0.183,"basaliob":-0.082,"bolussnooze":7.0E-4,"activity":0.003,"lastBolusTime":1703780537000,"time":"2023-12-28T19:17:14.719Z","iobWithZeroTemp":{"iob":-0.426,"basaliob":-0.691,"bolussnooze":7.0E-4,"activity":-0.0021,"lastBolusTime":1703780537000,"time":"2023-12-28T19:17:14.719Z"}},{"iob":0.168,"basaliob":-0.076,"bolussnooze":5.0E-4,"activity":0.0028,"lastBolusTime":1703780537000,"time":"2023-12-28T19:22:14.719Z","iobWithZeroTemp":{"iob":-0.449,"basaliob":-0.693,"bolussnooze":5.0E-4,"activity":-0.0024,"lastBolusTime":1703780537000,"time":"2023-12-28T19:22:14.719Z"}},{"iob":0.155,"basaliob":-0.07,"bolussnooze":4.0E-4,"activity":0.0026,"lastBolusTime":1703780537000,"time":"2023-12-28T19:27:14.719Z","iobWithZeroTemp":{"iob":-0.469,"basaliob":-0.694,"bolussnooze":4.0E-4,"activity":-0.0027,"lastBolusTime":1703780537000,"time":"2023-12-28T19:27:14.719Z"}},{"iob":0.143,"basaliob":-0.064,"bolussnooze":3.0E-4,"activity":0.0023,"lastBolusTime":1703780537000,"time":"2023-12-28T19:32:14.719Z","iobWithZeroTemp":{"iob":-0.487,"basaliob":-0.694,"bolussnooze":3.0E-4,"activity":-0.0031,"lastBolusTime":1703780537000,"time":"2023-12-28T19:32:14.719Z"}},{"iob":0.132,"basaliob":-0.059,"bolussnooze":2.0E-4,"activity":0.0022,"lastBolusTime":1703780537000,"time":"2023-12-28T19:37:14.719Z","iobWithZeroTemp":{"iob":-0.504,"basaliob":-0.695,"bolussnooze":2.0E-4,"activity":-0.0033,"lastBolusTime":1703780537000,"time":"2023-12-28T19:37:14.719Z"}},{"iob":0.12,"basaliob":-0.055,"bolussnooze":1.0E-4,"activity":0.002,"lastBolusTime":1703780537000,"time":"2023-12-28T19:42:14.719Z","iobWithZeroTemp":{"iob":-0.522,"basaliob":-0.697,"bolussnooze":1.0E-4,"activity":-0.0036,"lastBolusTime":1703780537000,"time":"2023-12-28T19:42:14.719Z"}},{"iob":0.111,"basaliob":-0.05,"bolussnooze":1.0E-4,"activity":0.0019,"lastBolusTime":1703780537000,"time":"2023-12-28T19:47:14.719Z","iobWithZeroTemp":{"iob":-0.536,"basaliob":-0.697,"bolussnooze":1.0E-4,"activity":-0.0038,"lastBolusTime":1703780537000,"time":"2023-12-28T19:47:14.719Z"}},{"iob":0.102,"basaliob":-0.046,"bolussnooze":0,"activity":0.0017,"lastBolusTime":1703780537000,"time":"2023-12-28T19:52:14.719Z","iobWithZeroTemp":{"iob":-0.549,"basaliob":-0.697,"bolussnooze":0,"activity":-0.0041,"lastBolusTime":1703780537000,"time":"2023-12-28T19:52:14.719Z"}},{"iob":0.094,"basaliob":-0.042,"bolussnooze":0,"activity":0.0016,"lastBolusTime":1703780537000,"time":"2023-12-28T19:57:14.719Z","iobWithZeroTemp":{"iob":-0.562,"basaliob":-0.698,"bolussnooze":0,"activity":-0.0042,"lastBolusTime":1703780537000,"time":"2023-12-28T19:57:14.719Z"}},{"iob":0.085,"basaliob":-0.039,"bolussnooze":0,"activity":0.0015,"lastBolusTime":1703780537000,"time":"2023-12-28T20:02:14.719Z","iobWithZeroTemp":{"iob":-0.575,"basaliob":-0.699,"bolussnooze":0,"activity":-0.0044,"lastBolusTime":1703780537000,"time":"2023-12-28T20:02:14.719Z"}},{"iob":0.078,"basaliob":-0.036,"bolussnooze":0,"activity":0.0014,"lastBolusTime":1703780537000,"time":"2023-12-28T20:07:14.719Z","iobWithZeroTemp":{"iob":-0.586,"basaliob":-0.7,"bolussnooze":0,"activity":-0.0045,"lastBolusTime":1703780537000,"time":"2023-12-28T20:07:14.719Z"}},{"iob":0.071,"basaliob":-0.033,"bolussnooze":0,"activity":0.0012,"lastBolusTime":1703780537000,"time":"2023-12-28T20:12:14.719Z","iobWithZeroTemp":{"iob":-0.596,"basaliob":-0.7,"bolussnooze":0,"activity":-0.0048,"lastBolusTime":1703780537000,"time":"2023-12-28T20:12:14.719Z"}},{"iob":0.066,"basaliob":-0.03,"bolussnooze":0,"activity":0.0012,"lastBolusTime":1703780537000,"time":"2023-12-28T20:17:14.719Z","iobWithZeroTemp":{"iob":-0.604,"basaliob":-0.7,"bolussnooze":0,"activity":-0.0049,"lastBolusTime":1703780537000,"time":"2023-12-28T20:17:14.719Z"}},{"iob":0.06,"basaliob":-0.027,"bolussnooze":0,"activity":0.0011,"lastBolusTime":1703780537000,"time":"2023-12-28T20:22:14.719Z","iobWithZeroTemp":{"iob":-0.613,"basaliob":-0.7,"bolussnooze":0,"activity":-0.005,"lastBolusTime":1703780537000,"time":"2023-12-28T20:22:14.719Z"}},{"iob":0.055,"basaliob":-0.025,"bolussnooze":0,"activity":0.001,"lastBolusTime":1703780537000,"time":"2023-12-28T20:27:14.719Z","iobWithZeroTemp":{"iob":-0.621,"basaliob":-0.701,"bolussnooze":0,"activity":-0.0051,"lastBolusTime":1703780537000,"time":"2023-12-28T20:27:14.719Z"}},{"iob":0.05,"basaliob":-0.023,"bolussnooze":0,"activity":9.0E-4,"lastBolusTime":1703780537000,"time":"2023-12-28T20:32:14.719Z","iobWithZeroTemp":{"iob":-0.629,"basaliob":-0.702,"bolussnooze":0,"activity":-0.0053,"lastBolusTime":1703780537000,"time":"2023-12-28T20:32:14.719Z"}},{"iob":0.046,"basaliob":-0.021,"bolussnooze":0,"activity":8.0E-4,"lastBolusTime":1703780537000,"time":"2023-12-28T20:37:14.719Z","iobWithZeroTemp":{"iob":-0.635,"basaliob":-0.702,"bolussnooze":0,"activity":-0.0054,"lastBolusTime":1703780537000,"time":"2023-12-28T20:37:14.719Z"}},{"iob":0.042,"basaliob":-0.019,"bolussnooze":0,"activity":7.0E-4,"lastBolusTime":1703780537000,"time":"2023-12-28T20:42:14.719Z","iobWithZeroTemp":{"iob":-0.641,"basaliob":-0.702,"bolussnooze":0,"activity":-0.0056,"lastBolusTime":1703780537000,"time":"2023-12-28T20:42:14.719Z"}}],"profile":{"max_iob":7,"type":"current","max_daily_basal":0.45,"max_basal":1.35,"min_bg":180,"max_bg":180,"target_bg":180,"carb_ratio":11,"sens":352.8,"max_daily_safety_multiplier":3,"current_basal_safety_multiplier":4,"lgsThreshold":65,"high_temptarget_raises_sensitivity":false,"low_temptarget_lowers_sensitivity":false,"sensitivity_raises_target":true,"resistance_lowers_target":true,"adv_target_adjustments":false,"exercise_mode":false,"half_basal_exercise_target":160,"maxCOB":120,"skip_neutral_temps":false,"remainingCarbsCap":90,"enableUAM":true,"A52_risk_enable":false,"SMBInterval":4,"enableSMB_with_COB":true,"enableSMB_with_temptarget":false,"allowSMB_with_high_temptarget":true,"enableSMB_always":true,"enableSMB_after_carbs":false,"maxSMBBasalMinutes":60,"maxUAMSMBBasalMinutes":60,"bolus_increment":0.05,"carbsReqThreshold":10,"current_basal":0.4,"temptargetSet":true,"autosens_max":1.2,"autosens_min":0.8,"out_units":"mmol\/L","variable_sens":337.5,"insulinDivisor":65,"TDD":8.36100675},"autosens_data":{"ratio":0.5810889664075806},"meal_data":{"carbs":20,"mealCOB":14.38400566893425,"slopeFromMaxDeviation":-2.6719999999999997,"slopeFromMinDeviation":0,"lastBolusTime":1703780537000,"lastCarbTime":1703775902000},"microBolusAllowed":true,"currentTime":1703782037010,"flatBGsDetected":false,"tdd1D":18.366333333333344,"tdd7D":30.827178571428565,"tddLast24H":17.91333333333334,"tddLast4H":3.083333333333333,"tddLast8to4H":5.173333333333332},"output":{"temp":"absolute","bg":58,"tick":-16,"eventualBG":39,"targetBG":180,"insulinReq":0,"deliverAt":"2023-12-28T16:47:17.010Z","sensitivityRatio":0.5810889664075806,"variable_sens":337.5,"predBGs":{"IOB":[58,41,39,39,39,39,39,39,39,39,39,39,39],"ZT":[58,39,39,39,39,39,39,39,39,39,39,39,39,39,39,39,39,39,39,39,39,39,39,39,39,39,39,39,39,39,39,39,39,39,39,39,39,39,39,39,39,39,39,39,39,39,39,39],"COB":[58,42,39,39,39,39,39,39,39,39,39,39,39],"UAM":[58,39,39,39,39,39,39,39,39,39,39,39,39]},"reason":"COB: 14.4, Dev: 2.7, BGI: -1.3, ISF: 18.8, CR: 11, Target: 10.0, minPredBG -12.8, minGuardBG -15.1, IOBpredBG 2.2, COBpredBG 2.2, UAMpredBG 2.2; minGuardBG -15.1<6.1","COB":14.38400566893425,"IOB":1.417,"duration":120,"rate":0,"timestamp":"2023-12-28T16:47:17.037Z"}}