{"algorithm":"OpenAPSSMBDynamicISFPlugin","input":{"glucoseStatus":{"glucose":164,"noise":0,"delta":-4,"short_avgdelta":-4.17,"long_avgdelta":-1.28,"date":1703268050961},"currenttemp":{"temp":"absolute","duration":15,"rate":0,"minutesrunning":105},"iob_data":[{"iob":2.111,"basaliob":-0.704,"bolussnooze":0.1361,"activity":0.021,"lastBolusTime":1703267198000,"time":"2023-12-22T18:01:31.400Z","iobWithZeroTemp":{"iob":2.111,"basaliob":-0.704,"bolussnooze":0.1361,"activity":0.021,"lastBolusTime":1703267198000,"time":"2023-12-22T18:01:31.400Z"}},{"iob":2.007,"basaliob":-0.671,"bolussnooze":0.1148,"activity":0.0207,"lastBolusTime":1703267198000,"time":"2023-12-22T18:06:31.400Z","iobWithZeroTemp":{"iob":1.98,"basaliob":-0.698,"bolussnooze":0.1148,"activity":0.0207,"lastBolusTime":1703267198000,"time":"2023-12-22T18:06:31.400Z"}},{"iob":1.905,"basaliob":-0.638,"bolussnooze":0.0966,"activity":0.0203,"lastBolusTime":1703267198000,"time":"2023-12-22T18:11:31.400Z","iobWithZeroTemp":{"iob":1.845,"basaliob":-0.698,"bolussnooze":0.0966,"activity":0.0202,"lastBolusTime":1703267198000,"time":"2023-12-22T18:11:31.400Z"}},{"iob":1.805,"basaliob":-0.605,"bolussnooze":0.081,"activity":0.0199,"lastBolusTime":1703267198000,"time":"2023-12-22T18:16:31.400Z","iobWithZeroTemp":{"iob":1.713,"basaliob":-0.697,"bolussnooze":0.081,"activity":0.0197,"lastBolusTime":1703267198000,"time":"2023-12-22T18:16:31.400Z"}},{"iob":1.706,"basaliob":-0.574,"bolussnooze":0.0678,"activity":0.0193,"lastBolusTime":1703267198000,"time":"2023-12-22T18:21:31.400Z","iobWithZeroTemp":{"iob":1.581,"basaliob":-0.699,"bolussnooze":0.0678,"activity":0.019,"lastBolusTime":1703267198000,"time":"2023-12-22T18:21:31.400Z"}},{"iob":1.612,"basaliob":-0.542,"bolussnooze":0.0565,"activity":0.0188,"lastBolusTime":1703267198000,"time":"2023-12-22T18:26:31.400Z","iobWithZeroTemp":{"iob":1.456,"basaliob":-0.698,"bolussnooze":0.0565,"activity":0.0183,"lastBolusTime":1703267198000,"time":"2023-12-22T18:26:31.400Z"}},{"iob":1.52,"basaliob":-0.512,"bolussnooze":0.047,"activity":0.0181,"lastBolusTime":1703267198000,"time":"2023-12-22T18:31:31.400Z","iobWithZeroTemp":{"iob":1.334,"basaliob":-0.698,"bolussnooze":0.047,"activity":0.0174,"lastBolusTime":1703267198000,"time":"2023-12-22T18:31:31.400Z"}},{"iob":1.431,"basaliob":-0.483,"bolussnooze":0.0389,"activity":0.0175,"lastBolusTime":1703267198000,"time":"2023-12-22T18:36:31.400Z","iobWithZeroTemp":{"iob":1.215,"basaliob":-0.699,"bolussnooze":0.0389,"activity":0.0166,"lastBolusTime":1703267198000,"time":"2023-12-22T18:36:31.400Z"}},{"iob":1.345,"basaliob":-0.455,"bolussnooze":0.0321,"activity":0.0167,"lastBolusTime":1703267198000,"time":"2023-12-22T18:41:31.400Z","iobWithZeroTemp":{"iob":1.101,"basaliob":-0.699,"bolussnooze":0.0321,"activity":0.0156,"lastBolusTime":1703267198000,"time":"2023-12-22T18:41:31.400Z"}},{"iob":1.263,"basaliob":-0.428,"bolussnooze":0.0264,"activity":0.016,"lastBolusTime":1703267198000,"time":"2023-12-22T18:46:31.400Z","iobWithZeroTemp":{"iob":0.991,"basaliob":-0.7,"bolussnooze":0.0264,"activity":0.0147,"lastBolusTime":1703267198000,"time":"2023-12-22T18:46:31.400Z"}},{"iob":1.185,"basaliob":-0.402,"bolussnooze":0.0216,"activity":0.0153,"lastBolusTime":1703267198000,"time":"2023-12-22T18:51:31.400Z","iobWithZeroTemp":{"iob":0.887,"basaliob":-0.7,"bolussnooze":0.0216,"activity":0.0138,"lastBolusTime":1703267198000,"time":"2023-12-22T18:51:31.400Z"}},{"iob":1.111,"basaliob":-0.377,"bolussnooze":0.0176,"activity":0.0145,"lastBolusTime":1703267198000,"time":"2023-12-22T18:56:31.400Z","iobWithZeroTemp":{"iob":0.788,"basaliob":-0.7,"bolussnooze":0.0176,"activity":0.0127,"lastBolusTime":1703267198000,"time":"2023-12-22T18:56:31.400Z"}},{"iob":1.04,"basaliob":-0.353,"bolussnooze":0.0143,"activity":0.0139,"lastBolusTime":1703267198000,"time":"2023-12-22T19:01:31.400Z","iobWithZeroTemp":{"iob":0.693,"basaliob":-0.7,"bolussnooze":0.0143,"activity":0.0119,"lastBolusTime":1703267198000,"time":"2023-12-22T19:01:31.400Z"}},{"iob":0.972,"basaliob":-0.331,"bolussnooze":0.0115,"activity":0.0131,"lastBolusTime":1703267198000,"time":"2023-12-22T19:06:31.400Z","iobWithZeroTemp":{"iob":0.602,"basaliob":-0.701,"bolussnooze":0.0115,"activity":0.0109,"lastBolusTime":1703267198000,"time":"2023-12-22T19:06:31.400Z"}},{"iob":0.908,"basaliob":-0.309,"bolussnooze":0.0092,"activity":0.0124,"lastBolusTime":1703267198000,"time":"2023-12-22T19:11:31.400Z","iobWithZeroTemp":{"iob":0.517,"basaliob":-0.7,"bolussnooze":0.0092,"activity":0.01,"lastBolusTime":1703267198000,"time":"2023-12-22T19:11:31.400Z"}},{"iob":0.847,"basaliob":-0.289,"bolussnooze":0.0074,"activity":0.0117,"lastBolusTime":1703267198000,"time":"2023-12-22T19:16:31.400Z","iobWithZeroTemp":{"iob":0.435,"basaliob":-0.701,"bolussnooze":0.0074,"activity":0.009,"lastBolusTime":1703267198000,"time":"2023-12-22T19:16:31.400Z"}},{"iob":0.79,"basaliob":-0.27,"bolussnooze":0.0058,"activity":0.0112,"lastBolusTime":1703267198000,"time":"2023-12-22T19:21:31.400Z","iobWithZeroTemp":{"iob":0.359,"basaliob":-0.701,"bolussnooze":0.0058,"activity":0.0083,"lastBolusTime":1703267198000,"time":"2023-12-22T19:21:31.400Z"}},{"iob":0.737,"basaliob":-0.251,"bolussnooze":0.0046,"activity":0.0105,"lastBolusTime":1703267198000,"time":"2023-12-22T19:26:31.400Z","iobWithZeroTemp":{"iob":0.287,"basaliob":-0.701,"bolussnooze":0.0046,"activity":0.0074,"lastBolusTime":1703267198000,"time":"2023-12-22T19:26:31.400Z"}},{"iob":0.686,"basaliob":-0.234,"bolussnooze":0.0035,"activity":0.0099,"lastBolusTime":1703267198000,"time":"2023-12-22T19:31:31.400Z","iobWithZeroTemp":{"iob":0.219,"basaliob":-0.701,"bolussnooze":0.0035,"activity":0.0066,"lastBolusTime":1703267198000,"time":"2023-12-22T19:31:31.400Z"}},{"iob":0.637,"basaliob":-0.218,"bolussnooze":0.0027,"activity":0.0093,"lastBolusTime":1703267198000,"time":"2023-12-22T19:36:31.400Z","iobWithZeroTemp":{"iob":0.153,"basaliob":-0.702,"bolussnooze":0.0027,"activity":0.0058,"lastBolusTime":1703267198000,"time":"2023-12-22T19:36:31.400Z"}},{"iob":0.592,"basaliob":-0.203,"bolussnooze":0.0021,"activity":0.0087,"lastBolusTime":1703267198000,"time":"2023-12-22T19:41:31.400Z","iobWithZeroTemp":{"iob":0.093,"basaliob":-0.702,"bolussnooze":0.0021,"activity":0.005,"lastBolusTime":1703267198000,"time":"2023-12-22T19:41:31.400Z"}},{"iob":0.55,"basaliob":-0.188,"bolussnooze":0.0015,"activity":0.0082,"lastBolusTime":1703267198000,"time":"2023-12-22T19:46:31.400Z","iobWithZeroTemp":{"iob":0.036,"basaliob":-0.702,"bolussnooze":0.0015,"activity":0.0043,"lastBolusTime":1703267198000,"time":"2023-12-22T19:46:31.400Z"}},{"iob":0.51,"basaliob":-0.175,"bolussnooze":0.0011,"activity":0.0077,"lastBolusTime":1703267198000,"time":"2023-12-22T19:51:31.400Z","iobWithZeroTemp":{"iob":-0.017,"basaliob":-0.702,"bolussnooze":0.0011,"activity":0.0037,"lastBolusTime":1703267198000,"time":"2023-12-22T19:51:31.400Z"}},{"iob":0.473,"basaliob":-0.162,"bolussnooze":8.0E-4,"activity":0.0072,"lastBolusTime":1703267198000,"time":"2023-12-22T19:56:31.400Z","iobWithZeroTemp":{"iob":-0.067,"basaliob":-0.702,"bolussnooze":8.0E-4,"activity":0.003,"lastBolusTime":1703267198000,"time":"2023-12-22T19:56:31.400Z"}},{"iob":0.439,"basaliob":-0.15,"bolussnooze":6.0E-4,"activity":0.0067,"lastBolusTime":1703267198000,"time":"2023-12-22T20:01:31.400Z","iobWithZeroTemp":{"iob":-0.113,"basaliob":-0.702,"bolussnooze":6.0E-4,"activity":0.0024,"lastBolusTime":1703267198000,"time":"2023-12-22T20:01:31.400Z"}},{"iob":0.406,"basaliob":-0.139,"bolussnooze":4.0E-4,"activity":0.0063,"lastBolusTime":1703267198000,"time":"2023-12-22T20:06:31.400Z","iobWithZeroTemp":{"iob":-0.157,"basaliob":-0.702,"bolussnooze":4.0E-4,"activity":0.0018,"lastBolusTime":1703267198000,"time":"2023-12-22T20:06:31.400Z"}},{"iob":0.375,"basaliob":-0.129,"bolussnooze":3.0E-4,"activity":0.0059,"lastBolusTime":1703267198000,"time":"2023-12-22T20:11:31.400Z","iobWithZeroTemp":{"iob":-0.199,"basaliob":-0.703,"bolussnooze":3.0E-4,"activity":0.0013,"lastBolusTime":1703267198000,"time":"2023-12-22T20:11:31.400Z"}},{"iob":0.347,"basaliob":-0.119,"bolussnooze":2.0E-4,"activity":0.0054,"lastBolusTime":1703267198000,"time":"2023-12-22T20:16:31.400Z","iobWithZeroTemp":{"iob":-0.237,"basaliob":-0.703,"bolussnooze":2.0E-4,"activity":6.0E-4,"lastBolusTime":1703267198000,"time":"2023-12-22T20:16:31.400Z"}},{"iob":0.321,"basaliob":-0.11,"bolussnooze":1.0E-4,"activity":0.0051,"lastBolusTime":1703267198000,"time":"2023-12-22T20:21:31.400Z","iobWithZeroTemp":{"iob":-0.272,"basaliob":-0.703,"bolussnooze":1.0E-4,"activity":2.0E-4,"lastBolusTime":1703267198000,"time":"2023-12-22T20:21:31.400Z"}},{"iob":0.296,"basaliob":-0.102,"bolussnooze":0,"activity":0.0048,"lastBolusTime":1703267198000,"time":"2023-12-22T20:26:31.400Z","iobWithZeroTemp":{"iob":-0.305,"basaliob":-0.703,"bolussnooze":0,"activity":-2.0E-4,"lastBolusTime":1703267198000,"time":"2023-12-22T20:26:31.400Z"}},{"iob":0.273,"basaliob":-0.094,"bolussnooze":0,"activity":0.0044,"lastBolusTime":1703267198000,"time":"2023-12-22T20:31:31.400Z","iobWithZeroTemp":{"iob":-0.336,"basaliob":-0.703,"bolussnooze":0,"activity":-7.0E-4,"lastBolusTime":1703267198000,"time":"2023-12-22T20:31:31.400Z"}},{"iob":0.251,"basaliob":-0.087,"bolussnooze":0,"activity":0.0041,"lastBolusTime":1703267198000,"time":"2023-12-22T20:36:31.400Z","iobWithZeroTemp":{"iob":-0.366,"basaliob":-0.704,"bolussnooze":0,"activity":-0.0011,"lastBolusTime":1703267198000,"time":"2023-12-22T20:36:31.400Z"}},{"iob":0.232,"basaliob":-0.08,"bolussnooze":0,"activity":0.0038,"lastBolusTime":1703267198000,"time":"2023-12-22T20:41:31.400Z","iobWithZeroTemp":{"iob":-0.392,"basaliob":-0.704,"bolussnooze":0,"activity":-0.0015,"lastBolusTime":1703267198000,"time":"2023-12-22T20:41:31.400Z"}},{"iob":0.214,"basaliob":-0.073,"bolussnooze":0,"activity":0.0036,"lastBolusTime":1703267198000,"time":"2023-12-22T20:46:31.400Z","iobWithZeroTemp":{"iob":-0.416,"basaliob":-0.703,"bolussnooze":0,"activity":-0.0018,"lastBolusTime":1703267198000,"time":"2023-12-22T20:46:31.400Z"}},{"iob":0.196,"basaliob":-0.068,"bolussnooze":0,"activity":0.0033,"lastBolusTime":1703267198000,"time":"2023-12-22T20:51:31.400Z","iobWithZeroTemp":{"iob":-0.44,"basaliob":-0.704,"bolussnooze":0,"activity":-0.0022,"lastBolusTime":1703267198000,"time":"2023-12-22T20:51:31.400Z"}},{"iob":0.181,"basaliob":-0.062,"bolussnooze":0,"activity":0.0031,"lastBolusTime":1703267198000,"time":"2023-12-22T20:56:31.400Z","iobWithZeroTemp":{"iob":-0.461,"basaliob":-0.704,"bolussnooze":0,"activity":-0.0025,"lastBolusTime":1703267198000,"time":"2023-12-22T20:56:31.400Z"}},{"iob":0.166,"basaliob":-0.057,"bolussnooze":0,"activity":0.0028,"lastBolusTime":1703267198000,"time":"2023-12-22T21:01:31.400Z","iobWithZeroTemp":{"iob":-0.481,"basaliob":-0.704,"bolussnooze":0,"activity":-0.0029,"lastBolusTime":1703267198000,"time":"2023-12-22T21:01:31.400Z"}},{"iob":0.152,"basaliob":-0.053,"bolussnooze":0,"activity":0.0026,"lastBolusTime":1703267198000,"time":"2023-12-22T21:06:31.400Z","iobWithZeroTemp":{"iob":-0.499,"basaliob":-0.704,"bolussnooze":0,"activity":-0.0032,"lastBolusTime":1703267198000,"time":"2023-12-22T21:06:31.400Z"}},{"iob":0.14,"basaliob":-0.048,"bolussnooze":0,"activity":0.0025,"lastBolusTime":1703267198000,"time":"2023-12-22T21:11:31.400Z","iobWithZeroTemp":{"iob":-0.516,"basaliob":-0.704,"bolussnooze":0,"activity":-0.0033,"lastBolusTime":1703267198000,"time":"2023-12-22T21:11:31.400Z"}},{"iob":0.128,"basaliob":-0.044,"bolussnooze":0,"activity":0.0022,"lastBolusTime":1703267198000,"time":"2023-12-22T21:16:31.400Z","iobWithZeroTemp":{"iob":-0.532,"basaliob":-0.704,"bolussnooze":0,"activity":-0.0037,"lastBolusTime":1703267198000,"time":"2023-12-22T21:16:31.400Z"}},{"iob":0.117,"basaliob":-0.041,"bolussnooze":0,"activity":0.0021,"lastBolusTime":1703267198000,"time":"2023-12-22T21:21:31.400Z","iobWithZeroTemp":{"iob":-0.547,"basaliob":-0.705,"bolussnooze":0,"activity":-0.0038,"lastBolusTime":1703267198000,"time":"2023-12-22T21:21:31.400Z"}},{"iob":0.108,"basaliob":-0.037,"bolussnooze":0,"activity":0.0019,"lastBolusTime":1703267198000,"time":"2023-12-22T21:26:31.400Z","iobWithZeroTemp":{"iob":-0.559,"basaliob":-0.704,"bolussnooze":0,"activity":-0.0041,"lastBolusTime":1703267198000,"time":"2023-12-22T21:26:31.400Z"}},{"iob":0.098,"basaliob":-0.034,"bolussnooze":0,"activity":0.0018,"lastBolusTime":1703267198000,"time":"2023-12-22T21:31:31.400Z","iobWithZeroTemp":{"iob":-0.572,"basaliob":-0.704,"bolussnooze":0,"activity":-0.0043,"lastBolusTime":1703267198000,"time":"2023-12-22T21:31:31.400Z"}},{"iob":0.09,"basaliob":-0.031,"bolussnooze":0,"activity":0.0016,"lastBolusTime":1703267198000,"time":"2023-12-22T21:36:31.400Z","iobWithZeroTemp":{"iob":-0.583,"basaliob":-0.704,"bolussnooze":0,"activity":-0.0045,"lastBolusTime":1703267198000,"time":"2023-12-22T21:36:31.400Z"}},{"iob":0.082,"basaliob":-0.028,"bolussnooze":0,"activity":0.0015,"lastBolusTime":1703267198000,"time":"2023-12-22T21:41:31.400Z","iobWithZeroTemp":{"iob":-0.594,"basaliob":-0.704,"bolussnooze":0,"activity":-0.0046,"lastBolusTime":1703267198000,"time":"2023-12-22T21:41:31.400Z"}},{"iob":0.075,"basaliob":-0.026,"bolussnooze":0,"activity":0.0013,"lastBolusTime":1703267198000,"time":"2023-12-22T21:46:31.400Z","iobWithZeroTemp":{"iob":-0.603,"basaliob":-0.704,"bolussnooze":0,"activity":-0.0049,"lastBolusTime":1703267198000,"time":"2023-12-22T21:46:31.400Z"}},{"iob":0.068,"basaliob":-0.024,"bolussnooze":0,"activity":0.0013,"lastBolusTime":1703267198000,"time":"2023-12-22T21:51:31.400Z","iobWithZeroTemp":{"iob":-0.613,"basaliob":-0.705,"bolussnooze":0,"activity":-0.0049,"lastBolusTime":1703267198000,"time":"2023-12-22T21:51:31.400Z"}},{"iob":0.062,"basaliob":-0.022,"bolussnooze":0,"activity":0.0012,"lastBolusTime":1703267198000,"time":"2023-12-22T21:56:31.400Z","iobWithZeroTemp":{"iob":-0.621,"basaliob":-0.705,"bolussnooze":0,"activity":-0.0051,"lastBolusTime":1703267198000,"time":"2023-12-22T21:56:31.400Z"}}],"profile":{"max_iob":7,"type":"current","max_daily_basal":0.45,"max_basal":1.35,"min_bg":81.0000000000001,"max_bg":81.0000000000001,"target_bg":81.0000000000001,"carb_ratio":11,"sens":352.8,"max_daily_safety_multiplier":3,"current_basal_safety_multiplier":4,"lgsThreshold":65,"high_temptarget_raises_sensitivity":false,"low_temptarget_lowers_sensitivity":false,"sensitivity_raises_target":true,"resistance_lowers_target":true,"adv_target_adjustments":false,"exercise_mode":false,"half_basal_exercise_target":160,"maxCOB":120,"skip_neutral_temps":false,"remainingCarbsCap":90,"enableUAM":true,"A52_risk_enable":false,"SMBInterval":4,"enableSMB_with_COB":true,"enableSMB_with_temptarget":false,"allowSMB_with_high_temptarget":true,"enableSMB_always":true,"enableSMB_after_carbs":false,"maxSMBBasalMinutes":60,"maxUAMSMBBasalMinutes":60,"bolus_increment":0.05,"carbsReqThreshold":10,"current_basal":0.4,"temptargetSet":true,"autosens_max":1.2,"autosens_min":0.8,"out_units":"mmol\/L","variable_sens":112.7,"insulinDivisor":65,"TDD":12.685966833333332},"autosens_data":{"ratio":1.1519170218618153},"meal_data":{"carbs":55,"mealCOB":18.522358276643985,"slopeFromMaxDeviation":-0.2907272727272728,"slopeFromMinDeviation":0,"lastBolusTime":1703267198000,"lastCarbTime":1703265144000},"microBolusAllowed":true,"currentTime":1703268093222,"flatBGsDetected":false,"tdd1D":36.428166666666655,"tdd7D":29.994130952380967,"tddLast24H":34.55074999999998,"tddLast4H":5.699999999999999,"tddLast8to4H":10.313333333333334},"output":{"temp":"absolute","bg":164,"tick":-4,"eventualBG":113,"targetBG":81.0000000000001,"insulinReq":0,"deliverAt":"2023-12-22T18:01:33.222Z","sensitivityRatio":1.1519170218618153,"variable_sens":112.7,"predBGs":{"IOB":[164,159,154,148,141,134,125,117,107,97,86,74,60,45,39],"ZT":[164,152,140,128,115,101,88,73,57,40,39,39,39,39,39,39,39,39,39,39,39,39,39,39,39,39,39,39,39,39,39,39,39,39,39,39,39,39,39,39,39,39,39,39,39,39,39,39],"COB":[164,160,155,151,147,143,140,136,133,130,127,125,122,121,119,117,116,115,114,114,114,113,113,113,114,114,114,115,115,115,116,116,116,117,117,117,117,117,117,117,117,117,117,116,115,115,114,113],"UAM":[164,160,155,150,145,139,133,128,122,115,109,103,96,89,82,74,67,58,49,39]},"reason":"COB: 18.5, Dev: 2.6, BGI: -0.7, ISF: 6.3, CR: 11, Target: 4.5, minPredBG -2.9, minGuardBG -2.9, IOBpredBG 2.2, COBpredBG 6.3, UAMpredBG 2.2; minGuardBG -2.9<3.6","COB":18.522358276643985,"IOB":2.111,"duration":120,"rate":0,"timestamp":"2023-12-22T18:01:33.249Z"}}