{"algorithm":"OpenAPSSMBDynamicISFPlugin","input":{"glucoseStatus":{"glucose":91,"noise":0,"delta":14,"short_avgdelta":7.67,"long_avgdelta":-6.64,"date":1703338255649},"currenttemp":{"temp":"absolute","duration":76,"rate":0,"minutesrunning":44},"iob_data":[{"iob":1.042,"basaliob":-0.707,"bolussnooze":0.0643,"activity":0.0174,"lastBolusTime":1703333197000,"time":"2023-12-23T13:35:07.844Z","iobWithZeroTemp":{"iob":1.042,"basaliob":-0.707,"bolussnooze":0.0643,"activity":0.0174,"lastBolusTime":1703333197000,"time":"2023-12-23T13:35:07.844Z"}},{"iob":0.958,"basaliob":-0.674,"bolussnooze":0.0542,"activity":0.0162,"lastBolusTime":1703333197000,"time":"2023-12-23T13:40:07.844Z","iobWithZeroTemp":{"iob":0.931,"basaliob":-0.701,"bolussnooze":0.0542,"activity":0.0162,"lastBolusTime":1703333197000,"time":"2023-12-23T13:40:07.844Z"}},{"iob":0.881,"basaliob":-0.641,"bolussnooze":0.0456,"activity":0.0149,"lastBolusTime":1703333197000,"time":"2023-12-23T13:45:07.844Z","iobWithZeroTemp":{"iob":0.821,"basaliob":-0.701,"bolussnooze":0.0456,"activity":0.0148,"lastBolusTime":1703333197000,"time":"2023-12-23T13:45:07.844Z"}},{"iob":0.809,"basaliob":-0.608,"bolussnooze":0.0383,"activity":0.0138,"lastBolusTime":1703333197000,"time":"2023-12-23T13:50:07.844Z","iobWithZeroTemp":{"iob":0.717,"basaliob":-0.7,"bolussnooze":0.0383,"activity":0.0136,"lastBolusTime":1703333197000,"time":"2023-12-23T13:50:07.844Z"}},{"iob":0.743,"basaliob":-0.576,"bolussnooze":0.032,"activity":0.0128,"lastBolusTime":1703333197000,"time":"2023-12-23T13:55:07.844Z","iobWithZeroTemp":{"iob":0.618,"basaliob":-0.701,"bolussnooze":0.032,"activity":0.0125,"lastBolusTime":1703333197000,"time":"2023-12-23T13:55:07.844Z"}},{"iob":0.681,"basaliob":-0.545,"bolussnooze":0.0267,"activity":0.0117,"lastBolusTime":1703333197000,"time":"2023-12-23T14:00:07.844Z","iobWithZeroTemp":{"iob":0.525,"basaliob":-0.701,"bolussnooze":0.0267,"activity":0.0112,"lastBolusTime":1703333197000,"time":"2023-12-23T14:00:07.844Z"}},{"iob":0.624,"basaliob":-0.515,"bolussnooze":0.0222,"activity":0.0109,"lastBolusTime":1703333197000,"time":"2023-12-23T14:05:07.844Z","iobWithZeroTemp":{"iob":0.438,"basaliob":-0.701,"bolussnooze":0.0222,"activity":0.0102,"lastBolusTime":1703333197000,"time":"2023-12-23T14:05:07.844Z"}},{"iob":0.572,"basaliob":-0.486,"bolussnooze":0.0184,"activity":0.01,"lastBolusTime":1703333197000,"time":"2023-12-23T14:10:07.844Z","iobWithZeroTemp":{"iob":0.356,"basaliob":-0.702,"bolussnooze":0.0184,"activity":0.0091,"lastBolusTime":1703333197000,"time":"2023-12-23T14:10:07.844Z"}},{"iob":0.524,"basaliob":-0.457,"bolussnooze":0.0152,"activity":0.0092,"lastBolusTime":1703333197000,"time":"2023-12-23T14:15:07.844Z","iobWithZeroTemp":{"iob":0.28,"basaliob":-0.701,"bolussnooze":0.0152,"activity":0.0081,"lastBolusTime":1703333197000,"time":"2023-12-23T14:15:07.844Z"}},{"iob":0.479,"basaliob":-0.43,"bolussnooze":0.0125,"activity":0.0086,"lastBolusTime":1703333197000,"time":"2023-12-23T14:20:07.844Z","iobWithZeroTemp":{"iob":0.207,"basaliob":-0.702,"bolussnooze":0.0125,"activity":0.0073,"lastBolusTime":1703333197000,"time":"2023-12-23T14:20:07.844Z"}},{"iob":0.438,"basaliob":-0.404,"bolussnooze":0.0103,"activity":0.0079,"lastBolusTime":1703333197000,"time":"2023-12-23T14:25:07.844Z","iobWithZeroTemp":{"iob":0.14,"basaliob":-0.702,"bolussnooze":0.0103,"activity":0.0064,"lastBolusTime":1703333197000,"time":"2023-12-23T14:25:07.844Z"}},{"iob":0.4,"basaliob":-0.379,"bolussnooze":0.0084,"activity":0.0072,"lastBolusTime":1703333197000,"time":"2023-12-23T14:30:07.844Z","iobWithZeroTemp":{"iob":0.077,"basaliob":-0.702,"bolussnooze":0.0084,"activity":0.0054,"lastBolusTime":1703333197000,"time":"2023-12-23T14:30:07.844Z"}},{"iob":0.366,"basaliob":-0.355,"bolussnooze":0.0069,"activity":0.0066,"lastBolusTime":1703333197000,"time":"2023-12-23T14:35:07.844Z","iobWithZeroTemp":{"iob":0.019,"basaliob":-0.702,"bolussnooze":0.0069,"activity":0.0046,"lastBolusTime":1703333197000,"time":"2023-12-23T14:35:07.844Z"}},{"iob":0.333,"basaliob":-0.333,"bolussnooze":0.0056,"activity":0.0062,"lastBolusTime":1703333197000,"time":"2023-12-23T14:40:07.844Z","iobWithZeroTemp":{"iob":-0.037,"basaliob":-0.703,"bolussnooze":0.0056,"activity":0.004,"lastBolusTime":1703333197000,"time":"2023-12-23T14:40:07.844Z"}},{"iob":0.304,"basaliob":-0.311,"bolussnooze":0.0045,"activity":0.0056,"lastBolusTime":1703333197000,"time":"2023-12-23T14:45:07.844Z","iobWithZeroTemp":{"iob":-0.087,"basaliob":-0.702,"bolussnooze":0.0045,"activity":0.0032,"lastBolusTime":1703333197000,"time":"2023-12-23T14:45:07.844Z"}},{"iob":0.277,"basaliob":-0.291,"bolussnooze":0.0036,"activity":0.0052,"lastBolusTime":1703333197000,"time":"2023-12-23T14:50:07.844Z","iobWithZeroTemp":{"iob":-0.135,"basaliob":-0.703,"bolussnooze":0.0036,"activity":0.0025,"lastBolusTime":1703333197000,"time":"2023-12-23T14:50:07.844Z"}},{"iob":0.252,"basaliob":-0.271,"bolussnooze":0.0029,"activity":0.0047,"lastBolusTime":1703333197000,"time":"2023-12-23T14:55:07.844Z","iobWithZeroTemp":{"iob":-0.179,"basaliob":-0.702,"bolussnooze":0.0029,"activity":0.0018,"lastBolusTime":1703333197000,"time":"2023-12-23T14:55:07.844Z"}},{"iob":0.229,"basaliob":-0.253,"bolussnooze":0.0023,"activity":0.0043,"lastBolusTime":1703333197000,"time":"2023-12-23T15:00:07.844Z","iobWithZeroTemp":{"iob":-0.221,"basaliob":-0.703,"bolussnooze":0.0023,"activity":0.0012,"lastBolusTime":1703333197000,"time":"2023-12-23T15:00:07.844Z"}},{"iob":0.208,"basaliob":-0.236,"bolussnooze":0.0018,"activity":0.004,"lastBolusTime":1703333197000,"time":"2023-12-23T15:05:07.844Z","iobWithZeroTemp":{"iob":-0.259,"basaliob":-0.703,"bolussnooze":0.0018,"activity":7.0E-4,"lastBolusTime":1703333197000,"time":"2023-12-23T15:05:07.844Z"}},{"iob":0.19,"basaliob":-0.219,"bolussnooze":0.0014,"activity":0.0036,"lastBolusTime":1703333197000,"time":"2023-12-23T15:10:07.844Z","iobWithZeroTemp":{"iob":-0.294,"basaliob":-0.703,"bolussnooze":0.0014,"activity":1.0E-4,"lastBolusTime":1703333197000,"time":"2023-12-23T15:10:07.844Z"}},{"iob":0.172,"basaliob":-0.204,"bolussnooze":0.0011,"activity":0.0033,"lastBolusTime":1703333197000,"time":"2023-12-23T15:15:07.844Z","iobWithZeroTemp":{"iob":-0.327,"basaliob":-0.703,"bolussnooze":0.0011,"activity":-4.0E-4,"lastBolusTime":1703333197000,"time":"2023-12-23T15:15:07.844Z"}},{"iob":0.155,"basaliob":-0.19,"bolussnooze":8.0E-4,"activity":0.0031,"lastBolusTime":1703333197000,"time":"2023-12-23T15:20:07.844Z","iobWithZeroTemp":{"iob":-0.359,"basaliob":-0.704,"bolussnooze":8.0E-4,"activity":-8.0E-4,"lastBolusTime":1703333197000,"time":"2023-12-23T15:20:07.844Z"}},{"iob":0.141,"basaliob":-0.176,"bolussnooze":6.0E-4,"activity":0.0028,"lastBolusTime":1703333197000,"time":"2023-12-23T15:25:07.844Z","iobWithZeroTemp":{"iob":-0.386,"basaliob":-0.703,"bolussnooze":6.0E-4,"activity":-0.0012,"lastBolusTime":1703333197000,"time":"2023-12-23T15:25:07.844Z"}},{"iob":0.128,"basaliob":-0.163,"bolussnooze":4.0E-4,"activity":0.0025,"lastBolusTime":1703333197000,"time":"2023-12-23T15:30:07.844Z","iobWithZeroTemp":{"iob":-0.412,"basaliob":-0.703,"bolussnooze":4.0E-4,"activity":-0.0017,"lastBolusTime":1703333197000,"time":"2023-12-23T15:30:07.844Z"}},{"iob":0.116,"basaliob":-0.151,"bolussnooze":3.0E-4,"activity":0.0023,"lastBolusTime":1703333197000,"time":"2023-12-23T15:35:07.844Z","iobWithZeroTemp":{"iob":-0.436,"basaliob":-0.703,"bolussnooze":3.0E-4,"activity":-0.002,"lastBolusTime":1703333197000,"time":"2023-12-23T15:35:07.844Z"}},{"iob":0.104,"basaliob":-0.14,"bolussnooze":2.0E-4,"activity":0.0021,"lastBolusTime":1703333197000,"time":"2023-12-23T15:40:07.844Z","iobWithZeroTemp":{"iob":-0.459,"basaliob":-0.703,"bolussnooze":2.0E-4,"activity":-0.0024,"lastBolusTime":1703333197000,"time":"2023-12-23T15:40:07.844Z"}},{"iob":0.094,"basaliob":-0.13,"bolussnooze":1.0E-4,"activity":0.002,"lastBolusTime":1703333197000,"time":"2023-12-23T15:45:07.844Z","iobWithZeroTemp":{"iob":-0.48,"basaliob":-0.704,"bolussnooze":1.0E-4,"activity":-0.0026,"lastBolusTime":1703333197000,"time":"2023-12-23T15:45:07.844Z"}},{"iob":0.085,"basaliob":-0.12,"bolussnooze":1.0E-4,"activity":0.0018,"lastBolusTime":1703333197000,"time":"2023-12-23T15:50:07.844Z","iobWithZeroTemp":{"iob":-0.499,"basaliob":-0.704,"bolussnooze":1.0E-4,"activity":-0.003,"lastBolusTime":1703333197000,"time":"2023-12-23T15:50:07.844Z"}},{"iob":0.076,"basaliob":-0.111,"bolussnooze":1.0E-4,"activity":0.0016,"lastBolusTime":1703333197000,"time":"2023-12-23T15:55:07.844Z","iobWithZeroTemp":{"iob":-0.517,"basaliob":-0.704,"bolussnooze":1.0E-4,"activity":-0.0033,"lastBolusTime":1703333197000,"time":"2023-12-23T15:55:07.844Z"}},{"iob":0.068,"basaliob":-0.103,"bolussnooze":0,"activity":0.0015,"lastBolusTime":1703333197000,"time":"2023-12-23T16:00:07.844Z","iobWithZeroTemp":{"iob":-0.533,"basaliob":-0.704,"bolussnooze":0,"activity":-0.0035,"lastBolusTime":1703333197000,"time":"2023-12-23T16:00:07.844Z"}},{"iob":0.062,"basaliob":-0.094,"bolussnooze":0,"activity":0.0014,"lastBolusTime":1703333197000,"time":"2023-12-23T16:05:07.844Z","iobWithZeroTemp":{"iob":-0.547,"basaliob":-0.703,"bolussnooze":0,"activity":-0.0037,"lastBolusTime":1703333197000,"time":"2023-12-23T16:05:07.844Z"}},{"iob":0.055,"basaliob":-0.087,"bolussnooze":0,"activity":0.0012,"lastBolusTime":1703333197000,"time":"2023-12-23T16:10:07.844Z","iobWithZeroTemp":{"iob":-0.562,"basaliob":-0.704,"bolussnooze":0,"activity":-0.004,"lastBolusTime":1703333197000,"time":"2023-12-23T16:10:07.844Z"}},{"iob":0.05,"basaliob":-0.08,"bolussnooze":0,"activity":0.0011,"lastBolusTime":1703333197000,"time":"2023-12-23T16:15:07.844Z","iobWithZeroTemp":{"iob":-0.574,"basaliob":-0.704,"bolussnooze":0,"activity":-0.0042,"lastBolusTime":1703333197000,"time":"2023-12-23T16:15:07.844Z"}},{"iob":0.044,"basaliob":-0.074,"bolussnooze":0,"activity":0.001,"lastBolusTime":1703333197000,"time":"2023-12-23T16:20:07.844Z","iobWithZeroTemp":{"iob":-0.586,"basaliob":-0.704,"bolussnooze":0,"activity":-0.0044,"lastBolusTime":1703333197000,"time":"2023-12-23T16:20:07.844Z"}},{"iob":0.039,"basaliob":-0.068,"bolussnooze":0,"activity":9.0E-4,"lastBolusTime":1703333197000,"time":"2023-12-23T16:25:07.844Z","iobWithZeroTemp":{"iob":-0.597,"basaliob":-0.704,"bolussnooze":0,"activity":-0.0046,"lastBolusTime":1703333197000,"time":"2023-12-23T16:25:07.844Z"}},{"iob":0.035,"basaliob":-0.063,"bolussnooze":0,"activity":8.0E-4,"lastBolusTime":1703333197000,"time":"2023-12-23T16:30:07.844Z","iobWithZeroTemp":{"iob":-0.607,"basaliob":-0.705,"bolussnooze":0,"activity":-0.0048,"lastBolusTime":1703333197000,"time":"2023-12-23T16:30:07.844Z"}},{"iob":0.031,"basaliob":-0.058,"bolussnooze":0,"activity":7.0E-4,"lastBolusTime":1703333197000,"time":"2023-12-23T16:35:07.844Z","iobWithZeroTemp":{"iob":-0.616,"basaliob":-0.705,"bolussnooze":0,"activity":-0.005,"lastBolusTime":1703333197000,"time":"2023-12-23T16:35:07.844Z"}},{"iob":0.027,"basaliob":-0.053,"bolussnooze":0,"activity":7.0E-4,"lastBolusTime":1703333197000,"time":"2023-12-23T16:40:07.844Z","iobWithZeroTemp":{"iob":-0.624,"basaliob":-0.704,"bolussnooze":0,"activity":-0.0051,"lastBolusTime":1703333197000,"time":"2023-12-23T16:40:07.844Z"}},{"iob":0.024,"basaliob":-0.049,"bolussnooze":0,"activity":6.0E-4,"lastBolusTime":1703333197000,"time":"2023-12-23T16:45:07.844Z","iobWithZeroTemp":{"iob":-0.632,"basaliob":-0.705,"bolussnooze":0,"activity":-0.0052,"lastBolusTime":1703333197000,"time":"2023-12-23T16:45:07.844Z"}},{"iob":0.021,"basaliob":-0.045,"bolussnooze":0,"activity":5.0E-4,"lastBolusTime":1703333197000,"time":"2023-12-23T16:50:07.844Z","iobWithZeroTemp":{"iob":-0.639,"basaliob":-0.705,"bolussnooze":0,"activity":-0.0054,"lastBolusTime":1703333197000,"time":"2023-12-23T16:50:07.844Z"}},{"iob":0.019,"basaliob":-0.041,"bolussnooze":0,"activity":5.0E-4,"lastBolusTime":1703333197000,"time":"2023-12-23T16:55:07.844Z","iobWithZeroTemp":{"iob":-0.645,"basaliob":-0.705,"bolussnooze":0,"activity":-0.0054,"lastBolusTime":1703333197000,"time":"2023-12-23T16:55:07.844Z"}},{"iob":0.017,"basaliob":-0.037,"bolussnooze":0,"activity":4.0E-4,"lastBolusTime":1703333197000,"time":"2023-12-23T17:00:07.844Z","iobWithZeroTemp":{"iob":-0.65,"basaliob":-0.704,"bolussnooze":0,"activity":-0.0056,"lastBolusTime":1703333197000,"time":"2023-12-23T17:00:07.844Z"}},{"iob":0.015,"basaliob":-0.034,"bolussnooze":0,"activity":4.0E-4,"lastBolusTime":1703333197000,"time":"2023-12-23T17:05:07.844Z","iobWithZeroTemp":{"iob":-0.655,"basaliob":-0.704,"bolussnooze":0,"activity":-0.0057,"lastBolusTime":1703333197000,"time":"2023-12-23T17:05:07.844Z"}},{"iob":0.013,"basaliob":-0.031,"bolussnooze":0,"activity":3.0E-4,"lastBolusTime":1703333197000,"time":"2023-12-23T17:10:07.844Z","iobWithZeroTemp":{"iob":-0.66,"basaliob":-0.704,"bolussnooze":0,"activity":-0.0058,"lastBolusTime":1703333197000,"time":"2023-12-23T17:10:07.844Z"}},{"iob":0.011,"basaliob":-0.029,"bolussnooze":0,"activity":3.0E-4,"lastBolusTime":1703333197000,"time":"2023-12-23T17:15:07.844Z","iobWithZeroTemp":{"iob":-0.665,"basaliob":-0.705,"bolussnooze":0,"activity":-0.0058,"lastBolusTime":1703333197000,"time":"2023-12-23T17:15:07.844Z"}},{"iob":0.01,"basaliob":-0.026,"bolussnooze":0,"activity":3.0E-4,"lastBolusTime":1703333197000,"time":"2023-12-23T17:20:07.844Z","iobWithZeroTemp":{"iob":-0.668,"basaliob":-0.704,"bolussnooze":0,"activity":-0.0059,"lastBolusTime":1703333197000,"time":"2023-12-23T17:20:07.844Z"}},{"iob":0.008,"basaliob":-0.024,"bolussnooze":0,"activity":3.0E-4,"lastBolusTime":1703333197000,"time":"2023-12-23T17:25:07.844Z","iobWithZeroTemp":{"iob":-0.673,"basaliob":-0.705,"bolussnooze":0,"activity":-0.0059,"lastBolusTime":1703333197000,"time":"2023-12-23T17:25:07.844Z"}},{"iob":0.007,"basaliob":-0.022,"bolussnooze":0,"activity":2.0E-4,"lastBolusTime":1703333197000,"time":"2023-12-23T17:30:07.844Z","iobWithZeroTemp":{"iob":-0.676,"basaliob":-0.705,"bolussnooze":0,"activity":-0.0061,"lastBolusTime":1703333197000,"time":"2023-12-23T17:30:07.844Z"}}],"profile":{"max_iob":7,"type":"current","max_daily_basal":0.45,"max_basal":1.35,"min_bg":81.0000000000001,"max_bg":81.0000000000001,"target_bg":81.0000000000001,"carb_ratio":11,"sens":352.8,"max_daily_safety_multiplier":3,"current_basal_safety_multiplier":4,"lgsThreshold":65,"high_temptarget_raises_sensitivity":false,"low_temptarget_lowers_sensitivity":false,"sensitivity_raises_target":true,"resistance_lowers_target":true,"adv_target_adjustments":false,"exercise_mode":false,"half_basal_exercise_target":160,"maxCOB":120,"skip_neutral_temps":false,"remainingCarbsCap":90,"enableUAM":true,"A52_risk_enable":false,"SMBInterval":4,"enableSMB_with_COB":true,"enableSMB_with_temptarget":false,"allowSMB_with_high_temptarget":true,"enableSMB_always":true,"enableSMB_after_carbs":false,"maxSMBBasalMinutes":60,"maxUAMSMBBasalMinutes":60,"bolus_increment":0.05,"carbsReqThreshold":10,"current_basal":0.4,"temptargetSet":true,"autosens_max":1.2,"autosens_min":0.8,"out_units":"mmol\/L","variable_sens":161.9,"insulinDivisor":65,"TDD":12.69742854166667},"autosens_data":{"ratio":1.1580820923481299},"meal_data":{"carbs":53,"mealCOB":27.797929705215438,"slopeFromMaxDeviation":-2.704888888888889,"slopeFromMinDeviation":7.452000000000001,"lastBolusTime":1703333197000,"lastCarbTime":1703332786000},"microBolusAllowed":true,"currentTime":1703338509428,"flatBGsDetected":false,"tdd1D":34.144083333333334,"tdd7D":30.47294047619048,"tddLast24H":35.290166666666686,"tddLast4H":6.3500000000000005,"tddLast8to4H":9.846666666666668},"output":{"temp":"absolute","bg":91,"tick":"+14","eventualBG":315,"targetBG":81.0000000000001,"insulinReq":0,"deliverAt":"2023-12-23T13:35:09.428Z","sensitivityRatio":1.1580820923481299,"variable_sens":161.9,"predBGs":{"IOB":[91,97,102,108,112,116,119,120,121,120,118,114,109,104,100,96,92,88,84,81,78,75,72,69,67,64,62,60,58,56,55,53,52,50,49,48,47,46,45,44,44,43,42,42,41,41,40],"ZT":[91,77,62,47,39,39,39,39,39,39,39,39,39,39,39,39,39,39,39,39,39,39,39,39,39,39,39,39,39,39,39,39,39,39,39,39,39,39,39,39,39,39,39,39,39,40,49,56],"COB":[91,98,106,114,122,130,139,148,157,166,175,184,193,202,211,220,228,236,244,251,259,266,272,278,284,290,295,299,303,307,310,313,315,317,318,319,319,319,318,318,317,317,316,316,316,316,315],"UAM":[91,96,100,102,103,101,98,93,85,77,69,62,54,46,39]},"reason":"COB: 27.8, Dev: 7.3, BGI: -0.8, ISF: 9.0, CR: 11, Target: 4.5, minPredBG 7.7, minGuardBG 1.4, IOBpredBG 2.2, COBpredBG 17.5, UAMpredBG 2.2; minGuardBG 1.4<3.6 76m left and 0 ~ req 0U\/hr: no temp required","COB":27.797929705215438,"IOB":1.042,"timestamp":"2023-12-23T13:35:09.453Z"}}