{"algorithm":"OpenAPSSMBDynamicISFPlugin","input":{"glucoseStatus":{"glucose":195,"noise":0,"delta":-3,"short_avgdelta":-3.11,"long_avgdelta":-2.57,"date":1703286353173},"currenttemp":{"temp":"absolute","duration":5,"rate":0,"minutesrunning":25},"iob_data":[{"iob":1.079,"basaliob":-0.62,"bolussnooze":0.0582,"activity":0.0163,"lastBolusTime":1703284599000,"time":"2023-12-22T23:06:15.517Z","iobWithZeroTemp":{"iob":1.079,"basaliob":-0.62,"bolussnooze":0.0582,"activity":0.0163,"lastBolusTime":1703284599000,"time":"2023-12-22T23:06:15.517Z"}},{"iob":1,"basaliob":-0.594,"bolussnooze":0.0485,"activity":0.0152,"lastBolusTime":1703284599000,"time":"2023-12-22T23:11:15.517Z","iobWithZeroTemp":{"iob":0.97,"basaliob":-0.624,"bolussnooze":0.0485,"activity":0.0152,"lastBolusTime":1703284599000,"time":"2023-12-22T23:11:15.517Z"}},{"iob":0.926,"basaliob":-0.567,"bolussnooze":0.0403,"activity":0.0143,"lastBolusTime":1703284599000,"time":"2023-12-22T23:16:15.517Z","iobWithZeroTemp":{"iob":0.859,"basaliob":-0.634,"bolussnooze":0.0403,"activity":0.0142,"lastBolusTime":1703284599000,"time":"2023-12-22T23:16:15.517Z"}},{"iob":0.857,"basaliob":-0.541,"bolussnooze":0.0333,"activity":0.0133,"lastBolusTime":1703284599000,"time":"2023-12-22T23:21:15.517Z","iobWithZeroTemp":{"iob":0.753,"basaliob":-0.645,"bolussnooze":0.0333,"activity":0.0131,"lastBolusTime":1703284599000,"time":"2023-12-22T23:21:15.517Z"}},{"iob":0.793,"basaliob":-0.514,"bolussnooze":0.0275,"activity":0.0125,"lastBolusTime":1703284599000,"time":"2023-12-22T23:26:15.517Z","iobWithZeroTemp":{"iob":0.653,"basaliob":-0.654,"bolussnooze":0.0275,"activity":0.0121,"lastBolusTime":1703284599000,"time":"2023-12-22T23:26:15.517Z"}},{"iob":0.733,"basaliob":-0.488,"bolussnooze":0.0226,"activity":0.0115,"lastBolusTime":1703284599000,"time":"2023-12-22T23:31:15.517Z","iobWithZeroTemp":{"iob":0.558,"basaliob":-0.663,"bolussnooze":0.0226,"activity":0.0109,"lastBolusTime":1703284599000,"time":"2023-12-22T23:31:15.517Z"}},{"iob":0.677,"basaliob":-0.463,"bolussnooze":0.0185,"activity":0.0107,"lastBolusTime":1703284599000,"time":"2023-12-22T23:36:15.517Z","iobWithZeroTemp":{"iob":0.467,"basaliob":-0.673,"bolussnooze":0.0185,"activity":0.0099,"lastBolusTime":1703284599000,"time":"2023-12-22T23:36:15.517Z"}},{"iob":0.625,"basaliob":-0.438,"bolussnooze":0.015,"activity":0.0101,"lastBolusTime":1703284599000,"time":"2023-12-22T23:41:15.517Z","iobWithZeroTemp":{"iob":0.382,"basaliob":-0.681,"bolussnooze":0.015,"activity":0.0091,"lastBolusTime":1703284599000,"time":"2023-12-22T23:41:15.517Z"}},{"iob":0.577,"basaliob":-0.413,"bolussnooze":0.0122,"activity":0.0093,"lastBolusTime":1703284599000,"time":"2023-12-22T23:46:15.517Z","iobWithZeroTemp":{"iob":0.302,"basaliob":-0.688,"bolussnooze":0.0122,"activity":0.0081,"lastBolusTime":1703284599000,"time":"2023-12-22T23:46:15.517Z"}},{"iob":0.531,"basaliob":-0.39,"bolussnooze":0.0098,"activity":0.0087,"lastBolusTime":1703284599000,"time":"2023-12-22T23:51:15.517Z","iobWithZeroTemp":{"iob":0.225,"basaliob":-0.696,"bolussnooze":0.0098,"activity":0.0072,"lastBolusTime":1703284599000,"time":"2023-12-22T23:51:15.517Z"}},{"iob":0.49,"basaliob":-0.367,"bolussnooze":0.0079,"activity":0.0081,"lastBolusTime":1703284599000,"time":"2023-12-22T23:56:15.517Z","iobWithZeroTemp":{"iob":0.155,"basaliob":-0.702,"bolussnooze":0.0079,"activity":0.0064,"lastBolusTime":1703284599000,"time":"2023-12-22T23:56:15.517Z"}},{"iob":0.451,"basaliob":-0.345,"bolussnooze":0.0063,"activity":0.0075,"lastBolusTime":1703284599000,"time":"2023-12-23T00:01:15.517Z","iobWithZeroTemp":{"iob":0.088,"basaliob":-0.708,"bolussnooze":0.0063,"activity":0.0055,"lastBolusTime":1703284599000,"time":"2023-12-23T00:01:15.517Z"}},{"iob":0.415,"basaliob":-0.324,"bolussnooze":0.005,"activity":0.0069,"lastBolusTime":1703284599000,"time":"2023-12-23T00:06:15.517Z","iobWithZeroTemp":{"iob":0.033,"basaliob":-0.706,"bolussnooze":0.005,"activity":0.0047,"lastBolusTime":1703284599000,"time":"2023-12-23T00:06:15.517Z"}},{"iob":0.382,"basaliob":-0.304,"bolussnooze":0.0039,"activity":0.0064,"lastBolusTime":1703284599000,"time":"2023-12-23T00:11:15.517Z","iobWithZeroTemp":{"iob":-0.018,"basaliob":-0.704,"bolussnooze":0.0039,"activity":0.0039,"lastBolusTime":1703284599000,"time":"2023-12-23T00:11:15.517Z"}},{"iob":0.351,"basaliob":-0.285,"bolussnooze":0.003,"activity":0.006,"lastBolusTime":1703284599000,"time":"2023-12-23T00:16:15.517Z","iobWithZeroTemp":{"iob":-0.065,"basaliob":-0.701,"bolussnooze":0.003,"activity":0.0033,"lastBolusTime":1703284599000,"time":"2023-12-23T00:16:15.517Z"}},{"iob":0.322,"basaliob":-0.267,"bolussnooze":0.0023,"activity":0.0056,"lastBolusTime":1703284599000,"time":"2023-12-23T00:21:15.517Z","iobWithZeroTemp":{"iob":-0.109,"basaliob":-0.698,"bolussnooze":0.0023,"activity":0.0027,"lastBolusTime":1703284599000,"time":"2023-12-23T00:21:15.517Z"}},{"iob":0.295,"basaliob":-0.25,"bolussnooze":0.0018,"activity":0.0051,"lastBolusTime":1703284599000,"time":"2023-12-23T00:26:15.517Z","iobWithZeroTemp":{"iob":-0.15,"basaliob":-0.695,"bolussnooze":0.0018,"activity":0.002,"lastBolusTime":1703284599000,"time":"2023-12-23T00:26:15.517Z"}},{"iob":0.27,"basaliob":-0.234,"bolussnooze":0.0013,"activity":0.0047,"lastBolusTime":1703284599000,"time":"2023-12-23T00:31:15.517Z","iobWithZeroTemp":{"iob":-0.189,"basaliob":-0.693,"bolussnooze":0.0013,"activity":0.0014,"lastBolusTime":1703284599000,"time":"2023-12-23T00:31:15.517Z"}},{"iob":0.248,"basaliob":-0.218,"bolussnooze":0.001,"activity":0.0044,"lastBolusTime":1703284599000,"time":"2023-12-23T00:36:15.517Z","iobWithZeroTemp":{"iob":-0.223,"basaliob":-0.689,"bolussnooze":0.001,"activity":9.0E-4,"lastBolusTime":1703284599000,"time":"2023-12-23T00:36:15.517Z"}},{"iob":0.227,"basaliob":-0.203,"bolussnooze":7.0E-4,"activity":0.004,"lastBolusTime":1703284599000,"time":"2023-12-23T00:41:15.517Z","iobWithZeroTemp":{"iob":-0.255,"basaliob":-0.685,"bolussnooze":7.0E-4,"activity":4.0E-4,"lastBolusTime":1703284599000,"time":"2023-12-23T00:41:15.517Z"}},{"iob":0.208,"basaliob":-0.189,"bolussnooze":5.0E-4,"activity":0.0037,"lastBolusTime":1703284599000,"time":"2023-12-23T00:46:15.517Z","iobWithZeroTemp":{"iob":-0.285,"basaliob":-0.682,"bolussnooze":5.0E-4,"activity":-1.0E-4,"lastBolusTime":1703284599000,"time":"2023-12-23T00:46:15.517Z"}},{"iob":0.19,"basaliob":-0.176,"bolussnooze":4.0E-4,"activity":0.0035,"lastBolusTime":1703284599000,"time":"2023-12-23T00:51:15.517Z","iobWithZeroTemp":{"iob":-0.313,"basaliob":-0.679,"bolussnooze":4.0E-4,"activity":-4.0E-4,"lastBolusTime":1703284599000,"time":"2023-12-23T00:51:15.517Z"}},{"iob":0.173,"basaliob":-0.164,"bolussnooze":2.0E-4,"activity":0.0031,"lastBolusTime":1703284599000,"time":"2023-12-23T00:56:15.517Z","iobWithZeroTemp":{"iob":-0.339,"basaliob":-0.676,"bolussnooze":2.0E-4,"activity":-0.001,"lastBolusTime":1703284599000,"time":"2023-12-23T00:56:15.517Z"}},{"iob":0.158,"basaliob":-0.153,"bolussnooze":2.0E-4,"activity":0.0029,"lastBolusTime":1703284599000,"time":"2023-12-23T01:01:15.517Z","iobWithZeroTemp":{"iob":-0.362,"basaliob":-0.673,"bolussnooze":2.0E-4,"activity":-0.0013,"lastBolusTime":1703284599000,"time":"2023-12-23T01:01:15.517Z"}},{"iob":0.144,"basaliob":-0.142,"bolussnooze":1.0E-4,"activity":0.0027,"lastBolusTime":1703284599000,"time":"2023-12-23T01:06:15.517Z","iobWithZeroTemp":{"iob":-0.378,"basaliob":-0.664,"bolussnooze":1.0E-4,"activity":-0.0016,"lastBolusTime":1703284599000,"time":"2023-12-23T01:06:15.517Z"}},{"iob":0.132,"basaliob":-0.131,"bolussnooze":0,"activity":0.0024,"lastBolusTime":1703284599000,"time":"2023-12-23T01:11:15.517Z","iobWithZeroTemp":{"iob":-0.39,"basaliob":-0.653,"bolussnooze":0,"activity":-0.002,"lastBolusTime":1703284599000,"time":"2023-12-23T01:11:15.517Z"}},{"iob":0.12,"basaliob":-0.122,"bolussnooze":0,"activity":0.0023,"lastBolusTime":1703284599000,"time":"2023-12-23T01:16:15.517Z","iobWithZeroTemp":{"iob":-0.403,"basaliob":-0.645,"bolussnooze":0,"activity":-0.0022,"lastBolusTime":1703284599000,"time":"2023-12-23T01:16:15.517Z"}},{"iob":0.109,"basaliob":-0.113,"bolussnooze":0,"activity":0.0021,"lastBolusTime":1703284599000,"time":"2023-12-23T01:21:15.517Z","iobWithZeroTemp":{"iob":-0.413,"basaliob":-0.635,"bolussnooze":0,"activity":-0.0025,"lastBolusTime":1703284599000,"time":"2023-12-23T01:21:15.517Z"}},{"iob":0.1,"basaliob":-0.104,"bolussnooze":0,"activity":0.0019,"lastBolusTime":1703284599000,"time":"2023-12-23T01:26:15.517Z","iobWithZeroTemp":{"iob":-0.422,"basaliob":-0.626,"bolussnooze":0,"activity":-0.0027,"lastBolusTime":1703284599000,"time":"2023-12-23T01:26:15.517Z"}},{"iob":0.09,"basaliob":-0.097,"bolussnooze":0,"activity":0.0018,"lastBolusTime":1703284599000,"time":"2023-12-23T01:31:15.517Z","iobWithZeroTemp":{"iob":-0.431,"basaliob":-0.618,"bolussnooze":0,"activity":-0.0029,"lastBolusTime":1703284599000,"time":"2023-12-23T01:31:15.517Z"}},{"iob":0.082,"basaliob":-0.089,"bolussnooze":0,"activity":0.0016,"lastBolusTime":1703284599000,"time":"2023-12-23T01:36:15.517Z","iobWithZeroTemp":{"iob":-0.438,"basaliob":-0.609,"bolussnooze":0,"activity":-0.0031,"lastBolusTime":1703284599000,"time":"2023-12-23T01:36:15.517Z"}},{"iob":0.074,"basaliob":-0.083,"bolussnooze":0,"activity":0.0015,"lastBolusTime":1703284599000,"time":"2023-12-23T01:41:15.517Z","iobWithZeroTemp":{"iob":-0.445,"basaliob":-0.602,"bolussnooze":0,"activity":-0.0032,"lastBolusTime":1703284599000,"time":"2023-12-23T01:41:15.517Z"}},{"iob":0.067,"basaliob":-0.076,"bolussnooze":0,"activity":0.0014,"lastBolusTime":1703284599000,"time":"2023-12-23T01:46:15.517Z","iobWithZeroTemp":{"iob":-0.451,"basaliob":-0.594,"bolussnooze":0,"activity":-0.0034,"lastBolusTime":1703284599000,"time":"2023-12-23T01:46:15.517Z"}},{"iob":0.061,"basaliob":-0.07,"bolussnooze":0,"activity":0.0013,"lastBolusTime":1703284599000,"time":"2023-12-23T01:51:15.517Z","iobWithZeroTemp":{"iob":-0.455,"basaliob":-0.586,"bolussnooze":0,"activity":-0.0035,"lastBolusTime":1703284599000,"time":"2023-12-23T01:51:15.517Z"}},{"iob":0.055,"basaliob":-0.065,"bolussnooze":0,"activity":0.0011,"lastBolusTime":1703284599000,"time":"2023-12-23T01:56:15.517Z","iobWithZeroTemp":{"iob":-0.46,"basaliob":-0.58,"bolussnooze":0,"activity":-0.0037,"lastBolusTime":1703284599000,"time":"2023-12-23T01:56:15.517Z"}},{"iob":0.049,"basaliob":-0.06,"bolussnooze":0,"activity":0.001,"lastBolusTime":1703284599000,"time":"2023-12-23T02:01:15.517Z","iobWithZeroTemp":{"iob":-0.464,"basaliob":-0.573,"bolussnooze":0,"activity":-0.0038,"lastBolusTime":1703284599000,"time":"2023-12-23T02:01:15.517Z"}},{"iob":0.045,"basaliob":-0.055,"bolussnooze":0,"activity":9.0E-4,"lastBolusTime":1703284599000,"time":"2023-12-23T02:06:15.517Z","iobWithZeroTemp":{"iob":-0.467,"basaliob":-0.567,"bolussnooze":0,"activity":-0.0039,"lastBolusTime":1703284599000,"time":"2023-12-23T02:06:15.517Z"}},{"iob":0.04,"basaliob":-0.051,"bolussnooze":0,"activity":9.0E-4,"lastBolusTime":1703284599000,"time":"2023-12-23T02:11:15.517Z","iobWithZeroTemp":{"iob":-0.47,"basaliob":-0.561,"bolussnooze":0,"activity":-0.0039,"lastBolusTime":1703284599000,"time":"2023-12-23T02:11:15.517Z"}},{"iob":0.036,"basaliob":-0.047,"bolussnooze":0,"activity":8.0E-4,"lastBolusTime":1703284599000,"time":"2023-12-23T02:16:15.517Z","iobWithZeroTemp":{"iob":-0.473,"basaliob":-0.556,"bolussnooze":0,"activity":-0.004,"lastBolusTime":1703284599000,"time":"2023-12-23T02:16:15.517Z"}},{"iob":0.032,"basaliob":-0.043,"bolussnooze":0,"activity":7.0E-4,"lastBolusTime":1703284599000,"time":"2023-12-23T02:21:15.517Z","iobWithZeroTemp":{"iob":-0.475,"basaliob":-0.55,"bolussnooze":0,"activity":-0.0041,"lastBolusTime":1703284599000,"time":"2023-12-23T02:21:15.517Z"}},{"iob":0.029,"basaliob":-0.039,"bolussnooze":0,"activity":6.0E-4,"lastBolusTime":1703284599000,"time":"2023-12-23T02:26:15.517Z","iobWithZeroTemp":{"iob":-0.477,"basaliob":-0.545,"bolussnooze":0,"activity":-0.0042,"lastBolusTime":1703284599000,"time":"2023-12-23T02:26:15.517Z"}},{"iob":0.026,"basaliob":-0.036,"bolussnooze":0,"activity":6.0E-4,"lastBolusTime":1703284599000,"time":"2023-12-23T02:31:15.517Z","iobWithZeroTemp":{"iob":-0.478,"basaliob":-0.54,"bolussnooze":0,"activity":-0.0042,"lastBolusTime":1703284599000,"time":"2023-12-23T02:31:15.517Z"}},{"iob":0.023,"basaliob":-0.033,"bolussnooze":0,"activity":5.0E-4,"lastBolusTime":1703284599000,"time":"2023-12-23T02:36:15.517Z","iobWithZeroTemp":{"iob":-0.48,"basaliob":-0.536,"bolussnooze":0,"activity":-0.0043,"lastBolusTime":1703284599000,"time":"2023-12-23T02:36:15.517Z"}},{"iob":0.021,"basaliob":-0.03,"bolussnooze":0,"activity":5.0E-4,"lastBolusTime":1703284599000,"time":"2023-12-23T02:41:15.517Z","iobWithZeroTemp":{"iob":-0.48,"basaliob":-0.531,"bolussnooze":0,"activity":-0.0043,"lastBolusTime":1703284599000,"time":"2023-12-23T02:41:15.517Z"}},{"iob":0.018,"basaliob":-0.028,"bolussnooze":0,"activity":4.0E-4,"lastBolusTime":1703284599000,"time":"2023-12-23T02:46:15.517Z","iobWithZeroTemp":{"iob":-0.482,"basaliob":-0.528,"bolussnooze":0,"activity":-0.0044,"lastBolusTime":1703284599000,"time":"2023-12-23T02:46:15.517Z"}},{"iob":0.017,"basaliob":-0.025,"bolussnooze":0,"activity":3.0E-4,"lastBolusTime":1703284599000,"time":"2023-12-23T02:51:15.517Z","iobWithZeroTemp":{"iob":-0.481,"basaliob":-0.523,"bolussnooze":0,"activity":-0.0045,"lastBolusTime":1703284599000,"time":"2023-12-23T02:51:15.517Z"}},{"iob":0.015,"basaliob":-0.023,"bolussnooze":0,"activity":4.0E-4,"lastBolusTime":1703284599000,"time":"2023-12-23T02:56:15.517Z","iobWithZeroTemp":{"iob":-0.482,"basaliob":-0.52,"bolussnooze":0,"activity":-0.0044,"lastBolusTime":1703284599000,"time":"2023-12-23T02:56:15.517Z"}},{"iob":0.013,"basaliob":-0.021,"bolussnooze":0,"activity":3.0E-4,"lastBolusTime":1703284599000,"time":"2023-12-23T03:01:15.517Z","iobWithZeroTemp":{"iob":-0.483,"basaliob":-0.517,"bolussnooze":0,"activity":-0.0044,"lastBolusTime":1703284599000,"time":"2023-12-23T03:01:15.517Z"}}],"profile":{"max_iob":7,"type":"current","max_daily_basal":0.45,"max_basal":1.35,"min_bg":81.0000000000001,"max_bg":81.0000000000001,"target_bg":81.0000000000001,"carb_ratio":11,"sens":369,"max_daily_safety_multiplier":3,"current_basal_safety_multiplier":4,"lgsThreshold":65,"high_temptarget_raises_sensitivity":false,"low_temptarget_lowers_sensitivity":false,"sensitivity_raises_target":true,"resistance_lowers_target":true,"adv_target_adjustments":false,"exercise_mode":false,"half_basal_exercise_target":160,"maxCOB":120,"skip_neutral_temps":false,"remainingCarbsCap":90,"enableUAM":true,"A52_risk_enable":false,"SMBInterval":4,"enableSMB_with_COB":true,"enableSMB_with_temptarget":false,"allowSMB_with_high_temptarget":true,"enableSMB_always":true,"enableSMB_after_carbs":false,"maxSMBBasalMinutes":60,"maxUAMSMBBasalMinutes":60,"bolus_increment":0.05,"carbsReqThreshold":10,"current_basal":0.45,"temptargetSet":true,"autosens_max":1.2,"autosens_min":0.8,"out_units":"mmol\/L","variable_sens":108.3,"insulinDivisor":65,"TDD":11.992474291666666},"autosens_data":{"ratio":1.098854682550131},"meal_data":{"carbs":65,"mealCOB":15.036243294065589,"slopeFromMaxDeviation":-1.9586363636363633,"slopeFromMinDeviation":0,"lastBolusTime":1703284599000,"lastCarbTime":1703279288000},"microBolusAllowed":true,"currentTime":1703286377473,"flatBGsDetected":false,"tdd1D":34.144083333333334,"tdd7D":30.47294047619048,"tddLast24H":33.48533333333333,"tddLast4H":7.102499999999999,"tddLast8to4H":4.699999999999999},"output":{"temp":"absolute","bg":195,"tick":-3,"eventualBG":219,"targetBG":81.0000000000001,"insulinReq":0.2,"deliverAt":"2023-12-22T23:06:17.473Z","sensitivityRatio":1.098854682550131,"variable_sens":108.3,"predBGs":{"IOB":[195,191,188,184,181,177,173,169,165,161,157,152,148,143,139,135,132,128,125,122,119,116,114,111,109,107,105,104,102,100,99,98,96,95,94,93,92,92,91,90,90,89,89,88,88,87],"ZT":[195,186,178,170,162,155,148,142,136,130,126,121,117,114,111,108,106,105,104,103,103,103,103],"COB":[195,192,189,187,185,183,182,181,180,180,180,180,180,181,182,182,183,184,186,187,188,190,191,192,194,195,197,198,200,201,203,204,206,207,208,210,211,212,213,214,215,216,216,217,218,218,219],"UAM":[195,190,183,175,168,160,153,147,140,134,128,123,118,113,108,103,99,95,91,87,83,80,77,74,71,68,66,63,61,59,57,55,53,51,49,48,47,45,44,43,42,41,40,39]},"reason":"COB: 15, Dev: 1.9, BGI: -0.5, ISF: 6.0, CR: 11, Target: 4.5, minPredBG 5.7, minGuardBG 3.8, IOBpredBG 4.8, COBpredBG 12.2, UAMpredBG 2.2; Eventual BG 12.2 >= 4.5,  insulinReq 0.2. Microbolusing 0.1U. temp 0.00 < 0.89U\/hr. ","COB":15.036243294065589,"IOB":1.079,"units":0.1,"duration":30,"rate":0.894484607147559,"timestamp":"2023-12-22T23:06:17.500Z"}}