{"algorithm":"OpenAPSSMBDynamicISFPlugin","input":{"glucoseStatus":{"glucose":122,"noise":0,"delta":-13,"short_avgdelta":-10.44,"long_avgdelta":-1.45,"date":1703417459759},"currenttemp":{"temp":"absolute","duration":35,"rate":0,"minutesrunning":85},"iob_data":[{"iob":2.168,"basaliob":-0.693,"bolussnooze":1.0608,"activity":0.0197,"lastBolusTime":1703417117000,"time":"2023-12-24T11:31:21.612Z","iobWithZeroTemp":{"iob":2.168,"basaliob":-0.693,"bolussnooze":1.0608,"activity":0.0197,"lastBolusTime":1703417117000,"time":"2023-12-24T11:31:21.612Z"}},{"iob":2.07,"basaliob":-0.66,"bolussnooze":1.0047,"activity":0.0197,"lastBolusTime":1703417117000,"time":"2023-12-24T11:36:21.612Z","iobWithZeroTemp":{"iob":2.043,"basaliob":-0.687,"bolussnooze":1.0047,"activity":0.0197,"lastBolusTime":1703417117000,"time":"2023-12-24T11:36:21.612Z"}},{"iob":1.972,"basaliob":-0.628,"bolussnooze":0.9371,"activity":0.0196,"lastBolusTime":1703417117000,"time":"2023-12-24T11:41:21.612Z","iobWithZeroTemp":{"iob":1.912,"basaliob":-0.688,"bolussnooze":0.9371,"activity":0.0195,"lastBolusTime":1703417117000,"time":"2023-12-24T11:41:21.612Z"}},{"iob":1.874,"basaliob":-0.597,"bolussnooze":0.8633,"activity":0.0194,"lastBolusTime":1703417117000,"time":"2023-12-24T11:46:21.612Z","iobWithZeroTemp":{"iob":1.782,"basaliob":-0.689,"bolussnooze":0.8633,"activity":0.0192,"lastBolusTime":1703417117000,"time":"2023-12-24T11:46:21.612Z"}},{"iob":1.778,"basaliob":-0.566,"bolussnooze":0.7872,"activity":0.019,"lastBolusTime":1703417117000,"time":"2023-12-24T11:51:21.612Z","iobWithZeroTemp":{"iob":1.653,"basaliob":-0.691,"bolussnooze":0.7872,"activity":0.0187,"lastBolusTime":1703417117000,"time":"2023-12-24T11:51:21.612Z"}},{"iob":1.684,"basaliob":-0.535,"bolussnooze":0.7117,"activity":0.0186,"lastBolusTime":1703417117000,"time":"2023-12-24T11:56:21.612Z","iobWithZeroTemp":{"iob":1.528,"basaliob":-0.691,"bolussnooze":0.7117,"activity":0.0181,"lastBolusTime":1703417117000,"time":"2023-12-24T11:56:21.612Z"}},{"iob":1.592,"basaliob":-0.506,"bolussnooze":0.6388,"activity":0.0181,"lastBolusTime":1703417117000,"time":"2023-12-24T12:01:21.612Z","iobWithZeroTemp":{"iob":1.406,"basaliob":-0.692,"bolussnooze":0.6388,"activity":0.0174,"lastBolusTime":1703417117000,"time":"2023-12-24T12:01:21.612Z"}},{"iob":1.503,"basaliob":-0.477,"bolussnooze":0.5697,"activity":0.0176,"lastBolusTime":1703417117000,"time":"2023-12-24T12:06:21.612Z","iobWithZeroTemp":{"iob":1.287,"basaliob":-0.693,"bolussnooze":0.5697,"activity":0.0167,"lastBolusTime":1703417117000,"time":"2023-12-24T12:06:21.612Z"}},{"iob":1.417,"basaliob":-0.449,"bolussnooze":0.5052,"activity":0.017,"lastBolusTime":1703417117000,"time":"2023-12-24T12:11:21.612Z","iobWithZeroTemp":{"iob":1.173,"basaliob":-0.693,"bolussnooze":0.5052,"activity":0.0159,"lastBolusTime":1703417117000,"time":"2023-12-24T12:11:21.612Z"}},{"iob":1.333,"basaliob":-0.423,"bolussnooze":0.4458,"activity":0.0163,"lastBolusTime":1703417117000,"time":"2023-12-24T12:16:21.612Z","iobWithZeroTemp":{"iob":1.061,"basaliob":-0.695,"bolussnooze":0.4458,"activity":0.015,"lastBolusTime":1703417117000,"time":"2023-12-24T12:16:21.612Z"}},{"iob":1.254,"basaliob":-0.397,"bolussnooze":0.3915,"activity":0.0156,"lastBolusTime":1703417117000,"time":"2023-12-24T12:21:21.612Z","iobWithZeroTemp":{"iob":0.956,"basaliob":-0.695,"bolussnooze":0.3915,"activity":0.0141,"lastBolusTime":1703417117000,"time":"2023-12-24T12:21:21.612Z"}},{"iob":1.177,"basaliob":-0.373,"bolussnooze":0.3425,"activity":0.015,"lastBolusTime":1703417117000,"time":"2023-12-24T12:26:21.612Z","iobWithZeroTemp":{"iob":0.854,"basaliob":-0.696,"bolussnooze":0.3425,"activity":0.0132,"lastBolusTime":1703417117000,"time":"2023-12-24T12:26:21.612Z"}},{"iob":1.103,"basaliob":-0.35,"bolussnooze":0.2984,"activity":0.0143,"lastBolusTime":1703417117000,"time":"2023-12-24T12:31:21.612Z","iobWithZeroTemp":{"iob":0.756,"basaliob":-0.697,"bolussnooze":0.2984,"activity":0.0123,"lastBolusTime":1703417117000,"time":"2023-12-24T12:31:21.612Z"}},{"iob":1.034,"basaliob":-0.327,"bolussnooze":0.2591,"activity":0.0137,"lastBolusTime":1703417117000,"time":"2023-12-24T12:36:21.612Z","iobWithZeroTemp":{"iob":0.664,"basaliob":-0.697,"bolussnooze":0.2591,"activity":0.0115,"lastBolusTime":1703417117000,"time":"2023-12-24T12:36:21.612Z"}},{"iob":0.968,"basaliob":-0.306,"bolussnooze":0.2242,"activity":0.013,"lastBolusTime":1703417117000,"time":"2023-12-24T12:41:21.612Z","iobWithZeroTemp":{"iob":0.577,"basaliob":-0.697,"bolussnooze":0.2242,"activity":0.0106,"lastBolusTime":1703417117000,"time":"2023-12-24T12:41:21.612Z"}},{"iob":0.905,"basaliob":-0.286,"bolussnooze":0.1934,"activity":0.0123,"lastBolusTime":1703417117000,"time":"2023-12-24T12:46:21.612Z","iobWithZeroTemp":{"iob":0.493,"basaliob":-0.698,"bolussnooze":0.1934,"activity":0.0096,"lastBolusTime":1703417117000,"time":"2023-12-24T12:46:21.612Z"}},{"iob":0.845,"basaliob":-0.267,"bolussnooze":0.1664,"activity":0.0116,"lastBolusTime":1703417117000,"time":"2023-12-24T12:51:21.612Z","iobWithZeroTemp":{"iob":0.414,"basaliob":-0.698,"bolussnooze":0.1664,"activity":0.0087,"lastBolusTime":1703417117000,"time":"2023-12-24T12:51:21.612Z"}},{"iob":0.788,"basaliob":-0.249,"bolussnooze":0.1426,"activity":0.011,"lastBolusTime":1703417117000,"time":"2023-12-24T12:56:21.612Z","iobWithZeroTemp":{"iob":0.338,"basaliob":-0.699,"bolussnooze":0.1426,"activity":0.0079,"lastBolusTime":1703417117000,"time":"2023-12-24T12:56:21.612Z"}},{"iob":0.735,"basaliob":-0.232,"bolussnooze":0.122,"activity":0.0104,"lastBolusTime":1703417117000,"time":"2023-12-24T13:01:21.612Z","iobWithZeroTemp":{"iob":0.268,"basaliob":-0.699,"bolussnooze":0.122,"activity":0.0071,"lastBolusTime":1703417117000,"time":"2023-12-24T13:01:21.612Z"}},{"iob":0.684,"basaliob":-0.216,"bolussnooze":0.104,"activity":0.0098,"lastBolusTime":1703417117000,"time":"2023-12-24T13:06:21.612Z","iobWithZeroTemp":{"iob":0.2,"basaliob":-0.7,"bolussnooze":0.104,"activity":0.0063,"lastBolusTime":1703417117000,"time":"2023-12-24T13:06:21.612Z"}},{"iob":0.637,"basaliob":-0.201,"bolussnooze":0.0884,"activity":0.0093,"lastBolusTime":1703417117000,"time":"2023-12-24T13:11:21.612Z","iobWithZeroTemp":{"iob":0.138,"basaliob":-0.7,"bolussnooze":0.0884,"activity":0.0056,"lastBolusTime":1703417117000,"time":"2023-12-24T13:11:21.612Z"}},{"iob":0.592,"basaliob":-0.187,"bolussnooze":0.075,"activity":0.0087,"lastBolusTime":1703417117000,"time":"2023-12-24T13:16:21.612Z","iobWithZeroTemp":{"iob":0.078,"basaliob":-0.701,"bolussnooze":0.075,"activity":0.0048,"lastBolusTime":1703417117000,"time":"2023-12-24T13:16:21.612Z"}},{"iob":0.549,"basaliob":-0.174,"bolussnooze":0.0634,"activity":0.0081,"lastBolusTime":1703417117000,"time":"2023-12-24T13:21:21.612Z","iobWithZeroTemp":{"iob":0.022,"basaliob":-0.701,"bolussnooze":0.0634,"activity":0.0041,"lastBolusTime":1703417117000,"time":"2023-12-24T13:21:21.612Z"}},{"iob":0.51,"basaliob":-0.161,"bolussnooze":0.0535,"activity":0.0077,"lastBolusTime":1703417117000,"time":"2023-12-24T13:26:21.612Z","iobWithZeroTemp":{"iob":-0.03,"basaliob":-0.701,"bolussnooze":0.0535,"activity":0.0035,"lastBolusTime":1703417117000,"time":"2023-12-24T13:26:21.612Z"}},{"iob":0.473,"basaliob":-0.149,"bolussnooze":0.045,"activity":0.0071,"lastBolusTime":1703417117000,"time":"2023-12-24T13:31:21.612Z","iobWithZeroTemp":{"iob":-0.079,"basaliob":-0.701,"bolussnooze":0.045,"activity":0.0028,"lastBolusTime":1703417117000,"time":"2023-12-24T13:31:21.612Z"}},{"iob":0.439,"basaliob":-0.138,"bolussnooze":0.0377,"activity":0.0067,"lastBolusTime":1703417117000,"time":"2023-12-24T13:36:21.612Z","iobWithZeroTemp":{"iob":-0.124,"basaliob":-0.701,"bolussnooze":0.0377,"activity":0.0022,"lastBolusTime":1703417117000,"time":"2023-12-24T13:36:21.612Z"}},{"iob":0.406,"basaliob":-0.128,"bolussnooze":0.0316,"activity":0.0063,"lastBolusTime":1703417117000,"time":"2023-12-24T13:41:21.612Z","iobWithZeroTemp":{"iob":-0.168,"basaliob":-0.702,"bolussnooze":0.0316,"activity":0.0017,"lastBolusTime":1703417117000,"time":"2023-12-24T13:41:21.612Z"}},{"iob":0.375,"basaliob":-0.119,"bolussnooze":0.0263,"activity":0.0058,"lastBolusTime":1703417117000,"time":"2023-12-24T13:46:21.612Z","iobWithZeroTemp":{"iob":-0.209,"basaliob":-0.703,"bolussnooze":0.0263,"activity":0.001,"lastBolusTime":1703417117000,"time":"2023-12-24T13:46:21.612Z"}},{"iob":0.347,"basaliob":-0.11,"bolussnooze":0.0219,"activity":0.0055,"lastBolusTime":1703417117000,"time":"2023-12-24T13:51:21.612Z","iobWithZeroTemp":{"iob":-0.246,"basaliob":-0.703,"bolussnooze":0.0219,"activity":6.0E-4,"lastBolusTime":1703417117000,"time":"2023-12-24T13:51:21.612Z"}},{"iob":0.321,"basaliob":-0.101,"bolussnooze":0.0181,"activity":0.0051,"lastBolusTime":1703417117000,"time":"2023-12-24T13:56:21.612Z","iobWithZeroTemp":{"iob":-0.28,"basaliob":-0.702,"bolussnooze":0.0181,"activity":1.0E-4,"lastBolusTime":1703417117000,"time":"2023-12-24T13:56:21.612Z"}},{"iob":0.295,"basaliob":-0.094,"bolussnooze":0.015,"activity":0.0048,"lastBolusTime":1703417117000,"time":"2023-12-24T14:01:21.612Z","iobWithZeroTemp":{"iob":-0.314,"basaliob":-0.703,"bolussnooze":0.015,"activity":-3.0E-4,"lastBolusTime":1703417117000,"time":"2023-12-24T14:01:21.612Z"}},{"iob":0.273,"basaliob":-0.086,"bolussnooze":0.0123,"activity":0.0044,"lastBolusTime":1703417117000,"time":"2023-12-24T14:06:21.612Z","iobWithZeroTemp":{"iob":-0.344,"basaliob":-0.703,"bolussnooze":0.0123,"activity":-8.0E-4,"lastBolusTime":1703417117000,"time":"2023-12-24T14:06:21.612Z"}},{"iob":0.251,"basaliob":-0.08,"bolussnooze":0.0101,"activity":0.0041,"lastBolusTime":1703417117000,"time":"2023-12-24T14:11:21.612Z","iobWithZeroTemp":{"iob":-0.373,"basaliob":-0.704,"bolussnooze":0.0101,"activity":-0.0012,"lastBolusTime":1703417117000,"time":"2023-12-24T14:11:21.612Z"}},{"iob":0.232,"basaliob":-0.073,"bolussnooze":0.0082,"activity":0.0038,"lastBolusTime":1703417117000,"time":"2023-12-24T14:16:21.612Z","iobWithZeroTemp":{"iob":-0.398,"basaliob":-0.703,"bolussnooze":0.0082,"activity":-0.0016,"lastBolusTime":1703417117000,"time":"2023-12-24T14:16:21.612Z"}},{"iob":0.214,"basaliob":-0.067,"bolussnooze":0.0067,"activity":0.0036,"lastBolusTime":1703417117000,"time":"2023-12-24T14:21:21.612Z","iobWithZeroTemp":{"iob":-0.422,"basaliob":-0.703,"bolussnooze":0.0067,"activity":-0.0019,"lastBolusTime":1703417117000,"time":"2023-12-24T14:21:21.612Z"}},{"iob":0.196,"basaliob":-0.062,"bolussnooze":0.0054,"activity":0.0033,"lastBolusTime":1703417117000,"time":"2023-12-24T14:26:21.612Z","iobWithZeroTemp":{"iob":-0.446,"basaliob":-0.704,"bolussnooze":0.0054,"activity":-0.0023,"lastBolusTime":1703417117000,"time":"2023-12-24T14:26:21.612Z"}},{"iob":0.18,"basaliob":-0.057,"bolussnooze":0.0043,"activity":0.003,"lastBolusTime":1703417117000,"time":"2023-12-24T14:31:21.612Z","iobWithZeroTemp":{"iob":-0.467,"basaliob":-0.704,"bolussnooze":0.0043,"activity":-0.0027,"lastBolusTime":1703417117000,"time":"2023-12-24T14:31:21.612Z"}},{"iob":0.166,"basaliob":-0.052,"bolussnooze":0.0034,"activity":0.0028,"lastBolusTime":1703417117000,"time":"2023-12-24T14:36:21.612Z","iobWithZeroTemp":{"iob":-0.485,"basaliob":-0.703,"bolussnooze":0.0034,"activity":-0.003,"lastBolusTime":1703417117000,"time":"2023-12-24T14:36:21.612Z"}},{"iob":0.152,"basaliob":-0.048,"bolussnooze":0.0027,"activity":0.0026,"lastBolusTime":1703417117000,"time":"2023-12-24T14:41:21.612Z","iobWithZeroTemp":{"iob":-0.504,"basaliob":-0.704,"bolussnooze":0.0027,"activity":-0.0032,"lastBolusTime":1703417117000,"time":"2023-12-24T14:41:21.612Z"}},{"iob":0.14,"basaliob":-0.044,"bolussnooze":0.0021,"activity":0.0024,"lastBolusTime":1703417117000,"time":"2023-12-24T14:46:21.612Z","iobWithZeroTemp":{"iob":-0.52,"basaliob":-0.704,"bolussnooze":0.0021,"activity":-0.0035,"lastBolusTime":1703417117000,"time":"2023-12-24T14:46:21.612Z"}},{"iob":0.128,"basaliob":-0.04,"bolussnooze":0.0016,"activity":0.0022,"lastBolusTime":1703417117000,"time":"2023-12-24T14:51:21.612Z","iobWithZeroTemp":{"iob":-0.536,"basaliob":-0.704,"bolussnooze":0.0016,"activity":-0.0037,"lastBolusTime":1703417117000,"time":"2023-12-24T14:51:21.612Z"}},{"iob":0.117,"basaliob":-0.037,"bolussnooze":0.0013,"activity":0.002,"lastBolusTime":1703417117000,"time":"2023-12-24T14:56:21.612Z","iobWithZeroTemp":{"iob":-0.55,"basaliob":-0.704,"bolussnooze":0.0013,"activity":-0.004,"lastBolusTime":1703417117000,"time":"2023-12-24T14:56:21.612Z"}},{"iob":0.107,"basaliob":-0.034,"bolussnooze":0.001,"activity":0.0019,"lastBolusTime":1703417117000,"time":"2023-12-24T15:01:21.612Z","iobWithZeroTemp":{"iob":-0.563,"basaliob":-0.704,"bolussnooze":0.001,"activity":-0.0042,"lastBolusTime":1703417117000,"time":"2023-12-24T15:01:21.612Z"}},{"iob":0.098,"basaliob":-0.031,"bolussnooze":7.0E-4,"activity":0.0017,"lastBolusTime":1703417117000,"time":"2023-12-24T15:06:21.612Z","iobWithZeroTemp":{"iob":-0.575,"basaliob":-0.704,"bolussnooze":7.0E-4,"activity":-0.0044,"lastBolusTime":1703417117000,"time":"2023-12-24T15:06:21.612Z"}},{"iob":0.09,"basaliob":-0.028,"bolussnooze":5.0E-4,"activity":0.0016,"lastBolusTime":1703417117000,"time":"2023-12-24T15:11:21.612Z","iobWithZeroTemp":{"iob":-0.586,"basaliob":-0.704,"bolussnooze":5.0E-4,"activity":-0.0045,"lastBolusTime":1703417117000,"time":"2023-12-24T15:11:21.612Z"}},{"iob":0.081,"basaliob":-0.026,"bolussnooze":4.0E-4,"activity":0.0015,"lastBolusTime":1703417117000,"time":"2023-12-24T15:16:21.612Z","iobWithZeroTemp":{"iob":-0.597,"basaliob":-0.704,"bolussnooze":4.0E-4,"activity":-0.0047,"lastBolusTime":1703417117000,"time":"2023-12-24T15:16:21.612Z"}},{"iob":0.074,"basaliob":-0.024,"bolussnooze":3.0E-4,"activity":0.0014,"lastBolusTime":1703417117000,"time":"2023-12-24T15:21:21.612Z","iobWithZeroTemp":{"iob":-0.607,"basaliob":-0.705,"bolussnooze":3.0E-4,"activity":-0.0048,"lastBolusTime":1703417117000,"time":"2023-12-24T15:21:21.612Z"}},{"iob":0.067,"basaliob":-0.022,"bolussnooze":2.0E-4,"activity":0.0013,"lastBolusTime":1703417117000,"time":"2023-12-24T15:26:21.612Z","iobWithZeroTemp":{"iob":-0.616,"basaliob":-0.705,"bolussnooze":2.0E-4,"activity":-0.005,"lastBolusTime":1703417117000,"time":"2023-12-24T15:26:21.612Z"}}],"profile":{"max_iob":7,"type":"current","max_daily_basal":0.45,"max_basal":1.35,"min_bg":81.0000000000001,"max_bg":81.0000000000001,"target_bg":81.0000000000001,"carb_ratio":11,"sens":352.8,"max_daily_safety_multiplier":3,"current_basal_safety_multiplier":4,"lgsThreshold":65,"high_temptarget_raises_sensitivity":false,"low_temptarget_lowers_sensitivity":false,"sensitivity_raises_target":true,"resistance_lowers_target":true,"adv_target_adjustments":false,"exercise_mode":false,"half_basal_exercise_target":160,"maxCOB":120,"skip_neutral_temps":false,"remainingCarbsCap":90,"enableUAM":true,"A52_risk_enable":false,"SMBInterval":4,"enableSMB_with_COB":true,"enableSMB_with_temptarget":false,"allowSMB_with_high_temptarget":true,"enableSMB_always":true,"enableSMB_after_carbs":false,"maxSMBBasalMinutes":60,"maxUAMSMBBasalMinutes":60,"bolus_increment":0.05,"carbsReqThreshold":10,"current_basal":0.4,"temptargetSet":true,"autosens_max":1.2,"autosens_min":0.8,"out_units":"mmol\/L","variable_sens":132.5,"insulinDivisor":65,"TDD":12.856000028571428},"autosens_data":{"ratio":0.9379721167687581},"meal_data":{"carbs":90,"mealCOB":33.944693877551,"slopeFromMaxDeviation":-2.6228999999999996,"slopeFromMinDeviation":0,"lastBolusTime":1703417117000,"lastCarbTime":1703416973000},"microBolusAllowed":true,"currentTime":1703417483971,"flatBGsDetected":false,"tdd1D":36.190166666666634,"tdd7D":31.004297619047623,"tddLast24H":29.081166666666668,"tddLast4H":8.920000000000002,"tddLast8to4H":1.4541666666666666},"output":{"temp":"absolute","bg":122,"tick":-13,"eventualBG":246,"targetBG":81.0000000000001,"insulinReq":0,"deliverAt":"2023-12-24T11:31:23.971Z","sensitivityRatio":0.9379721167687581,"variable_sens":132.5,"predBGs":{"IOB":[122,109,95,80,63,44,39,39,39,39,39,39,39],"ZT":[122,109,95,80,63,44,39,39,39,39,39,39,39,39,39,39,39,39,39,39,39,39,39,39,39,39,39,39,39,39,39,39,39,39,39,39,39,39,39,39,39,39,39,39,39,39,39,39],"COB":[122,110,99,89,80,73,66,61,57,55,54,55,56,60,64,71,78,87,97,109,122,136,148,160,172,182,193,202,211,218,226,232,238,243,247,250,253,254,255,255,255,253,252,251,249,248,247,246],"UAM":[122,109,95,80,63,43,39,39,39,39,39,39,39]},"reason":"COB: 33.9, Dev: 0.0, BGI: -0.7, ISF: 7.4, CR: 11, Target: 4.5, minPredBG -10.4, minGuardBG -14.5, IOBpredBG 2.2, COBpredBG 13.7, UAMpredBG 2.2; 13 add'l carbs req w\/in 35m; minGuardBG -14.5<3.6","COB":33.944693877551,"IOB":2.168,"carbsReq":13,"carbsReqWithin":35,"duration":120,"rate":0,"timestamp":"2023-12-24T11:31:23.996Z"}}