{"algorithm":"OpenAPSSMBDynamicISFPlugin","input":{"glucoseStatus":{"glucose":139,"noise":0,"delta":-30,"short_avgdelta":-26.17,"long_avgdelta":-7.25,"date":1703184955357},"currenttemp":{"temp":"absolute","duration":110,"rate":0,"minutesrunning":10},"iob_data":[{"iob":3.621,"basaliob":-0.118,"bolussnooze":0.4674,"activity":0.0329,"lastBolusTime":1703184098000,"time":"2023-12-21T18:56:13.953Z","iobWithZeroTemp":{"iob":3.621,"basaliob":-0.118,"bolussnooze":0.4674,"activity":0.0329,"lastBolusTime":1703184098000,"time":"2023-12-21T18:56:13.953Z"}},{"iob":3.457,"basaliob":-0.104,"bolussnooze":0.4221,"activity":0.033,"lastBolusTime":1703184098000,"time":"2023-12-21T19:01:13.953Z","iobWithZeroTemp":{"iob":3.43,"basaliob":-0.131,"bolussnooze":0.4221,"activity":0.033,"lastBolusTime":1703184098000,"time":"2023-12-21T19:01:13.953Z"}},{"iob":3.292,"basaliob":-0.092,"bolussnooze":0.3785,"activity":0.0327,"lastBolusTime":1703184098000,"time":"2023-12-21T19:06:13.953Z","iobWithZeroTemp":{"iob":3.232,"basaliob":-0.152,"bolussnooze":0.3785,"activity":0.0326,"lastBolusTime":1703184098000,"time":"2023-12-21T19:06:13.953Z"}},{"iob":3.129,"basaliob":-0.081,"bolussnooze":0.3372,"activity":0.0324,"lastBolusTime":1703184098000,"time":"2023-12-21T19:11:13.953Z","iobWithZeroTemp":{"iob":3.037,"basaliob":-0.173,"bolussnooze":0.3372,"activity":0.0322,"lastBolusTime":1703184098000,"time":"2023-12-21T19:11:13.953Z"}},{"iob":2.968,"basaliob":-0.071,"bolussnooze":0.2987,"activity":0.0318,"lastBolusTime":1703184098000,"time":"2023-12-21T19:16:13.953Z","iobWithZeroTemp":{"iob":2.843,"basaliob":-0.196,"bolussnooze":0.2987,"activity":0.0315,"lastBolusTime":1703184098000,"time":"2023-12-21T19:16:13.953Z"}},{"iob":2.811,"basaliob":-0.062,"bolussnooze":0.2633,"activity":0.0311,"lastBolusTime":1703184098000,"time":"2023-12-21T19:21:13.953Z","iobWithZeroTemp":{"iob":2.655,"basaliob":-0.218,"bolussnooze":0.2633,"activity":0.0306,"lastBolusTime":1703184098000,"time":"2023-12-21T19:21:13.953Z"}},{"iob":2.658,"basaliob":-0.054,"bolussnooze":0.2311,"activity":0.0302,"lastBolusTime":1703184098000,"time":"2023-12-21T19:26:13.953Z","iobWithZeroTemp":{"iob":2.472,"basaliob":-0.24,"bolussnooze":0.2311,"activity":0.0295,"lastBolusTime":1703184098000,"time":"2023-12-21T19:26:13.953Z"}},{"iob":2.509,"basaliob":-0.047,"bolussnooze":0.2019,"activity":0.0293,"lastBolusTime":1703184098000,"time":"2023-12-21T19:31:13.953Z","iobWithZeroTemp":{"iob":2.293,"basaliob":-0.263,"bolussnooze":0.2019,"activity":0.0284,"lastBolusTime":1703184098000,"time":"2023-12-21T19:31:13.953Z"}},{"iob":2.366,"basaliob":-0.04,"bolussnooze":0.1758,"activity":0.0282,"lastBolusTime":1703184098000,"time":"2023-12-21T19:36:13.953Z","iobWithZeroTemp":{"iob":2.122,"basaliob":-0.284,"bolussnooze":0.1758,"activity":0.0271,"lastBolusTime":1703184098000,"time":"2023-12-21T19:36:13.953Z"}},{"iob":2.227,"basaliob":-0.035,"bolussnooze":0.1525,"activity":0.0271,"lastBolusTime":1703184098000,"time":"2023-12-21T19:41:13.953Z","iobWithZeroTemp":{"iob":1.955,"basaliob":-0.307,"bolussnooze":0.1525,"activity":0.0258,"lastBolusTime":1703184098000,"time":"2023-12-21T19:41:13.953Z"}},{"iob":2.093,"basaliob":-0.03,"bolussnooze":0.1318,"activity":0.0261,"lastBolusTime":1703184098000,"time":"2023-12-21T19:46:13.953Z","iobWithZeroTemp":{"iob":1.795,"basaliob":-0.328,"bolussnooze":0.1318,"activity":0.0246,"lastBolusTime":1703184098000,"time":"2023-12-21T19:46:13.953Z"}},{"iob":1.966,"basaliob":-0.025,"bolussnooze":0.1135,"activity":0.025,"lastBolusTime":1703184098000,"time":"2023-12-21T19:51:13.953Z","iobWithZeroTemp":{"iob":1.643,"basaliob":-0.348,"bolussnooze":0.1135,"activity":0.0232,"lastBolusTime":1703184098000,"time":"2023-12-21T19:51:13.953Z"}},{"iob":1.843,"basaliob":-0.022,"bolussnooze":0.0975,"activity":0.0239,"lastBolusTime":1703184098000,"time":"2023-12-21T19:56:13.953Z","iobWithZeroTemp":{"iob":1.496,"basaliob":-0.369,"bolussnooze":0.0975,"activity":0.0219,"lastBolusTime":1703184098000,"time":"2023-12-21T19:56:13.953Z"}},{"iob":1.728,"basaliob":-0.018,"bolussnooze":0.0835,"activity":0.0228,"lastBolusTime":1703184098000,"time":"2023-12-21T20:01:13.953Z","iobWithZeroTemp":{"iob":1.358,"basaliob":-0.388,"bolussnooze":0.0835,"activity":0.0206,"lastBolusTime":1703184098000,"time":"2023-12-21T20:01:13.953Z"}},{"iob":1.617,"basaliob":-0.015,"bolussnooze":0.0713,"activity":0.0216,"lastBolusTime":1703184098000,"time":"2023-12-21T20:06:13.953Z","iobWithZeroTemp":{"iob":1.226,"basaliob":-0.406,"bolussnooze":0.0713,"activity":0.0192,"lastBolusTime":1703184098000,"time":"2023-12-21T20:06:13.953Z"}},{"iob":1.512,"basaliob":-0.012,"bolussnooze":0.0607,"activity":0.0205,"lastBolusTime":1703184098000,"time":"2023-12-21T20:11:13.953Z","iobWithZeroTemp":{"iob":1.1,"basaliob":-0.424,"bolussnooze":0.0607,"activity":0.0178,"lastBolusTime":1703184098000,"time":"2023-12-21T20:11:13.953Z"}},{"iob":1.412,"basaliob":-0.01,"bolussnooze":0.0516,"activity":0.0194,"lastBolusTime":1703184098000,"time":"2023-12-21T20:16:13.953Z","iobWithZeroTemp":{"iob":0.981,"basaliob":-0.441,"bolussnooze":0.0516,"activity":0.0165,"lastBolusTime":1703184098000,"time":"2023-12-21T20:16:13.953Z"}},{"iob":1.317,"basaliob":-0.008,"bolussnooze":0.0437,"activity":0.0183,"lastBolusTime":1703184098000,"time":"2023-12-21T20:21:13.953Z","iobWithZeroTemp":{"iob":0.867,"basaliob":-0.458,"bolussnooze":0.0437,"activity":0.0152,"lastBolusTime":1703184098000,"time":"2023-12-21T20:21:13.953Z"}},{"iob":1.228,"basaliob":-0.006,"bolussnooze":0.0369,"activity":0.0174,"lastBolusTime":1703184098000,"time":"2023-12-21T20:26:13.953Z","iobWithZeroTemp":{"iob":0.761,"basaliob":-0.473,"bolussnooze":0.0369,"activity":0.0141,"lastBolusTime":1703184098000,"time":"2023-12-21T20:26:13.953Z"}},{"iob":1.144,"basaliob":-0.005,"bolussnooze":0.0311,"activity":0.0163,"lastBolusTime":1703184098000,"time":"2023-12-21T20:31:13.953Z","iobWithZeroTemp":{"iob":0.66,"basaliob":-0.489,"bolussnooze":0.0311,"activity":0.0128,"lastBolusTime":1703184098000,"time":"2023-12-21T20:31:13.953Z"}},{"iob":1.065,"basaliob":-0.003,"bolussnooze":0.0261,"activity":0.0153,"lastBolusTime":1703184098000,"time":"2023-12-21T20:36:13.953Z","iobWithZeroTemp":{"iob":0.566,"basaliob":-0.502,"bolussnooze":0.0261,"activity":0.0116,"lastBolusTime":1703184098000,"time":"2023-12-21T20:36:13.953Z"}},{"iob":0.99,"basaliob":-0.002,"bolussnooze":0.0219,"activity":0.0145,"lastBolusTime":1703184098000,"time":"2023-12-21T20:41:13.953Z","iobWithZeroTemp":{"iob":0.476,"basaliob":-0.516,"bolussnooze":0.0219,"activity":0.0106,"lastBolusTime":1703184098000,"time":"2023-12-21T20:41:13.953Z"}},{"iob":0.92,"basaliob":-0.001,"bolussnooze":0.0183,"activity":0.0136,"lastBolusTime":1703184098000,"time":"2023-12-21T20:46:13.953Z","iobWithZeroTemp":{"iob":0.393,"basaliob":-0.528,"bolussnooze":0.0183,"activity":0.0096,"lastBolusTime":1703184098000,"time":"2023-12-21T20:46:13.953Z"}},{"iob":0.854,"basaliob":0,"bolussnooze":0.0152,"activity":0.0127,"lastBolusTime":1703184098000,"time":"2023-12-21T20:51:13.953Z","iobWithZeroTemp":{"iob":0.314,"basaliob":-0.54,"bolussnooze":0.0152,"activity":0.0085,"lastBolusTime":1703184098000,"time":"2023-12-21T20:51:13.953Z"}},{"iob":0.793,"basaliob":0.001,"bolussnooze":0.0127,"activity":0.012,"lastBolusTime":1703184098000,"time":"2023-12-21T20:56:13.953Z","iobWithZeroTemp":{"iob":0.241,"basaliob":-0.551,"bolussnooze":0.0127,"activity":0.0077,"lastBolusTime":1703184098000,"time":"2023-12-21T20:56:13.953Z"}},{"iob":0.734,"basaliob":0.001,"bolussnooze":0.0105,"activity":0.0112,"lastBolusTime":1703184098000,"time":"2023-12-21T21:01:13.953Z","iobWithZeroTemp":{"iob":0.171,"basaliob":-0.562,"bolussnooze":0.0105,"activity":0.0067,"lastBolusTime":1703184098000,"time":"2023-12-21T21:01:13.953Z"}},{"iob":0.681,"basaliob":0.002,"bolussnooze":0.0087,"activity":0.0105,"lastBolusTime":1703184098000,"time":"2023-12-21T21:06:13.953Z","iobWithZeroTemp":{"iob":0.107,"basaliob":-0.572,"bolussnooze":0.0087,"activity":0.0059,"lastBolusTime":1703184098000,"time":"2023-12-21T21:06:13.953Z"}},{"iob":0.63,"basaliob":0.002,"bolussnooze":0.0071,"activity":0.0098,"lastBolusTime":1703184098000,"time":"2023-12-21T21:11:13.953Z","iobWithZeroTemp":{"iob":0.046,"basaliob":-0.582,"bolussnooze":0.0071,"activity":0.005,"lastBolusTime":1703184098000,"time":"2023-12-21T21:11:13.953Z"}},{"iob":0.582,"basaliob":0.002,"bolussnooze":0.0059,"activity":0.0091,"lastBolusTime":1703184098000,"time":"2023-12-21T21:16:13.953Z","iobWithZeroTemp":{"iob":-0.011,"basaliob":-0.591,"bolussnooze":0.0059,"activity":0.0042,"lastBolusTime":1703184098000,"time":"2023-12-21T21:16:13.953Z"}},{"iob":0.539,"basaliob":0.003,"bolussnooze":0.0048,"activity":0.0086,"lastBolusTime":1703184098000,"time":"2023-12-21T21:21:13.953Z","iobWithZeroTemp":{"iob":-0.062,"basaliob":-0.598,"bolussnooze":0.0048,"activity":0.0036,"lastBolusTime":1703184098000,"time":"2023-12-21T21:21:13.953Z"}},{"iob":0.497,"basaliob":0.003,"bolussnooze":0.0039,"activity":0.008,"lastBolusTime":1703184098000,"time":"2023-12-21T21:26:13.953Z","iobWithZeroTemp":{"iob":-0.112,"basaliob":-0.606,"bolussnooze":0.0039,"activity":0.0029,"lastBolusTime":1703184098000,"time":"2023-12-21T21:26:13.953Z"}},{"iob":0.459,"basaliob":0.003,"bolussnooze":0.0032,"activity":0.0074,"lastBolusTime":1703184098000,"time":"2023-12-21T21:31:13.953Z","iobWithZeroTemp":{"iob":-0.158,"basaliob":-0.614,"bolussnooze":0.0032,"activity":0.0022,"lastBolusTime":1703184098000,"time":"2023-12-21T21:31:13.953Z"}},{"iob":0.423,"basaliob":0.003,"bolussnooze":0.0025,"activity":0.0069,"lastBolusTime":1703184098000,"time":"2023-12-21T21:36:13.953Z","iobWithZeroTemp":{"iob":-0.201,"basaliob":-0.621,"bolussnooze":0.0025,"activity":0.0016,"lastBolusTime":1703184098000,"time":"2023-12-21T21:36:13.953Z"}},{"iob":0.39,"basaliob":0.003,"bolussnooze":0.002,"activity":0.0064,"lastBolusTime":1703184098000,"time":"2023-12-21T21:41:13.953Z","iobWithZeroTemp":{"iob":-0.24,"basaliob":-0.627,"bolussnooze":0.002,"activity":0.001,"lastBolusTime":1703184098000,"time":"2023-12-21T21:41:13.953Z"}},{"iob":0.359,"basaliob":0.003,"bolussnooze":0.0016,"activity":0.0059,"lastBolusTime":1703184098000,"time":"2023-12-21T21:46:13.953Z","iobWithZeroTemp":{"iob":-0.277,"basaliob":-0.633,"bolussnooze":0.0016,"activity":4.0E-4,"lastBolusTime":1703184098000,"time":"2023-12-21T21:46:13.953Z"}},{"iob":0.33,"basaliob":0.003,"bolussnooze":0.0013,"activity":0.0055,"lastBolusTime":1703184098000,"time":"2023-12-21T21:51:13.953Z","iobWithZeroTemp":{"iob":-0.312,"basaliob":-0.639,"bolussnooze":0.0013,"activity":-1.0E-4,"lastBolusTime":1703184098000,"time":"2023-12-21T21:51:13.953Z"}},{"iob":0.304,"basaliob":0.003,"bolussnooze":0.001,"activity":0.0051,"lastBolusTime":1703184098000,"time":"2023-12-21T21:56:13.953Z","iobWithZeroTemp":{"iob":-0.343,"basaliob":-0.644,"bolussnooze":0.001,"activity":-6.0E-4,"lastBolusTime":1703184098000,"time":"2023-12-21T21:56:13.953Z"}},{"iob":0.279,"basaliob":0.003,"bolussnooze":8.0E-4,"activity":0.0047,"lastBolusTime":1703184098000,"time":"2023-12-21T22:01:13.953Z","iobWithZeroTemp":{"iob":-0.372,"basaliob":-0.648,"bolussnooze":8.0E-4,"activity":-0.0011,"lastBolusTime":1703184098000,"time":"2023-12-21T22:01:13.953Z"}},{"iob":0.256,"basaliob":0.003,"bolussnooze":6.0E-4,"activity":0.0044,"lastBolusTime":1703184098000,"time":"2023-12-21T22:06:13.953Z","iobWithZeroTemp":{"iob":-0.404,"basaliob":-0.657,"bolussnooze":6.0E-4,"activity":-0.0014,"lastBolusTime":1703184098000,"time":"2023-12-21T22:06:13.953Z"}},{"iob":0.235,"basaliob":0.003,"bolussnooze":4.0E-4,"activity":0.004,"lastBolusTime":1703184098000,"time":"2023-12-21T22:11:13.953Z","iobWithZeroTemp":{"iob":-0.433,"basaliob":-0.665,"bolussnooze":4.0E-4,"activity":-0.0019,"lastBolusTime":1703184098000,"time":"2023-12-21T22:11:13.953Z"}},{"iob":0.216,"basaliob":0.003,"bolussnooze":3.0E-4,"activity":0.0037,"lastBolusTime":1703184098000,"time":"2023-12-21T22:16:13.953Z","iobWithZeroTemp":{"iob":-0.46,"basaliob":-0.673,"bolussnooze":3.0E-4,"activity":-0.0023,"lastBolusTime":1703184098000,"time":"2023-12-21T22:16:13.953Z"}},{"iob":0.198,"basaliob":0.003,"bolussnooze":2.0E-4,"activity":0.0035,"lastBolusTime":1703184098000,"time":"2023-12-21T22:21:13.953Z","iobWithZeroTemp":{"iob":-0.485,"basaliob":-0.68,"bolussnooze":2.0E-4,"activity":-0.0025,"lastBolusTime":1703184098000,"time":"2023-12-21T22:21:13.953Z"}},{"iob":0.181,"basaliob":0.003,"bolussnooze":2.0E-4,"activity":0.0032,"lastBolusTime":1703184098000,"time":"2023-12-21T22:26:13.953Z","iobWithZeroTemp":{"iob":-0.509,"basaliob":-0.687,"bolussnooze":2.0E-4,"activity":-0.0029,"lastBolusTime":1703184098000,"time":"2023-12-21T22:26:13.953Z"}},{"iob":0.166,"basaliob":0.003,"bolussnooze":1.0E-4,"activity":0.0029,"lastBolusTime":1703184098000,"time":"2023-12-21T22:31:13.953Z","iobWithZeroTemp":{"iob":-0.531,"basaliob":-0.694,"bolussnooze":1.0E-4,"activity":-0.0033,"lastBolusTime":1703184098000,"time":"2023-12-21T22:31:13.953Z"}},{"iob":0.152,"basaliob":0.003,"bolussnooze":1.0E-4,"activity":0.0027,"lastBolusTime":1703184098000,"time":"2023-12-21T22:36:13.953Z","iobWithZeroTemp":{"iob":-0.552,"basaliob":-0.701,"bolussnooze":1.0E-4,"activity":-0.0036,"lastBolusTime":1703184098000,"time":"2023-12-21T22:36:13.953Z"}},{"iob":0.139,"basaliob":0.003,"bolussnooze":0,"activity":0.0025,"lastBolusTime":1703184098000,"time":"2023-12-21T22:41:13.953Z","iobWithZeroTemp":{"iob":-0.571,"basaliob":-0.707,"bolussnooze":0,"activity":-0.0038,"lastBolusTime":1703184098000,"time":"2023-12-21T22:41:13.953Z"}},{"iob":0.127,"basaliob":0.003,"bolussnooze":0,"activity":0.0023,"lastBolusTime":1703184098000,"time":"2023-12-21T22:46:13.953Z","iobWithZeroTemp":{"iob":-0.588,"basaliob":-0.712,"bolussnooze":0,"activity":-0.0041,"lastBolusTime":1703184098000,"time":"2023-12-21T22:46:13.953Z"}},{"iob":0.115,"basaliob":0.002,"bolussnooze":0,"activity":0.0021,"lastBolusTime":1703184098000,"time":"2023-12-21T22:51:13.953Z","iobWithZeroTemp":{"iob":-0.606,"basaliob":-0.719,"bolussnooze":0,"activity":-0.0044,"lastBolusTime":1703184098000,"time":"2023-12-21T22:51:13.953Z"}}],"profile":{"max_iob":7,"type":"current","max_daily_basal":0.45,"max_basal":1.35,"min_bg":81.0000000000001,"max_bg":81.0000000000001,"target_bg":81.0000000000001,"carb_ratio":11,"sens":352.8,"max_daily_safety_multiplier":3,"current_basal_safety_multiplier":4,"lgsThreshold":65,"high_temptarget_raises_sensitivity":false,"low_temptarget_lowers_sensitivity":false,"sensitivity_raises_target":true,"resistance_lowers_target":true,"adv_target_adjustments":false,"exercise_mode":false,"half_basal_exercise_target":160,"maxCOB":120,"skip_neutral_temps":false,"remainingCarbsCap":90,"enableUAM":true,"A52_risk_enable":false,"SMBInterval":4,"enableSMB_with_COB":true,"enableSMB_with_temptarget":false,"allowSMB_with_high_temptarget":true,"enableSMB_always":true,"enableSMB_after_carbs":false,"maxSMBBasalMinutes":60,"maxUAMSMBBasalMinutes":60,"bolus_increment":0.05,"carbsReqThreshold":10,"current_basal":0.4,"temptargetSet":true,"autosens_max":1.2,"autosens_min":0.8,"out_units":"mmol\/L","variable_sens":43.4,"insulinDivisor":65,"TDD":36.26960250000001},"autosens_data":{"ratio":1.2595924070292837},"meal_data":{"carbs":80,"mealCOB":35.27094557823127,"slopeFromMaxDeviation":-3.8386249999999995,"slopeFromMinDeviation":0,"lastBolusTime":1703184098000,"lastCarbTime":1703183586000},"microBolusAllowed":true,"currentTime":1703184976078,"flatBGsDetected":false,"tdd1D":29.01841666666669,"tdd7D":27.79325000000001,"tddLast24H":35.008166666666654,"tddLast4H":9.03,"tddLast8to4H":7.960000000000002},"output":{"temp":"absolute","bg":139,"tick":-30,"eventualBG":39,"targetBG":81.0000000000001,"insulinReq":0,"deliverAt":"2023-12-21T18:56:16.078Z","sensitivityRatio":1.2595924070292837,"variable_sens":43.4,"predBGs":{"IOB":[139,111,84,57,39,39,39,39,39,39,39,39,39],"ZT":[139,132,124,117,109,101,93,85,76,68,59,49,39,39,39,39,39,39,39,39,39,39,39,39,39,39,39,39,39,39,39,39,39,39,39,39,39,39,39,39,39,39,39,39,39,39,39,39],"COB":[139,111,86,63,42,39,39,39,39,39,39,39,39],"UAM":[139,111,84,57,39,39,39,39,39,39,39,39,39]},"reason":"COB: 35.3, Dev: -0.1, BGI: -0.4, ISF: 2.4, CR: 11, Target: 4.5, minPredBG -4.3, minGuardBG -11.2, IOBpredBG 2.2, COBpredBG 2.2, UAMpredBG 2.2; 51 add'l carbs req w\/in 15m; minGuardBG -11.2<3.6","COB":35.27094557823127,"IOB":3.621,"carbsReq":51,"carbsReqWithin":15,"duration":120,"rate":0,"timestamp":"2023-12-21T18:56:16.105Z"}}