{"algorithm":"OpenAPSSMBDynamicISFPlugin","input":{"glucoseStatus":{"glucose":116,"noise":0,"delta":1,"short_avgdelta":0.33,"long_avgdelta":0,"date":1703821914598},"currenttemp":{"temp":"absolute","duration":25,"rate":0.16200000000000003,"minutesrunning":5},"iob_data":[{"iob":-0.1,"basaliob":-0.229,"bolussnooze":0,"activity":-0.0013,"lastBolusTime":1703819246000,"time":"2023-12-29T03:52:17.366Z","iobWithZeroTemp":{"iob":-0.1,"basaliob":-0.229,"bolussnooze":0,"activity":-0.0013,"lastBolusTime":1703819246000,"time":"2023-12-29T03:52:17.366Z"}},{"iob":-0.093,"basaliob":-0.214,"bolussnooze":0,"activity":-0.0013,"lastBolusTime":1703819246000,"time":"2023-12-29T03:57:17.366Z","iobWithZeroTemp":{"iob":-0.111,"basaliob":-0.232,"bolussnooze":0,"activity":-0.0013,"lastBolusTime":1703819246000,"time":"2023-12-29T03:57:17.366Z"}},{"iob":-0.086,"basaliob":-0.2,"bolussnooze":0,"activity":-0.0012,"lastBolusTime":1703819246000,"time":"2023-12-29T04:02:17.366Z","iobWithZeroTemp":{"iob":-0.129,"basaliob":-0.243,"bolussnooze":0,"activity":-0.0013,"lastBolusTime":1703819246000,"time":"2023-12-29T04:02:17.366Z"}},{"iob":-0.081,"basaliob":-0.187,"bolussnooze":0,"activity":-0.0012,"lastBolusTime":1703819246000,"time":"2023-12-29T04:07:17.366Z","iobWithZeroTemp":{"iob":-0.148,"basaliob":-0.254,"bolussnooze":0,"activity":-0.0013,"lastBolusTime":1703819246000,"time":"2023-12-29T04:07:17.366Z"}},{"iob":-0.075,"basaliob":-0.174,"bolussnooze":0,"activity":-0.001,"lastBolusTime":1703819246000,"time":"2023-12-29T04:12:17.366Z","iobWithZeroTemp":{"iob":-0.166,"basaliob":-0.265,"bolussnooze":0,"activity":-0.0012,"lastBolusTime":1703819246000,"time":"2023-12-29T04:12:17.366Z"}},{"iob":-0.07,"basaliob":-0.162,"bolussnooze":0,"activity":-0.001,"lastBolusTime":1703819246000,"time":"2023-12-29T04:17:17.366Z","iobWithZeroTemp":{"iob":-0.185,"basaliob":-0.277,"bolussnooze":0,"activity":-0.0014,"lastBolusTime":1703819246000,"time":"2023-12-29T04:17:17.366Z"}},{"iob":-0.065,"basaliob":-0.151,"bolussnooze":0,"activity":-0.001,"lastBolusTime":1703819246000,"time":"2023-12-29T04:22:17.366Z","iobWithZeroTemp":{"iob":-0.203,"basaliob":-0.289,"bolussnooze":0,"activity":-0.0015,"lastBolusTime":1703819246000,"time":"2023-12-29T04:22:17.366Z"}},{"iob":-0.061,"basaliob":-0.141,"bolussnooze":0,"activity":-8.0E-4,"lastBolusTime":1703819246000,"time":"2023-12-29T04:27:17.366Z","iobWithZeroTemp":{"iob":-0.221,"basaliob":-0.301,"bolussnooze":0,"activity":-0.0014,"lastBolusTime":1703819246000,"time":"2023-12-29T04:27:17.366Z"}},{"iob":-0.056,"basaliob":-0.131,"bolussnooze":0,"activity":-8.0E-4,"lastBolusTime":1703819246000,"time":"2023-12-29T04:32:17.366Z","iobWithZeroTemp":{"iob":-0.237,"basaliob":-0.312,"bolussnooze":0,"activity":-0.0016,"lastBolusTime":1703819246000,"time":"2023-12-29T04:32:17.366Z"}},{"iob":-0.052,"basaliob":-0.121,"bolussnooze":0,"activity":-8.0E-4,"lastBolusTime":1703819246000,"time":"2023-12-29T04:37:17.366Z","iobWithZeroTemp":{"iob":-0.254,"basaliob":-0.323,"bolussnooze":0,"activity":-0.0018,"lastBolusTime":1703819246000,"time":"2023-12-29T04:37:17.366Z"}},{"iob":-0.049,"basaliob":-0.113,"bolussnooze":0,"activity":-7.0E-4,"lastBolusTime":1703819246000,"time":"2023-12-29T04:42:17.366Z","iobWithZeroTemp":{"iob":-0.27,"basaliob":-0.334,"bolussnooze":0,"activity":-0.0018,"lastBolusTime":1703819246000,"time":"2023-12-29T04:42:17.366Z"}},{"iob":-0.044,"basaliob":-0.104,"bolussnooze":0,"activity":-7.0E-4,"lastBolusTime":1703819246000,"time":"2023-12-29T04:47:17.366Z","iobWithZeroTemp":{"iob":-0.284,"basaliob":-0.344,"bolussnooze":0,"activity":-0.002,"lastBolusTime":1703819246000,"time":"2023-12-29T04:47:17.366Z"}},{"iob":-0.042,"basaliob":-0.097,"bolussnooze":0,"activity":-7.0E-4,"lastBolusTime":1703819246000,"time":"2023-12-29T04:52:17.366Z","iobWithZeroTemp":{"iob":-0.3,"basaliob":-0.355,"bolussnooze":0,"activity":-0.0022,"lastBolusTime":1703819246000,"time":"2023-12-29T04:52:17.366Z"}},{"iob":-0.038,"basaliob":-0.089,"bolussnooze":0,"activity":-6.0E-4,"lastBolusTime":1703819246000,"time":"2023-12-29T04:57:17.366Z","iobWithZeroTemp":{"iob":-0.314,"basaliob":-0.365,"bolussnooze":0,"activity":-0.0022,"lastBolusTime":1703819246000,"time":"2023-12-29T04:57:17.366Z"}},{"iob":-0.035,"basaliob":-0.083,"bolussnooze":0,"activity":-6.0E-4,"lastBolusTime":1703819246000,"time":"2023-12-29T05:02:17.366Z","iobWithZeroTemp":{"iob":-0.327,"basaliob":-0.375,"bolussnooze":0,"activity":-0.0024,"lastBolusTime":1703819246000,"time":"2023-12-29T05:02:17.366Z"}},{"iob":-0.032,"basaliob":-0.076,"bolussnooze":0,"activity":-5.0E-4,"lastBolusTime":1703819246000,"time":"2023-12-29T05:07:17.366Z","iobWithZeroTemp":{"iob":-0.348,"basaliob":-0.392,"bolussnooze":0,"activity":-0.0025,"lastBolusTime":1703819246000,"time":"2023-12-29T05:07:17.366Z"}},{"iob":-0.03,"basaliob":-0.071,"bolussnooze":0,"activity":-5.0E-4,"lastBolusTime":1703819246000,"time":"2023-12-29T05:12:17.366Z","iobWithZeroTemp":{"iob":-0.369,"basaliob":-0.41,"bolussnooze":0,"activity":-0.0027,"lastBolusTime":1703819246000,"time":"2023-12-29T05:12:17.366Z"}},{"iob":-0.027,"basaliob":-0.065,"bolussnooze":0,"activity":-5.0E-4,"lastBolusTime":1703819246000,"time":"2023-12-29T05:17:17.366Z","iobWithZeroTemp":{"iob":-0.395,"basaliob":-0.433,"bolussnooze":0,"activity":-0.0029,"lastBolusTime":1703819246000,"time":"2023-12-29T05:17:17.366Z"}},{"iob":-0.025,"basaliob":-0.06,"bolussnooze":0,"activity":-4.0E-4,"lastBolusTime":1703819246000,"time":"2023-12-29T05:22:17.366Z","iobWithZeroTemp":{"iob":-0.414,"basaliob":-0.449,"bolussnooze":0,"activity":-0.003,"lastBolusTime":1703819246000,"time":"2023-12-29T05:22:17.366Z"}},{"iob":-0.023,"basaliob":-0.055,"bolussnooze":0,"activity":-4.0E-4,"lastBolusTime":1703819246000,"time":"2023-12-29T05:27:17.366Z","iobWithZeroTemp":{"iob":-0.432,"basaliob":-0.464,"bolussnooze":0,"activity":-0.0032,"lastBolusTime":1703819246000,"time":"2023-12-29T05:27:17.366Z"}},{"iob":-0.022,"basaliob":-0.051,"bolussnooze":0,"activity":-3.0E-4,"lastBolusTime":1703819246000,"time":"2023-12-29T05:32:17.366Z","iobWithZeroTemp":{"iob":-0.45,"basaliob":-0.479,"bolussnooze":0,"activity":-0.0033,"lastBolusTime":1703819246000,"time":"2023-12-29T05:32:17.366Z"}},{"iob":-0.02,"basaliob":-0.047,"bolussnooze":0,"activity":-4.0E-4,"lastBolusTime":1703819246000,"time":"2023-12-29T05:37:17.366Z","iobWithZeroTemp":{"iob":-0.466,"basaliob":-0.493,"bolussnooze":0,"activity":-0.0036,"lastBolusTime":1703819246000,"time":"2023-12-29T05:37:17.366Z"}},{"iob":-0.018,"basaliob":-0.043,"bolussnooze":0,"activity":-3.0E-4,"lastBolusTime":1703819246000,"time":"2023-12-29T05:42:17.366Z","iobWithZeroTemp":{"iob":-0.481,"basaliob":-0.506,"bolussnooze":0,"activity":-0.0036,"lastBolusTime":1703819246000,"time":"2023-12-29T05:42:17.366Z"}},{"iob":-0.016,"basaliob":-0.039,"bolussnooze":0,"activity":-3.0E-4,"lastBolusTime":1703819246000,"time":"2023-12-29T05:47:17.366Z","iobWithZeroTemp":{"iob":-0.495,"basaliob":-0.518,"bolussnooze":0,"activity":-0.0038,"lastBolusTime":1703819246000,"time":"2023-12-29T05:47:17.366Z"}},{"iob":-0.015,"basaliob":-0.036,"bolussnooze":0,"activity":-2.0E-4,"lastBolusTime":1703819246000,"time":"2023-12-29T05:52:17.366Z","iobWithZeroTemp":{"iob":-0.51,"basaliob":-0.531,"bolussnooze":0,"activity":-0.0039,"lastBolusTime":1703819246000,"time":"2023-12-29T05:52:17.366Z"}},{"iob":-0.014,"basaliob":-0.033,"bolussnooze":0,"activity":-3.0E-4,"lastBolusTime":1703819246000,"time":"2023-12-29T05:57:17.366Z","iobWithZeroTemp":{"iob":-0.523,"basaliob":-0.542,"bolussnooze":0,"activity":-0.0042,"lastBolusTime":1703819246000,"time":"2023-12-29T05:57:17.366Z"}},{"iob":-0.012,"basaliob":-0.03,"bolussnooze":0,"activity":-2.0E-4,"lastBolusTime":1703819246000,"time":"2023-12-29T06:02:17.366Z","iobWithZeroTemp":{"iob":-0.535,"basaliob":-0.553,"bolussnooze":0,"activity":-0.0042,"lastBolusTime":1703819246000,"time":"2023-12-29T06:02:17.366Z"}},{"iob":-0.012,"basaliob":-0.028,"bolussnooze":0,"activity":-2.0E-4,"lastBolusTime":1703819246000,"time":"2023-12-29T06:07:17.366Z","iobWithZeroTemp":{"iob":-0.547,"basaliob":-0.563,"bolussnooze":0,"activity":-0.0044,"lastBolusTime":1703819246000,"time":"2023-12-29T06:07:17.366Z"}},{"iob":-0.011,"basaliob":-0.026,"bolussnooze":0,"activity":-2.0E-4,"lastBolusTime":1703819246000,"time":"2023-12-29T06:12:17.366Z","iobWithZeroTemp":{"iob":-0.558,"basaliob":-0.573,"bolussnooze":0,"activity":-0.0045,"lastBolusTime":1703819246000,"time":"2023-12-29T06:12:17.366Z"}},{"iob":-0.009,"basaliob":-0.023,"bolussnooze":0,"activity":-2.0E-4,"lastBolusTime":1703819246000,"time":"2023-12-29T06:17:17.366Z","iobWithZeroTemp":{"iob":-0.568,"basaliob":-0.582,"bolussnooze":0,"activity":-0.0047,"lastBolusTime":1703819246000,"time":"2023-12-29T06:17:17.366Z"}},{"iob":-0.008,"basaliob":-0.021,"bolussnooze":0,"activity":-2.0E-4,"lastBolusTime":1703819246000,"time":"2023-12-29T06:22:17.366Z","iobWithZeroTemp":{"iob":-0.577,"basaliob":-0.59,"bolussnooze":0,"activity":-0.0048,"lastBolusTime":1703819246000,"time":"2023-12-29T06:22:17.366Z"}},{"iob":-0.009,"basaliob":-0.02,"bolussnooze":0,"activity":-2.0E-4,"lastBolusTime":1703819246000,"time":"2023-12-29T06:27:17.366Z","iobWithZeroTemp":{"iob":-0.588,"basaliob":-0.599,"bolussnooze":0,"activity":-0.0049,"lastBolusTime":1703819246000,"time":"2023-12-29T06:27:17.366Z"}},{"iob":-0.007,"basaliob":-0.018,"bolussnooze":0,"activity":-1.0E-4,"lastBolusTime":1703819246000,"time":"2023-12-29T06:32:17.366Z","iobWithZeroTemp":{"iob":-0.595,"basaliob":-0.606,"bolussnooze":0,"activity":-0.005,"lastBolusTime":1703819246000,"time":"2023-12-29T06:32:17.366Z"}},{"iob":-0.006,"basaliob":-0.016,"bolussnooze":0,"activity":-1.0E-4,"lastBolusTime":1703819246000,"time":"2023-12-29T06:37:17.366Z","iobWithZeroTemp":{"iob":-0.603,"basaliob":-0.613,"bolussnooze":0,"activity":-0.0051,"lastBolusTime":1703819246000,"time":"2023-12-29T06:37:17.366Z"}},{"iob":-0.006,"basaliob":-0.015,"bolussnooze":0,"activity":-1.0E-4,"lastBolusTime":1703819246000,"time":"2023-12-29T06:42:17.366Z","iobWithZeroTemp":{"iob":-0.611,"basaliob":-0.62,"bolussnooze":0,"activity":-0.0052,"lastBolusTime":1703819246000,"time":"2023-12-29T06:42:17.366Z"}},{"iob":-0.006,"basaliob":-0.014,"bolussnooze":0,"activity":-2.0E-4,"lastBolusTime":1703819246000,"time":"2023-12-29T06:47:17.366Z","iobWithZeroTemp":{"iob":-0.619,"basaliob":-0.627,"bolussnooze":0,"activity":-0.0054,"lastBolusTime":1703819246000,"time":"2023-12-29T06:47:17.366Z"}},{"iob":-0.005,"basaliob":-0.012,"bolussnooze":0,"activity":-1.0E-4,"lastBolusTime":1703819246000,"time":"2023-12-29T06:52:17.366Z","iobWithZeroTemp":{"iob":-0.625,"basaliob":-0.632,"bolussnooze":0,"activity":-0.0054,"lastBolusTime":1703819246000,"time":"2023-12-29T06:52:17.366Z"}},{"iob":-0.004,"basaliob":-0.011,"bolussnooze":0,"activity":-1.0E-4,"lastBolusTime":1703819246000,"time":"2023-12-29T06:57:17.366Z","iobWithZeroTemp":{"iob":-0.63,"basaliob":-0.637,"bolussnooze":0,"activity":-0.0055,"lastBolusTime":1703819246000,"time":"2023-12-29T06:57:17.366Z"}},{"iob":-0.004,"basaliob":-0.01,"bolussnooze":0,"activity":-1.0E-4,"lastBolusTime":1703819246000,"time":"2023-12-29T07:02:17.366Z","iobWithZeroTemp":{"iob":-0.637,"basaliob":-0.643,"bolussnooze":0,"activity":-0.0056,"lastBolusTime":1703819246000,"time":"2023-12-29T07:02:17.366Z"}},{"iob":-0.003,"basaliob":-0.009,"bolussnooze":0,"activity":-1.0E-4,"lastBolusTime":1703819246000,"time":"2023-12-29T07:07:17.366Z","iobWithZeroTemp":{"iob":-0.641,"basaliob":-0.647,"bolussnooze":0,"activity":-0.0057,"lastBolusTime":1703819246000,"time":"2023-12-29T07:07:17.366Z"}},{"iob":-0.003,"basaliob":-0.008,"bolussnooze":0,"activity":-1.0E-4,"lastBolusTime":1703819246000,"time":"2023-12-29T07:12:17.366Z","iobWithZeroTemp":{"iob":-0.646,"basaliob":-0.651,"bolussnooze":0,"activity":-0.0058,"lastBolusTime":1703819246000,"time":"2023-12-29T07:12:17.366Z"}},{"iob":-0.003,"basaliob":-0.008,"bolussnooze":0,"activity":-1.0E-4,"lastBolusTime":1703819246000,"time":"2023-12-29T07:17:17.366Z","iobWithZeroTemp":{"iob":-0.651,"basaliob":-0.656,"bolussnooze":0,"activity":-0.0058,"lastBolusTime":1703819246000,"time":"2023-12-29T07:17:17.366Z"}},{"iob":-0.003,"basaliob":-0.007,"bolussnooze":0,"activity":0,"lastBolusTime":1703819246000,"time":"2023-12-29T07:22:17.366Z","iobWithZeroTemp":{"iob":-0.656,"basaliob":-0.66,"bolussnooze":0,"activity":-0.0058,"lastBolusTime":1703819246000,"time":"2023-12-29T07:22:17.366Z"}},{"iob":-0.002,"basaliob":-0.006,"bolussnooze":0,"activity":0,"lastBolusTime":1703819246000,"time":"2023-12-29T07:27:17.366Z","iobWithZeroTemp":{"iob":-0.659,"basaliob":-0.663,"bolussnooze":0,"activity":-0.0059,"lastBolusTime":1703819246000,"time":"2023-12-29T07:27:17.366Z"}},{"iob":-0.003,"basaliob":-0.006,"bolussnooze":0,"activity":0,"lastBolusTime":1703819246000,"time":"2023-12-29T07:32:17.366Z","iobWithZeroTemp":{"iob":-0.664,"basaliob":-0.667,"bolussnooze":0,"activity":-0.0059,"lastBolusTime":1703819246000,"time":"2023-12-29T07:32:17.366Z"}},{"iob":-0.002,"basaliob":-0.005,"bolussnooze":0,"activity":0,"lastBolusTime":1703819246000,"time":"2023-12-29T07:37:17.366Z","iobWithZeroTemp":{"iob":-0.667,"basaliob":-0.67,"bolussnooze":0,"activity":-0.006,"lastBolusTime":1703819246000,"time":"2023-12-29T07:37:17.366Z"}},{"iob":-0.002,"basaliob":-0.005,"bolussnooze":0,"activity":0,"lastBolusTime":1703819246000,"time":"2023-12-29T07:42:17.366Z","iobWithZeroTemp":{"iob":-0.67,"basaliob":-0.673,"bolussnooze":0,"activity":-0.006,"lastBolusTime":1703819246000,"time":"2023-12-29T07:42:17.366Z"}},{"iob":-0.001,"basaliob":-0.004,"bolussnooze":0,"activity":-1.0E-4,"lastBolusTime":1703819246000,"time":"2023-12-29T07:47:17.366Z","iobWithZeroTemp":{"iob":-0.672,"basaliob":-0.675,"bolussnooze":0,"activity":-0.0062,"lastBolusTime":1703819246000,"time":"2023-12-29T07:47:17.366Z"}}],"profile":{"max_iob":7,"type":"current","max_daily_basal":0.45,"max_basal":1.08,"min_bg":106.2,"max_bg":106.2,"target_bg":106.2,"carb_ratio":11,"sens":369,"max_daily_safety_multiplier":3,"current_basal_safety_multiplier":4,"lgsThreshold":65,"high_temptarget_raises_sensitivity":false,"low_temptarget_lowers_sensitivity":false,"sensitivity_raises_target":true,"resistance_lowers_target":true,"adv_target_adjustments":false,"exercise_mode":false,"half_basal_exercise_target":160,"maxCOB":120,"skip_neutral_temps":false,"remainingCarbsCap":90,"enableUAM":true,"A52_risk_enable":false,"SMBInterval":4,"enableSMB_with_COB":true,"enableSMB_with_temptarget":false,"allowSMB_with_high_temptarget":true,"enableSMB_always":true,"enableSMB_after_carbs":false,"maxSMBBasalMinutes":60,"maxUAMSMBBasalMinutes":60,"bolus_increment":0.05,"carbsReqThreshold":10,"current_basal":0.27,"temptargetSet":false,"autosens_max":1.2,"autosens_min":0.8,"out_units":"mmol\/L","variable_sens":248.2,"insulinDivisor":65,"TDD":7.0821419000000025},"autosens_data":{"ratio":0.716848889486341},"meal_data":{"carbs":0,"mealCOB":0,"slopeFromMaxDeviation":0,"slopeFromMinDeviation":0.14983050847457627,"lastBolusTime":1703819246000,"lastCarbTime":0},"microBolusAllowed":true,"currentTime":1703821939450,"flatBGsDetected":false,"tdd1D":21.22666666666668,"tdd7D":28.693285714285715,"tddLast24H":20.568750000000005,"tddLast4H":0.4923333333333335,"tddLast8to4H":4.700000000000001},"output":{"temp":"absolute","bg":116,"tick":"+1","eventualBG":131,"targetBG":124,"insulinReq":0.01,"deliverAt":"2023-12-29T03:52:19.450Z","sensitivityRatio":0.716848889486341,"variable_sens":248.2,"predBGs":{"IOB":[116,116,117,117,118,119,119,120,120,121,122,122,123,124,125,126,126,127,127,128,128,129,129,129,130,130,130,131,131,131,131,132,132,132,132,132,132,132,133],"ZT":[116,118,119,121,122,124,125]},"reason":"COB: 0, Dev: -0.6, BGI: 0.1, ISF: 13.8, CR: 11, Target: 6.9, minPredBG 7.1, minGuardBG 6.4, IOBpredBG 7.4; Eventual BG 7.3 >= 6.9,  insulinReq 0.01. temp 0.16 < 0.21U\/hr. ","COB":0,"IOB":-0.1,"duration":30,"rate":0.21354920016131207,"timestamp":"2023-12-29T03:52:19.475Z"}}