{"algorithm":"OpenAPSSMBDynamicISFPlugin","input":{"glucoseStatus":{"glucose":205,"noise":0,"delta":-3,"short_avgdelta":-2.06,"long_avgdelta":0.36,"date":1703360159806},"currenttemp":{"temp":"absolute","duration":35,"rate":0,"minutesrunning":25},"iob_data":[{"iob":4.872,"basaliob":-0.695,"bolussnooze":0.8901,"activity":0.0453,"lastBolusTime":1703359889000,"time":"2023-12-23T19:36:19.831Z","iobWithZeroTemp":{"iob":4.872,"basaliob":-0.695,"bolussnooze":0.8901,"activity":0.0453,"lastBolusTime":1703359889000,"time":"2023-12-23T19:36:19.831Z"}},{"iob":4.646,"basaliob":-0.662,"bolussnooze":0.7737,"activity":0.0453,"lastBolusTime":1703359889000,"time":"2023-12-23T19:41:19.831Z","iobWithZeroTemp":{"iob":4.619,"basaliob":-0.689,"bolussnooze":0.7737,"activity":0.0453,"lastBolusTime":1703359889000,"time":"2023-12-23T19:41:19.831Z"}},{"iob":4.421,"basaliob":-0.63,"bolussnooze":0.6702,"activity":0.0449,"lastBolusTime":1703359889000,"time":"2023-12-23T19:46:19.831Z","iobWithZeroTemp":{"iob":4.361,"basaliob":-0.69,"bolussnooze":0.6702,"activity":0.0448,"lastBolusTime":1703359889000,"time":"2023-12-23T19:46:19.831Z"}},{"iob":4.198,"basaliob":-0.598,"bolussnooze":0.5786,"activity":0.0442,"lastBolusTime":1703359889000,"time":"2023-12-23T19:51:19.831Z","iobWithZeroTemp":{"iob":4.106,"basaliob":-0.69,"bolussnooze":0.5786,"activity":0.044,"lastBolusTime":1703359889000,"time":"2023-12-23T19:51:19.831Z"}},{"iob":3.979,"basaliob":-0.567,"bolussnooze":0.498,"activity":0.0432,"lastBolusTime":1703359889000,"time":"2023-12-23T19:56:19.831Z","iobWithZeroTemp":{"iob":3.854,"basaliob":-0.692,"bolussnooze":0.498,"activity":0.0429,"lastBolusTime":1703359889000,"time":"2023-12-23T19:56:19.831Z"}},{"iob":3.765,"basaliob":-0.537,"bolussnooze":0.4273,"activity":0.0422,"lastBolusTime":1703359889000,"time":"2023-12-23T20:01:19.831Z","iobWithZeroTemp":{"iob":3.609,"basaliob":-0.693,"bolussnooze":0.4273,"activity":0.0417,"lastBolusTime":1703359889000,"time":"2023-12-23T20:01:19.831Z"}},{"iob":3.557,"basaliob":-0.507,"bolussnooze":0.3655,"activity":0.041,"lastBolusTime":1703359889000,"time":"2023-12-23T20:06:19.831Z","iobWithZeroTemp":{"iob":3.371,"basaliob":-0.693,"bolussnooze":0.3655,"activity":0.0403,"lastBolusTime":1703359889000,"time":"2023-12-23T20:06:19.831Z"}},{"iob":3.356,"basaliob":-0.478,"bolussnooze":0.3118,"activity":0.0396,"lastBolusTime":1703359889000,"time":"2023-12-23T20:11:19.831Z","iobWithZeroTemp":{"iob":3.14,"basaliob":-0.694,"bolussnooze":0.3118,"activity":0.0387,"lastBolusTime":1703359889000,"time":"2023-12-23T20:11:19.831Z"}},{"iob":3.162,"basaliob":-0.45,"bolussnooze":0.2652,"activity":0.0382,"lastBolusTime":1703359889000,"time":"2023-12-23T20:16:19.831Z","iobWithZeroTemp":{"iob":2.918,"basaliob":-0.694,"bolussnooze":0.2652,"activity":0.0371,"lastBolusTime":1703359889000,"time":"2023-12-23T20:16:19.831Z"}},{"iob":2.975,"basaliob":-0.424,"bolussnooze":0.2249,"activity":0.0367,"lastBolusTime":1703359889000,"time":"2023-12-23T20:21:19.831Z","iobWithZeroTemp":{"iob":2.703,"basaliob":-0.696,"bolussnooze":0.2249,"activity":0.0354,"lastBolusTime":1703359889000,"time":"2023-12-23T20:21:19.831Z"}},{"iob":2.796,"basaliob":-0.398,"bolussnooze":0.1902,"activity":0.0351,"lastBolusTime":1703359889000,"time":"2023-12-23T20:26:19.831Z","iobWithZeroTemp":{"iob":2.498,"basaliob":-0.696,"bolussnooze":0.1902,"activity":0.0336,"lastBolusTime":1703359889000,"time":"2023-12-23T20:26:19.831Z"}},{"iob":2.623,"basaliob":-0.374,"bolussnooze":0.1604,"activity":0.0336,"lastBolusTime":1703359889000,"time":"2023-12-23T20:31:19.831Z","iobWithZeroTemp":{"iob":2.3,"basaliob":-0.697,"bolussnooze":0.1604,"activity":0.0318,"lastBolusTime":1703359889000,"time":"2023-12-23T20:31:19.831Z"}},{"iob":2.46,"basaliob":-0.35,"bolussnooze":0.1349,"activity":0.032,"lastBolusTime":1703359889000,"time":"2023-12-23T20:36:19.831Z","iobWithZeroTemp":{"iob":2.113,"basaliob":-0.697,"bolussnooze":0.1349,"activity":0.03,"lastBolusTime":1703359889000,"time":"2023-12-23T20:36:19.831Z"}},{"iob":2.304,"basaliob":-0.328,"bolussnooze":0.1131,"activity":0.0305,"lastBolusTime":1703359889000,"time":"2023-12-23T20:41:19.831Z","iobWithZeroTemp":{"iob":1.934,"basaliob":-0.698,"bolussnooze":0.1131,"activity":0.0283,"lastBolusTime":1703359889000,"time":"2023-12-23T20:41:19.831Z"}},{"iob":2.155,"basaliob":-0.307,"bolussnooze":0.0946,"activity":0.029,"lastBolusTime":1703359889000,"time":"2023-12-23T20:46:19.831Z","iobWithZeroTemp":{"iob":1.764,"basaliob":-0.698,"bolussnooze":0.0946,"activity":0.0266,"lastBolusTime":1703359889000,"time":"2023-12-23T20:46:19.831Z"}},{"iob":2.014,"basaliob":-0.287,"bolussnooze":0.0788,"activity":0.0275,"lastBolusTime":1703359889000,"time":"2023-12-23T20:51:19.831Z","iobWithZeroTemp":{"iob":1.602,"basaliob":-0.699,"bolussnooze":0.0788,"activity":0.0248,"lastBolusTime":1703359889000,"time":"2023-12-23T20:51:19.831Z"}},{"iob":1.88,"basaliob":-0.268,"bolussnooze":0.0654,"activity":0.026,"lastBolusTime":1703359889000,"time":"2023-12-23T20:56:19.831Z","iobWithZeroTemp":{"iob":1.449,"basaliob":-0.699,"bolussnooze":0.0654,"activity":0.0231,"lastBolusTime":1703359889000,"time":"2023-12-23T20:56:19.831Z"}},{"iob":1.754,"basaliob":-0.25,"bolussnooze":0.0542,"activity":0.0246,"lastBolusTime":1703359889000,"time":"2023-12-23T21:01:19.831Z","iobWithZeroTemp":{"iob":1.304,"basaliob":-0.7,"bolussnooze":0.0542,"activity":0.0215,"lastBolusTime":1703359889000,"time":"2023-12-23T21:01:19.831Z"}},{"iob":1.635,"basaliob":-0.233,"bolussnooze":0.0447,"activity":0.0232,"lastBolusTime":1703359889000,"time":"2023-12-23T21:06:19.831Z","iobWithZeroTemp":{"iob":1.168,"basaliob":-0.7,"bolussnooze":0.0447,"activity":0.0199,"lastBolusTime":1703359889000,"time":"2023-12-23T21:06:19.831Z"}},{"iob":1.522,"basaliob":-0.217,"bolussnooze":0.0367,"activity":0.0219,"lastBolusTime":1703359889000,"time":"2023-12-23T21:11:19.831Z","iobWithZeroTemp":{"iob":1.038,"basaliob":-0.701,"bolussnooze":0.0367,"activity":0.0184,"lastBolusTime":1703359889000,"time":"2023-12-23T21:11:19.831Z"}},{"iob":1.417,"basaliob":-0.201,"bolussnooze":0.03,"activity":0.0206,"lastBolusTime":1703359889000,"time":"2023-12-23T21:16:19.831Z","iobWithZeroTemp":{"iob":0.918,"basaliob":-0.7,"bolussnooze":0.03,"activity":0.0169,"lastBolusTime":1703359889000,"time":"2023-12-23T21:16:19.831Z"}},{"iob":1.317,"basaliob":-0.187,"bolussnooze":0.0245,"activity":0.0193,"lastBolusTime":1703359889000,"time":"2023-12-23T21:21:19.831Z","iobWithZeroTemp":{"iob":0.803,"basaliob":-0.701,"bolussnooze":0.0245,"activity":0.0154,"lastBolusTime":1703359889000,"time":"2023-12-23T21:21:19.831Z"}},{"iob":1.223,"basaliob":-0.174,"bolussnooze":0.0198,"activity":0.0181,"lastBolusTime":1703359889000,"time":"2023-12-23T21:26:19.831Z","iobWithZeroTemp":{"iob":0.696,"basaliob":-0.701,"bolussnooze":0.0198,"activity":0.0141,"lastBolusTime":1703359889000,"time":"2023-12-23T21:26:19.831Z"}},{"iob":1.136,"basaliob":-0.161,"bolussnooze":0.016,"activity":0.017,"lastBolusTime":1703359889000,"time":"2023-12-23T21:31:19.831Z","iobWithZeroTemp":{"iob":0.596,"basaliob":-0.701,"bolussnooze":0.016,"activity":0.0128,"lastBolusTime":1703359889000,"time":"2023-12-23T21:31:19.831Z"}},{"iob":1.052,"basaliob":-0.15,"bolussnooze":0.0128,"activity":0.0159,"lastBolusTime":1703359889000,"time":"2023-12-23T21:36:19.831Z","iobWithZeroTemp":{"iob":0.5,"basaliob":-0.702,"bolussnooze":0.0128,"activity":0.0116,"lastBolusTime":1703359889000,"time":"2023-12-23T21:36:19.831Z"}},{"iob":0.975,"basaliob":-0.139,"bolussnooze":0.0102,"activity":0.0149,"lastBolusTime":1703359889000,"time":"2023-12-23T21:41:19.831Z","iobWithZeroTemp":{"iob":0.412,"basaliob":-0.702,"bolussnooze":0.0102,"activity":0.0104,"lastBolusTime":1703359889000,"time":"2023-12-23T21:41:19.831Z"}},{"iob":0.904,"basaliob":-0.128,"bolussnooze":0.0081,"activity":0.0139,"lastBolusTime":1703359889000,"time":"2023-12-23T21:46:19.831Z","iobWithZeroTemp":{"iob":0.33,"basaliob":-0.702,"bolussnooze":0.0081,"activity":0.0093,"lastBolusTime":1703359889000,"time":"2023-12-23T21:46:19.831Z"}},{"iob":0.836,"basaliob":-0.119,"bolussnooze":0.0064,"activity":0.013,"lastBolusTime":1703359889000,"time":"2023-12-23T21:51:19.831Z","iobWithZeroTemp":{"iob":0.252,"basaliob":-0.703,"bolussnooze":0.0064,"activity":0.0082,"lastBolusTime":1703359889000,"time":"2023-12-23T21:51:19.831Z"}},{"iob":0.773,"basaliob":-0.11,"bolussnooze":0.005,"activity":0.0122,"lastBolusTime":1703359889000,"time":"2023-12-23T21:56:19.831Z","iobWithZeroTemp":{"iob":0.18,"basaliob":-0.703,"bolussnooze":0.005,"activity":0.0073,"lastBolusTime":1703359889000,"time":"2023-12-23T21:56:19.831Z"}},{"iob":0.715,"basaliob":-0.101,"bolussnooze":0.0038,"activity":0.0114,"lastBolusTime":1703359889000,"time":"2023-12-23T22:01:19.831Z","iobWithZeroTemp":{"iob":0.114,"basaliob":-0.702,"bolussnooze":0.0038,"activity":0.0064,"lastBolusTime":1703359889000,"time":"2023-12-23T22:01:19.831Z"}},{"iob":0.659,"basaliob":-0.094,"bolussnooze":0.0029,"activity":0.0106,"lastBolusTime":1703359889000,"time":"2023-12-23T22:06:19.831Z","iobWithZeroTemp":{"iob":0.046,"basaliob":-0.707,"bolussnooze":0.0029,"activity":0.0055,"lastBolusTime":1703359889000,"time":"2023-12-23T22:06:19.831Z"}},{"iob":0.609,"basaliob":-0.086,"bolussnooze":0.0022,"activity":0.0098,"lastBolusTime":1703359889000,"time":"2023-12-23T22:11:19.831Z","iobWithZeroTemp":{"iob":-0.016,"basaliob":-0.711,"bolussnooze":0.0022,"activity":0.0045,"lastBolusTime":1703359889000,"time":"2023-12-23T22:11:19.831Z"}},{"iob":0.561,"basaliob":-0.08,"bolussnooze":0.0017,"activity":0.0092,"lastBolusTime":1703359889000,"time":"2023-12-23T22:16:19.831Z","iobWithZeroTemp":{"iob":-0.075,"basaliob":-0.716,"bolussnooze":0.0017,"activity":0.0038,"lastBolusTime":1703359889000,"time":"2023-12-23T22:16:19.831Z"}},{"iob":0.517,"basaliob":-0.073,"bolussnooze":0.0012,"activity":0.0085,"lastBolusTime":1703359889000,"time":"2023-12-23T22:21:19.831Z","iobWithZeroTemp":{"iob":-0.129,"basaliob":-0.719,"bolussnooze":0.0012,"activity":0.003,"lastBolusTime":1703359889000,"time":"2023-12-23T22:21:19.831Z"}},{"iob":0.476,"basaliob":-0.068,"bolussnooze":9.0E-4,"activity":0.0079,"lastBolusTime":1703359889000,"time":"2023-12-23T22:26:19.831Z","iobWithZeroTemp":{"iob":-0.18,"basaliob":-0.724,"bolussnooze":9.0E-4,"activity":0.0023,"lastBolusTime":1703359889000,"time":"2023-12-23T22:26:19.831Z"}},{"iob":0.438,"basaliob":-0.062,"bolussnooze":6.0E-4,"activity":0.0074,"lastBolusTime":1703359889000,"time":"2023-12-23T22:31:19.831Z","iobWithZeroTemp":{"iob":-0.227,"basaliob":-0.727,"bolussnooze":6.0E-4,"activity":0.0017,"lastBolusTime":1703359889000,"time":"2023-12-23T22:31:19.831Z"}},{"iob":0.403,"basaliob":-0.057,"bolussnooze":4.0E-4,"activity":0.0068,"lastBolusTime":1703359889000,"time":"2023-12-23T22:36:19.831Z","iobWithZeroTemp":{"iob":-0.271,"basaliob":-0.731,"bolussnooze":4.0E-4,"activity":0.001,"lastBolusTime":1703359889000,"time":"2023-12-23T22:36:19.831Z"}},{"iob":0.37,"basaliob":-0.052,"bolussnooze":3.0E-4,"activity":0.0063,"lastBolusTime":1703359889000,"time":"2023-12-23T22:41:19.831Z","iobWithZeroTemp":{"iob":-0.312,"basaliob":-0.734,"bolussnooze":3.0E-4,"activity":4.0E-4,"lastBolusTime":1703359889000,"time":"2023-12-23T22:41:19.831Z"}},{"iob":0.34,"basaliob":-0.048,"bolussnooze":2.0E-4,"activity":0.0059,"lastBolusTime":1703359889000,"time":"2023-12-23T22:46:19.831Z","iobWithZeroTemp":{"iob":-0.35,"basaliob":-0.738,"bolussnooze":2.0E-4,"activity":-1.0E-4,"lastBolusTime":1703359889000,"time":"2023-12-23T22:46:19.831Z"}},{"iob":0.312,"basaliob":-0.044,"bolussnooze":1.0E-4,"activity":0.0054,"lastBolusTime":1703359889000,"time":"2023-12-23T22:51:19.831Z","iobWithZeroTemp":{"iob":-0.386,"basaliob":-0.742,"bolussnooze":1.0E-4,"activity":-7.0E-4,"lastBolusTime":1703359889000,"time":"2023-12-23T22:51:19.831Z"}},{"iob":0.285,"basaliob":-0.041,"bolussnooze":1.0E-4,"activity":0.005,"lastBolusTime":1703359889000,"time":"2023-12-23T22:56:19.831Z","iobWithZeroTemp":{"iob":-0.419,"basaliob":-0.745,"bolussnooze":1.0E-4,"activity":-0.0012,"lastBolusTime":1703359889000,"time":"2023-12-23T22:56:19.831Z"}},{"iob":0.262,"basaliob":-0.037,"bolussnooze":0,"activity":0.0046,"lastBolusTime":1703359889000,"time":"2023-12-23T23:01:19.831Z","iobWithZeroTemp":{"iob":-0.449,"basaliob":-0.748,"bolussnooze":0,"activity":-0.0017,"lastBolusTime":1703359889000,"time":"2023-12-23T23:01:19.831Z"}},{"iob":0.239,"basaliob":-0.034,"bolussnooze":0,"activity":0.0043,"lastBolusTime":1703359889000,"time":"2023-12-23T23:06:19.831Z","iobWithZeroTemp":{"iob":-0.478,"basaliob":-0.751,"bolussnooze":0,"activity":-0.002,"lastBolusTime":1703359889000,"time":"2023-12-23T23:06:19.831Z"}},{"iob":0.219,"basaliob":-0.031,"bolussnooze":0,"activity":0.0039,"lastBolusTime":1703359889000,"time":"2023-12-23T23:11:19.831Z","iobWithZeroTemp":{"iob":-0.504,"basaliob":-0.754,"bolussnooze":0,"activity":-0.0025,"lastBolusTime":1703359889000,"time":"2023-12-23T23:11:19.831Z"}},{"iob":0.201,"basaliob":-0.028,"bolussnooze":0,"activity":0.0036,"lastBolusTime":1703359889000,"time":"2023-12-23T23:16:19.831Z","iobWithZeroTemp":{"iob":-0.527,"basaliob":-0.756,"bolussnooze":0,"activity":-0.0029,"lastBolusTime":1703359889000,"time":"2023-12-23T23:16:19.831Z"}},{"iob":0.183,"basaliob":-0.026,"bolussnooze":0,"activity":0.0033,"lastBolusTime":1703359889000,"time":"2023-12-23T23:21:19.831Z","iobWithZeroTemp":{"iob":-0.55,"basaliob":-0.759,"bolussnooze":0,"activity":-0.0032,"lastBolusTime":1703359889000,"time":"2023-12-23T23:21:19.831Z"}},{"iob":0.166,"basaliob":-0.024,"bolussnooze":0,"activity":0.0031,"lastBolusTime":1703359889000,"time":"2023-12-23T23:26:19.831Z","iobWithZeroTemp":{"iob":-0.571,"basaliob":-0.761,"bolussnooze":0,"activity":-0.0035,"lastBolusTime":1703359889000,"time":"2023-12-23T23:26:19.831Z"}},{"iob":0.152,"basaliob":-0.022,"bolussnooze":0,"activity":0.0028,"lastBolusTime":1703359889000,"time":"2023-12-23T23:31:19.831Z","iobWithZeroTemp":{"iob":-0.59,"basaliob":-0.764,"bolussnooze":0,"activity":-0.0039,"lastBolusTime":1703359889000,"time":"2023-12-23T23:31:19.831Z"}}],"profile":{"max_iob":7,"type":"current","max_daily_basal":0.45,"max_basal":1.35,"min_bg":81.0000000000001,"max_bg":81.0000000000001,"target_bg":81.0000000000001,"carb_ratio":11,"sens":352.8,"max_daily_safety_multiplier":3,"current_basal_safety_multiplier":4,"lgsThreshold":65,"high_temptarget_raises_sensitivity":false,"low_temptarget_lowers_sensitivity":false,"sensitivity_raises_target":true,"resistance_lowers_target":true,"adv_target_adjustments":false,"exercise_mode":false,"half_basal_exercise_target":160,"maxCOB":120,"skip_neutral_temps":false,"remainingCarbsCap":90,"enableUAM":true,"A52_risk_enable":false,"SMBInterval":4,"enableSMB_with_COB":true,"enableSMB_with_temptarget":false,"allowSMB_with_high_temptarget":true,"enableSMB_always":true,"enableSMB_after_carbs":false,"maxSMBBasalMinutes":60,"maxUAMSMBBasalMinutes":60,"bolus_increment":0.05,"carbsReqThreshold":10,"current_basal":0.4,"temptargetSet":true,"autosens_max":1.2,"autosens_min":0.8,"out_units":"mmol\/L","variable_sens":90.5,"insulinDivisor":65,"TDD":13.970700541666666},"autosens_data":{"ratio":1.3544311561350084},"meal_data":{"carbs":95,"mealCOB":51.185770975056705,"slopeFromMaxDeviation":-1.6270000000000095,"slopeFromMinDeviation":1.01,"lastBolusTime":1703359889000,"lastCarbTime":1703358152209},"microBolusAllowed":true,"currentTime":1703360181918,"flatBGsDetected":false,"tdd1D":34.144083333333334,"tdd7D":30.47294047619048,"tddLast24H":41.27349999999996,"tddLast4H":10.693333333333335,"tddLast8to4H":5.836666666666668},"output":{"temp":"absolute","bg":205,"tick":-3,"eventualBG":180,"targetBG":81.0000000000001,"insulinReq":0,"deliverAt":"2023-12-23T19:36:21.918Z","sensitivityRatio":1.3544311561350084,"variable_sens":90.5,"predBGs":{"IOB":[205,201,194,187,177,166,154,139,123,104,82,56,39],"ZT":[205,185,163,140,115,88,57,39,39,39,39,39,39,39,39,39,39,39,39,39,39,39,39,39,39,39,39,39,39,39,39,39,39,39,39,39,39,39,39,39,39,39,39,39,39,39,39,39],"COB":[205,202,198,195,191,188,184,181,179,176,175,173,172,172,171,172,172,173,175,177,179,181,183,185,187,189,191,193,195,196,197,198,199,199,199,199,199,198,197,195,193,191,189,187,185,183,182,180],"UAM":[205,200,194,186,175,164,150,134,115,94,69,39,39]},"reason":"COB: 51.2, Dev: 5.8, BGI: -1.1, ISF: 5.0, CR: 11, Target: 4.5, minPredBG -11.7, minGuardBG -11.9, IOBpredBG 2.2, COBpredBG 10.0, UAMpredBG 2.2; minGuardBG -11.9<3.6","COB":51.185770975056705,"IOB":4.872,"duration":120,"rate":0,"timestamp":"2023-12-23T19:36:21.945Z"}}