{"algorithm":"OpenAPSSMBDynamicISFPlugin","input":{"glucoseStatus":{"glucose":155,"noise":0,"delta":-9,"short_avgdelta":-8.5,"long_avgdelta":-4.5,"date":1703572310704},"currenttemp":{"temp":"absolute","duration":25,"rate":0,"minutesrunning":35},"iob_data":[{"iob":0.801,"basaliob":-0.32,"bolussnooze":0,"activity":0.009,"lastBolusTime":1703570533000,"time":"2023-12-26T06:32:07.496Z","iobWithZeroTemp":{"iob":0.801,"basaliob":-0.32,"bolussnooze":0,"activity":0.009,"lastBolusTime":1703570533000,"time":"2023-12-26T06:32:07.496Z"}},{"iob":0.756,"basaliob":-0.306,"bolussnooze":0,"activity":0.0087,"lastBolusTime":1703570533000,"time":"2023-12-26T06:37:07.496Z","iobWithZeroTemp":{"iob":0.729,"basaliob":-0.333,"bolussnooze":0,"activity":0.0087,"lastBolusTime":1703570533000,"time":"2023-12-26T06:37:07.496Z"}},{"iob":0.712,"basaliob":-0.292,"bolussnooze":0,"activity":0.0084,"lastBolusTime":1703570533000,"time":"2023-12-26T06:42:07.496Z","iobWithZeroTemp":{"iob":0.652,"basaliob":-0.352,"bolussnooze":0,"activity":0.0083,"lastBolusTime":1703570533000,"time":"2023-12-26T06:42:07.496Z"}},{"iob":0.671,"basaliob":-0.277,"bolussnooze":0,"activity":0.0082,"lastBolusTime":1703570533000,"time":"2023-12-26T06:47:07.496Z","iobWithZeroTemp":{"iob":0.579,"basaliob":-0.369,"bolussnooze":0,"activity":0.008,"lastBolusTime":1703570533000,"time":"2023-12-26T06:47:07.496Z"}},{"iob":0.631,"basaliob":-0.263,"bolussnooze":0,"activity":0.0078,"lastBolusTime":1703570533000,"time":"2023-12-26T06:52:07.496Z","iobWithZeroTemp":{"iob":0.506,"basaliob":-0.388,"bolussnooze":0,"activity":0.0075,"lastBolusTime":1703570533000,"time":"2023-12-26T06:52:07.496Z"}},{"iob":0.593,"basaliob":-0.249,"bolussnooze":0,"activity":0.0075,"lastBolusTime":1703570533000,"time":"2023-12-26T06:57:07.496Z","iobWithZeroTemp":{"iob":0.437,"basaliob":-0.405,"bolussnooze":0,"activity":0.007,"lastBolusTime":1703570533000,"time":"2023-12-26T06:57:07.496Z"}},{"iob":0.556,"basaliob":-0.236,"bolussnooze":0,"activity":0.0071,"lastBolusTime":1703570533000,"time":"2023-12-26T07:02:07.496Z","iobWithZeroTemp":{"iob":0.37,"basaliob":-0.422,"bolussnooze":0,"activity":0.0064,"lastBolusTime":1703570533000,"time":"2023-12-26T07:02:07.496Z"}},{"iob":0.521,"basaliob":-0.223,"bolussnooze":0,"activity":0.0068,"lastBolusTime":1703570533000,"time":"2023-12-26T07:07:07.496Z","iobWithZeroTemp":{"iob":0.305,"basaliob":-0.439,"bolussnooze":0,"activity":0.0059,"lastBolusTime":1703570533000,"time":"2023-12-26T07:07:07.496Z"}},{"iob":0.488,"basaliob":-0.21,"bolussnooze":0,"activity":0.0065,"lastBolusTime":1703570533000,"time":"2023-12-26T07:12:07.496Z","iobWithZeroTemp":{"iob":0.244,"basaliob":-0.454,"bolussnooze":0,"activity":0.0054,"lastBolusTime":1703570533000,"time":"2023-12-26T07:12:07.496Z"}},{"iob":0.456,"basaliob":-0.198,"bolussnooze":0,"activity":0.0062,"lastBolusTime":1703570533000,"time":"2023-12-26T07:17:07.496Z","iobWithZeroTemp":{"iob":0.184,"basaliob":-0.47,"bolussnooze":0,"activity":0.0049,"lastBolusTime":1703570533000,"time":"2023-12-26T07:17:07.496Z"}},{"iob":0.426,"basaliob":-0.186,"bolussnooze":0,"activity":0.0058,"lastBolusTime":1703570533000,"time":"2023-12-26T07:22:07.496Z","iobWithZeroTemp":{"iob":0.128,"basaliob":-0.484,"bolussnooze":0,"activity":0.0043,"lastBolusTime":1703570533000,"time":"2023-12-26T07:22:07.496Z"}},{"iob":0.398,"basaliob":-0.175,"bolussnooze":0,"activity":0.0055,"lastBolusTime":1703570533000,"time":"2023-12-26T07:27:07.496Z","iobWithZeroTemp":{"iob":0.075,"basaliob":-0.498,"bolussnooze":0,"activity":0.0037,"lastBolusTime":1703570533000,"time":"2023-12-26T07:27:07.496Z"}},{"iob":0.371,"basaliob":-0.164,"bolussnooze":0,"activity":0.0052,"lastBolusTime":1703570533000,"time":"2023-12-26T07:32:07.496Z","iobWithZeroTemp":{"iob":0.024,"basaliob":-0.511,"bolussnooze":0,"activity":0.0032,"lastBolusTime":1703570533000,"time":"2023-12-26T07:32:07.496Z"}},{"iob":0.346,"basaliob":-0.153,"bolussnooze":0,"activity":0.0049,"lastBolusTime":1703570533000,"time":"2023-12-26T07:37:07.496Z","iobWithZeroTemp":{"iob":-0.024,"basaliob":-0.523,"bolussnooze":0,"activity":0.0027,"lastBolusTime":1703570533000,"time":"2023-12-26T07:37:07.496Z"}},{"iob":0.322,"basaliob":-0.144,"bolussnooze":0,"activity":0.0047,"lastBolusTime":1703570533000,"time":"2023-12-26T07:42:07.496Z","iobWithZeroTemp":{"iob":-0.069,"basaliob":-0.535,"bolussnooze":0,"activity":0.0023,"lastBolusTime":1703570533000,"time":"2023-12-26T07:42:07.496Z"}},{"iob":0.3,"basaliob":-0.134,"bolussnooze":0,"activity":0.0044,"lastBolusTime":1703570533000,"time":"2023-12-26T07:47:07.496Z","iobWithZeroTemp":{"iob":-0.112,"basaliob":-0.546,"bolussnooze":0,"activity":0.0017,"lastBolusTime":1703570533000,"time":"2023-12-26T07:47:07.496Z"}},{"iob":0.279,"basaliob":-0.125,"bolussnooze":0,"activity":0.0041,"lastBolusTime":1703570533000,"time":"2023-12-26T07:52:07.496Z","iobWithZeroTemp":{"iob":-0.152,"basaliob":-0.556,"bolussnooze":0,"activity":0.0012,"lastBolusTime":1703570533000,"time":"2023-12-26T07:52:07.496Z"}},{"iob":0.259,"basaliob":-0.117,"bolussnooze":0,"activity":0.0039,"lastBolusTime":1703570533000,"time":"2023-12-26T07:57:07.496Z","iobWithZeroTemp":{"iob":-0.191,"basaliob":-0.567,"bolussnooze":0,"activity":8.0E-4,"lastBolusTime":1703570533000,"time":"2023-12-26T07:57:07.496Z"}},{"iob":0.24,"basaliob":-0.109,"bolussnooze":0,"activity":0.0036,"lastBolusTime":1703570533000,"time":"2023-12-26T08:02:07.496Z","iobWithZeroTemp":{"iob":-0.227,"basaliob":-0.576,"bolussnooze":0,"activity":3.0E-4,"lastBolusTime":1703570533000,"time":"2023-12-26T08:02:07.496Z"}},{"iob":0.222,"basaliob":-0.102,"bolussnooze":0,"activity":0.0033,"lastBolusTime":1703570533000,"time":"2023-12-26T08:07:07.496Z","iobWithZeroTemp":{"iob":-0.262,"basaliob":-0.586,"bolussnooze":0,"activity":-2.0E-4,"lastBolusTime":1703570533000,"time":"2023-12-26T08:07:07.496Z"}},{"iob":0.206,"basaliob":-0.095,"bolussnooze":0,"activity":0.0031,"lastBolusTime":1703570533000,"time":"2023-12-26T08:12:07.496Z","iobWithZeroTemp":{"iob":-0.293,"basaliob":-0.594,"bolussnooze":0,"activity":-6.0E-4,"lastBolusTime":1703570533000,"time":"2023-12-26T08:12:07.496Z"}},{"iob":0.191,"basaliob":-0.088,"bolussnooze":0,"activity":0.0029,"lastBolusTime":1703570533000,"time":"2023-12-26T08:17:07.496Z","iobWithZeroTemp":{"iob":-0.323,"basaliob":-0.602,"bolussnooze":0,"activity":-0.001,"lastBolusTime":1703570533000,"time":"2023-12-26T08:17:07.496Z"}},{"iob":0.176,"basaliob":-0.082,"bolussnooze":0,"activity":0.0028,"lastBolusTime":1703570533000,"time":"2023-12-26T08:22:07.496Z","iobWithZeroTemp":{"iob":-0.351,"basaliob":-0.609,"bolussnooze":0,"activity":-0.0012,"lastBolusTime":1703570533000,"time":"2023-12-26T08:22:07.496Z"}},{"iob":0.163,"basaliob":-0.076,"bolussnooze":0,"activity":0.0026,"lastBolusTime":1703570533000,"time":"2023-12-26T08:27:07.496Z","iobWithZeroTemp":{"iob":-0.377,"basaliob":-0.616,"bolussnooze":0,"activity":-0.0016,"lastBolusTime":1703570533000,"time":"2023-12-26T08:27:07.496Z"}},{"iob":0.151,"basaliob":-0.07,"bolussnooze":0,"activity":0.0024,"lastBolusTime":1703570533000,"time":"2023-12-26T08:32:07.496Z","iobWithZeroTemp":{"iob":-0.401,"basaliob":-0.622,"bolussnooze":0,"activity":-0.0019,"lastBolusTime":1703570533000,"time":"2023-12-26T08:32:07.496Z"}},{"iob":0.139,"basaliob":-0.065,"bolussnooze":0,"activity":0.0022,"lastBolusTime":1703570533000,"time":"2023-12-26T08:37:07.496Z","iobWithZeroTemp":{"iob":-0.424,"basaliob":-0.628,"bolussnooze":0,"activity":-0.0023,"lastBolusTime":1703570533000,"time":"2023-12-26T08:37:07.496Z"}},{"iob":0.129,"basaliob":-0.06,"bolussnooze":0,"activity":0.0021,"lastBolusTime":1703570533000,"time":"2023-12-26T08:42:07.496Z","iobWithZeroTemp":{"iob":-0.445,"basaliob":-0.634,"bolussnooze":0,"activity":-0.0025,"lastBolusTime":1703570533000,"time":"2023-12-26T08:42:07.496Z"}},{"iob":0.118,"basaliob":-0.056,"bolussnooze":0,"activity":0.0019,"lastBolusTime":1703570533000,"time":"2023-12-26T08:47:07.496Z","iobWithZeroTemp":{"iob":-0.466,"basaliob":-0.64,"bolussnooze":0,"activity":-0.0029,"lastBolusTime":1703570533000,"time":"2023-12-26T08:47:07.496Z"}},{"iob":0.109,"basaliob":-0.052,"bolussnooze":0,"activity":0.0018,"lastBolusTime":1703570533000,"time":"2023-12-26T08:52:07.496Z","iobWithZeroTemp":{"iob":-0.484,"basaliob":-0.645,"bolussnooze":0,"activity":-0.0031,"lastBolusTime":1703570533000,"time":"2023-12-26T08:52:07.496Z"}},{"iob":0.1,"basaliob":-0.048,"bolussnooze":0,"activity":0.0016,"lastBolusTime":1703570533000,"time":"2023-12-26T08:57:07.496Z","iobWithZeroTemp":{"iob":-0.501,"basaliob":-0.649,"bolussnooze":0,"activity":-0.0034,"lastBolusTime":1703570533000,"time":"2023-12-26T08:57:07.496Z"}},{"iob":0.092,"basaliob":-0.044,"bolussnooze":0,"activity":0.0016,"lastBolusTime":1703570533000,"time":"2023-12-26T09:02:07.496Z","iobWithZeroTemp":{"iob":-0.517,"basaliob":-0.653,"bolussnooze":0,"activity":-0.0035,"lastBolusTime":1703570533000,"time":"2023-12-26T09:02:07.496Z"}},{"iob":0.085,"basaliob":-0.041,"bolussnooze":0,"activity":0.0014,"lastBolusTime":1703570533000,"time":"2023-12-26T09:07:07.496Z","iobWithZeroTemp":{"iob":-0.532,"basaliob":-0.658,"bolussnooze":0,"activity":-0.0038,"lastBolusTime":1703570533000,"time":"2023-12-26T09:07:07.496Z"}},{"iob":0.077,"basaliob":-0.038,"bolussnooze":0,"activity":0.0013,"lastBolusTime":1703570533000,"time":"2023-12-26T09:12:07.496Z","iobWithZeroTemp":{"iob":-0.547,"basaliob":-0.662,"bolussnooze":0,"activity":-0.004,"lastBolusTime":1703570533000,"time":"2023-12-26T09:12:07.496Z"}},{"iob":0.071,"basaliob":-0.035,"bolussnooze":0,"activity":0.0012,"lastBolusTime":1703570533000,"time":"2023-12-26T09:17:07.496Z","iobWithZeroTemp":{"iob":-0.559,"basaliob":-0.665,"bolussnooze":0,"activity":-0.0042,"lastBolusTime":1703570533000,"time":"2023-12-26T09:17:07.496Z"}},{"iob":0.065,"basaliob":-0.032,"bolussnooze":0,"activity":0.0012,"lastBolusTime":1703570533000,"time":"2023-12-26T09:22:07.496Z","iobWithZeroTemp":{"iob":-0.571,"basaliob":-0.668,"bolussnooze":0,"activity":-0.0043,"lastBolusTime":1703570533000,"time":"2023-12-26T09:22:07.496Z"}},{"iob":0.06,"basaliob":-0.029,"bolussnooze":0,"activity":0.001,"lastBolusTime":1703570533000,"time":"2023-12-26T09:27:07.496Z","iobWithZeroTemp":{"iob":-0.582,"basaliob":-0.671,"bolussnooze":0,"activity":-0.0046,"lastBolusTime":1703570533000,"time":"2023-12-26T09:27:07.496Z"}},{"iob":0.055,"basaliob":-0.027,"bolussnooze":0,"activity":9.0E-4,"lastBolusTime":1703570533000,"time":"2023-12-26T09:32:07.496Z","iobWithZeroTemp":{"iob":-0.592,"basaliob":-0.674,"bolussnooze":0,"activity":-0.0048,"lastBolusTime":1703570533000,"time":"2023-12-26T09:32:07.496Z"}},{"iob":0.05,"basaliob":-0.025,"bolussnooze":0,"activity":9.0E-4,"lastBolusTime":1703570533000,"time":"2023-12-26T09:37:07.496Z","iobWithZeroTemp":{"iob":-0.601,"basaliob":-0.676,"bolussnooze":0,"activity":-0.0049,"lastBolusTime":1703570533000,"time":"2023-12-26T09:37:07.496Z"}},{"iob":0.046,"basaliob":-0.023,"bolussnooze":0,"activity":8.0E-4,"lastBolusTime":1703570533000,"time":"2023-12-26T09:42:07.496Z","iobWithZeroTemp":{"iob":-0.61,"basaliob":-0.679,"bolussnooze":0,"activity":-0.005,"lastBolusTime":1703570533000,"time":"2023-12-26T09:42:07.496Z"}},{"iob":0.042,"basaliob":-0.021,"bolussnooze":0,"activity":7.0E-4,"lastBolusTime":1703570533000,"time":"2023-12-26T09:47:07.496Z","iobWithZeroTemp":{"iob":-0.618,"basaliob":-0.681,"bolussnooze":0,"activity":-0.0052,"lastBolusTime":1703570533000,"time":"2023-12-26T09:47:07.496Z"}},{"iob":0.039,"basaliob":-0.019,"bolussnooze":0,"activity":7.0E-4,"lastBolusTime":1703570533000,"time":"2023-12-26T09:52:07.496Z","iobWithZeroTemp":{"iob":-0.625,"basaliob":-0.683,"bolussnooze":0,"activity":-0.0052,"lastBolusTime":1703570533000,"time":"2023-12-26T09:52:07.496Z"}},{"iob":0.035,"basaliob":-0.018,"bolussnooze":0,"activity":7.0E-4,"lastBolusTime":1703570533000,"time":"2023-12-26T09:57:07.496Z","iobWithZeroTemp":{"iob":-0.632,"basaliob":-0.685,"bolussnooze":0,"activity":-0.0053,"lastBolusTime":1703570533000,"time":"2023-12-26T09:57:07.496Z"}},{"iob":0.032,"basaliob":-0.016,"bolussnooze":0,"activity":6.0E-4,"lastBolusTime":1703570533000,"time":"2023-12-26T10:02:07.496Z","iobWithZeroTemp":{"iob":-0.638,"basaliob":-0.686,"bolussnooze":0,"activity":-0.0055,"lastBolusTime":1703570533000,"time":"2023-12-26T10:02:07.496Z"}},{"iob":0.029,"basaliob":-0.015,"bolussnooze":0,"activity":5.0E-4,"lastBolusTime":1703570533000,"time":"2023-12-26T10:07:07.496Z","iobWithZeroTemp":{"iob":-0.644,"basaliob":-0.688,"bolussnooze":0,"activity":-0.0056,"lastBolusTime":1703570533000,"time":"2023-12-26T10:07:07.496Z"}},{"iob":0.027,"basaliob":-0.013,"bolussnooze":0,"activity":5.0E-4,"lastBolusTime":1703570533000,"time":"2023-12-26T10:12:07.496Z","iobWithZeroTemp":{"iob":-0.649,"basaliob":-0.689,"bolussnooze":0,"activity":-0.0056,"lastBolusTime":1703570533000,"time":"2023-12-26T10:12:07.496Z"}},{"iob":0.024,"basaliob":-0.012,"bolussnooze":0,"activity":5.0E-4,"lastBolusTime":1703570533000,"time":"2023-12-26T10:17:07.496Z","iobWithZeroTemp":{"iob":-0.654,"basaliob":-0.69,"bolussnooze":0,"activity":-0.0057,"lastBolusTime":1703570533000,"time":"2023-12-26T10:17:07.496Z"}},{"iob":0.022,"basaliob":-0.011,"bolussnooze":0,"activity":4.0E-4,"lastBolusTime":1703570533000,"time":"2023-12-26T10:22:07.496Z","iobWithZeroTemp":{"iob":-0.659,"basaliob":-0.692,"bolussnooze":0,"activity":-0.0058,"lastBolusTime":1703570533000,"time":"2023-12-26T10:22:07.496Z"}},{"iob":0.02,"basaliob":-0.01,"bolussnooze":0,"activity":4.0E-4,"lastBolusTime":1703570533000,"time":"2023-12-26T10:27:07.496Z","iobWithZeroTemp":{"iob":-0.663,"basaliob":-0.693,"bolussnooze":0,"activity":-0.0059,"lastBolusTime":1703570533000,"time":"2023-12-26T10:27:07.496Z"}}],"profile":{"max_iob":7,"type":"current","max_daily_basal":0.45,"max_basal":1.35,"min_bg":81,"max_bg":81,"target_bg":81,"carb_ratio":9,"sens":352.8,"max_daily_safety_multiplier":3,"current_basal_safety_multiplier":4,"lgsThreshold":65,"high_temptarget_raises_sensitivity":false,"low_temptarget_lowers_sensitivity":false,"sensitivity_raises_target":true,"resistance_lowers_target":true,"adv_target_adjustments":false,"exercise_mode":false,"half_basal_exercise_target":160,"maxCOB":120,"skip_neutral_temps":false,"remainingCarbsCap":90,"enableUAM":true,"A52_risk_enable":false,"SMBInterval":4,"enableSMB_with_COB":true,"enableSMB_with_temptarget":false,"allowSMB_with_high_temptarget":true,"enableSMB_always":true,"enableSMB_after_carbs":false,"maxSMBBasalMinutes":60,"maxUAMSMBBasalMinutes":60,"bolus_increment":0.05,"carbsReqThreshold":10,"current_basal":0.4,"temptargetSet":true,"autosens_max":1.2,"autosens_min":0.8,"out_units":"mmol\/L","variable_sens":144,"insulinDivisor":65,"TDD":10.253005765714287},"autosens_data":{"ratio":1.155223402452221},"meal_data":{"carbs":0,"mealCOB":0,"slopeFromMaxDeviation":-1.905333333333333,"slopeFromMinDeviation":0,"lastBolusTime":1703570533000,"lastCarbTime":0},"microBolusAllowed":true,"currentTime":1703572330554,"flatBGsDetected":false,"tdd1D":33.75158333333334,"tdd7D":31.95839285714286,"tddLast24H":36.91908333333333,"tddLast4H":3.043333333333333,"tddLast8to4H":3.802416666666667},"output":{"temp":"absolute","bg":155,"tick":-9,"eventualBG":52,"targetBG":81,"insulinReq":0,"deliverAt":"2023-12-26T06:32:10.554Z","sensitivityRatio":1.155223402452221,"variable_sens":144,"predBGs":{"IOB":[155,146,138,129,121,113,105,98,90,83,76,70,63,56,49,42,39],"ZT":[155,149,142,136,130,124,118,112,107,102,98,94,90,87,84,82,80,78,78,77,77,78,79,81]},"reason":"COB: 0, Dev: 0.7, BGI: -0.4, ISF: 8.0, CR: 9, Target: 4.5, minPredBG 2.4, minGuardBG -3.7, IOBpredBG 2.2; minGuardBG -3.7<3.6","COB":0,"IOB":0.801,"duration":120,"rate":0,"timestamp":"2023-12-26T06:32:10.580Z"}}