{"algorithm":"OpenAPSSMBDynamicISFPlugin","input":{"glucoseStatus":{"glucose":141,"noise":0,"delta":0,"short_avgdelta":0,"long_avgdelta":0.11,"date":1703541715228},"currenttemp":{"temp":"absolute","duration":35,"rate":0,"minutesrunning":85},"iob_data":[{"iob":1.435,"basaliob":-0.705,"bolussnooze":0.096,"activity":0.0221,"lastBolusTime":1703539047000,"time":"2023-12-25T22:02:12.980Z","iobWithZeroTemp":{"iob":1.435,"basaliob":-0.705,"bolussnooze":0.096,"activity":0.0221,"lastBolusTime":1703539047000,"time":"2023-12-25T22:02:12.980Z"}},{"iob":1.328,"basaliob":-0.672,"bolussnooze":0.0805,"activity":0.0207,"lastBolusTime":1703539047000,"time":"2023-12-25T22:07:12.980Z","iobWithZeroTemp":{"iob":1.298,"basaliob":-0.702,"bolussnooze":0.0805,"activity":0.0207,"lastBolusTime":1703539047000,"time":"2023-12-25T22:07:12.980Z"}},{"iob":1.228,"basaliob":-0.639,"bolussnooze":0.0672,"activity":0.0192,"lastBolusTime":1703539047000,"time":"2023-12-25T22:12:12.980Z","iobWithZeroTemp":{"iob":1.161,"basaliob":-0.706,"bolussnooze":0.0672,"activity":0.0191,"lastBolusTime":1703539047000,"time":"2023-12-25T22:12:12.980Z"}},{"iob":1.135,"basaliob":-0.606,"bolussnooze":0.0559,"activity":0.0179,"lastBolusTime":1703539047000,"time":"2023-12-25T22:17:12.980Z","iobWithZeroTemp":{"iob":1.031,"basaliob":-0.71,"bolussnooze":0.0559,"activity":0.0177,"lastBolusTime":1703539047000,"time":"2023-12-25T22:17:12.980Z"}},{"iob":1.049,"basaliob":-0.574,"bolussnooze":0.0464,"activity":0.0167,"lastBolusTime":1703539047000,"time":"2023-12-25T22:22:12.980Z","iobWithZeroTemp":{"iob":0.909,"basaliob":-0.714,"bolussnooze":0.0464,"activity":0.0163,"lastBolusTime":1703539047000,"time":"2023-12-25T22:22:12.980Z"}},{"iob":0.968,"basaliob":-0.543,"bolussnooze":0.0384,"activity":0.0156,"lastBolusTime":1703539047000,"time":"2023-12-25T22:27:12.980Z","iobWithZeroTemp":{"iob":0.793,"basaliob":-0.718,"bolussnooze":0.0384,"activity":0.015,"lastBolusTime":1703539047000,"time":"2023-12-25T22:27:12.980Z"}},{"iob":0.892,"basaliob":-0.513,"bolussnooze":0.0316,"activity":0.0144,"lastBolusTime":1703539047000,"time":"2023-12-25T22:32:12.980Z","iobWithZeroTemp":{"iob":0.682,"basaliob":-0.723,"bolussnooze":0.0316,"activity":0.0136,"lastBolusTime":1703539047000,"time":"2023-12-25T22:32:12.980Z"}},{"iob":0.822,"basaliob":-0.484,"bolussnooze":0.026,"activity":0.0134,"lastBolusTime":1703539047000,"time":"2023-12-25T22:37:12.980Z","iobWithZeroTemp":{"iob":0.579,"basaliob":-0.727,"bolussnooze":0.026,"activity":0.0124,"lastBolusTime":1703539047000,"time":"2023-12-25T22:37:12.980Z"}},{"iob":0.757,"basaliob":-0.456,"bolussnooze":0.0212,"activity":0.0125,"lastBolusTime":1703539047000,"time":"2023-12-25T22:42:12.980Z","iobWithZeroTemp":{"iob":0.482,"basaliob":-0.731,"bolussnooze":0.0212,"activity":0.0113,"lastBolusTime":1703539047000,"time":"2023-12-25T22:42:12.980Z"}},{"iob":0.698,"basaliob":-0.428,"bolussnooze":0.0173,"activity":0.0116,"lastBolusTime":1703539047000,"time":"2023-12-25T22:47:12.980Z","iobWithZeroTemp":{"iob":0.392,"basaliob":-0.734,"bolussnooze":0.0173,"activity":0.0101,"lastBolusTime":1703539047000,"time":"2023-12-25T22:47:12.980Z"}},{"iob":0.642,"basaliob":-0.402,"bolussnooze":0.014,"activity":0.0107,"lastBolusTime":1703539047000,"time":"2023-12-25T22:52:12.980Z","iobWithZeroTemp":{"iob":0.307,"basaliob":-0.737,"bolussnooze":0.014,"activity":0.009,"lastBolusTime":1703539047000,"time":"2023-12-25T22:52:12.980Z"}},{"iob":0.589,"basaliob":-0.378,"bolussnooze":0.0113,"activity":0.0099,"lastBolusTime":1703539047000,"time":"2023-12-25T22:57:12.980Z","iobWithZeroTemp":{"iob":0.226,"basaliob":-0.741,"bolussnooze":0.0113,"activity":0.0079,"lastBolusTime":1703539047000,"time":"2023-12-25T22:57:12.980Z"}},{"iob":0.542,"basaliob":-0.354,"bolussnooze":0.009,"activity":0.0093,"lastBolusTime":1703539047000,"time":"2023-12-25T23:02:12.980Z","iobWithZeroTemp":{"iob":0.152,"basaliob":-0.744,"bolussnooze":0.009,"activity":0.0071,"lastBolusTime":1703539047000,"time":"2023-12-25T23:02:12.980Z"}},{"iob":0.498,"basaliob":-0.331,"bolussnooze":0.0072,"activity":0.0086,"lastBolusTime":1703539047000,"time":"2023-12-25T23:07:12.980Z","iobWithZeroTemp":{"iob":0.082,"basaliob":-0.747,"bolussnooze":0.0072,"activity":0.0061,"lastBolusTime":1703539047000,"time":"2023-12-25T23:07:12.980Z"}},{"iob":0.456,"basaliob":-0.31,"bolussnooze":0.0057,"activity":0.0079,"lastBolusTime":1703539047000,"time":"2023-12-25T23:12:12.980Z","iobWithZeroTemp":{"iob":0.016,"basaliob":-0.75,"bolussnooze":0.0057,"activity":0.0052,"lastBolusTime":1703539047000,"time":"2023-12-25T23:12:12.980Z"}},{"iob":0.419,"basaliob":-0.289,"bolussnooze":0.0045,"activity":0.0073,"lastBolusTime":1703539047000,"time":"2023-12-25T23:17:12.980Z","iobWithZeroTemp":{"iob":-0.044,"basaliob":-0.752,"bolussnooze":0.0045,"activity":0.0043,"lastBolusTime":1703539047000,"time":"2023-12-25T23:17:12.980Z"}},{"iob":0.383,"basaliob":-0.27,"bolussnooze":0.0035,"activity":0.0067,"lastBolusTime":1703539047000,"time":"2023-12-25T23:22:12.980Z","iobWithZeroTemp":{"iob":-0.102,"basaliob":-0.755,"bolussnooze":0.0035,"activity":0.0035,"lastBolusTime":1703539047000,"time":"2023-12-25T23:22:12.980Z"}},{"iob":0.351,"basaliob":-0.252,"bolussnooze":0.0027,"activity":0.0063,"lastBolusTime":1703539047000,"time":"2023-12-25T23:27:12.980Z","iobWithZeroTemp":{"iob":-0.155,"basaliob":-0.758,"bolussnooze":0.0027,"activity":0.0028,"lastBolusTime":1703539047000,"time":"2023-12-25T23:27:12.980Z"}},{"iob":0.321,"basaliob":-0.235,"bolussnooze":0.002,"activity":0.0058,"lastBolusTime":1703539047000,"time":"2023-12-25T23:32:12.980Z","iobWithZeroTemp":{"iob":-0.205,"basaliob":-0.761,"bolussnooze":0.002,"activity":0.0021,"lastBolusTime":1703539047000,"time":"2023-12-25T23:32:12.980Z"}},{"iob":0.294,"basaliob":-0.218,"bolussnooze":0.0015,"activity":0.0053,"lastBolusTime":1703539047000,"time":"2023-12-25T23:37:12.980Z","iobWithZeroTemp":{"iob":-0.25,"basaliob":-0.762,"bolussnooze":0.0015,"activity":0.0014,"lastBolusTime":1703539047000,"time":"2023-12-25T23:37:12.980Z"}},{"iob":0.268,"basaliob":-0.203,"bolussnooze":0.0011,"activity":0.0048,"lastBolusTime":1703539047000,"time":"2023-12-25T23:42:12.980Z","iobWithZeroTemp":{"iob":-0.294,"basaliob":-0.765,"bolussnooze":0.0011,"activity":7.0E-4,"lastBolusTime":1703539047000,"time":"2023-12-25T23:42:12.980Z"}},{"iob":0.244,"basaliob":-0.189,"bolussnooze":8.0E-4,"activity":0.0045,"lastBolusTime":1703539047000,"time":"2023-12-25T23:47:12.980Z","iobWithZeroTemp":{"iob":-0.334,"basaliob":-0.767,"bolussnooze":8.0E-4,"activity":2.0E-4,"lastBolusTime":1703539047000,"time":"2023-12-25T23:47:12.980Z"}},{"iob":0.223,"basaliob":-0.175,"bolussnooze":6.0E-4,"activity":0.0041,"lastBolusTime":1703539047000,"time":"2023-12-25T23:52:12.980Z","iobWithZeroTemp":{"iob":-0.37,"basaliob":-0.768,"bolussnooze":6.0E-4,"activity":-4.0E-4,"lastBolusTime":1703539047000,"time":"2023-12-25T23:52:12.980Z"}},{"iob":0.203,"basaliob":-0.163,"bolussnooze":4.0E-4,"activity":0.0038,"lastBolusTime":1703539047000,"time":"2023-12-25T23:57:12.980Z","iobWithZeroTemp":{"iob":-0.405,"basaliob":-0.771,"bolussnooze":4.0E-4,"activity":-9.0E-4,"lastBolusTime":1703539047000,"time":"2023-12-25T23:57:12.980Z"}},{"iob":0.185,"basaliob":-0.151,"bolussnooze":3.0E-4,"activity":0.0035,"lastBolusTime":1703539047000,"time":"2023-12-26T00:02:12.980Z","iobWithZeroTemp":{"iob":-0.436,"basaliob":-0.772,"bolussnooze":3.0E-4,"activity":-0.0014,"lastBolusTime":1703539047000,"time":"2023-12-26T00:02:12.980Z"}},{"iob":0.168,"basaliob":-0.14,"bolussnooze":2.0E-4,"activity":0.0032,"lastBolusTime":1703539047000,"time":"2023-12-26T00:07:12.980Z","iobWithZeroTemp":{"iob":-0.458,"basaliob":-0.766,"bolussnooze":2.0E-4,"activity":-0.0019,"lastBolusTime":1703539047000,"time":"2023-12-26T00:07:12.980Z"}},{"iob":0.153,"basaliob":-0.129,"bolussnooze":1.0E-4,"activity":0.0029,"lastBolusTime":1703539047000,"time":"2023-12-26T00:12:12.980Z","iobWithZeroTemp":{"iob":-0.476,"basaliob":-0.758,"bolussnooze":1.0E-4,"activity":-0.0023,"lastBolusTime":1703539047000,"time":"2023-12-26T00:12:12.980Z"}},{"iob":0.139,"basaliob":-0.119,"bolussnooze":0,"activity":0.0027,"lastBolusTime":1703539047000,"time":"2023-12-26T00:17:12.980Z","iobWithZeroTemp":{"iob":-0.493,"basaliob":-0.751,"bolussnooze":0,"activity":-0.0026,"lastBolusTime":1703539047000,"time":"2023-12-26T00:17:12.980Z"}},{"iob":0.127,"basaliob":-0.11,"bolussnooze":0,"activity":0.0025,"lastBolusTime":1703539047000,"time":"2023-12-26T00:22:12.980Z","iobWithZeroTemp":{"iob":-0.507,"basaliob":-0.744,"bolussnooze":0,"activity":-0.0029,"lastBolusTime":1703539047000,"time":"2023-12-26T00:22:12.980Z"}},{"iob":0.114,"basaliob":-0.102,"bolussnooze":0,"activity":0.0023,"lastBolusTime":1703539047000,"time":"2023-12-26T00:27:12.980Z","iobWithZeroTemp":{"iob":-0.522,"basaliob":-0.738,"bolussnooze":0,"activity":-0.0032,"lastBolusTime":1703539047000,"time":"2023-12-26T00:27:12.980Z"}},{"iob":0.104,"basaliob":-0.094,"bolussnooze":0,"activity":0.0021,"lastBolusTime":1703539047000,"time":"2023-12-26T00:32:12.980Z","iobWithZeroTemp":{"iob":-0.534,"basaliob":-0.732,"bolussnooze":0,"activity":-0.0035,"lastBolusTime":1703539047000,"time":"2023-12-26T00:32:12.980Z"}},{"iob":0.093,"basaliob":-0.087,"bolussnooze":0,"activity":0.0019,"lastBolusTime":1703539047000,"time":"2023-12-26T00:37:12.980Z","iobWithZeroTemp":{"iob":-0.546,"basaliob":-0.726,"bolussnooze":0,"activity":-0.0038,"lastBolusTime":1703539047000,"time":"2023-12-26T00:37:12.980Z"}},{"iob":0.085,"basaliob":-0.08,"bolussnooze":0,"activity":0.0017,"lastBolusTime":1703539047000,"time":"2023-12-26T00:42:12.980Z","iobWithZeroTemp":{"iob":-0.555,"basaliob":-0.72,"bolussnooze":0,"activity":-0.004,"lastBolusTime":1703539047000,"time":"2023-12-26T00:42:12.980Z"}},{"iob":0.076,"basaliob":-0.074,"bolussnooze":0,"activity":0.0016,"lastBolusTime":1703539047000,"time":"2023-12-26T00:47:12.980Z","iobWithZeroTemp":{"iob":-0.557,"basaliob":-0.707,"bolussnooze":0,"activity":-0.0041,"lastBolusTime":1703539047000,"time":"2023-12-26T00:47:12.980Z"}},{"iob":0.069,"basaliob":-0.068,"bolussnooze":0,"activity":0.0015,"lastBolusTime":1703539047000,"time":"2023-12-26T00:52:12.980Z","iobWithZeroTemp":{"iob":-0.565,"basaliob":-0.702,"bolussnooze":0,"activity":-0.0043,"lastBolusTime":1703539047000,"time":"2023-12-26T00:52:12.980Z"}},{"iob":0.062,"basaliob":-0.062,"bolussnooze":0,"activity":0.0014,"lastBolusTime":1703539047000,"time":"2023-12-26T00:57:12.980Z","iobWithZeroTemp":{"iob":-0.572,"basaliob":-0.696,"bolussnooze":0,"activity":-0.0044,"lastBolusTime":1703539047000,"time":"2023-12-26T00:57:12.980Z"}},{"iob":0.056,"basaliob":-0.057,"bolussnooze":0,"activity":0.0012,"lastBolusTime":1703539047000,"time":"2023-12-26T01:02:12.980Z","iobWithZeroTemp":{"iob":-0.578,"basaliob":-0.691,"bolussnooze":0,"activity":-0.0046,"lastBolusTime":1703539047000,"time":"2023-12-26T01:02:12.980Z"}},{"iob":0.05,"basaliob":-0.053,"bolussnooze":0,"activity":0.0011,"lastBolusTime":1703539047000,"time":"2023-12-26T01:07:12.980Z","iobWithZeroTemp":{"iob":-0.578,"basaliob":-0.681,"bolussnooze":0,"activity":-0.0048,"lastBolusTime":1703539047000,"time":"2023-12-26T01:07:12.980Z"}},{"iob":0.045,"basaliob":-0.048,"bolussnooze":0,"activity":0.001,"lastBolusTime":1703539047000,"time":"2023-12-26T01:12:12.980Z","iobWithZeroTemp":{"iob":-0.576,"basaliob":-0.669,"bolussnooze":0,"activity":-0.0049,"lastBolusTime":1703539047000,"time":"2023-12-26T01:12:12.980Z"}},{"iob":0.04,"basaliob":-0.044,"bolussnooze":0,"activity":9.0E-4,"lastBolusTime":1703539047000,"time":"2023-12-26T01:17:12.980Z","iobWithZeroTemp":{"iob":-0.574,"basaliob":-0.658,"bolussnooze":0,"activity":-0.005,"lastBolusTime":1703539047000,"time":"2023-12-26T01:17:12.980Z"}},{"iob":0.036,"basaliob":-0.041,"bolussnooze":0,"activity":8.0E-4,"lastBolusTime":1703539047000,"time":"2023-12-26T01:22:12.980Z","iobWithZeroTemp":{"iob":-0.572,"basaliob":-0.649,"bolussnooze":0,"activity":-0.005,"lastBolusTime":1703539047000,"time":"2023-12-26T01:22:12.980Z"}},{"iob":0.032,"basaliob":-0.037,"bolussnooze":0,"activity":7.0E-4,"lastBolusTime":1703539047000,"time":"2023-12-26T01:27:12.980Z","iobWithZeroTemp":{"iob":-0.569,"basaliob":-0.638,"bolussnooze":0,"activity":-0.0051,"lastBolusTime":1703539047000,"time":"2023-12-26T01:27:12.980Z"}},{"iob":0.029,"basaliob":-0.034,"bolussnooze":0,"activity":7.0E-4,"lastBolusTime":1703539047000,"time":"2023-12-26T01:32:12.980Z","iobWithZeroTemp":{"iob":-0.565,"basaliob":-0.628,"bolussnooze":0,"activity":-0.0051,"lastBolusTime":1703539047000,"time":"2023-12-26T01:32:12.980Z"}},{"iob":0.026,"basaliob":-0.031,"bolussnooze":0,"activity":6.0E-4,"lastBolusTime":1703539047000,"time":"2023-12-26T01:37:12.980Z","iobWithZeroTemp":{"iob":-0.562,"basaliob":-0.619,"bolussnooze":0,"activity":-0.0052,"lastBolusTime":1703539047000,"time":"2023-12-26T01:37:12.980Z"}},{"iob":0.023,"basaliob":-0.028,"bolussnooze":0,"activity":6.0E-4,"lastBolusTime":1703539047000,"time":"2023-12-26T01:42:12.980Z","iobWithZeroTemp":{"iob":-0.559,"basaliob":-0.61,"bolussnooze":0,"activity":-0.0051,"lastBolusTime":1703539047000,"time":"2023-12-26T01:42:12.980Z"}},{"iob":0.02,"basaliob":-0.026,"bolussnooze":0,"activity":5.0E-4,"lastBolusTime":1703539047000,"time":"2023-12-26T01:47:12.980Z","iobWithZeroTemp":{"iob":-0.556,"basaliob":-0.602,"bolussnooze":0,"activity":-0.0052,"lastBolusTime":1703539047000,"time":"2023-12-26T01:47:12.980Z"}},{"iob":0.017,"basaliob":-0.024,"bolussnooze":0,"activity":5.0E-4,"lastBolusTime":1703539047000,"time":"2023-12-26T01:52:12.980Z","iobWithZeroTemp":{"iob":-0.553,"basaliob":-0.594,"bolussnooze":0,"activity":-0.0051,"lastBolusTime":1703539047000,"time":"2023-12-26T01:52:12.980Z"}},{"iob":0.016,"basaliob":-0.021,"bolussnooze":0,"activity":4.0E-4,"lastBolusTime":1703539047000,"time":"2023-12-26T01:57:12.980Z","iobWithZeroTemp":{"iob":-0.549,"basaliob":-0.586,"bolussnooze":0,"activity":-0.0052,"lastBolusTime":1703539047000,"time":"2023-12-26T01:57:12.980Z"}}],"profile":{"max_iob":7,"type":"current","max_daily_basal":0.45,"max_basal":1.35,"min_bg":81.0000000000001,"max_bg":81.0000000000001,"target_bg":81.0000000000001,"carb_ratio":11,"sens":369,"max_daily_safety_multiplier":3,"current_basal_safety_multiplier":4,"lgsThreshold":65,"high_temptarget_raises_sensitivity":false,"low_temptarget_lowers_sensitivity":false,"sensitivity_raises_target":true,"resistance_lowers_target":true,"adv_target_adjustments":false,"exercise_mode":false,"half_basal_exercise_target":160,"maxCOB":120,"skip_neutral_temps":false,"remainingCarbsCap":90,"enableUAM":true,"A52_risk_enable":false,"SMBInterval":4,"enableSMB_with_COB":true,"enableSMB_with_temptarget":false,"allowSMB_with_high_temptarget":true,"enableSMB_always":true,"enableSMB_after_carbs":false,"maxSMBBasalMinutes":60,"maxUAMSMBBasalMinutes":60,"bolus_increment":0.05,"carbsReqThreshold":10,"current_basal":0.45,"temptargetSet":true,"autosens_max":1.2,"autosens_min":0.8,"out_units":"mmol\/L","variable_sens":110.9,"insulinDivisor":65,"TDD":14.071433785714285},"autosens_data":{"ratio":1.0529810896235992},"meal_data":{"carbs":75,"mealCOB":21.300641723356023,"slopeFromMaxDeviation":-2.8669000000000007,"slopeFromMinDeviation":0,"lastBolusTime":1703539047000,"lastCarbTime":1703538780000},"microBolusAllowed":true,"currentTime":1703541736727,"flatBGsDetected":false,"tdd1D":33.75158333333334,"tdd7D":31.95839285714286,"tddLast24H":33.65158333333334,"tddLast4H":8.750000000000002,"tddLast8to4H":8.343333333333334},"output":{"temp":"absolute","bg":141,"tick":"+0","eventualBG":186,"targetBG":81.0000000000001,"insulinReq":0,"deliverAt":"2023-12-25T22:02:16.727Z","sensitivityRatio":1.0529810896235992,"variable_sens":110.9,"predBGs":{"IOB":[141,140,139,137,135,133,130,127,123,119,114,108,101,95,89,83,77,72,67,61,56,51,46,41,39],"ZT":[141,129,117,105,93,81,69,57,45,39,39,39,39,39,39,39,39,39,39,39,39,39,39,39,39,39,39,39,39,39,39,39,39,39,39,39,39,39,39,39,39,39,43,49,55,61,66,70],"COB":[141,141,141,141,142,144,145,147,149,151,154,156,159,161,164,167,169,172,174,177,179,181,183,185,187,188,190,191,192,193,193,193,193,193,192,192,191,190,190,189,188,188,188,187,187,187,186],"UAM":[141,138,133,126,116,106,95,85,75,64,54,42,39]},"reason":"COB: 21.3, Dev: 4.1, BGI: -0.7, ISF: 6.2, CR: 11, Target: 4.5, minPredBG -1.9, minGuardBG -2.6, IOBpredBG 2.2, COBpredBG 10.3, UAMpredBG 2.2; minGuardBG -2.6<3.6","COB":21.300641723356023,"IOB":1.435,"duration":120,"rate":0,"timestamp":"2023-12-25T22:02:16.752Z"}}