{"algorithm":"OpenAPSSMBDynamicISFPlugin","input":{"glucoseStatus":{"glucose":164,"noise":0,"delta":-4,"short_avgdelta":-0.5,"long_avgdelta":-4.97,"date":1703335554624},"currenttemp":{"temp":"absolute","duration":8,"rate":0,"minutesrunning":52},"iob_data":[{"iob":2.544,"basaliob":-0.705,"bolussnooze":0.2921,"activity":0.0305,"lastBolusTime":1703333197000,"time":"2023-12-23T12:46:19.215Z","iobWithZeroTemp":{"iob":2.544,"basaliob":-0.705,"bolussnooze":0.2921,"activity":0.0305,"lastBolusTime":1703333197000,"time":"2023-12-23T12:46:19.215Z"}},{"iob":2.394,"basaliob":-0.672,"bolussnooze":0.2535,"activity":0.0293,"lastBolusTime":1703333197000,"time":"2023-12-23T12:51:19.215Z","iobWithZeroTemp":{"iob":2.367,"basaliob":-0.699,"bolussnooze":0.2535,"activity":0.0293,"lastBolusTime":1703333197000,"time":"2023-12-23T12:51:19.215Z"}},{"iob":2.25,"basaliob":-0.639,"bolussnooze":0.2193,"activity":0.0282,"lastBolusTime":1703333197000,"time":"2023-12-23T12:56:19.215Z","iobWithZeroTemp":{"iob":2.19,"basaliob":-0.699,"bolussnooze":0.2193,"activity":0.0281,"lastBolusTime":1703333197000,"time":"2023-12-23T12:56:19.215Z"}},{"iob":2.112,"basaliob":-0.607,"bolussnooze":0.1891,"activity":0.027,"lastBolusTime":1703333197000,"time":"2023-12-23T13:01:19.215Z","iobWithZeroTemp":{"iob":2.02,"basaliob":-0.699,"bolussnooze":0.1891,"activity":0.0268,"lastBolusTime":1703333197000,"time":"2023-12-23T13:01:19.215Z"}},{"iob":1.981,"basaliob":-0.575,"bolussnooze":0.1625,"activity":0.0257,"lastBolusTime":1703333197000,"time":"2023-12-23T13:06:19.215Z","iobWithZeroTemp":{"iob":1.856,"basaliob":-0.7,"bolussnooze":0.1625,"activity":0.0254,"lastBolusTime":1703333197000,"time":"2023-12-23T13:06:19.215Z"}},{"iob":1.855,"basaliob":-0.544,"bolussnooze":0.1393,"activity":0.0245,"lastBolusTime":1703333197000,"time":"2023-12-23T13:11:19.215Z","iobWithZeroTemp":{"iob":1.699,"basaliob":-0.7,"bolussnooze":0.1393,"activity":0.024,"lastBolusTime":1703333197000,"time":"2023-12-23T13:11:19.215Z"}},{"iob":1.737,"basaliob":-0.513,"bolussnooze":0.119,"activity":0.0233,"lastBolusTime":1703333197000,"time":"2023-12-23T13:16:19.215Z","iobWithZeroTemp":{"iob":1.551,"basaliob":-0.699,"bolussnooze":0.119,"activity":0.0226,"lastBolusTime":1703333197000,"time":"2023-12-23T13:16:19.215Z"}},{"iob":1.623,"basaliob":-0.484,"bolussnooze":0.1014,"activity":0.0221,"lastBolusTime":1703333197000,"time":"2023-12-23T13:21:19.215Z","iobWithZeroTemp":{"iob":1.407,"basaliob":-0.7,"bolussnooze":0.1014,"activity":0.0212,"lastBolusTime":1703333197000,"time":"2023-12-23T13:21:19.215Z"}},{"iob":1.516,"basaliob":-0.456,"bolussnooze":0.0862,"activity":0.0209,"lastBolusTime":1703333197000,"time":"2023-12-23T13:26:19.215Z","iobWithZeroTemp":{"iob":1.272,"basaliob":-0.7,"bolussnooze":0.0862,"activity":0.0198,"lastBolusTime":1703333197000,"time":"2023-12-23T13:26:19.215Z"}},{"iob":1.414,"basaliob":-0.429,"bolussnooze":0.073,"activity":0.0198,"lastBolusTime":1703333197000,"time":"2023-12-23T13:31:19.215Z","iobWithZeroTemp":{"iob":1.142,"basaliob":-0.701,"bolussnooze":0.073,"activity":0.0185,"lastBolusTime":1703333197000,"time":"2023-12-23T13:31:19.215Z"}},{"iob":1.318,"basaliob":-0.403,"bolussnooze":0.0617,"activity":0.0186,"lastBolusTime":1703333197000,"time":"2023-12-23T13:36:19.215Z","iobWithZeroTemp":{"iob":1.02,"basaliob":-0.701,"bolussnooze":0.0617,"activity":0.0171,"lastBolusTime":1703333197000,"time":"2023-12-23T13:36:19.215Z"}},{"iob":1.227,"basaliob":-0.378,"bolussnooze":0.052,"activity":0.0175,"lastBolusTime":1703333197000,"time":"2023-12-23T13:41:19.215Z","iobWithZeroTemp":{"iob":0.904,"basaliob":-0.701,"bolussnooze":0.052,"activity":0.0157,"lastBolusTime":1703333197000,"time":"2023-12-23T13:41:19.215Z"}},{"iob":1.142,"basaliob":-0.354,"bolussnooze":0.0437,"activity":0.0166,"lastBolusTime":1703333197000,"time":"2023-12-23T13:46:19.215Z","iobWithZeroTemp":{"iob":0.795,"basaliob":-0.701,"bolussnooze":0.0437,"activity":0.0146,"lastBolusTime":1703333197000,"time":"2023-12-23T13:46:19.215Z"}},{"iob":1.061,"basaliob":-0.332,"bolussnooze":0.0367,"activity":0.0156,"lastBolusTime":1703333197000,"time":"2023-12-23T13:51:19.215Z","iobWithZeroTemp":{"iob":0.691,"basaliob":-0.702,"bolussnooze":0.0367,"activity":0.0134,"lastBolusTime":1703333197000,"time":"2023-12-23T13:51:19.215Z"}},{"iob":0.986,"basaliob":-0.31,"bolussnooze":0.0307,"activity":0.0146,"lastBolusTime":1703333197000,"time":"2023-12-23T13:56:19.215Z","iobWithZeroTemp":{"iob":0.595,"basaliob":-0.701,"bolussnooze":0.0307,"activity":0.0122,"lastBolusTime":1703333197000,"time":"2023-12-23T13:56:19.215Z"}},{"iob":0.915,"basaliob":-0.29,"bolussnooze":0.0256,"activity":0.0137,"lastBolusTime":1703333197000,"time":"2023-12-23T14:01:19.215Z","iobWithZeroTemp":{"iob":0.503,"basaliob":-0.702,"bolussnooze":0.0256,"activity":0.011,"lastBolusTime":1703333197000,"time":"2023-12-23T14:01:19.215Z"}},{"iob":0.849,"basaliob":-0.27,"bolussnooze":0.0212,"activity":0.0128,"lastBolusTime":1703333197000,"time":"2023-12-23T14:06:19.215Z","iobWithZeroTemp":{"iob":0.418,"basaliob":-0.701,"bolussnooze":0.0212,"activity":0.0099,"lastBolusTime":1703333197000,"time":"2023-12-23T14:06:19.215Z"}},{"iob":0.787,"basaliob":-0.252,"bolussnooze":0.0176,"activity":0.0121,"lastBolusTime":1703333197000,"time":"2023-12-23T14:11:19.215Z","iobWithZeroTemp":{"iob":0.337,"basaliob":-0.702,"bolussnooze":0.0176,"activity":0.009,"lastBolusTime":1703333197000,"time":"2023-12-23T14:11:19.215Z"}},{"iob":0.729,"basaliob":-0.235,"bolussnooze":0.0145,"activity":0.0113,"lastBolusTime":1703333197000,"time":"2023-12-23T14:16:19.215Z","iobWithZeroTemp":{"iob":0.262,"basaliob":-0.702,"bolussnooze":0.0145,"activity":0.008,"lastBolusTime":1703333197000,"time":"2023-12-23T14:16:19.215Z"}},{"iob":0.674,"basaliob":-0.219,"bolussnooze":0.012,"activity":0.0105,"lastBolusTime":1703333197000,"time":"2023-12-23T14:21:19.215Z","iobWithZeroTemp":{"iob":0.19,"basaliob":-0.703,"bolussnooze":0.012,"activity":0.007,"lastBolusTime":1703333197000,"time":"2023-12-23T14:21:19.215Z"}},{"iob":0.624,"basaliob":-0.203,"bolussnooze":0.0098,"activity":0.0098,"lastBolusTime":1703333197000,"time":"2023-12-23T14:26:19.215Z","iobWithZeroTemp":{"iob":0.125,"basaliob":-0.702,"bolussnooze":0.0098,"activity":0.0061,"lastBolusTime":1703333197000,"time":"2023-12-23T14:26:19.215Z"}},{"iob":0.576,"basaliob":-0.189,"bolussnooze":0.008,"activity":0.0091,"lastBolusTime":1703333197000,"time":"2023-12-23T14:31:19.215Z","iobWithZeroTemp":{"iob":0.062,"basaliob":-0.703,"bolussnooze":0.008,"activity":0.0052,"lastBolusTime":1703333197000,"time":"2023-12-23T14:31:19.215Z"}},{"iob":0.532,"basaliob":-0.175,"bolussnooze":0.0065,"activity":0.0085,"lastBolusTime":1703333197000,"time":"2023-12-23T14:36:19.215Z","iobWithZeroTemp":{"iob":0.005,"basaliob":-0.702,"bolussnooze":0.0065,"activity":0.0045,"lastBolusTime":1703333197000,"time":"2023-12-23T14:36:19.215Z"}},{"iob":0.491,"basaliob":-0.163,"bolussnooze":0.0053,"activity":0.0079,"lastBolusTime":1703333197000,"time":"2023-12-23T14:41:19.215Z","iobWithZeroTemp":{"iob":-0.049,"basaliob":-0.703,"bolussnooze":0.0053,"activity":0.0037,"lastBolusTime":1703333197000,"time":"2023-12-23T14:41:19.215Z"}},{"iob":0.452,"basaliob":-0.151,"bolussnooze":0.0043,"activity":0.0074,"lastBolusTime":1703333197000,"time":"2023-12-23T14:46:19.215Z","iobWithZeroTemp":{"iob":-0.1,"basaliob":-0.703,"bolussnooze":0.0043,"activity":0.0031,"lastBolusTime":1703333197000,"time":"2023-12-23T14:46:19.215Z"}},{"iob":0.417,"basaliob":-0.14,"bolussnooze":0.0034,"activity":0.0069,"lastBolusTime":1703333197000,"time":"2023-12-23T14:51:19.215Z","iobWithZeroTemp":{"iob":-0.146,"basaliob":-0.703,"bolussnooze":0.0034,"activity":0.0024,"lastBolusTime":1703333197000,"time":"2023-12-23T14:51:19.215Z"}},{"iob":0.384,"basaliob":-0.129,"bolussnooze":0.0027,"activity":0.0064,"lastBolusTime":1703333197000,"time":"2023-12-23T14:56:19.215Z","iobWithZeroTemp":{"iob":-0.19,"basaliob":-0.703,"bolussnooze":0.0027,"activity":0.0018,"lastBolusTime":1703333197000,"time":"2023-12-23T14:56:19.215Z"}},{"iob":0.353,"basaliob":-0.12,"bolussnooze":0.0022,"activity":0.0059,"lastBolusTime":1703333197000,"time":"2023-12-23T15:01:19.215Z","iobWithZeroTemp":{"iob":-0.231,"basaliob":-0.704,"bolussnooze":0.0022,"activity":0.0011,"lastBolusTime":1703333197000,"time":"2023-12-23T15:01:19.215Z"}},{"iob":0.324,"basaliob":-0.111,"bolussnooze":0.0017,"activity":0.0055,"lastBolusTime":1703333197000,"time":"2023-12-23T15:06:19.215Z","iobWithZeroTemp":{"iob":-0.269,"basaliob":-0.704,"bolussnooze":0.0017,"activity":6.0E-4,"lastBolusTime":1703333197000,"time":"2023-12-23T15:06:19.215Z"}},{"iob":0.299,"basaliob":-0.102,"bolussnooze":0.0013,"activity":0.0051,"lastBolusTime":1703333197000,"time":"2023-12-23T15:11:19.215Z","iobWithZeroTemp":{"iob":-0.302,"basaliob":-0.703,"bolussnooze":0.0013,"activity":1.0E-4,"lastBolusTime":1703333197000,"time":"2023-12-23T15:11:19.215Z"}},{"iob":0.274,"basaliob":-0.094,"bolussnooze":0.001,"activity":0.0047,"lastBolusTime":1703333197000,"time":"2023-12-23T15:16:19.215Z","iobWithZeroTemp":{"iob":-0.335,"basaliob":-0.703,"bolussnooze":0.001,"activity":-4.0E-4,"lastBolusTime":1703333197000,"time":"2023-12-23T15:16:19.215Z"}},{"iob":0.251,"basaliob":-0.087,"bolussnooze":8.0E-4,"activity":0.0044,"lastBolusTime":1703333197000,"time":"2023-12-23T15:21:19.215Z","iobWithZeroTemp":{"iob":-0.366,"basaliob":-0.704,"bolussnooze":8.0E-4,"activity":-8.0E-4,"lastBolusTime":1703333197000,"time":"2023-12-23T15:21:19.215Z"}},{"iob":0.231,"basaliob":-0.08,"bolussnooze":6.0E-4,"activity":0.004,"lastBolusTime":1703333197000,"time":"2023-12-23T15:26:19.215Z","iobWithZeroTemp":{"iob":-0.393,"basaliob":-0.704,"bolussnooze":6.0E-4,"activity":-0.0013,"lastBolusTime":1703333197000,"time":"2023-12-23T15:26:19.215Z"}},{"iob":0.211,"basaliob":-0.074,"bolussnooze":4.0E-4,"activity":0.0037,"lastBolusTime":1703333197000,"time":"2023-12-23T15:31:19.215Z","iobWithZeroTemp":{"iob":-0.419,"basaliob":-0.704,"bolussnooze":4.0E-4,"activity":-0.0017,"lastBolusTime":1703333197000,"time":"2023-12-23T15:31:19.215Z"}},{"iob":0.193,"basaliob":-0.068,"bolussnooze":3.0E-4,"activity":0.0035,"lastBolusTime":1703333197000,"time":"2023-12-23T15:36:19.215Z","iobWithZeroTemp":{"iob":-0.443,"basaliob":-0.704,"bolussnooze":3.0E-4,"activity":-0.002,"lastBolusTime":1703333197000,"time":"2023-12-23T15:36:19.215Z"}},{"iob":0.176,"basaliob":-0.063,"bolussnooze":2.0E-4,"activity":0.0031,"lastBolusTime":1703333197000,"time":"2023-12-23T15:41:19.215Z","iobWithZeroTemp":{"iob":-0.466,"basaliob":-0.705,"bolussnooze":2.0E-4,"activity":-0.0025,"lastBolusTime":1703333197000,"time":"2023-12-23T15:41:19.215Z"}},{"iob":0.162,"basaliob":-0.057,"bolussnooze":1.0E-4,"activity":0.0029,"lastBolusTime":1703333197000,"time":"2023-12-23T15:46:19.215Z","iobWithZeroTemp":{"iob":-0.485,"basaliob":-0.704,"bolussnooze":1.0E-4,"activity":-0.0028,"lastBolusTime":1703333197000,"time":"2023-12-23T15:46:19.215Z"}},{"iob":0.147,"basaliob":-0.053,"bolussnooze":1.0E-4,"activity":0.0027,"lastBolusTime":1703333197000,"time":"2023-12-23T15:51:19.215Z","iobWithZeroTemp":{"iob":-0.504,"basaliob":-0.704,"bolussnooze":1.0E-4,"activity":-0.0031,"lastBolusTime":1703333197000,"time":"2023-12-23T15:51:19.215Z"}},{"iob":0.135,"basaliob":-0.048,"bolussnooze":0,"activity":0.0025,"lastBolusTime":1703333197000,"time":"2023-12-23T15:56:19.215Z","iobWithZeroTemp":{"iob":-0.521,"basaliob":-0.704,"bolussnooze":0,"activity":-0.0033,"lastBolusTime":1703333197000,"time":"2023-12-23T15:56:19.215Z"}},{"iob":0.123,"basaliob":-0.044,"bolussnooze":0,"activity":0.0022,"lastBolusTime":1703333197000,"time":"2023-12-23T16:01:19.215Z","iobWithZeroTemp":{"iob":-0.537,"basaliob":-0.704,"bolussnooze":0,"activity":-0.0037,"lastBolusTime":1703333197000,"time":"2023-12-23T16:01:19.215Z"}},{"iob":0.112,"basaliob":-0.041,"bolussnooze":0,"activity":0.0021,"lastBolusTime":1703333197000,"time":"2023-12-23T16:06:19.215Z","iobWithZeroTemp":{"iob":-0.552,"basaliob":-0.705,"bolussnooze":0,"activity":-0.0038,"lastBolusTime":1703333197000,"time":"2023-12-23T16:06:19.215Z"}},{"iob":0.102,"basaliob":-0.037,"bolussnooze":0,"activity":0.0019,"lastBolusTime":1703333197000,"time":"2023-12-23T16:11:19.215Z","iobWithZeroTemp":{"iob":-0.565,"basaliob":-0.704,"bolussnooze":0,"activity":-0.0041,"lastBolusTime":1703333197000,"time":"2023-12-23T16:11:19.215Z"}},{"iob":0.093,"basaliob":-0.034,"bolussnooze":0,"activity":0.0018,"lastBolusTime":1703333197000,"time":"2023-12-23T16:16:19.215Z","iobWithZeroTemp":{"iob":-0.577,"basaliob":-0.704,"bolussnooze":0,"activity":-0.0043,"lastBolusTime":1703333197000,"time":"2023-12-23T16:16:19.215Z"}},{"iob":0.084,"basaliob":-0.031,"bolussnooze":0,"activity":0.0016,"lastBolusTime":1703333197000,"time":"2023-12-23T16:21:19.215Z","iobWithZeroTemp":{"iob":-0.589,"basaliob":-0.704,"bolussnooze":0,"activity":-0.0045,"lastBolusTime":1703333197000,"time":"2023-12-23T16:21:19.215Z"}},{"iob":0.077,"basaliob":-0.028,"bolussnooze":0,"activity":0.0015,"lastBolusTime":1703333197000,"time":"2023-12-23T16:26:19.215Z","iobWithZeroTemp":{"iob":-0.599,"basaliob":-0.704,"bolussnooze":0,"activity":-0.0046,"lastBolusTime":1703333197000,"time":"2023-12-23T16:26:19.215Z"}},{"iob":0.069,"basaliob":-0.026,"bolussnooze":0,"activity":0.0013,"lastBolusTime":1703333197000,"time":"2023-12-23T16:31:19.215Z","iobWithZeroTemp":{"iob":-0.609,"basaliob":-0.704,"bolussnooze":0,"activity":-0.0049,"lastBolusTime":1703333197000,"time":"2023-12-23T16:31:19.215Z"}},{"iob":0.063,"basaliob":-0.024,"bolussnooze":0,"activity":0.0013,"lastBolusTime":1703333197000,"time":"2023-12-23T16:36:19.215Z","iobWithZeroTemp":{"iob":-0.618,"basaliob":-0.705,"bolussnooze":0,"activity":-0.0049,"lastBolusTime":1703333197000,"time":"2023-12-23T16:36:19.215Z"}},{"iob":0.057,"basaliob":-0.022,"bolussnooze":0,"activity":0.0011,"lastBolusTime":1703333197000,"time":"2023-12-23T16:41:19.215Z","iobWithZeroTemp":{"iob":-0.626,"basaliob":-0.705,"bolussnooze":0,"activity":-0.0052,"lastBolusTime":1703333197000,"time":"2023-12-23T16:41:19.215Z"}}],"profile":{"max_iob":7,"type":"current","max_daily_basal":0.45,"max_basal":1.35,"min_bg":81.0000000000001,"max_bg":81.0000000000001,"target_bg":81.0000000000001,"carb_ratio":11,"sens":352.8,"max_daily_safety_multiplier":3,"current_basal_safety_multiplier":4,"lgsThreshold":65,"high_temptarget_raises_sensitivity":false,"low_temptarget_lowers_sensitivity":false,"sensitivity_raises_target":true,"resistance_lowers_target":true,"adv_target_adjustments":false,"exercise_mode":false,"half_basal_exercise_target":160,"maxCOB":120,"skip_neutral_temps":false,"remainingCarbsCap":90,"enableUAM":true,"A52_risk_enable":false,"SMBInterval":4,"enableSMB_with_COB":true,"enableSMB_with_temptarget":false,"allowSMB_with_high_temptarget":true,"enableSMB_always":true,"enableSMB_after_carbs":false,"maxSMBBasalMinutes":60,"maxUAMSMBBasalMinutes":60,"bolus_increment":0.05,"carbsReqThreshold":10,"current_basal":0.4,"temptargetSet":true,"autosens_max":1.2,"autosens_min":0.8,"out_units":"mmol\/L","variable_sens":103.9,"insulinDivisor":65,"TDD":13.756332541666668},"autosens_data":{"ratio":1.199102091746503},"meal_data":{"carbs":93,"mealCOB":37.40735260770977,"slopeFromMaxDeviation":-0.8724576271186436,"slopeFromMinDeviation":0,"lastBolusTime":1703333197000,"lastCarbTime":1703332786000},"microBolusAllowed":true,"currentTime":1703335581260,"flatBGsDetected":false,"tdd1D":34.144083333333334,"tdd7D":30.47294047619048,"tddLast24H":36.54016666666668,"tddLast4H":9.65,"tddLast8to4H":7.24},"output":{"temp":"absolute","bg":164,"tick":-4,"eventualBG":245,"targetBG":81.0000000000001,"insulinReq":0,"deliverAt":"2023-12-23T12:46:21.260Z","sensitivityRatio":1.199102091746503,"variable_sens":103.9,"predBGs":{"IOB":[164,159,153,147,140,132,124,114,104,92,80,66,49,39],"ZT":[164,148,132,115,98,80,61,39,39,39,39,39,39,39,39,39,39,39,39,39,39,39,39,39,39,39,39,39,39,39,39,39,39,39,39,39,39,39,39,39,39,39,39,39,39,39,39,39],"COB":[164,160,156,153,151,149,147,146,146,146,147,148,150,152,155,158,161,165,169,173,178,183,188,194,199,204,208,213,217,221,225,229,232,235,238,240,243,244,246,247,248,248,248,248,247,247,246,245],"UAM":[164,159,154,148,141,134,126,118,109,99,88,76,62,47,39]},"reason":"COB: 37.4, Dev: 3.9, BGI: -0.9, ISF: 5.8, CR: 11, Target: 4.5, minPredBG -2.6, minGuardBG -4.8, IOBpredBG 2.2, COBpredBG 13.6, UAMpredBG 2.2; minGuardBG -4.8<3.6","COB":37.40735260770977,"IOB":2.544,"duration":120,"rate":0,"timestamp":"2023-12-23T12:46:21.299Z"}}