{"algorithm":"OpenAPSSMBDynamicISFPlugin","input":{"glucoseStatus":{"glucose":121,"noise":0,"delta":-6,"short_avgdelta":-6.28,"long_avgdelta":-3.49,"date":1703221251520},"currenttemp":{"temp":"absolute","duration":105,"rate":0,"minutesrunning":15},"iob_data":[{"iob":0.532,"basaliob":-0.359,"bolussnooze":0,"activity":0.006,"lastBolusTime":1703219484000,"time":"2023-12-22T05:01:08.541Z","iobWithZeroTemp":{"iob":0.532,"basaliob":-0.359,"bolussnooze":0,"activity":0.006,"lastBolusTime":1703219484000,"time":"2023-12-22T05:01:08.541Z"}},{"iob":0.503,"basaliob":-0.345,"bolussnooze":0,"activity":0.0059,"lastBolusTime":1703219484000,"time":"2023-12-22T05:06:08.541Z","iobWithZeroTemp":{"iob":0.476,"basaliob":-0.372,"bolussnooze":0,"activity":0.0059,"lastBolusTime":1703219484000,"time":"2023-12-22T05:06:08.541Z"}},{"iob":0.474,"basaliob":-0.331,"bolussnooze":0,"activity":0.0056,"lastBolusTime":1703219484000,"time":"2023-12-22T05:11:08.541Z","iobWithZeroTemp":{"iob":0.414,"basaliob":-0.391,"bolussnooze":0,"activity":0.0055,"lastBolusTime":1703219484000,"time":"2023-12-22T05:11:08.541Z"}},{"iob":0.447,"basaliob":-0.316,"bolussnooze":0,"activity":0.0054,"lastBolusTime":1703219484000,"time":"2023-12-22T05:16:08.541Z","iobWithZeroTemp":{"iob":0.355,"basaliob":-0.408,"bolussnooze":0,"activity":0.0052,"lastBolusTime":1703219484000,"time":"2023-12-22T05:16:08.541Z"}},{"iob":0.421,"basaliob":-0.301,"bolussnooze":0,"activity":0.0052,"lastBolusTime":1703219484000,"time":"2023-12-22T05:21:08.541Z","iobWithZeroTemp":{"iob":0.296,"basaliob":-0.426,"bolussnooze":0,"activity":0.0049,"lastBolusTime":1703219484000,"time":"2023-12-22T05:21:08.541Z"}},{"iob":0.395,"basaliob":-0.287,"bolussnooze":0,"activity":0.005,"lastBolusTime":1703219484000,"time":"2023-12-22T05:26:08.541Z","iobWithZeroTemp":{"iob":0.239,"basaliob":-0.443,"bolussnooze":0,"activity":0.0045,"lastBolusTime":1703219484000,"time":"2023-12-22T05:26:08.541Z"}},{"iob":0.371,"basaliob":-0.272,"bolussnooze":0,"activity":0.0047,"lastBolusTime":1703219484000,"time":"2023-12-22T05:31:08.541Z","iobWithZeroTemp":{"iob":0.185,"basaliob":-0.458,"bolussnooze":0,"activity":0.004,"lastBolusTime":1703219484000,"time":"2023-12-22T05:31:08.541Z"}},{"iob":0.348,"basaliob":-0.258,"bolussnooze":0,"activity":0.0045,"lastBolusTime":1703219484000,"time":"2023-12-22T05:36:08.541Z","iobWithZeroTemp":{"iob":0.132,"basaliob":-0.474,"bolussnooze":0,"activity":0.0036,"lastBolusTime":1703219484000,"time":"2023-12-22T05:36:08.541Z"}},{"iob":0.326,"basaliob":-0.244,"bolussnooze":0,"activity":0.0043,"lastBolusTime":1703219484000,"time":"2023-12-22T05:41:08.541Z","iobWithZeroTemp":{"iob":0.082,"basaliob":-0.488,"bolussnooze":0,"activity":0.0032,"lastBolusTime":1703219484000,"time":"2023-12-22T05:41:08.541Z"}},{"iob":0.304,"basaliob":-0.231,"bolussnooze":0,"activity":0.0041,"lastBolusTime":1703219484000,"time":"2023-12-22T05:46:08.541Z","iobWithZeroTemp":{"iob":0.032,"basaliob":-0.503,"bolussnooze":0,"activity":0.0028,"lastBolusTime":1703219484000,"time":"2023-12-22T05:46:08.541Z"}},{"iob":0.284,"basaliob":-0.218,"bolussnooze":0,"activity":0.0038,"lastBolusTime":1703219484000,"time":"2023-12-22T05:51:08.541Z","iobWithZeroTemp":{"iob":-0.014,"basaliob":-0.516,"bolussnooze":0,"activity":0.0023,"lastBolusTime":1703219484000,"time":"2023-12-22T05:51:08.541Z"}},{"iob":0.266,"basaliob":-0.205,"bolussnooze":0,"activity":0.0036,"lastBolusTime":1703219484000,"time":"2023-12-22T05:56:08.541Z","iobWithZeroTemp":{"iob":-0.057,"basaliob":-0.528,"bolussnooze":0,"activity":0.0018,"lastBolusTime":1703219484000,"time":"2023-12-22T05:56:08.541Z"}},{"iob":0.248,"basaliob":-0.193,"bolussnooze":0,"activity":0.0034,"lastBolusTime":1703219484000,"time":"2023-12-22T06:01:08.541Z","iobWithZeroTemp":{"iob":-0.099,"basaliob":-0.54,"bolussnooze":0,"activity":0.0014,"lastBolusTime":1703219484000,"time":"2023-12-22T06:01:08.541Z"}},{"iob":0.23,"basaliob":-0.182,"bolussnooze":0,"activity":0.0033,"lastBolusTime":1703219484000,"time":"2023-12-22T06:06:08.541Z","iobWithZeroTemp":{"iob":-0.14,"basaliob":-0.552,"bolussnooze":0,"activity":0.0011,"lastBolusTime":1703219484000,"time":"2023-12-22T06:06:08.541Z"}},{"iob":0.214,"basaliob":-0.171,"bolussnooze":0,"activity":0.0031,"lastBolusTime":1703219484000,"time":"2023-12-22T06:11:08.541Z","iobWithZeroTemp":{"iob":-0.177,"basaliob":-0.562,"bolussnooze":0,"activity":7.0E-4,"lastBolusTime":1703219484000,"time":"2023-12-22T06:11:08.541Z"}},{"iob":0.2,"basaliob":-0.16,"bolussnooze":0,"activity":0.0029,"lastBolusTime":1703219484000,"time":"2023-12-22T06:16:08.541Z","iobWithZeroTemp":{"iob":-0.212,"basaliob":-0.572,"bolussnooze":0,"activity":2.0E-4,"lastBolusTime":1703219484000,"time":"2023-12-22T06:16:08.541Z"}},{"iob":0.185,"basaliob":-0.15,"bolussnooze":0,"activity":0.0027,"lastBolusTime":1703219484000,"time":"2023-12-22T06:21:08.541Z","iobWithZeroTemp":{"iob":-0.246,"basaliob":-0.581,"bolussnooze":0,"activity":-2.0E-4,"lastBolusTime":1703219484000,"time":"2023-12-22T06:21:08.541Z"}},{"iob":0.172,"basaliob":-0.14,"bolussnooze":0,"activity":0.0025,"lastBolusTime":1703219484000,"time":"2023-12-22T06:26:08.541Z","iobWithZeroTemp":{"iob":-0.278,"basaliob":-0.59,"bolussnooze":0,"activity":-6.0E-4,"lastBolusTime":1703219484000,"time":"2023-12-22T06:26:08.541Z"}},{"iob":0.16,"basaliob":-0.131,"bolussnooze":0,"activity":0.0024,"lastBolusTime":1703219484000,"time":"2023-12-22T06:31:08.541Z","iobWithZeroTemp":{"iob":-0.307,"basaliob":-0.598,"bolussnooze":0,"activity":-9.0E-4,"lastBolusTime":1703219484000,"time":"2023-12-22T06:31:08.541Z"}},{"iob":0.149,"basaliob":-0.122,"bolussnooze":0,"activity":0.0022,"lastBolusTime":1703219484000,"time":"2023-12-22T06:36:08.541Z","iobWithZeroTemp":{"iob":-0.335,"basaliob":-0.606,"bolussnooze":0,"activity":-0.0013,"lastBolusTime":1703219484000,"time":"2023-12-22T06:36:08.541Z"}},{"iob":0.138,"basaliob":-0.114,"bolussnooze":0,"activity":0.0021,"lastBolusTime":1703219484000,"time":"2023-12-22T06:41:08.541Z","iobWithZeroTemp":{"iob":-0.361,"basaliob":-0.613,"bolussnooze":0,"activity":-0.0016,"lastBolusTime":1703219484000,"time":"2023-12-22T06:41:08.541Z"}},{"iob":0.128,"basaliob":-0.106,"bolussnooze":0,"activity":0.002,"lastBolusTime":1703219484000,"time":"2023-12-22T06:46:08.541Z","iobWithZeroTemp":{"iob":-0.386,"basaliob":-0.62,"bolussnooze":0,"activity":-0.0019,"lastBolusTime":1703219484000,"time":"2023-12-22T06:46:08.541Z"}},{"iob":0.118,"basaliob":-0.099,"bolussnooze":0,"activity":0.0019,"lastBolusTime":1703219484000,"time":"2023-12-22T06:51:08.541Z","iobWithZeroTemp":{"iob":-0.409,"basaliob":-0.626,"bolussnooze":0,"activity":-0.0021,"lastBolusTime":1703219484000,"time":"2023-12-22T06:51:08.541Z"}},{"iob":0.109,"basaliob":-0.092,"bolussnooze":0,"activity":0.0018,"lastBolusTime":1703219484000,"time":"2023-12-22T06:56:08.541Z","iobWithZeroTemp":{"iob":-0.431,"basaliob":-0.632,"bolussnooze":0,"activity":-0.0024,"lastBolusTime":1703219484000,"time":"2023-12-22T06:56:08.541Z"}},{"iob":0.1,"basaliob":-0.086,"bolussnooze":0,"activity":0.0016,"lastBolusTime":1703219484000,"time":"2023-12-22T07:01:08.541Z","iobWithZeroTemp":{"iob":-0.452,"basaliob":-0.638,"bolussnooze":0,"activity":-0.0027,"lastBolusTime":1703219484000,"time":"2023-12-22T07:01:08.541Z"}},{"iob":0.092,"basaliob":-0.08,"bolussnooze":0,"activity":0.0015,"lastBolusTime":1703219484000,"time":"2023-12-22T07:06:08.541Z","iobWithZeroTemp":{"iob":-0.471,"basaliob":-0.643,"bolussnooze":0,"activity":-0.003,"lastBolusTime":1703219484000,"time":"2023-12-22T07:06:08.541Z"}},{"iob":0.086,"basaliob":-0.074,"bolussnooze":0,"activity":0.0014,"lastBolusTime":1703219484000,"time":"2023-12-22T07:11:08.541Z","iobWithZeroTemp":{"iob":-0.488,"basaliob":-0.648,"bolussnooze":0,"activity":-0.0032,"lastBolusTime":1703219484000,"time":"2023-12-22T07:11:08.541Z"}},{"iob":0.079,"basaliob":-0.068,"bolussnooze":0,"activity":0.0013,"lastBolusTime":1703219484000,"time":"2023-12-22T07:16:08.541Z","iobWithZeroTemp":{"iob":-0.505,"basaliob":-0.652,"bolussnooze":0,"activity":-0.0035,"lastBolusTime":1703219484000,"time":"2023-12-22T07:16:08.541Z"}},{"iob":0.073,"basaliob":-0.063,"bolussnooze":0,"activity":0.0012,"lastBolusTime":1703219484000,"time":"2023-12-22T07:21:08.541Z","iobWithZeroTemp":{"iob":-0.52,"basaliob":-0.656,"bolussnooze":0,"activity":-0.0037,"lastBolusTime":1703219484000,"time":"2023-12-22T07:21:08.541Z"}},{"iob":0.067,"basaliob":-0.059,"bolussnooze":0,"activity":0.0011,"lastBolusTime":1703219484000,"time":"2023-12-22T07:26:08.541Z","iobWithZeroTemp":{"iob":-0.534,"basaliob":-0.66,"bolussnooze":0,"activity":-0.0039,"lastBolusTime":1703219484000,"time":"2023-12-22T07:26:08.541Z"}},{"iob":0.062,"basaliob":-0.054,"bolussnooze":0,"activity":0.0011,"lastBolusTime":1703219484000,"time":"2023-12-22T07:31:08.541Z","iobWithZeroTemp":{"iob":-0.547,"basaliob":-0.663,"bolussnooze":0,"activity":-0.004,"lastBolusTime":1703219484000,"time":"2023-12-22T07:31:08.541Z"}},{"iob":0.057,"basaliob":-0.05,"bolussnooze":0,"activity":9.0E-4,"lastBolusTime":1703219484000,"time":"2023-12-22T07:36:08.541Z","iobWithZeroTemp":{"iob":-0.56,"basaliob":-0.667,"bolussnooze":0,"activity":-0.0043,"lastBolusTime":1703219484000,"time":"2023-12-22T07:36:08.541Z"}},{"iob":0.053,"basaliob":-0.046,"bolussnooze":0,"activity":9.0E-4,"lastBolusTime":1703219484000,"time":"2023-12-22T07:41:08.541Z","iobWithZeroTemp":{"iob":-0.571,"basaliob":-0.67,"bolussnooze":0,"activity":-0.0044,"lastBolusTime":1703219484000,"time":"2023-12-22T07:41:08.541Z"}},{"iob":0.048,"basaliob":-0.043,"bolussnooze":0,"activity":8.0E-4,"lastBolusTime":1703219484000,"time":"2023-12-22T07:46:08.541Z","iobWithZeroTemp":{"iob":-0.582,"basaliob":-0.673,"bolussnooze":0,"activity":-0.0046,"lastBolusTime":1703219484000,"time":"2023-12-22T07:46:08.541Z"}},{"iob":0.043,"basaliob":-0.04,"bolussnooze":0,"activity":8.0E-4,"lastBolusTime":1703219484000,"time":"2023-12-22T07:51:08.541Z","iobWithZeroTemp":{"iob":-0.593,"basaliob":-0.676,"bolussnooze":0,"activity":-0.0047,"lastBolusTime":1703219484000,"time":"2023-12-22T07:51:08.541Z"}},{"iob":0.041,"basaliob":-0.036,"bolussnooze":0,"activity":7.0E-4,"lastBolusTime":1703219484000,"time":"2023-12-22T07:56:08.541Z","iobWithZeroTemp":{"iob":-0.601,"basaliob":-0.678,"bolussnooze":0,"activity":-0.0049,"lastBolusTime":1703219484000,"time":"2023-12-22T07:56:08.541Z"}},{"iob":0.036,"basaliob":-0.034,"bolussnooze":0,"activity":6.0E-4,"lastBolusTime":1703219484000,"time":"2023-12-22T08:01:08.541Z","iobWithZeroTemp":{"iob":-0.611,"basaliob":-0.681,"bolussnooze":0,"activity":-0.0051,"lastBolusTime":1703219484000,"time":"2023-12-22T08:01:08.541Z"}},{"iob":0.034,"basaliob":-0.031,"bolussnooze":0,"activity":6.0E-4,"lastBolusTime":1703219484000,"time":"2023-12-22T08:06:08.541Z","iobWithZeroTemp":{"iob":-0.617,"basaliob":-0.682,"bolussnooze":0,"activity":-0.0052,"lastBolusTime":1703219484000,"time":"2023-12-22T08:06:08.541Z"}},{"iob":0.031,"basaliob":-0.028,"bolussnooze":0,"activity":5.0E-4,"lastBolusTime":1703219484000,"time":"2023-12-22T08:11:08.541Z","iobWithZeroTemp":{"iob":-0.625,"basaliob":-0.684,"bolussnooze":0,"activity":-0.0053,"lastBolusTime":1703219484000,"time":"2023-12-22T08:11:08.541Z"}},{"iob":0.028,"basaliob":-0.026,"bolussnooze":0,"activity":6.0E-4,"lastBolusTime":1703219484000,"time":"2023-12-22T08:16:08.541Z","iobWithZeroTemp":{"iob":-0.632,"basaliob":-0.686,"bolussnooze":0,"activity":-0.0053,"lastBolusTime":1703219484000,"time":"2023-12-22T08:16:08.541Z"}},{"iob":0.026,"basaliob":-0.024,"bolussnooze":0,"activity":5.0E-4,"lastBolusTime":1703219484000,"time":"2023-12-22T08:21:08.541Z","iobWithZeroTemp":{"iob":-0.638,"basaliob":-0.688,"bolussnooze":0,"activity":-0.0054,"lastBolusTime":1703219484000,"time":"2023-12-22T08:21:08.541Z"}},{"iob":0.024,"basaliob":-0.022,"bolussnooze":0,"activity":4.0E-4,"lastBolusTime":1703219484000,"time":"2023-12-22T08:26:08.541Z","iobWithZeroTemp":{"iob":-0.643,"basaliob":-0.689,"bolussnooze":0,"activity":-0.0056,"lastBolusTime":1703219484000,"time":"2023-12-22T08:26:08.541Z"}},{"iob":0.022,"basaliob":-0.02,"bolussnooze":0,"activity":3.0E-4,"lastBolusTime":1703219484000,"time":"2023-12-22T08:31:08.541Z","iobWithZeroTemp":{"iob":-0.648,"basaliob":-0.69,"bolussnooze":0,"activity":-0.0058,"lastBolusTime":1703219484000,"time":"2023-12-22T08:31:08.541Z"}},{"iob":0.019,"basaliob":-0.019,"bolussnooze":0,"activity":4.0E-4,"lastBolusTime":1703219484000,"time":"2023-12-22T08:36:08.541Z","iobWithZeroTemp":{"iob":-0.654,"basaliob":-0.692,"bolussnooze":0,"activity":-0.0057,"lastBolusTime":1703219484000,"time":"2023-12-22T08:36:08.541Z"}},{"iob":0.018,"basaliob":-0.017,"bolussnooze":0,"activity":3.0E-4,"lastBolusTime":1703219484000,"time":"2023-12-22T08:41:08.541Z","iobWithZeroTemp":{"iob":-0.658,"basaliob":-0.693,"bolussnooze":0,"activity":-0.0058,"lastBolusTime":1703219484000,"time":"2023-12-22T08:41:08.541Z"}},{"iob":0.016,"basaliob":-0.016,"bolussnooze":0,"activity":3.0E-4,"lastBolusTime":1703219484000,"time":"2023-12-22T08:46:08.541Z","iobWithZeroTemp":{"iob":-0.662,"basaliob":-0.694,"bolussnooze":0,"activity":-0.0059,"lastBolusTime":1703219484000,"time":"2023-12-22T08:46:08.541Z"}},{"iob":0.015,"basaliob":-0.014,"bolussnooze":0,"activity":2.0E-4,"lastBolusTime":1703219484000,"time":"2023-12-22T08:51:08.541Z","iobWithZeroTemp":{"iob":-0.666,"basaliob":-0.695,"bolussnooze":0,"activity":-0.006,"lastBolusTime":1703219484000,"time":"2023-12-22T08:51:08.541Z"}},{"iob":0.013,"basaliob":-0.013,"bolussnooze":0,"activity":3.0E-4,"lastBolusTime":1703219484000,"time":"2023-12-22T08:56:08.541Z","iobWithZeroTemp":{"iob":-0.67,"basaliob":-0.696,"bolussnooze":0,"activity":-0.006,"lastBolusTime":1703219484000,"time":"2023-12-22T08:56:08.541Z"}}],"profile":{"max_iob":7,"type":"current","max_daily_basal":0.45,"max_basal":1.35,"min_bg":106.2,"max_bg":106.2,"target_bg":106.2,"carb_ratio":9,"sens":352.8,"max_daily_safety_multiplier":3,"current_basal_safety_multiplier":4,"lgsThreshold":65,"high_temptarget_raises_sensitivity":false,"low_temptarget_lowers_sensitivity":false,"sensitivity_raises_target":true,"resistance_lowers_target":true,"adv_target_adjustments":false,"exercise_mode":false,"half_basal_exercise_target":160,"maxCOB":120,"skip_neutral_temps":false,"remainingCarbsCap":90,"enableUAM":true,"A52_risk_enable":false,"SMBInterval":4,"enableSMB_with_COB":true,"enableSMB_with_temptarget":false,"allowSMB_with_high_temptarget":true,"enableSMB_always":true,"enableSMB_after_carbs":false,"maxSMBBasalMinutes":60,"maxUAMSMBBasalMinutes":60,"bolus_increment":0.05,"carbsReqThreshold":10,"current_basal":0.4,"temptargetSet":false,"autosens_max":1.2,"autosens_min":0.8,"out_units":"mmol\/L","variable_sens":182.8,"insulinDivisor":65,"TDD":9.366860658333334},"autosens_data":{"ratio":1.2413789681870286},"meal_data":{"carbs":0,"mealCOB":0,"slopeFromMaxDeviation":-2.1567999999999996,"slopeFromMinDeviation":0,"lastBolusTime":1703219484000,"lastCarbTime":0},"microBolusAllowed":true,"currentTime":1703221270524,"flatBGsDetected":false,"tdd1D":36.428166666666655,"tdd7D":29.994130952380967,"tddLast24H":37.2340833333333,"tddLast4H":2.03825,"tddLast8to4H":2.8925},"output":{"temp":"absolute","bg":121,"tick":-6,"eventualBG":36,"targetBG":97,"insulinReq":0,"deliverAt":"2023-12-22T05:01:10.524Z","sensitivityRatio":1.2413789681870286,"variable_sens":182.8,"predBGs":{"IOB":[121,115,109,102,96,91,85,79,73,67,62,56,51,45,39],"ZT":[121,116,110,105,99,94,90,85,81,77,74,71,68,67,65,64,64,64,65,66,68,70,73,75,78,82,85,89,93,97]},"reason":"COB: 0, Dev: 0.7, BGI: -0.3, ISF: 10.2, CR: 9, Target: 5.4, minPredBG 2.9, minGuardBG -2.6, IOBpredBG 2.2; minGuardBG -2.6<3.8","COB":0,"IOB":0.532,"duration":120,"rate":0,"timestamp":"2023-12-22T05:01:10.550Z"}}