{"algorithm":"OpenAPSSMBDynamicISFPlugin","input":{"glucoseStatus":{"glucose":100,"noise":0,"delta":-1,"short_avgdelta":-2.83,"long_avgdelta":-7.66,"date":1703172945873},"currenttemp":{"temp":"absolute","duration":86,"rate":0,"minutesrunning":34},"iob_data":[{"iob":1.837,"basaliob":-0.693,"bolussnooze":0.6523,"activity":0.0218,"lastBolusTime":1703170294000,"time":"2023-12-21T15:36:09.915Z","iobWithZeroTemp":{"iob":1.837,"basaliob":-0.693,"bolussnooze":0.6523,"activity":0.0218,"lastBolusTime":1703170294000,"time":"2023-12-21T15:36:09.915Z"}},{"iob":1.731,"basaliob":-0.66,"bolussnooze":0.5733,"activity":0.0211,"lastBolusTime":1703170294000,"time":"2023-12-21T15:41:09.915Z","iobWithZeroTemp":{"iob":1.704,"basaliob":-0.687,"bolussnooze":0.5733,"activity":0.0211,"lastBolusTime":1703170294000,"time":"2023-12-21T15:41:09.915Z"}},{"iob":1.627,"basaliob":-0.628,"bolussnooze":0.5018,"activity":0.0202,"lastBolusTime":1703170294000,"time":"2023-12-21T15:46:09.915Z","iobWithZeroTemp":{"iob":1.567,"basaliob":-0.688,"bolussnooze":0.5018,"activity":0.0201,"lastBolusTime":1703170294000,"time":"2023-12-21T15:46:09.915Z"}},{"iob":1.529,"basaliob":-0.596,"bolussnooze":0.4375,"activity":0.0194,"lastBolusTime":1703170294000,"time":"2023-12-21T15:51:09.915Z","iobWithZeroTemp":{"iob":1.437,"basaliob":-0.688,"bolussnooze":0.4375,"activity":0.0192,"lastBolusTime":1703170294000,"time":"2023-12-21T15:51:09.915Z"}},{"iob":1.434,"basaliob":-0.565,"bolussnooze":0.3801,"activity":0.0185,"lastBolusTime":1703170294000,"time":"2023-12-21T15:56:09.915Z","iobWithZeroTemp":{"iob":1.309,"basaliob":-0.69,"bolussnooze":0.3801,"activity":0.0182,"lastBolusTime":1703170294000,"time":"2023-12-21T15:56:09.915Z"}},{"iob":1.343,"basaliob":-0.535,"bolussnooze":0.329,"activity":0.0176,"lastBolusTime":1703170294000,"time":"2023-12-21T16:01:09.915Z","iobWithZeroTemp":{"iob":1.187,"basaliob":-0.691,"bolussnooze":0.329,"activity":0.0171,"lastBolusTime":1703170294000,"time":"2023-12-21T16:01:09.915Z"}},{"iob":1.258,"basaliob":-0.505,"bolussnooze":0.2839,"activity":0.0168,"lastBolusTime":1703170294000,"time":"2023-12-21T16:06:09.915Z","iobWithZeroTemp":{"iob":1.072,"basaliob":-0.691,"bolussnooze":0.2839,"activity":0.0161,"lastBolusTime":1703170294000,"time":"2023-12-21T16:06:09.915Z"}},{"iob":1.175,"basaliob":-0.477,"bolussnooze":0.2443,"activity":0.0159,"lastBolusTime":1703170294000,"time":"2023-12-21T16:11:09.915Z","iobWithZeroTemp":{"iob":0.959,"basaliob":-0.693,"bolussnooze":0.2443,"activity":0.015,"lastBolusTime":1703170294000,"time":"2023-12-21T16:11:09.915Z"}},{"iob":1.098,"basaliob":-0.449,"bolussnooze":0.2095,"activity":0.0151,"lastBolusTime":1703170294000,"time":"2023-12-21T16:16:09.915Z","iobWithZeroTemp":{"iob":0.854,"basaliob":-0.693,"bolussnooze":0.2095,"activity":0.014,"lastBolusTime":1703170294000,"time":"2023-12-21T16:16:09.915Z"}},{"iob":1.025,"basaliob":-0.422,"bolussnooze":0.1792,"activity":0.0143,"lastBolusTime":1703170294000,"time":"2023-12-21T16:21:09.915Z","iobWithZeroTemp":{"iob":0.753,"basaliob":-0.694,"bolussnooze":0.1792,"activity":0.013,"lastBolusTime":1703170294000,"time":"2023-12-21T16:21:09.915Z"}},{"iob":0.955,"basaliob":-0.397,"bolussnooze":0.1528,"activity":0.0135,"lastBolusTime":1703170294000,"time":"2023-12-21T16:26:09.915Z","iobWithZeroTemp":{"iob":0.657,"basaliob":-0.695,"bolussnooze":0.1528,"activity":0.012,"lastBolusTime":1703170294000,"time":"2023-12-21T16:26:09.915Z"}},{"iob":0.89,"basaliob":-0.372,"bolussnooze":0.1299,"activity":0.0127,"lastBolusTime":1703170294000,"time":"2023-12-21T16:31:09.915Z","iobWithZeroTemp":{"iob":0.567,"basaliob":-0.695,"bolussnooze":0.1299,"activity":0.0109,"lastBolusTime":1703170294000,"time":"2023-12-21T16:31:09.915Z"}},{"iob":0.828,"basaliob":-0.349,"bolussnooze":0.1102,"activity":0.0119,"lastBolusTime":1703170294000,"time":"2023-12-21T16:36:09.915Z","iobWithZeroTemp":{"iob":0.481,"basaliob":-0.696,"bolussnooze":0.1102,"activity":0.0099,"lastBolusTime":1703170294000,"time":"2023-12-21T16:36:09.915Z"}},{"iob":0.77,"basaliob":-0.327,"bolussnooze":0.0932,"activity":0.0113,"lastBolusTime":1703170294000,"time":"2023-12-21T16:41:09.915Z","iobWithZeroTemp":{"iob":0.4,"basaliob":-0.697,"bolussnooze":0.0932,"activity":0.0091,"lastBolusTime":1703170294000,"time":"2023-12-21T16:41:09.915Z"}},{"iob":0.716,"basaliob":-0.306,"bolussnooze":0.0786,"activity":0.0106,"lastBolusTime":1703170294000,"time":"2023-12-21T16:46:09.915Z","iobWithZeroTemp":{"iob":0.325,"basaliob":-0.697,"bolussnooze":0.0786,"activity":0.0082,"lastBolusTime":1703170294000,"time":"2023-12-21T16:46:09.915Z"}},{"iob":0.664,"basaliob":-0.286,"bolussnooze":0.0661,"activity":0.0099,"lastBolusTime":1703170294000,"time":"2023-12-21T16:51:09.915Z","iobWithZeroTemp":{"iob":0.252,"basaliob":-0.698,"bolussnooze":0.0661,"activity":0.0072,"lastBolusTime":1703170294000,"time":"2023-12-21T16:51:09.915Z"}},{"iob":0.616,"basaliob":-0.267,"bolussnooze":0.0554,"activity":0.0093,"lastBolusTime":1703170294000,"time":"2023-12-21T16:56:09.915Z","iobWithZeroTemp":{"iob":0.185,"basaliob":-0.698,"bolussnooze":0.0554,"activity":0.0064,"lastBolusTime":1703170294000,"time":"2023-12-21T16:56:09.915Z"}},{"iob":0.571,"basaliob":-0.249,"bolussnooze":0.0463,"activity":0.0087,"lastBolusTime":1703170294000,"time":"2023-12-21T17:01:09.915Z","iobWithZeroTemp":{"iob":0.121,"basaliob":-0.699,"bolussnooze":0.0463,"activity":0.0056,"lastBolusTime":1703170294000,"time":"2023-12-21T17:01:09.915Z"}},{"iob":0.529,"basaliob":-0.232,"bolussnooze":0.0386,"activity":0.0081,"lastBolusTime":1703170294000,"time":"2023-12-21T17:06:09.915Z","iobWithZeroTemp":{"iob":0.062,"basaliob":-0.699,"bolussnooze":0.0386,"activity":0.0048,"lastBolusTime":1703170294000,"time":"2023-12-21T17:06:09.915Z"}},{"iob":0.49,"basaliob":-0.216,"bolussnooze":0.0321,"activity":0.0076,"lastBolusTime":1703170294000,"time":"2023-12-21T17:11:09.915Z","iobWithZeroTemp":{"iob":0.006,"basaliob":-0.7,"bolussnooze":0.0321,"activity":0.0041,"lastBolusTime":1703170294000,"time":"2023-12-21T17:11:09.915Z"}},{"iob":0.453,"basaliob":-0.201,"bolussnooze":0.0265,"activity":0.0071,"lastBolusTime":1703170294000,"time":"2023-12-21T17:16:09.915Z","iobWithZeroTemp":{"iob":-0.046,"basaliob":-0.7,"bolussnooze":0.0265,"activity":0.0034,"lastBolusTime":1703170294000,"time":"2023-12-21T17:16:09.915Z"}},{"iob":0.418,"basaliob":-0.187,"bolussnooze":0.0219,"activity":0.0067,"lastBolusTime":1703170294000,"time":"2023-12-21T17:21:09.915Z","iobWithZeroTemp":{"iob":-0.096,"basaliob":-0.701,"bolussnooze":0.0219,"activity":0.0028,"lastBolusTime":1703170294000,"time":"2023-12-21T17:21:09.915Z"}},{"iob":0.387,"basaliob":-0.173,"bolussnooze":0.018,"activity":0.0062,"lastBolusTime":1703170294000,"time":"2023-12-21T17:26:09.915Z","iobWithZeroTemp":{"iob":-0.14,"basaliob":-0.7,"bolussnooze":0.018,"activity":0.0022,"lastBolusTime":1703170294000,"time":"2023-12-21T17:26:09.915Z"}},{"iob":0.357,"basaliob":-0.161,"bolussnooze":0.0147,"activity":0.0058,"lastBolusTime":1703170294000,"time":"2023-12-21T17:31:09.915Z","iobWithZeroTemp":{"iob":-0.183,"basaliob":-0.701,"bolussnooze":0.0147,"activity":0.0016,"lastBolusTime":1703170294000,"time":"2023-12-21T17:31:09.915Z"}},{"iob":0.329,"basaliob":-0.149,"bolussnooze":0.012,"activity":0.0053,"lastBolusTime":1703170294000,"time":"2023-12-21T17:36:09.915Z","iobWithZeroTemp":{"iob":-0.223,"basaliob":-0.701,"bolussnooze":0.012,"activity":0.001,"lastBolusTime":1703170294000,"time":"2023-12-21T17:36:09.915Z"}},{"iob":0.304,"basaliob":-0.138,"bolussnooze":0.0097,"activity":0.005,"lastBolusTime":1703170294000,"time":"2023-12-21T17:41:09.915Z","iobWithZeroTemp":{"iob":-0.259,"basaliob":-0.701,"bolussnooze":0.0097,"activity":5.0E-4,"lastBolusTime":1703170294000,"time":"2023-12-21T17:41:09.915Z"}},{"iob":0.279,"basaliob":-0.128,"bolussnooze":0.0078,"activity":0.0046,"lastBolusTime":1703170294000,"time":"2023-12-21T17:46:09.915Z","iobWithZeroTemp":{"iob":-0.295,"basaliob":-0.702,"bolussnooze":0.0078,"activity":0,"lastBolusTime":1703170294000,"time":"2023-12-21T17:46:09.915Z"}},{"iob":0.258,"basaliob":-0.118,"bolussnooze":0.0062,"activity":0.0043,"lastBolusTime":1703170294000,"time":"2023-12-21T17:51:09.915Z","iobWithZeroTemp":{"iob":-0.326,"basaliob":-0.702,"bolussnooze":0.0062,"activity":-5.0E-4,"lastBolusTime":1703170294000,"time":"2023-12-21T17:51:09.915Z"}},{"iob":0.237,"basaliob":-0.109,"bolussnooze":0.005,"activity":0.004,"lastBolusTime":1703170294000,"time":"2023-12-21T17:56:09.915Z","iobWithZeroTemp":{"iob":-0.356,"basaliob":-0.702,"bolussnooze":0.005,"activity":-9.0E-4,"lastBolusTime":1703170294000,"time":"2023-12-21T17:56:09.915Z"}},{"iob":0.217,"basaliob":-0.101,"bolussnooze":0.0039,"activity":0.0037,"lastBolusTime":1703170294000,"time":"2023-12-21T18:01:09.915Z","iobWithZeroTemp":{"iob":-0.384,"basaliob":-0.702,"bolussnooze":0.0039,"activity":-0.0013,"lastBolusTime":1703170294000,"time":"2023-12-21T18:01:09.915Z"}},{"iob":0.2,"basaliob":-0.093,"bolussnooze":0.0031,"activity":0.0034,"lastBolusTime":1703170294000,"time":"2023-12-21T18:06:09.915Z","iobWithZeroTemp":{"iob":-0.409,"basaliob":-0.702,"bolussnooze":0.0031,"activity":-0.0017,"lastBolusTime":1703170294000,"time":"2023-12-21T18:06:09.915Z"}},{"iob":0.183,"basaliob":-0.086,"bolussnooze":0.0024,"activity":0.0032,"lastBolusTime":1703170294000,"time":"2023-12-21T18:11:09.915Z","iobWithZeroTemp":{"iob":-0.434,"basaliob":-0.703,"bolussnooze":0.0024,"activity":-0.002,"lastBolusTime":1703170294000,"time":"2023-12-21T18:11:09.915Z"}},{"iob":0.168,"basaliob":-0.079,"bolussnooze":0.0018,"activity":0.0029,"lastBolusTime":1703170294000,"time":"2023-12-21T18:16:09.915Z","iobWithZeroTemp":{"iob":-0.456,"basaliob":-0.703,"bolussnooze":0.0018,"activity":-0.0024,"lastBolusTime":1703170294000,"time":"2023-12-21T18:16:09.915Z"}},{"iob":0.154,"basaliob":-0.073,"bolussnooze":0.0014,"activity":0.0027,"lastBolusTime":1703170294000,"time":"2023-12-21T18:21:09.915Z","iobWithZeroTemp":{"iob":-0.476,"basaliob":-0.703,"bolussnooze":0.0014,"activity":-0.0027,"lastBolusTime":1703170294000,"time":"2023-12-21T18:21:09.915Z"}},{"iob":0.141,"basaliob":-0.067,"bolussnooze":0.001,"activity":0.0025,"lastBolusTime":1703170294000,"time":"2023-12-21T18:26:09.915Z","iobWithZeroTemp":{"iob":-0.495,"basaliob":-0.703,"bolussnooze":0.001,"activity":-0.003,"lastBolusTime":1703170294000,"time":"2023-12-21T18:26:09.915Z"}},{"iob":0.129,"basaliob":-0.062,"bolussnooze":8.0E-4,"activity":0.0023,"lastBolusTime":1703170294000,"time":"2023-12-21T18:31:09.915Z","iobWithZeroTemp":{"iob":-0.513,"basaliob":-0.704,"bolussnooze":8.0E-4,"activity":-0.0033,"lastBolusTime":1703170294000,"time":"2023-12-21T18:31:09.915Z"}},{"iob":0.118,"basaliob":-0.057,"bolussnooze":6.0E-4,"activity":0.0021,"lastBolusTime":1703170294000,"time":"2023-12-21T18:36:09.915Z","iobWithZeroTemp":{"iob":-0.529,"basaliob":-0.704,"bolussnooze":6.0E-4,"activity":-0.0036,"lastBolusTime":1703170294000,"time":"2023-12-21T18:36:09.915Z"}},{"iob":0.108,"basaliob":-0.052,"bolussnooze":4.0E-4,"activity":0.0019,"lastBolusTime":1703170294000,"time":"2023-12-21T18:41:09.915Z","iobWithZeroTemp":{"iob":-0.543,"basaliob":-0.703,"bolussnooze":4.0E-4,"activity":-0.0039,"lastBolusTime":1703170294000,"time":"2023-12-21T18:41:09.915Z"}},{"iob":0.098,"basaliob":-0.048,"bolussnooze":3.0E-4,"activity":0.0018,"lastBolusTime":1703170294000,"time":"2023-12-21T18:46:09.915Z","iobWithZeroTemp":{"iob":-0.558,"basaliob":-0.704,"bolussnooze":3.0E-4,"activity":-0.004,"lastBolusTime":1703170294000,"time":"2023-12-21T18:46:09.915Z"}},{"iob":0.09,"basaliob":-0.044,"bolussnooze":2.0E-4,"activity":0.0016,"lastBolusTime":1703170294000,"time":"2023-12-21T18:51:09.915Z","iobWithZeroTemp":{"iob":-0.57,"basaliob":-0.704,"bolussnooze":2.0E-4,"activity":-0.0043,"lastBolusTime":1703170294000,"time":"2023-12-21T18:51:09.915Z"}},{"iob":0.082,"basaliob":-0.04,"bolussnooze":1.0E-4,"activity":0.0015,"lastBolusTime":1703170294000,"time":"2023-12-21T18:56:09.915Z","iobWithZeroTemp":{"iob":-0.582,"basaliob":-0.704,"bolussnooze":1.0E-4,"activity":-0.0044,"lastBolusTime":1703170294000,"time":"2023-12-21T18:56:09.915Z"}},{"iob":0.074,"basaliob":-0.037,"bolussnooze":1.0E-4,"activity":0.0015,"lastBolusTime":1703170294000,"time":"2023-12-21T19:01:09.915Z","iobWithZeroTemp":{"iob":-0.593,"basaliob":-0.704,"bolussnooze":1.0E-4,"activity":-0.0045,"lastBolusTime":1703170294000,"time":"2023-12-21T19:01:09.915Z"}},{"iob":0.068,"basaliob":-0.034,"bolussnooze":0,"activity":0.0013,"lastBolusTime":1703170294000,"time":"2023-12-21T19:06:09.915Z","iobWithZeroTemp":{"iob":-0.602,"basaliob":-0.704,"bolussnooze":0,"activity":-0.0048,"lastBolusTime":1703170294000,"time":"2023-12-21T19:06:09.915Z"}},{"iob":0.062,"basaliob":-0.031,"bolussnooze":0,"activity":0.0011,"lastBolusTime":1703170294000,"time":"2023-12-21T19:11:09.915Z","iobWithZeroTemp":{"iob":-0.611,"basaliob":-0.704,"bolussnooze":0,"activity":-0.005,"lastBolusTime":1703170294000,"time":"2023-12-21T19:11:09.915Z"}},{"iob":0.056,"basaliob":-0.028,"bolussnooze":0,"activity":0.0011,"lastBolusTime":1703170294000,"time":"2023-12-21T19:16:09.915Z","iobWithZeroTemp":{"iob":-0.62,"basaliob":-0.704,"bolussnooze":0,"activity":-0.005,"lastBolusTime":1703170294000,"time":"2023-12-21T19:16:09.915Z"}},{"iob":0.051,"basaliob":-0.026,"bolussnooze":0,"activity":0.001,"lastBolusTime":1703170294000,"time":"2023-12-21T19:21:09.915Z","iobWithZeroTemp":{"iob":-0.627,"basaliob":-0.704,"bolussnooze":0,"activity":-0.0052,"lastBolusTime":1703170294000,"time":"2023-12-21T19:21:09.915Z"}},{"iob":0.046,"basaliob":-0.024,"bolussnooze":0,"activity":9.0E-4,"lastBolusTime":1703170294000,"time":"2023-12-21T19:26:09.915Z","iobWithZeroTemp":{"iob":-0.635,"basaliob":-0.705,"bolussnooze":0,"activity":-0.0053,"lastBolusTime":1703170294000,"time":"2023-12-21T19:26:09.915Z"}},{"iob":0.042,"basaliob":-0.021,"bolussnooze":0,"activity":8.0E-4,"lastBolusTime":1703170294000,"time":"2023-12-21T19:31:09.915Z","iobWithZeroTemp":{"iob":-0.641,"basaliob":-0.704,"bolussnooze":0,"activity":-0.0055,"lastBolusTime":1703170294000,"time":"2023-12-21T19:31:09.915Z"}}],"profile":{"max_iob":7,"type":"current","max_daily_basal":0.45,"max_basal":1.35,"min_bg":81.0000000000001,"max_bg":81.0000000000001,"target_bg":81.0000000000001,"carb_ratio":11,"sens":352.8,"max_daily_safety_multiplier":3,"current_basal_safety_multiplier":4,"lgsThreshold":65,"high_temptarget_raises_sensitivity":false,"low_temptarget_lowers_sensitivity":false,"sensitivity_raises_target":true,"resistance_lowers_target":true,"adv_target_adjustments":false,"exercise_mode":false,"half_basal_exercise_target":160,"maxCOB":120,"skip_neutral_temps":false,"remainingCarbsCap":90,"enableUAM":true,"A52_risk_enable":false,"SMBInterval":4,"enableSMB_with_COB":true,"enableSMB_with_temptarget":false,"allowSMB_with_high_temptarget":true,"enableSMB_always":true,"enableSMB_after_carbs":false,"maxSMBBasalMinutes":60,"maxUAMSMBBasalMinutes":60,"bolus_increment":0.05,"carbsReqThreshold":10,"current_basal":0.4,"temptargetSet":true,"autosens_max":1.2,"autosens_min":0.8,"out_units":"mmol\/L","variable_sens":56.2,"insulinDivisor":65,"TDD":34.36484250000002},"autosens_data":{"ratio":1.2063420674684195},"meal_data":{"carbs":85,"mealCOB":39.06903628117912,"slopeFromMaxDeviation":-2.3508888888888886,"slopeFromMinDeviation":0,"lastBolusTime":1703170294000,"lastCarbTime":1703170608000},"microBolusAllowed":true,"currentTime":1703172972047,"flatBGsDetected":false,"tdd1D":29.01841666666669,"tdd7D":27.79325000000001,"tddLast24H":33.528166666666664,"tddLast4H":7.960000000000002,"tddLast8to4H":7.250000000000003},"output":{"temp":"absolute","bg":100,"tick":-1,"eventualBG":194,"targetBG":81.0000000000001,"insulinReq":0,"deliverAt":"2023-12-21T15:36:12.047Z","sensitivityRatio":1.2063420674684195,"variable_sens":56.2,"predBGs":{"IOB":[100,97,94,90,86,83,79,75,70,66,61,56,50,45,39],"ZT":[100,94,88,82,75,69,63,57,50,44,39,39,39,39,39,39,39,39,39,39,39,39,39,39,39,39,39,39,39,39,39,39,39,39,39,39,39,39,39,39,39,39,39,39,39,39,39,39],"COB":[100,97,95,93,92,91,91,91,92,93,94,96,98,101,104,108,112,116,121,126,132,138,143,148,154,158,163,167,171,175,179,182,185,187,189,191,193,194,195,196,196,196,196,195,195,195,194],"UAM":[100,95,89,83,76,70,64,57,51,44,39,39,39]},"reason":"COB: 39.1, Dev: 1.1, BGI: -0.3, ISF: 3.1, CR: 11, Target: 4.5, minPredBG 2.9, minGuardBG 0.3, IOBpredBG 2.2, COBpredBG 10.8, UAMpredBG 2.2; minGuardBG 0.3<3.6","COB":39.06903628117912,"IOB":1.837,"duration":120,"rate":0,"timestamp":"2023-12-21T15:36:12.087Z"}}