{"algorithm":"OpenAPSSMBDynamicISFPlugin","input":{"glucoseStatus":{"glucose":162,"noise":0,"delta":0,"short_avgdelta":0.78,"long_avgdelta":0.78,"date":1703294152964},"currenttemp":{"temp":"absolute","duration":25,"rate":0.18900000000000003,"minutesrunning":5},"iob_data":[{"iob":0.693,"basaliob":-0.287,"bolussnooze":0,"activity":0.0065,"lastBolusTime":1703293890000,"time":"2023-12-23T01:16:13.752Z","iobWithZeroTemp":{"iob":0.693,"basaliob":-0.287,"bolussnooze":0,"activity":0.0065,"lastBolusTime":1703293890000,"time":"2023-12-23T01:16:13.752Z"}},{"iob":0.661,"basaliob":-0.27,"bolussnooze":0,"activity":0.0065,"lastBolusTime":1703293890000,"time":"2023-12-23T01:21:13.752Z","iobWithZeroTemp":{"iob":0.643,"basaliob":-0.288,"bolussnooze":0,"activity":0.0065,"lastBolusTime":1703293890000,"time":"2023-12-23T01:21:13.752Z"}},{"iob":0.628,"basaliob":-0.254,"bolussnooze":0,"activity":0.0064,"lastBolusTime":1703293890000,"time":"2023-12-23T01:26:13.752Z","iobWithZeroTemp":{"iob":0.588,"basaliob":-0.294,"bolussnooze":0,"activity":0.0063,"lastBolusTime":1703293890000,"time":"2023-12-23T01:26:13.752Z"}},{"iob":0.597,"basaliob":-0.238,"bolussnooze":0,"activity":0.0064,"lastBolusTime":1703293890000,"time":"2023-12-23T01:31:13.752Z","iobWithZeroTemp":{"iob":0.535,"basaliob":-0.3,"bolussnooze":0,"activity":0.0063,"lastBolusTime":1703293890000,"time":"2023-12-23T01:31:13.752Z"}},{"iob":0.565,"basaliob":-0.224,"bolussnooze":0,"activity":0.0062,"lastBolusTime":1703293890000,"time":"2023-12-23T01:36:13.752Z","iobWithZeroTemp":{"iob":0.481,"basaliob":-0.308,"bolussnooze":0,"activity":0.006,"lastBolusTime":1703293890000,"time":"2023-12-23T01:36:13.752Z"}},{"iob":0.534,"basaliob":-0.21,"bolussnooze":0,"activity":0.006,"lastBolusTime":1703293890000,"time":"2023-12-23T01:41:13.752Z","iobWithZeroTemp":{"iob":0.429,"basaliob":-0.315,"bolussnooze":0,"activity":0.0057,"lastBolusTime":1703293890000,"time":"2023-12-23T01:41:13.752Z"}},{"iob":0.505,"basaliob":-0.196,"bolussnooze":0,"activity":0.0059,"lastBolusTime":1703293890000,"time":"2023-12-23T01:46:13.752Z","iobWithZeroTemp":{"iob":0.379,"basaliob":-0.322,"bolussnooze":0,"activity":0.0054,"lastBolusTime":1703293890000,"time":"2023-12-23T01:46:13.752Z"}},{"iob":0.476,"basaliob":-0.183,"bolussnooze":0,"activity":0.0056,"lastBolusTime":1703293890000,"time":"2023-12-23T01:51:13.752Z","iobWithZeroTemp":{"iob":0.33,"basaliob":-0.329,"bolussnooze":0,"activity":0.005,"lastBolusTime":1703293890000,"time":"2023-12-23T01:51:13.752Z"}},{"iob":0.448,"basaliob":-0.171,"bolussnooze":0,"activity":0.0054,"lastBolusTime":1703293890000,"time":"2023-12-23T01:56:13.752Z","iobWithZeroTemp":{"iob":0.283,"basaliob":-0.336,"bolussnooze":0,"activity":0.0047,"lastBolusTime":1703293890000,"time":"2023-12-23T01:56:13.752Z"}},{"iob":0.421,"basaliob":-0.16,"bolussnooze":0,"activity":0.0053,"lastBolusTime":1703293890000,"time":"2023-12-23T02:01:13.752Z","iobWithZeroTemp":{"iob":0.238,"basaliob":-0.343,"bolussnooze":0,"activity":0.0044,"lastBolusTime":1703293890000,"time":"2023-12-23T02:01:13.752Z"}},{"iob":0.396,"basaliob":-0.149,"bolussnooze":0,"activity":0.005,"lastBolusTime":1703293890000,"time":"2023-12-23T02:06:13.752Z","iobWithZeroTemp":{"iob":0.195,"basaliob":-0.35,"bolussnooze":0,"activity":0.004,"lastBolusTime":1703293890000,"time":"2023-12-23T02:06:13.752Z"}},{"iob":0.371,"basaliob":-0.139,"bolussnooze":0,"activity":0.0048,"lastBolusTime":1703293890000,"time":"2023-12-23T02:11:13.752Z","iobWithZeroTemp":{"iob":0.153,"basaliob":-0.357,"bolussnooze":0,"activity":0.0036,"lastBolusTime":1703293890000,"time":"2023-12-23T02:11:13.752Z"}},{"iob":0.348,"basaliob":-0.129,"bolussnooze":0,"activity":0.0045,"lastBolusTime":1703293890000,"time":"2023-12-23T02:16:13.752Z","iobWithZeroTemp":{"iob":0.114,"basaliob":-0.363,"bolussnooze":0,"activity":0.0032,"lastBolusTime":1703293890000,"time":"2023-12-23T02:16:13.752Z"}},{"iob":0.326,"basaliob":-0.12,"bolussnooze":0,"activity":0.0043,"lastBolusTime":1703293890000,"time":"2023-12-23T02:21:13.752Z","iobWithZeroTemp":{"iob":0.076,"basaliob":-0.37,"bolussnooze":0,"activity":0.0028,"lastBolusTime":1703293890000,"time":"2023-12-23T02:21:13.752Z"}},{"iob":0.305,"basaliob":-0.111,"bolussnooze":0,"activity":0.0041,"lastBolusTime":1703293890000,"time":"2023-12-23T02:26:13.752Z","iobWithZeroTemp":{"iob":0.041,"basaliob":-0.375,"bolussnooze":0,"activity":0.0025,"lastBolusTime":1703293890000,"time":"2023-12-23T02:26:13.752Z"}},{"iob":0.285,"basaliob":-0.103,"bolussnooze":0,"activity":0.004,"lastBolusTime":1703293890000,"time":"2023-12-23T02:31:13.752Z","iobWithZeroTemp":{"iob":0.007,"basaliob":-0.381,"bolussnooze":0,"activity":0.0022,"lastBolusTime":1703293890000,"time":"2023-12-23T02:31:13.752Z"}},{"iob":0.265,"basaliob":-0.096,"bolussnooze":0,"activity":0.0036,"lastBolusTime":1703293890000,"time":"2023-12-23T02:36:13.752Z","iobWithZeroTemp":{"iob":-0.026,"basaliob":-0.387,"bolussnooze":0,"activity":0.0017,"lastBolusTime":1703293890000,"time":"2023-12-23T02:36:13.752Z"}},{"iob":0.247,"basaliob":-0.089,"bolussnooze":0,"activity":0.0035,"lastBolusTime":1703293890000,"time":"2023-12-23T02:41:13.752Z","iobWithZeroTemp":{"iob":-0.057,"basaliob":-0.393,"bolussnooze":0,"activity":0.0014,"lastBolusTime":1703293890000,"time":"2023-12-23T02:41:13.752Z"}},{"iob":0.231,"basaliob":-0.082,"bolussnooze":0,"activity":0.0033,"lastBolusTime":1703293890000,"time":"2023-12-23T02:46:13.752Z","iobWithZeroTemp":{"iob":-0.084,"basaliob":-0.397,"bolussnooze":0,"activity":0.0011,"lastBolusTime":1703293890000,"time":"2023-12-23T02:46:13.752Z"}},{"iob":0.215,"basaliob":-0.076,"bolussnooze":0,"activity":0.0031,"lastBolusTime":1703293890000,"time":"2023-12-23T02:51:13.752Z","iobWithZeroTemp":{"iob":-0.112,"basaliob":-0.403,"bolussnooze":0,"activity":7.0E-4,"lastBolusTime":1703293890000,"time":"2023-12-23T02:51:13.752Z"}},{"iob":0.199,"basaliob":-0.071,"bolussnooze":0,"activity":0.0029,"lastBolusTime":1703293890000,"time":"2023-12-23T02:56:13.752Z","iobWithZeroTemp":{"iob":-0.138,"basaliob":-0.408,"bolussnooze":0,"activity":4.0E-4,"lastBolusTime":1703293890000,"time":"2023-12-23T02:56:13.752Z"}},{"iob":0.185,"basaliob":-0.065,"bolussnooze":0,"activity":0.0028,"lastBolusTime":1703293890000,"time":"2023-12-23T03:01:13.752Z","iobWithZeroTemp":{"iob":-0.162,"basaliob":-0.412,"bolussnooze":0,"activity":2.0E-4,"lastBolusTime":1703293890000,"time":"2023-12-23T03:01:13.752Z"}},{"iob":0.172,"basaliob":-0.06,"bolussnooze":0,"activity":0.0025,"lastBolusTime":1703293890000,"time":"2023-12-23T03:06:13.752Z","iobWithZeroTemp":{"iob":-0.186,"basaliob":-0.418,"bolussnooze":0,"activity":-2.0E-4,"lastBolusTime":1703293890000,"time":"2023-12-23T03:06:13.752Z"}},{"iob":0.159,"basaliob":-0.056,"bolussnooze":0,"activity":0.0024,"lastBolusTime":1703293890000,"time":"2023-12-23T03:11:13.752Z","iobWithZeroTemp":{"iob":-0.211,"basaliob":-0.426,"bolussnooze":0,"activity":-4.0E-4,"lastBolusTime":1703293890000,"time":"2023-12-23T03:11:13.752Z"}},{"iob":0.148,"basaliob":-0.051,"bolussnooze":0,"activity":0.0023,"lastBolusTime":1703293890000,"time":"2023-12-23T03:16:13.752Z","iobWithZeroTemp":{"iob":-0.232,"basaliob":-0.431,"bolussnooze":0,"activity":-7.0E-4,"lastBolusTime":1703293890000,"time":"2023-12-23T03:16:13.752Z"}},{"iob":0.137,"basaliob":-0.047,"bolussnooze":0,"activity":0.0021,"lastBolusTime":1703293890000,"time":"2023-12-23T03:21:13.752Z","iobWithZeroTemp":{"iob":-0.253,"basaliob":-0.437,"bolussnooze":0,"activity":-0.001,"lastBolusTime":1703293890000,"time":"2023-12-23T03:21:13.752Z"}},{"iob":0.127,"basaliob":-0.043,"bolussnooze":0,"activity":0.002,"lastBolusTime":1703293890000,"time":"2023-12-23T03:26:13.752Z","iobWithZeroTemp":{"iob":-0.272,"basaliob":-0.442,"bolussnooze":0,"activity":-0.0012,"lastBolusTime":1703293890000,"time":"2023-12-23T03:26:13.752Z"}},{"iob":0.117,"basaliob":-0.04,"bolussnooze":0,"activity":0.0018,"lastBolusTime":1703293890000,"time":"2023-12-23T03:31:13.752Z","iobWithZeroTemp":{"iob":-0.291,"basaliob":-0.448,"bolussnooze":0,"activity":-0.0015,"lastBolusTime":1703293890000,"time":"2023-12-23T03:31:13.752Z"}},{"iob":0.108,"basaliob":-0.037,"bolussnooze":0,"activity":0.0017,"lastBolusTime":1703293890000,"time":"2023-12-23T03:36:13.752Z","iobWithZeroTemp":{"iob":-0.309,"basaliob":-0.454,"bolussnooze":0,"activity":-0.0017,"lastBolusTime":1703293890000,"time":"2023-12-23T03:36:13.752Z"}},{"iob":0.1,"basaliob":-0.034,"bolussnooze":0,"activity":0.0016,"lastBolusTime":1703293890000,"time":"2023-12-23T03:41:13.752Z","iobWithZeroTemp":{"iob":-0.325,"basaliob":-0.459,"bolussnooze":0,"activity":-0.0019,"lastBolusTime":1703293890000,"time":"2023-12-23T03:41:13.752Z"}},{"iob":0.092,"basaliob":-0.031,"bolussnooze":0,"activity":0.0015,"lastBolusTime":1703293890000,"time":"2023-12-23T03:46:13.752Z","iobWithZeroTemp":{"iob":-0.34,"basaliob":-0.463,"bolussnooze":0,"activity":-0.0021,"lastBolusTime":1703293890000,"time":"2023-12-23T03:46:13.752Z"}},{"iob":0.085,"basaliob":-0.028,"bolussnooze":0,"activity":0.0014,"lastBolusTime":1703293890000,"time":"2023-12-23T03:51:13.752Z","iobWithZeroTemp":{"iob":-0.354,"basaliob":-0.467,"bolussnooze":0,"activity":-0.0023,"lastBolusTime":1703293890000,"time":"2023-12-23T03:51:13.752Z"}},{"iob":0.078,"basaliob":-0.026,"bolussnooze":0,"activity":0.0012,"lastBolusTime":1703293890000,"time":"2023-12-23T03:56:13.752Z","iobWithZeroTemp":{"iob":-0.367,"basaliob":-0.471,"bolussnooze":0,"activity":-0.0025,"lastBolusTime":1703293890000,"time":"2023-12-23T03:56:13.752Z"}},{"iob":0.072,"basaliob":-0.024,"bolussnooze":0,"activity":0.0012,"lastBolusTime":1703293890000,"time":"2023-12-23T04:01:13.752Z","iobWithZeroTemp":{"iob":-0.38,"basaliob":-0.476,"bolussnooze":0,"activity":-0.0026,"lastBolusTime":1703293890000,"time":"2023-12-23T04:01:13.752Z"}},{"iob":0.066,"basaliob":-0.022,"bolussnooze":0,"activity":0.0011,"lastBolusTime":1703293890000,"time":"2023-12-23T04:06:13.752Z","iobWithZeroTemp":{"iob":-0.4,"basaliob":-0.488,"bolussnooze":0,"activity":-0.0028,"lastBolusTime":1703293890000,"time":"2023-12-23T04:06:13.752Z"}},{"iob":0.061,"basaliob":-0.02,"bolussnooze":0,"activity":0.001,"lastBolusTime":1703293890000,"time":"2023-12-23T04:11:13.752Z","iobWithZeroTemp":{"iob":-0.418,"basaliob":-0.499,"bolussnooze":0,"activity":-0.003,"lastBolusTime":1703293890000,"time":"2023-12-23T04:11:13.752Z"}},{"iob":0.056,"basaliob":-0.018,"bolussnooze":0,"activity":0.001,"lastBolusTime":1703293890000,"time":"2023-12-23T04:16:13.752Z","iobWithZeroTemp":{"iob":-0.436,"basaliob":-0.51,"bolussnooze":0,"activity":-0.0031,"lastBolusTime":1703293890000,"time":"2023-12-23T04:16:13.752Z"}},{"iob":0.051,"basaliob":-0.017,"bolussnooze":0,"activity":9.0E-4,"lastBolusTime":1703293890000,"time":"2023-12-23T04:21:13.752Z","iobWithZeroTemp":{"iob":-0.454,"basaliob":-0.522,"bolussnooze":0,"activity":-0.0033,"lastBolusTime":1703293890000,"time":"2023-12-23T04:21:13.752Z"}},{"iob":0.048,"basaliob":-0.015,"bolussnooze":0,"activity":8.0E-4,"lastBolusTime":1703293890000,"time":"2023-12-23T04:26:13.752Z","iobWithZeroTemp":{"iob":-0.469,"basaliob":-0.532,"bolussnooze":0,"activity":-0.0035,"lastBolusTime":1703293890000,"time":"2023-12-23T04:26:13.752Z"}},{"iob":0.043,"basaliob":-0.014,"bolussnooze":0,"activity":7.0E-4,"lastBolusTime":1703293890000,"time":"2023-12-23T04:31:13.752Z","iobWithZeroTemp":{"iob":-0.485,"basaliob":-0.542,"bolussnooze":0,"activity":-0.0037,"lastBolusTime":1703293890000,"time":"2023-12-23T04:31:13.752Z"}},{"iob":0.039,"basaliob":-0.013,"bolussnooze":0,"activity":7.0E-4,"lastBolusTime":1703293890000,"time":"2023-12-23T04:36:13.752Z","iobWithZeroTemp":{"iob":-0.5,"basaliob":-0.552,"bolussnooze":0,"activity":-0.0038,"lastBolusTime":1703293890000,"time":"2023-12-23T04:36:13.752Z"}},{"iob":0.036,"basaliob":-0.012,"bolussnooze":0,"activity":7.0E-4,"lastBolusTime":1703293890000,"time":"2023-12-23T04:41:13.752Z","iobWithZeroTemp":{"iob":-0.514,"basaliob":-0.562,"bolussnooze":0,"activity":-0.0039,"lastBolusTime":1703293890000,"time":"2023-12-23T04:41:13.752Z"}},{"iob":0.034,"basaliob":-0.01,"bolussnooze":0,"activity":6.0E-4,"lastBolusTime":1703293890000,"time":"2023-12-23T04:46:13.752Z","iobWithZeroTemp":{"iob":-0.526,"basaliob":-0.57,"bolussnooze":0,"activity":-0.0041,"lastBolusTime":1703293890000,"time":"2023-12-23T04:46:13.752Z"}},{"iob":0.03,"basaliob":-0.01,"bolussnooze":0,"activity":5.0E-4,"lastBolusTime":1703293890000,"time":"2023-12-23T04:51:13.752Z","iobWithZeroTemp":{"iob":-0.54,"basaliob":-0.58,"bolussnooze":0,"activity":-0.0043,"lastBolusTime":1703293890000,"time":"2023-12-23T04:51:13.752Z"}},{"iob":0.028,"basaliob":-0.009,"bolussnooze":0,"activity":5.0E-4,"lastBolusTime":1703293890000,"time":"2023-12-23T04:56:13.752Z","iobWithZeroTemp":{"iob":-0.551,"basaliob":-0.588,"bolussnooze":0,"activity":-0.0044,"lastBolusTime":1703293890000,"time":"2023-12-23T04:56:13.752Z"}},{"iob":0.025,"basaliob":-0.008,"bolussnooze":0,"activity":4.0E-4,"lastBolusTime":1703293890000,"time":"2023-12-23T05:01:13.752Z","iobWithZeroTemp":{"iob":-0.562,"basaliob":-0.595,"bolussnooze":0,"activity":-0.0046,"lastBolusTime":1703293890000,"time":"2023-12-23T05:01:13.752Z"}},{"iob":0.023,"basaliob":-0.007,"bolussnooze":0,"activity":5.0E-4,"lastBolusTime":1703293890000,"time":"2023-12-23T05:06:13.752Z","iobWithZeroTemp":{"iob":-0.572,"basaliob":-0.602,"bolussnooze":0,"activity":-0.0046,"lastBolusTime":1703293890000,"time":"2023-12-23T05:06:13.752Z"}},{"iob":0.022,"basaliob":-0.006,"bolussnooze":0,"activity":4.0E-4,"lastBolusTime":1703293890000,"time":"2023-12-23T05:11:13.752Z","iobWithZeroTemp":{"iob":-0.581,"basaliob":-0.609,"bolussnooze":0,"activity":-0.0048,"lastBolusTime":1703293890000,"time":"2023-12-23T05:11:13.752Z"}}],"profile":{"max_iob":7,"type":"current","max_daily_basal":0.45,"max_basal":1.08,"min_bg":81,"max_bg":81,"target_bg":81,"carb_ratio":11,"sens":369,"max_daily_safety_multiplier":3,"current_basal_safety_multiplier":4,"lgsThreshold":65,"high_temptarget_raises_sensitivity":false,"low_temptarget_lowers_sensitivity":false,"sensitivity_raises_target":true,"resistance_lowers_target":true,"adv_target_adjustments":false,"exercise_mode":false,"half_basal_exercise_target":160,"maxCOB":120,"skip_neutral_temps":false,"remainingCarbsCap":90,"enableUAM":true,"A52_risk_enable":false,"SMBInterval":4,"enableSMB_with_COB":true,"enableSMB_with_temptarget":false,"allowSMB_with_high_temptarget":true,"enableSMB_always":true,"enableSMB_after_carbs":false,"maxSMBBasalMinutes":60,"maxUAMSMBBasalMinutes":60,"bolus_increment":0.05,"carbsReqThreshold":10,"current_basal":0.27,"temptargetSet":true,"autosens_max":1.2,"autosens_min":0.8,"out_units":"mmol\/L","variable_sens":136.1,"insulinDivisor":65,"TDD":10.576340341666667},"autosens_data":{"ratio":1.0939623639552183},"meal_data":{"carbs":0,"mealCOB":0,"slopeFromMaxDeviation":-0.2071818181818182,"slopeFromMinDeviation":0.22371428571428584,"lastBolusTime":1703293890000,"lastCarbTime":0},"microBolusAllowed":true,"currentTime":1703294175751,"flatBGsDetected":false,"tdd1D":34.144083333333334,"tdd7D":30.47294047619048,"tddLast24H":33.33624999999999,"tddLast4H":2.884666666666667,"tddLast8to4H":7.730000000000001},"output":{"temp":"absolute","bg":162,"tick":"+0","eventualBG":106,"targetBG":81,"insulinReq":0.12,"deliverAt":"2023-12-23T01:16:15.751Z","sensitivityRatio":1.0939623639552183,"variable_sens":136.1,"predBGs":{"IOB":[162,162,161,160,158,157,155,152,150,147,144,141,137,134,131,127,124,121,119,116,113,111,108,106,104,102,100,98,97,95,94,92,91,90,89,87,86,85,85,84,83,82,82,81,80,80,79],"ZT":[162,158,153,149,144,140,136,131,128,124,120,117,114,112,109,107,105,104,102,101,101,100,100,100,101,101],"UAM":[162,162,161,161,160,159,158,157,156,154,153,152,150,149,147,145,143,142,140,138,135,133,131,129,127,126,124,122,121,119,118,117,116,115,114,113,112,111,110,110,109,108,108,107,107,106]},"reason":"COB: 0, Dev: 1.5, BGI: -0.2, ISF: 7.6, CR: 11, Target: 4.5, minPredBG 5.6, minGuardBG 5.8, IOBpredBG 4.4, UAMpredBG 5.9; Eventual BG 5.9 >= 4.5,  insulinReq 0.12; setting 30m low temp of 0.13U\/h. Microbolusing 0.05U. ","COB":0,"IOB":0.693,"units":0.05,"rate":0.13,"duration":30,"timestamp":"2023-12-23T01:16:15.776Z"}}