{"algorithm":"OpenAPSSMBDynamicISFPlugin","input":{"glucoseStatus":{"glucose":177,"noise":0,"delta":-9,"short_avgdelta":-6.67,"long_avgdelta":1.13,"date":1703300464387},"currenttemp":{"temp":"absolute","duration":110,"rate":0,"minutesrunning":10},"iob_data":[{"iob":1.229,"basaliob":-0.118,"bolussnooze":0,"activity":0.0101,"lastBolusTime":1703299602000,"time":"2023-12-23T03:01:18.633Z","iobWithZeroTemp":{"iob":1.229,"basaliob":-0.118,"bolussnooze":0,"activity":0.0101,"lastBolusTime":1703299602000,"time":"2023-12-23T03:01:18.633Z"}},{"iob":1.179,"basaliob":-0.109,"bolussnooze":0,"activity":0.0103,"lastBolusTime":1703299602000,"time":"2023-12-23T03:06:18.633Z","iobWithZeroTemp":{"iob":1.159,"basaliob":-0.129,"bolussnooze":0,"activity":0.0103,"lastBolusTime":1703299602000,"time":"2023-12-23T03:06:18.633Z"}},{"iob":1.127,"basaliob":-0.101,"bolussnooze":0,"activity":0.0104,"lastBolusTime":1703299602000,"time":"2023-12-23T03:11:18.633Z","iobWithZeroTemp":{"iob":1.082,"basaliob":-0.146,"bolussnooze":0,"activity":0.0103,"lastBolusTime":1703299602000,"time":"2023-12-23T03:11:18.633Z"}},{"iob":1.075,"basaliob":-0.093,"bolussnooze":0,"activity":0.0104,"lastBolusTime":1703299602000,"time":"2023-12-23T03:16:18.633Z","iobWithZeroTemp":{"iob":1.006,"basaliob":-0.162,"bolussnooze":0,"activity":0.0103,"lastBolusTime":1703299602000,"time":"2023-12-23T03:16:18.633Z"}},{"iob":1.024,"basaliob":-0.086,"bolussnooze":0,"activity":0.0103,"lastBolusTime":1703299602000,"time":"2023-12-23T03:21:18.633Z","iobWithZeroTemp":{"iob":0.931,"basaliob":-0.179,"bolussnooze":0,"activity":0.0101,"lastBolusTime":1703299602000,"time":"2023-12-23T03:21:18.633Z"}},{"iob":0.972,"basaliob":-0.08,"bolussnooze":0,"activity":0.0101,"lastBolusTime":1703299602000,"time":"2023-12-23T03:26:18.633Z","iobWithZeroTemp":{"iob":0.855,"basaliob":-0.197,"bolussnooze":0,"activity":0.0097,"lastBolusTime":1703299602000,"time":"2023-12-23T03:26:18.633Z"}},{"iob":0.921,"basaliob":-0.074,"bolussnooze":0,"activity":0.0099,"lastBolusTime":1703299602000,"time":"2023-12-23T03:31:18.633Z","iobWithZeroTemp":{"iob":0.781,"basaliob":-0.214,"bolussnooze":0,"activity":0.0094,"lastBolusTime":1703299602000,"time":"2023-12-23T03:31:18.633Z"}},{"iob":0.872,"basaliob":-0.068,"bolussnooze":0,"activity":0.0097,"lastBolusTime":1703299602000,"time":"2023-12-23T03:36:18.633Z","iobWithZeroTemp":{"iob":0.71,"basaliob":-0.23,"bolussnooze":0,"activity":0.009,"lastBolusTime":1703299602000,"time":"2023-12-23T03:36:18.633Z"}},{"iob":0.825,"basaliob":-0.062,"bolussnooze":0,"activity":0.0095,"lastBolusTime":1703299602000,"time":"2023-12-23T03:41:18.633Z","iobWithZeroTemp":{"iob":0.642,"basaliob":-0.245,"bolussnooze":0,"activity":0.0087,"lastBolusTime":1703299602000,"time":"2023-12-23T03:41:18.633Z"}},{"iob":0.778,"basaliob":-0.058,"bolussnooze":0,"activity":0.0091,"lastBolusTime":1703299602000,"time":"2023-12-23T03:46:18.633Z","iobWithZeroTemp":{"iob":0.574,"basaliob":-0.262,"bolussnooze":0,"activity":0.0081,"lastBolusTime":1703299602000,"time":"2023-12-23T03:46:18.633Z"}},{"iob":0.733,"basaliob":-0.053,"bolussnooze":0,"activity":0.0088,"lastBolusTime":1703299602000,"time":"2023-12-23T03:51:18.633Z","iobWithZeroTemp":{"iob":0.51,"basaliob":-0.276,"bolussnooze":0,"activity":0.0076,"lastBolusTime":1703299602000,"time":"2023-12-23T03:51:18.633Z"}},{"iob":0.69,"basaliob":-0.049,"bolussnooze":0,"activity":0.0085,"lastBolusTime":1703299602000,"time":"2023-12-23T03:56:18.633Z","iobWithZeroTemp":{"iob":0.448,"basaliob":-0.291,"bolussnooze":0,"activity":0.0072,"lastBolusTime":1703299602000,"time":"2023-12-23T03:56:18.633Z"}},{"iob":0.648,"basaliob":-0.045,"bolussnooze":0,"activity":0.0081,"lastBolusTime":1703299602000,"time":"2023-12-23T04:01:18.633Z","iobWithZeroTemp":{"iob":0.388,"basaliob":-0.305,"bolussnooze":0,"activity":0.0066,"lastBolusTime":1703299602000,"time":"2023-12-23T04:01:18.633Z"}},{"iob":0.609,"basaliob":-0.041,"bolussnooze":0,"activity":0.0078,"lastBolusTime":1703299602000,"time":"2023-12-23T04:06:18.633Z","iobWithZeroTemp":{"iob":0.324,"basaliob":-0.326,"bolussnooze":0,"activity":0.0061,"lastBolusTime":1703299602000,"time":"2023-12-23T04:06:18.633Z"}},{"iob":0.571,"basaliob":-0.038,"bolussnooze":0,"activity":0.0075,"lastBolusTime":1703299602000,"time":"2023-12-23T04:11:18.633Z","iobWithZeroTemp":{"iob":0.261,"basaliob":-0.348,"bolussnooze":0,"activity":0.0056,"lastBolusTime":1703299602000,"time":"2023-12-23T04:11:18.633Z"}},{"iob":0.534,"basaliob":-0.035,"bolussnooze":0,"activity":0.0071,"lastBolusTime":1703299602000,"time":"2023-12-23T04:16:18.633Z","iobWithZeroTemp":{"iob":0.201,"basaliob":-0.368,"bolussnooze":0,"activity":0.0051,"lastBolusTime":1703299602000,"time":"2023-12-23T04:16:18.633Z"}},{"iob":0.5,"basaliob":-0.032,"bolussnooze":0,"activity":0.0067,"lastBolusTime":1703299602000,"time":"2023-12-23T04:21:18.633Z","iobWithZeroTemp":{"iob":0.144,"basaliob":-0.388,"bolussnooze":0,"activity":0.0045,"lastBolusTime":1703299602000,"time":"2023-12-23T04:21:18.633Z"}},{"iob":0.468,"basaliob":-0.029,"bolussnooze":0,"activity":0.0064,"lastBolusTime":1703299602000,"time":"2023-12-23T04:26:18.633Z","iobWithZeroTemp":{"iob":0.091,"basaliob":-0.406,"bolussnooze":0,"activity":0.004,"lastBolusTime":1703299602000,"time":"2023-12-23T04:26:18.633Z"}},{"iob":0.437,"basaliob":-0.027,"bolussnooze":0,"activity":0.006,"lastBolusTime":1703299602000,"time":"2023-12-23T04:31:18.633Z","iobWithZeroTemp":{"iob":0.039,"basaliob":-0.425,"bolussnooze":0,"activity":0.0034,"lastBolusTime":1703299602000,"time":"2023-12-23T04:31:18.633Z"}},{"iob":0.408,"basaliob":-0.024,"bolussnooze":0,"activity":0.0057,"lastBolusTime":1703299602000,"time":"2023-12-23T04:36:18.633Z","iobWithZeroTemp":{"iob":-0.01,"basaliob":-0.442,"bolussnooze":0,"activity":0.0029,"lastBolusTime":1703299602000,"time":"2023-12-23T04:36:18.633Z"}},{"iob":0.38,"basaliob":-0.022,"bolussnooze":0,"activity":0.0054,"lastBolusTime":1703299602000,"time":"2023-12-23T04:41:18.633Z","iobWithZeroTemp":{"iob":-0.056,"basaliob":-0.458,"bolussnooze":0,"activity":0.0024,"lastBolusTime":1703299602000,"time":"2023-12-23T04:41:18.633Z"}},{"iob":0.354,"basaliob":-0.02,"bolussnooze":0,"activity":0.005,"lastBolusTime":1703299602000,"time":"2023-12-23T04:46:18.633Z","iobWithZeroTemp":{"iob":-0.1,"basaliob":-0.474,"bolussnooze":0,"activity":0.0018,"lastBolusTime":1703299602000,"time":"2023-12-23T04:46:18.633Z"}},{"iob":0.329,"basaliob":-0.019,"bolussnooze":0,"activity":0.0048,"lastBolusTime":1703299602000,"time":"2023-12-23T04:51:18.633Z","iobWithZeroTemp":{"iob":-0.142,"basaliob":-0.49,"bolussnooze":0,"activity":0.0014,"lastBolusTime":1703299602000,"time":"2023-12-23T04:51:18.633Z"}},{"iob":0.306,"basaliob":-0.017,"bolussnooze":0,"activity":0.0045,"lastBolusTime":1703299602000,"time":"2023-12-23T04:56:18.633Z","iobWithZeroTemp":{"iob":-0.18,"basaliob":-0.503,"bolussnooze":0,"activity":9.0E-4,"lastBolusTime":1703299602000,"time":"2023-12-23T04:56:18.633Z"}},{"iob":0.285,"basaliob":-0.015,"bolussnooze":0,"activity":0.0042,"lastBolusTime":1703299602000,"time":"2023-12-23T05:01:18.633Z","iobWithZeroTemp":{"iob":-0.216,"basaliob":-0.516,"bolussnooze":0,"activity":4.0E-4,"lastBolusTime":1703299602000,"time":"2023-12-23T05:01:18.633Z"}},{"iob":0.264,"basaliob":-0.014,"bolussnooze":0,"activity":0.0039,"lastBolusTime":1703299602000,"time":"2023-12-23T05:06:18.633Z","iobWithZeroTemp":{"iob":-0.251,"basaliob":-0.529,"bolussnooze":0,"activity":0,"lastBolusTime":1703299602000,"time":"2023-12-23T05:06:18.633Z"}},{"iob":0.245,"basaliob":-0.013,"bolussnooze":0,"activity":0.0037,"lastBolusTime":1703299602000,"time":"2023-12-23T05:11:18.633Z","iobWithZeroTemp":{"iob":-0.284,"basaliob":-0.542,"bolussnooze":0,"activity":-4.0E-4,"lastBolusTime":1703299602000,"time":"2023-12-23T05:11:18.633Z"}},{"iob":0.227,"basaliob":-0.012,"bolussnooze":0,"activity":0.0035,"lastBolusTime":1703299602000,"time":"2023-12-23T05:16:18.633Z","iobWithZeroTemp":{"iob":-0.314,"basaliob":-0.553,"bolussnooze":0,"activity":-8.0E-4,"lastBolusTime":1703299602000,"time":"2023-12-23T05:16:18.633Z"}},{"iob":0.211,"basaliob":-0.01,"bolussnooze":0,"activity":0.0032,"lastBolusTime":1703299602000,"time":"2023-12-23T05:21:18.633Z","iobWithZeroTemp":{"iob":-0.342,"basaliob":-0.563,"bolussnooze":0,"activity":-0.0012,"lastBolusTime":1703299602000,"time":"2023-12-23T05:21:18.633Z"}},{"iob":0.194,"basaliob":-0.01,"bolussnooze":0,"activity":0.003,"lastBolusTime":1703299602000,"time":"2023-12-23T05:26:18.633Z","iobWithZeroTemp":{"iob":-0.37,"basaliob":-0.574,"bolussnooze":0,"activity":-0.0015,"lastBolusTime":1703299602000,"time":"2023-12-23T05:26:18.633Z"}},{"iob":0.18,"basaliob":-0.009,"bolussnooze":0,"activity":0.0028,"lastBolusTime":1703299602000,"time":"2023-12-23T05:31:18.633Z","iobWithZeroTemp":{"iob":-0.394,"basaliob":-0.583,"bolussnooze":0,"activity":-0.0019,"lastBolusTime":1703299602000,"time":"2023-12-23T05:31:18.633Z"}},{"iob":0.166,"basaliob":-0.008,"bolussnooze":0,"activity":0.0026,"lastBolusTime":1703299602000,"time":"2023-12-23T05:36:18.633Z","iobWithZeroTemp":{"iob":-0.418,"basaliob":-0.592,"bolussnooze":0,"activity":-0.0022,"lastBolusTime":1703299602000,"time":"2023-12-23T05:36:18.633Z"}},{"iob":0.154,"basaliob":-0.007,"bolussnooze":0,"activity":0.0025,"lastBolusTime":1703299602000,"time":"2023-12-23T05:41:18.633Z","iobWithZeroTemp":{"iob":-0.439,"basaliob":-0.6,"bolussnooze":0,"activity":-0.0024,"lastBolusTime":1703299602000,"time":"2023-12-23T05:41:18.633Z"}},{"iob":0.142,"basaliob":-0.006,"bolussnooze":0,"activity":0.0023,"lastBolusTime":1703299602000,"time":"2023-12-23T05:46:18.633Z","iobWithZeroTemp":{"iob":-0.459,"basaliob":-0.607,"bolussnooze":0,"activity":-0.0027,"lastBolusTime":1703299602000,"time":"2023-12-23T05:46:18.633Z"}},{"iob":0.131,"basaliob":-0.006,"bolussnooze":0,"activity":0.0021,"lastBolusTime":1703299602000,"time":"2023-12-23T05:51:18.633Z","iobWithZeroTemp":{"iob":-0.478,"basaliob":-0.615,"bolussnooze":0,"activity":-0.0031,"lastBolusTime":1703299602000,"time":"2023-12-23T05:51:18.633Z"}},{"iob":0.121,"basaliob":-0.005,"bolussnooze":0,"activity":0.002,"lastBolusTime":1703299602000,"time":"2023-12-23T05:56:18.633Z","iobWithZeroTemp":{"iob":-0.495,"basaliob":-0.621,"bolussnooze":0,"activity":-0.0033,"lastBolusTime":1703299602000,"time":"2023-12-23T05:56:18.633Z"}},{"iob":0.111,"basaliob":-0.005,"bolussnooze":0,"activity":0.0018,"lastBolusTime":1703299602000,"time":"2023-12-23T06:01:18.633Z","iobWithZeroTemp":{"iob":-0.512,"basaliob":-0.628,"bolussnooze":0,"activity":-0.0036,"lastBolusTime":1703299602000,"time":"2023-12-23T06:01:18.633Z"}},{"iob":0.103,"basaliob":-0.004,"bolussnooze":0,"activity":0.0017,"lastBolusTime":1703299602000,"time":"2023-12-23T06:06:18.633Z","iobWithZeroTemp":{"iob":-0.527,"basaliob":-0.634,"bolussnooze":0,"activity":-0.0037,"lastBolusTime":1703299602000,"time":"2023-12-23T06:06:18.633Z"}},{"iob":0.094,"basaliob":-0.004,"bolussnooze":0,"activity":0.0016,"lastBolusTime":1703299602000,"time":"2023-12-23T06:11:18.633Z","iobWithZeroTemp":{"iob":-0.541,"basaliob":-0.639,"bolussnooze":0,"activity":-0.0039,"lastBolusTime":1703299602000,"time":"2023-12-23T06:11:18.633Z"}},{"iob":0.087,"basaliob":-0.003,"bolussnooze":0,"activity":0.0014,"lastBolusTime":1703299602000,"time":"2023-12-23T06:16:18.633Z","iobWithZeroTemp":{"iob":-0.554,"basaliob":-0.644,"bolussnooze":0,"activity":-0.0042,"lastBolusTime":1703299602000,"time":"2023-12-23T06:16:18.633Z"}},{"iob":0.08,"basaliob":-0.003,"bolussnooze":0,"activity":0.0013,"lastBolusTime":1703299602000,"time":"2023-12-23T06:21:18.633Z","iobWithZeroTemp":{"iob":-0.566,"basaliob":-0.649,"bolussnooze":0,"activity":-0.0044,"lastBolusTime":1703299602000,"time":"2023-12-23T06:21:18.633Z"}},{"iob":0.073,"basaliob":-0.003,"bolussnooze":0,"activity":0.0012,"lastBolusTime":1703299602000,"time":"2023-12-23T06:26:18.633Z","iobWithZeroTemp":{"iob":-0.578,"basaliob":-0.654,"bolussnooze":0,"activity":-0.0046,"lastBolusTime":1703299602000,"time":"2023-12-23T06:26:18.633Z"}},{"iob":0.067,"basaliob":-0.002,"bolussnooze":0,"activity":0.0011,"lastBolusTime":1703299602000,"time":"2023-12-23T06:31:18.633Z","iobWithZeroTemp":{"iob":-0.588,"basaliob":-0.657,"bolussnooze":0,"activity":-0.0047,"lastBolusTime":1703299602000,"time":"2023-12-23T06:31:18.633Z"}},{"iob":0.061,"basaliob":-0.002,"bolussnooze":0,"activity":0.0011,"lastBolusTime":1703299602000,"time":"2023-12-23T06:36:18.633Z","iobWithZeroTemp":{"iob":-0.598,"basaliob":-0.661,"bolussnooze":0,"activity":-0.0048,"lastBolusTime":1703299602000,"time":"2023-12-23T06:36:18.633Z"}},{"iob":0.056,"basaliob":-0.002,"bolussnooze":0,"activity":0.001,"lastBolusTime":1703299602000,"time":"2023-12-23T06:41:18.633Z","iobWithZeroTemp":{"iob":-0.607,"basaliob":-0.665,"bolussnooze":0,"activity":-0.0049,"lastBolusTime":1703299602000,"time":"2023-12-23T06:41:18.633Z"}},{"iob":0.051,"basaliob":-0.002,"bolussnooze":0,"activity":0.001,"lastBolusTime":1703299602000,"time":"2023-12-23T06:46:18.633Z","iobWithZeroTemp":{"iob":-0.615,"basaliob":-0.668,"bolussnooze":0,"activity":-0.005,"lastBolusTime":1703299602000,"time":"2023-12-23T06:46:18.633Z"}},{"iob":0.047,"basaliob":-0.002,"bolussnooze":0,"activity":9.0E-4,"lastBolusTime":1703299602000,"time":"2023-12-23T06:51:18.633Z","iobWithZeroTemp":{"iob":-0.623,"basaliob":-0.672,"bolussnooze":0,"activity":-0.0052,"lastBolusTime":1703299602000,"time":"2023-12-23T06:51:18.633Z"}},{"iob":0.043,"basaliob":-0.001,"bolussnooze":0,"activity":8.0E-4,"lastBolusTime":1703299602000,"time":"2023-12-23T06:56:18.633Z","iobWithZeroTemp":{"iob":-0.63,"basaliob":-0.674,"bolussnooze":0,"activity":-0.0053,"lastBolusTime":1703299602000,"time":"2023-12-23T06:56:18.633Z"}}],"profile":{"max_iob":7,"type":"current","max_daily_basal":0.45,"max_basal":1.2,"min_bg":81,"max_bg":81,"target_bg":81,"carb_ratio":11,"sens":369,"max_daily_safety_multiplier":3,"current_basal_safety_multiplier":4,"lgsThreshold":65,"high_temptarget_raises_sensitivity":false,"low_temptarget_lowers_sensitivity":false,"sensitivity_raises_target":true,"resistance_lowers_target":true,"adv_target_adjustments":false,"exercise_mode":false,"half_basal_exercise_target":160,"maxCOB":120,"skip_neutral_temps":false,"remainingCarbsCap":90,"enableUAM":true,"A52_risk_enable":false,"SMBInterval":4,"enableSMB_with_COB":true,"enableSMB_with_temptarget":false,"allowSMB_with_high_temptarget":true,"enableSMB_always":true,"enableSMB_after_carbs":false,"maxSMBBasalMinutes":60,"maxUAMSMBBasalMinutes":60,"bolus_increment":0.05,"carbsReqThreshold":10,"current_basal":0.3,"temptargetSet":true,"autosens_max":1.2,"autosens_min":0.8,"out_units":"mmol\/L","variable_sens":127.1,"insulinDivisor":65,"TDD":10.777206391666667},"autosens_data":{"ratio":1.1227501995329967},"meal_data":{"carbs":0,"mealCOB":0,"slopeFromMaxDeviation":0,"slopeFromMinDeviation":0.9245555555555558,"lastBolusTime":1703299602000,"lastCarbTime":0},"microBolusAllowed":true,"currentTime":1703300480727,"flatBGsDetected":false,"tdd1D":34.144083333333334,"tdd7D":30.47294047619048,"tddLast24H":34.213499999999996,"tddLast4H":3.5676666666666668,"tddLast8to4H":7.102499999999999},"output":{"temp":"absolute","bg":177,"tick":-9,"eventualBG":66,"targetBG":81,"insulinReq":0,"deliverAt":"2023-12-23T03:01:20.727Z","sensitivityRatio":1.1227501995329967,"variable_sens":127.1,"predBGs":{"IOB":[177,168,159,150,141,132,124,115,106,97,88,79,71,61,52,41,39],"ZT":[177,171,164,157,150,143,136,129,122,115,109,102,96,90,84,78,73,68,63,59,55,52,50,47,46,46,46,46,47,49,51,54,57,60,64,68,71,76,80]},"reason":"COB: 0, Dev: 2.5, BGI: -0.4, ISF: 7.1, CR: 11, Target: 4.5, minPredBG 2.4, minGuardBG -7.8, IOBpredBG 2.2; minGuardBG -7.8<3.6","COB":0,"IOB":1.229,"duration":120,"rate":0,"timestamp":"2023-12-23T03:01:20.754Z"}}