{"algorithm":"OpenAPSSMBDynamicISFPlugin","input":{"glucoseStatus":{"glucose":109,"noise":0,"delta":-38,"short_avgdelta":-28.72,"long_avgdelta":-11.95,"date":1703237149235},"currenttemp":{"temp":"absolute","duration":0,"rate":0,"minutesrunning":60},"iob_data":[{"iob":2.77,"basaliob":-0.514,"bolussnooze":1.3455,"activity":0.0245,"lastBolusTime":1703235701000,"time":"2023-12-22T09:26:11.661Z","iobWithZeroTemp":{"iob":2.77,"basaliob":-0.514,"bolussnooze":1.3455,"activity":0.0245,"lastBolusTime":1703235701000,"time":"2023-12-22T09:26:11.661Z"}},{"iob":2.647,"basaliob":-0.493,"bolussnooze":1.1999,"activity":0.0247,"lastBolusTime":1703235701000,"time":"2023-12-22T09:31:11.661Z","iobWithZeroTemp":{"iob":2.62,"basaliob":-0.52,"bolussnooze":1.1999,"activity":0.0247,"lastBolusTime":1703235701000,"time":"2023-12-22T09:31:11.661Z"}},{"iob":2.523,"basaliob":-0.472,"bolussnooze":1.0641,"activity":0.0246,"lastBolusTime":1703235701000,"time":"2023-12-22T09:36:11.661Z","iobWithZeroTemp":{"iob":2.463,"basaliob":-0.532,"bolussnooze":1.0641,"activity":0.0245,"lastBolusTime":1703235701000,"time":"2023-12-22T09:36:11.661Z"}},{"iob":2.4,"basaliob":-0.45,"bolussnooze":0.9388,"activity":0.0244,"lastBolusTime":1703235701000,"time":"2023-12-22T09:41:11.661Z","iobWithZeroTemp":{"iob":2.308,"basaliob":-0.542,"bolussnooze":0.9388,"activity":0.0242,"lastBolusTime":1703235701000,"time":"2023-12-22T09:41:11.661Z"}},{"iob":2.279,"basaliob":-0.429,"bolussnooze":0.8246,"activity":0.024,"lastBolusTime":1703235701000,"time":"2023-12-22T09:46:11.661Z","iobWithZeroTemp":{"iob":2.154,"basaliob":-0.554,"bolussnooze":0.8246,"activity":0.0237,"lastBolusTime":1703235701000,"time":"2023-12-22T09:46:11.661Z"}},{"iob":2.16,"basaliob":-0.408,"bolussnooze":0.7212,"activity":0.0235,"lastBolusTime":1703235701000,"time":"2023-12-22T09:51:11.661Z","iobWithZeroTemp":{"iob":2.004,"basaliob":-0.564,"bolussnooze":0.7212,"activity":0.023,"lastBolusTime":1703235701000,"time":"2023-12-22T09:51:11.661Z"}},{"iob":2.043,"basaliob":-0.387,"bolussnooze":0.6284,"activity":0.023,"lastBolusTime":1703235701000,"time":"2023-12-22T09:56:11.661Z","iobWithZeroTemp":{"iob":1.857,"basaliob":-0.573,"bolussnooze":0.6284,"activity":0.0223,"lastBolusTime":1703235701000,"time":"2023-12-22T09:56:11.661Z"}},{"iob":1.931,"basaliob":-0.366,"bolussnooze":0.5455,"activity":0.0222,"lastBolusTime":1703235701000,"time":"2023-12-22T10:01:11.661Z","iobWithZeroTemp":{"iob":1.715,"basaliob":-0.582,"bolussnooze":0.5455,"activity":0.0213,"lastBolusTime":1703235701000,"time":"2023-12-22T10:01:11.661Z"}},{"iob":1.822,"basaliob":-0.346,"bolussnooze":0.4719,"activity":0.0215,"lastBolusTime":1703235701000,"time":"2023-12-22T10:06:11.661Z","iobWithZeroTemp":{"iob":1.578,"basaliob":-0.59,"bolussnooze":0.4719,"activity":0.0204,"lastBolusTime":1703235701000,"time":"2023-12-22T10:06:11.661Z"}},{"iob":1.716,"basaliob":-0.327,"bolussnooze":0.407,"activity":0.0207,"lastBolusTime":1703235701000,"time":"2023-12-22T10:11:11.661Z","iobWithZeroTemp":{"iob":1.444,"basaliob":-0.599,"bolussnooze":0.407,"activity":0.0194,"lastBolusTime":1703235701000,"time":"2023-12-22T10:11:11.661Z"}},{"iob":1.615,"basaliob":-0.308,"bolussnooze":0.3499,"activity":0.0199,"lastBolusTime":1703235701000,"time":"2023-12-22T10:16:11.661Z","iobWithZeroTemp":{"iob":1.317,"basaliob":-0.606,"bolussnooze":0.3499,"activity":0.0184,"lastBolusTime":1703235701000,"time":"2023-12-22T10:16:11.661Z"}},{"iob":1.517,"basaliob":-0.29,"bolussnooze":0.2999,"activity":0.0191,"lastBolusTime":1703235701000,"time":"2023-12-22T10:21:11.661Z","iobWithZeroTemp":{"iob":1.194,"basaliob":-0.613,"bolussnooze":0.2999,"activity":0.0173,"lastBolusTime":1703235701000,"time":"2023-12-22T10:21:11.661Z"}},{"iob":1.423,"basaliob":-0.273,"bolussnooze":0.2563,"activity":0.0182,"lastBolusTime":1703235701000,"time":"2023-12-22T10:26:11.661Z","iobWithZeroTemp":{"iob":1.076,"basaliob":-0.62,"bolussnooze":0.2563,"activity":0.0162,"lastBolusTime":1703235701000,"time":"2023-12-22T10:26:11.661Z"}},{"iob":1.335,"basaliob":-0.256,"bolussnooze":0.2184,"activity":0.0173,"lastBolusTime":1703235701000,"time":"2023-12-22T10:31:11.661Z","iobWithZeroTemp":{"iob":0.965,"basaliob":-0.626,"bolussnooze":0.2184,"activity":0.0151,"lastBolusTime":1703235701000,"time":"2023-12-22T10:31:11.661Z"}},{"iob":1.25,"basaliob":-0.24,"bolussnooze":0.1856,"activity":0.0165,"lastBolusTime":1703235701000,"time":"2023-12-22T10:36:11.661Z","iobWithZeroTemp":{"iob":0.859,"basaliob":-0.631,"bolussnooze":0.1856,"activity":0.0141,"lastBolusTime":1703235701000,"time":"2023-12-22T10:36:11.661Z"}},{"iob":1.169,"basaliob":-0.225,"bolussnooze":0.1572,"activity":0.0157,"lastBolusTime":1703235701000,"time":"2023-12-22T10:41:11.661Z","iobWithZeroTemp":{"iob":0.757,"basaliob":-0.637,"bolussnooze":0.1572,"activity":0.013,"lastBolusTime":1703235701000,"time":"2023-12-22T10:41:11.661Z"}},{"iob":1.094,"basaliob":-0.21,"bolussnooze":0.1328,"activity":0.0149,"lastBolusTime":1703235701000,"time":"2023-12-22T10:46:11.661Z","iobWithZeroTemp":{"iob":0.663,"basaliob":-0.641,"bolussnooze":0.1328,"activity":0.012,"lastBolusTime":1703235701000,"time":"2023-12-22T10:46:11.661Z"}},{"iob":1.02,"basaliob":-0.197,"bolussnooze":0.1119,"activity":0.0141,"lastBolusTime":1703235701000,"time":"2023-12-22T10:51:11.661Z","iobWithZeroTemp":{"iob":0.57,"basaliob":-0.647,"bolussnooze":0.1119,"activity":0.011,"lastBolusTime":1703235701000,"time":"2023-12-22T10:51:11.661Z"}},{"iob":0.952,"basaliob":-0.184,"bolussnooze":0.094,"activity":0.0133,"lastBolusTime":1703235701000,"time":"2023-12-22T10:56:11.661Z","iobWithZeroTemp":{"iob":0.485,"basaliob":-0.651,"bolussnooze":0.094,"activity":0.01,"lastBolusTime":1703235701000,"time":"2023-12-22T10:56:11.661Z"}},{"iob":0.888,"basaliob":-0.171,"bolussnooze":0.0787,"activity":0.0126,"lastBolusTime":1703235701000,"time":"2023-12-22T11:01:11.661Z","iobWithZeroTemp":{"iob":0.404,"basaliob":-0.655,"bolussnooze":0.0787,"activity":0.0091,"lastBolusTime":1703235701000,"time":"2023-12-22T11:01:11.661Z"}},{"iob":0.826,"basaliob":-0.16,"bolussnooze":0.0657,"activity":0.0118,"lastBolusTime":1703235701000,"time":"2023-12-22T11:06:11.661Z","iobWithZeroTemp":{"iob":0.327,"basaliob":-0.659,"bolussnooze":0.0657,"activity":0.0081,"lastBolusTime":1703235701000,"time":"2023-12-22T11:06:11.661Z"}},{"iob":0.769,"basaliob":-0.149,"bolussnooze":0.0547,"activity":0.0112,"lastBolusTime":1703235701000,"time":"2023-12-22T11:11:11.661Z","iobWithZeroTemp":{"iob":0.255,"basaliob":-0.663,"bolussnooze":0.0547,"activity":0.0073,"lastBolusTime":1703235701000,"time":"2023-12-22T11:11:11.661Z"}},{"iob":0.714,"basaliob":-0.139,"bolussnooze":0.0453,"activity":0.0105,"lastBolusTime":1703235701000,"time":"2023-12-22T11:16:11.661Z","iobWithZeroTemp":{"iob":0.187,"basaliob":-0.666,"bolussnooze":0.0453,"activity":0.0065,"lastBolusTime":1703235701000,"time":"2023-12-22T11:16:11.661Z"}},{"iob":0.664,"basaliob":-0.129,"bolussnooze":0.0374,"activity":0.0098,"lastBolusTime":1703235701000,"time":"2023-12-22T11:21:11.661Z","iobWithZeroTemp":{"iob":0.124,"basaliob":-0.669,"bolussnooze":0.0374,"activity":0.0056,"lastBolusTime":1703235701000,"time":"2023-12-22T11:21:11.661Z"}},{"iob":0.616,"basaliob":-0.12,"bolussnooze":0.0308,"activity":0.0092,"lastBolusTime":1703235701000,"time":"2023-12-22T11:26:11.661Z","iobWithZeroTemp":{"iob":0.064,"basaliob":-0.672,"bolussnooze":0.0308,"activity":0.0049,"lastBolusTime":1703235701000,"time":"2023-12-22T11:26:11.661Z"}},{"iob":0.572,"basaliob":-0.111,"bolussnooze":0.0253,"activity":0.0086,"lastBolusTime":1703235701000,"time":"2023-12-22T11:31:11.661Z","iobWithZeroTemp":{"iob":0.009,"basaliob":-0.674,"bolussnooze":0.0253,"activity":0.0041,"lastBolusTime":1703235701000,"time":"2023-12-22T11:31:11.661Z"}},{"iob":0.53,"basaliob":-0.103,"bolussnooze":0.0206,"activity":0.0081,"lastBolusTime":1703235701000,"time":"2023-12-22T11:36:11.661Z","iobWithZeroTemp":{"iob":-0.044,"basaliob":-0.677,"bolussnooze":0.0206,"activity":0.0035,"lastBolusTime":1703235701000,"time":"2023-12-22T11:36:11.661Z"}},{"iob":0.49,"basaliob":-0.096,"bolussnooze":0.0167,"activity":0.0075,"lastBolusTime":1703235701000,"time":"2023-12-22T11:41:11.661Z","iobWithZeroTemp":{"iob":-0.094,"basaliob":-0.68,"bolussnooze":0.0167,"activity":0.0027,"lastBolusTime":1703235701000,"time":"2023-12-22T11:41:11.661Z"}},{"iob":0.454,"basaliob":-0.089,"bolussnooze":0.0135,"activity":0.007,"lastBolusTime":1703235701000,"time":"2023-12-22T11:46:11.661Z","iobWithZeroTemp":{"iob":-0.139,"basaliob":-0.682,"bolussnooze":0.0135,"activity":0.0021,"lastBolusTime":1703235701000,"time":"2023-12-22T11:46:11.661Z"}},{"iob":0.42,"basaliob":-0.082,"bolussnooze":0.0109,"activity":0.0066,"lastBolusTime":1703235701000,"time":"2023-12-22T11:51:11.661Z","iobWithZeroTemp":{"iob":-0.181,"basaliob":-0.683,"bolussnooze":0.0109,"activity":0.0016,"lastBolusTime":1703235701000,"time":"2023-12-22T11:51:11.661Z"}},{"iob":0.388,"basaliob":-0.076,"bolussnooze":0.0087,"activity":0.0061,"lastBolusTime":1703235701000,"time":"2023-12-22T11:56:11.661Z","iobWithZeroTemp":{"iob":-0.221,"basaliob":-0.685,"bolussnooze":0.0087,"activity":0.001,"lastBolusTime":1703235701000,"time":"2023-12-22T11:56:11.661Z"}},{"iob":0.358,"basaliob":-0.07,"bolussnooze":0.0069,"activity":0.0057,"lastBolusTime":1703235701000,"time":"2023-12-22T12:01:11.661Z","iobWithZeroTemp":{"iob":-0.259,"basaliob":-0.687,"bolussnooze":0.0069,"activity":5.0E-4,"lastBolusTime":1703235701000,"time":"2023-12-22T12:01:11.661Z"}},{"iob":0.33,"basaliob":-0.065,"bolussnooze":0.0054,"activity":0.0054,"lastBolusTime":1703235701000,"time":"2023-12-22T12:06:11.661Z","iobWithZeroTemp":{"iob":-0.294,"basaliob":-0.689,"bolussnooze":0.0054,"activity":1.0E-4,"lastBolusTime":1703235701000,"time":"2023-12-22T12:06:11.661Z"}},{"iob":0.305,"basaliob":-0.06,"bolussnooze":0.0043,"activity":0.0049,"lastBolusTime":1703235701000,"time":"2023-12-22T12:11:11.661Z","iobWithZeroTemp":{"iob":-0.325,"basaliob":-0.69,"bolussnooze":0.0043,"activity":-5.0E-4,"lastBolusTime":1703235701000,"time":"2023-12-22T12:11:11.661Z"}},{"iob":0.281,"basaliob":-0.055,"bolussnooze":0.0033,"activity":0.0046,"lastBolusTime":1703235701000,"time":"2023-12-22T12:16:11.661Z","iobWithZeroTemp":{"iob":-0.355,"basaliob":-0.691,"bolussnooze":0.0033,"activity":-9.0E-4,"lastBolusTime":1703235701000,"time":"2023-12-22T12:16:11.661Z"}},{"iob":0.258,"basaliob":-0.051,"bolussnooze":0.0025,"activity":0.0043,"lastBolusTime":1703235701000,"time":"2023-12-22T12:21:11.661Z","iobWithZeroTemp":{"iob":-0.384,"basaliob":-0.693,"bolussnooze":0.0025,"activity":-0.0013,"lastBolusTime":1703235701000,"time":"2023-12-22T12:21:11.661Z"}},{"iob":0.238,"basaliob":-0.047,"bolussnooze":0.0019,"activity":0.004,"lastBolusTime":1703235701000,"time":"2023-12-22T12:26:11.661Z","iobWithZeroTemp":{"iob":-0.409,"basaliob":-0.694,"bolussnooze":0.0019,"activity":-0.0017,"lastBolusTime":1703235701000,"time":"2023-12-22T12:26:11.661Z"}},{"iob":0.219,"basaliob":-0.043,"bolussnooze":0.0015,"activity":0.0037,"lastBolusTime":1703235701000,"time":"2023-12-22T12:31:11.661Z","iobWithZeroTemp":{"iob":-0.432,"basaliob":-0.694,"bolussnooze":0.0015,"activity":-0.0021,"lastBolusTime":1703235701000,"time":"2023-12-22T12:31:11.661Z"}},{"iob":0.201,"basaliob":-0.04,"bolussnooze":0.0011,"activity":0.0034,"lastBolusTime":1703235701000,"time":"2023-12-22T12:36:11.661Z","iobWithZeroTemp":{"iob":-0.455,"basaliob":-0.696,"bolussnooze":0.0011,"activity":-0.0024,"lastBolusTime":1703235701000,"time":"2023-12-22T12:36:11.661Z"}},{"iob":0.185,"basaliob":-0.036,"bolussnooze":8.0E-4,"activity":0.0032,"lastBolusTime":1703235701000,"time":"2023-12-22T12:41:11.661Z","iobWithZeroTemp":{"iob":-0.475,"basaliob":-0.696,"bolussnooze":8.0E-4,"activity":-0.0027,"lastBolusTime":1703235701000,"time":"2023-12-22T12:41:11.661Z"}},{"iob":0.17,"basaliob":-0.033,"bolussnooze":6.0E-4,"activity":0.0029,"lastBolusTime":1703235701000,"time":"2023-12-22T12:46:11.661Z","iobWithZeroTemp":{"iob":-0.494,"basaliob":-0.697,"bolussnooze":6.0E-4,"activity":-0.003,"lastBolusTime":1703235701000,"time":"2023-12-22T12:46:11.661Z"}},{"iob":0.155,"basaliob":-0.031,"bolussnooze":4.0E-4,"activity":0.0027,"lastBolusTime":1703235701000,"time":"2023-12-22T12:51:11.661Z","iobWithZeroTemp":{"iob":-0.512,"basaliob":-0.698,"bolussnooze":4.0E-4,"activity":-0.0033,"lastBolusTime":1703235701000,"time":"2023-12-22T12:51:11.661Z"}},{"iob":0.142,"basaliob":-0.028,"bolussnooze":3.0E-4,"activity":0.0025,"lastBolusTime":1703235701000,"time":"2023-12-22T12:56:11.661Z","iobWithZeroTemp":{"iob":-0.528,"basaliob":-0.698,"bolussnooze":3.0E-4,"activity":-0.0036,"lastBolusTime":1703235701000,"time":"2023-12-22T12:56:11.661Z"}},{"iob":0.13,"basaliob":-0.026,"bolussnooze":2.0E-4,"activity":0.0023,"lastBolusTime":1703235701000,"time":"2023-12-22T13:01:11.661Z","iobWithZeroTemp":{"iob":-0.543,"basaliob":-0.699,"bolussnooze":2.0E-4,"activity":-0.0038,"lastBolusTime":1703235701000,"time":"2023-12-22T13:01:11.661Z"}},{"iob":0.119,"basaliob":-0.024,"bolussnooze":1.0E-4,"activity":0.0021,"lastBolusTime":1703235701000,"time":"2023-12-22T13:06:11.661Z","iobWithZeroTemp":{"iob":-0.557,"basaliob":-0.7,"bolussnooze":1.0E-4,"activity":-0.004,"lastBolusTime":1703235701000,"time":"2023-12-22T13:06:11.661Z"}},{"iob":0.109,"basaliob":-0.022,"bolussnooze":0,"activity":0.002,"lastBolusTime":1703235701000,"time":"2023-12-22T13:11:11.661Z","iobWithZeroTemp":{"iob":-0.569,"basaliob":-0.7,"bolussnooze":0,"activity":-0.0042,"lastBolusTime":1703235701000,"time":"2023-12-22T13:11:11.661Z"}},{"iob":0.099,"basaliob":-0.02,"bolussnooze":0,"activity":0.0018,"lastBolusTime":1703235701000,"time":"2023-12-22T13:16:11.661Z","iobWithZeroTemp":{"iob":-0.582,"basaliob":-0.701,"bolussnooze":0,"activity":-0.0044,"lastBolusTime":1703235701000,"time":"2023-12-22T13:16:11.661Z"}},{"iob":0.091,"basaliob":-0.018,"bolussnooze":0,"activity":0.0017,"lastBolusTime":1703235701000,"time":"2023-12-22T13:21:11.661Z","iobWithZeroTemp":{"iob":-0.592,"basaliob":-0.701,"bolussnooze":0,"activity":-0.0046,"lastBolusTime":1703235701000,"time":"2023-12-22T13:21:11.661Z"}}],"profile":{"max_iob":7,"type":"current","max_daily_basal":0.45,"max_basal":1.35,"min_bg":81.0000000000001,"max_bg":81.0000000000001,"target_bg":81.0000000000001,"carb_ratio":11,"sens":352.8,"max_daily_safety_multiplier":3,"current_basal_safety_multiplier":4,"lgsThreshold":65,"high_temptarget_raises_sensitivity":false,"low_temptarget_lowers_sensitivity":false,"sensitivity_raises_target":true,"resistance_lowers_target":true,"adv_target_adjustments":false,"exercise_mode":false,"half_basal_exercise_target":160,"maxCOB":120,"skip_neutral_temps":false,"remainingCarbsCap":90,"enableUAM":true,"A52_risk_enable":false,"SMBInterval":4,"enableSMB_with_COB":true,"enableSMB_with_temptarget":false,"allowSMB_with_high_temptarget":true,"enableSMB_always":true,"enableSMB_after_carbs":false,"maxSMBBasalMinutes":60,"maxUAMSMBBasalMinutes":60,"bolus_increment":0.05,"carbsReqThreshold":10,"current_basal":0.4,"temptargetSet":true,"autosens_max":1.2,"autosens_min":0.8,"out_units":"mmol\/L","variable_sens":161.2,"insulinDivisor":65,"TDD":11.339104008333335},"autosens_data":{"ratio":1.1971480928610228},"meal_data":{"carbs":70,"mealCOB":49.67880952380952,"slopeFromMaxDeviation":-4.9696,"slopeFromMinDeviation":0,"lastBolusTime":1703235701000,"lastCarbTime":1703235340120},"microBolusAllowed":true,"currentTime":1703237173733,"flatBGsDetected":false,"tdd1D":36.428166666666655,"tdd7D":29.994130952380967,"tddLast24H":35.90741666666665,"tddLast4H":6.47,"tddLast8to4H":2.03825},"output":{"temp":"absolute","bg":109,"tick":-38,"eventualBG":296,"targetBG":81.0000000000001,"insulinReq":0,"deliverAt":"2023-12-22T09:26:13.733Z","sensitivityRatio":1.1971480928610228,"variable_sens":161.2,"predBGs":{"IOB":[109,73,39,39,39,39,39,39,39,39,39,39,39],"ZT":[109,89,67,39,39,39,39,39,39,39,39,39,39,39,39,39,39,39,39,39,39,39,39,39,39,39,39,39,39,39,39,39,39,39,39,39,39,39,39,39,39,39,39,39,39,39,39,39],"COB":[109,74,43,39,39,39,39,39,39,39,39,39,39,39,39,39,39,39,39,54,80,105,129,151,172,192,210,227,243,257,269,280,290,298,304,309,312,314,314,312,309,307,305,303,301,299,298,296],"UAM":[109,73,39,39,39,39,39,39,39,39,39,39,39]},"reason":"COB: 49.7, Dev: 2.6, BGI: -1.1, ISF: 9.0, CR: 11, Target: 4.5, minPredBG -2.6, minGuardBG -17.2, IOBpredBG 2.2, COBpredBG 16.4, UAMpredBG 2.2; minGuardBG -17.2<3.6","COB":49.67880952380952,"IOB":2.77,"duration":120,"rate":0,"timestamp":"2023-12-22T09:26:13.761Z"}}