{"algorithm":"OpenAPSSMBDynamicISFPlugin","input":{"glucoseStatus":{"glucose":138,"noise":0,"delta":10,"short_avgdelta":7.72,"long_avgdelta":5.7,"date":1703893316951},"currenttemp":{"temp":"absolute","duration":50,"rate":0,"minutesrunning":10},"iob_data":[{"iob":1.528,"basaliob":-0.725,"bolussnooze":3.0E-4,"activity":0.0104,"lastBolusTime":1703893052000,"time":"2023-12-29T23:42:18.623Z","iobWithZeroTemp":{"iob":1.528,"basaliob":-0.725,"bolussnooze":3.0E-4,"activity":0.0104,"lastBolusTime":1703893052000,"time":"2023-12-29T23:42:18.623Z"}},{"iob":1.474,"basaliob":-0.692,"bolussnooze":2.0E-4,"activity":0.011,"lastBolusTime":1703893052000,"time":"2023-12-29T23:47:18.623Z","iobWithZeroTemp":{"iob":1.444,"basaliob":-0.722,"bolussnooze":2.0E-4,"activity":0.011,"lastBolusTime":1703893052000,"time":"2023-12-29T23:47:18.623Z"}},{"iob":1.417,"basaliob":-0.659,"bolussnooze":1.0E-4,"activity":0.0115,"lastBolusTime":1703893052000,"time":"2023-12-29T23:52:18.623Z","iobWithZeroTemp":{"iob":1.35,"basaliob":-0.726,"bolussnooze":1.0E-4,"activity":0.0114,"lastBolusTime":1703893052000,"time":"2023-12-29T23:52:18.623Z"}},{"iob":1.359,"basaliob":-0.626,"bolussnooze":1.0E-4,"activity":0.0118,"lastBolusTime":1703893052000,"time":"2023-12-29T23:57:18.623Z","iobWithZeroTemp":{"iob":1.255,"basaliob":-0.73,"bolussnooze":1.0E-4,"activity":0.0116,"lastBolusTime":1703893052000,"time":"2023-12-29T23:57:18.623Z"}},{"iob":1.3,"basaliob":-0.593,"bolussnooze":0,"activity":0.0119,"lastBolusTime":1703893052000,"time":"2023-12-30T00:02:18.623Z","iobWithZeroTemp":{"iob":1.16,"basaliob":-0.733,"bolussnooze":0,"activity":0.0115,"lastBolusTime":1703893052000,"time":"2023-12-30T00:02:18.623Z"}},{"iob":1.24,"basaliob":-0.562,"bolussnooze":0,"activity":0.0119,"lastBolusTime":1703893052000,"time":"2023-12-30T00:07:18.623Z","iobWithZeroTemp":{"iob":1.065,"basaliob":-0.737,"bolussnooze":0,"activity":0.0113,"lastBolusTime":1703893052000,"time":"2023-12-30T00:07:18.623Z"}},{"iob":1.181,"basaliob":-0.531,"bolussnooze":0,"activity":0.0118,"lastBolusTime":1703893052000,"time":"2023-12-30T00:12:18.623Z","iobWithZeroTemp":{"iob":0.971,"basaliob":-0.741,"bolussnooze":0,"activity":0.011,"lastBolusTime":1703893052000,"time":"2023-12-30T00:12:18.623Z"}},{"iob":1.122,"basaliob":-0.501,"bolussnooze":0,"activity":0.0117,"lastBolusTime":1703893052000,"time":"2023-12-30T00:17:18.623Z","iobWithZeroTemp":{"iob":0.879,"basaliob":-0.744,"bolussnooze":0,"activity":0.0107,"lastBolusTime":1703893052000,"time":"2023-12-30T00:17:18.623Z"}},{"iob":1.065,"basaliob":-0.472,"bolussnooze":0,"activity":0.0114,"lastBolusTime":1703893052000,"time":"2023-12-30T00:22:18.623Z","iobWithZeroTemp":{"iob":0.79,"basaliob":-0.747,"bolussnooze":0,"activity":0.0102,"lastBolusTime":1703893052000,"time":"2023-12-30T00:22:18.623Z"}},{"iob":1.008,"basaliob":-0.444,"bolussnooze":0,"activity":0.0111,"lastBolusTime":1703893052000,"time":"2023-12-30T00:27:18.623Z","iobWithZeroTemp":{"iob":0.702,"basaliob":-0.75,"bolussnooze":0,"activity":0.0096,"lastBolusTime":1703893052000,"time":"2023-12-30T00:27:18.623Z"}},{"iob":0.953,"basaliob":-0.417,"bolussnooze":0,"activity":0.0109,"lastBolusTime":1703893052000,"time":"2023-12-30T00:32:18.623Z","iobWithZeroTemp":{"iob":0.618,"basaliob":-0.752,"bolussnooze":0,"activity":0.0092,"lastBolusTime":1703893052000,"time":"2023-12-30T00:32:18.623Z"}},{"iob":0.899,"basaliob":-0.392,"bolussnooze":0,"activity":0.0105,"lastBolusTime":1703893052000,"time":"2023-12-30T00:37:18.623Z","iobWithZeroTemp":{"iob":0.536,"basaliob":-0.755,"bolussnooze":0,"activity":0.0085,"lastBolusTime":1703893052000,"time":"2023-12-30T00:37:18.623Z"}},{"iob":0.848,"basaliob":-0.367,"bolussnooze":0,"activity":0.0101,"lastBolusTime":1703893052000,"time":"2023-12-30T00:42:18.623Z","iobWithZeroTemp":{"iob":0.458,"basaliob":-0.757,"bolussnooze":0,"activity":0.0079,"lastBolusTime":1703893052000,"time":"2023-12-30T00:42:18.623Z"}},{"iob":0.798,"basaliob":-0.344,"bolussnooze":0,"activity":0.0098,"lastBolusTime":1703893052000,"time":"2023-12-30T00:47:18.623Z","iobWithZeroTemp":{"iob":0.382,"basaliob":-0.76,"bolussnooze":0,"activity":0.0073,"lastBolusTime":1703893052000,"time":"2023-12-30T00:47:18.623Z"}},{"iob":0.75,"basaliob":-0.322,"bolussnooze":0,"activity":0.0094,"lastBolusTime":1703893052000,"time":"2023-12-30T00:52:18.623Z","iobWithZeroTemp":{"iob":0.31,"basaliob":-0.762,"bolussnooze":0,"activity":0.0067,"lastBolusTime":1703893052000,"time":"2023-12-30T00:52:18.623Z"}},{"iob":0.704,"basaliob":-0.301,"bolussnooze":0,"activity":0.009,"lastBolusTime":1703893052000,"time":"2023-12-30T00:57:18.623Z","iobWithZeroTemp":{"iob":0.241,"basaliob":-0.764,"bolussnooze":0,"activity":0.006,"lastBolusTime":1703893052000,"time":"2023-12-30T00:57:18.623Z"}},{"iob":0.66,"basaliob":-0.281,"bolussnooze":0,"activity":0.0085,"lastBolusTime":1703893052000,"time":"2023-12-30T01:02:18.623Z","iobWithZeroTemp":{"iob":0.175,"basaliob":-0.766,"bolussnooze":0,"activity":0.0053,"lastBolusTime":1703893052000,"time":"2023-12-30T01:02:18.623Z"}},{"iob":0.619,"basaliob":-0.262,"bolussnooze":0,"activity":0.0081,"lastBolusTime":1703893052000,"time":"2023-12-30T01:07:18.623Z","iobWithZeroTemp":{"iob":0.121,"basaliob":-0.76,"bolussnooze":0,"activity":0.0046,"lastBolusTime":1703893052000,"time":"2023-12-30T01:07:18.623Z"}},{"iob":0.579,"basaliob":-0.244,"bolussnooze":0,"activity":0.0077,"lastBolusTime":1703893052000,"time":"2023-12-30T01:12:18.623Z","iobWithZeroTemp":{"iob":0.07,"basaliob":-0.753,"bolussnooze":0,"activity":0.004,"lastBolusTime":1703893052000,"time":"2023-12-30T01:12:18.623Z"}},{"iob":0.541,"basaliob":-0.228,"bolussnooze":0,"activity":0.0073,"lastBolusTime":1703893052000,"time":"2023-12-30T01:17:18.623Z","iobWithZeroTemp":{"iob":0.029,"basaliob":-0.74,"bolussnooze":0,"activity":0.0035,"lastBolusTime":1703893052000,"time":"2023-12-30T01:17:18.623Z"}},{"iob":0.505,"basaliob":-0.212,"bolussnooze":0,"activity":0.0069,"lastBolusTime":1703893052000,"time":"2023-12-30T01:22:18.623Z","iobWithZeroTemp":{"iob":-0.016,"basaliob":-0.733,"bolussnooze":0,"activity":0.0029,"lastBolusTime":1703893052000,"time":"2023-12-30T01:22:18.623Z"}},{"iob":0.471,"basaliob":-0.197,"bolussnooze":0,"activity":0.0066,"lastBolusTime":1703893052000,"time":"2023-12-30T01:27:18.623Z","iobWithZeroTemp":{"iob":-0.059,"basaliob":-0.727,"bolussnooze":0,"activity":0.0024,"lastBolusTime":1703893052000,"time":"2023-12-30T01:27:18.623Z"}},{"iob":0.439,"basaliob":-0.183,"bolussnooze":0,"activity":0.0062,"lastBolusTime":1703893052000,"time":"2023-12-30T01:32:18.623Z","iobWithZeroTemp":{"iob":-0.099,"basaliob":-0.721,"bolussnooze":0,"activity":0.0019,"lastBolusTime":1703893052000,"time":"2023-12-30T01:32:18.623Z"}},{"iob":0.409,"basaliob":-0.17,"bolussnooze":0,"activity":0.0059,"lastBolusTime":1703893052000,"time":"2023-12-30T01:37:18.623Z","iobWithZeroTemp":{"iob":-0.137,"basaliob":-0.716,"bolussnooze":0,"activity":0.0015,"lastBolusTime":1703893052000,"time":"2023-12-30T01:37:18.623Z"}},{"iob":0.381,"basaliob":-0.157,"bolussnooze":0,"activity":0.0055,"lastBolusTime":1703893052000,"time":"2023-12-30T01:42:18.623Z","iobWithZeroTemp":{"iob":-0.171,"basaliob":-0.709,"bolussnooze":0,"activity":9.0E-4,"lastBolusTime":1703893052000,"time":"2023-12-30T01:42:18.623Z"}},{"iob":0.354,"basaliob":-0.146,"bolussnooze":0,"activity":0.0052,"lastBolusTime":1703893052000,"time":"2023-12-30T01:47:18.623Z","iobWithZeroTemp":{"iob":-0.205,"basaliob":-0.705,"bolussnooze":0,"activity":5.0E-4,"lastBolusTime":1703893052000,"time":"2023-12-30T01:47:18.623Z"}},{"iob":0.329,"basaliob":-0.135,"bolussnooze":0,"activity":0.0049,"lastBolusTime":1703893052000,"time":"2023-12-30T01:52:18.623Z","iobWithZeroTemp":{"iob":-0.235,"basaliob":-0.699,"bolussnooze":0,"activity":1.0E-4,"lastBolusTime":1703893052000,"time":"2023-12-30T01:52:18.623Z"}},{"iob":0.306,"basaliob":-0.125,"bolussnooze":0,"activity":0.0046,"lastBolusTime":1703893052000,"time":"2023-12-30T01:57:18.623Z","iobWithZeroTemp":{"iob":-0.263,"basaliob":-0.694,"bolussnooze":0,"activity":-3.0E-4,"lastBolusTime":1703893052000,"time":"2023-12-30T01:57:18.623Z"}},{"iob":0.283,"basaliob":-0.116,"bolussnooze":0,"activity":0.0043,"lastBolusTime":1703893052000,"time":"2023-12-30T02:02:18.623Z","iobWithZeroTemp":{"iob":-0.291,"basaliob":-0.69,"bolussnooze":0,"activity":-7.0E-4,"lastBolusTime":1703893052000,"time":"2023-12-30T02:02:18.623Z"}},{"iob":0.263,"basaliob":-0.107,"bolussnooze":0,"activity":0.004,"lastBolusTime":1703893052000,"time":"2023-12-30T02:07:18.623Z","iobWithZeroTemp":{"iob":-0.309,"basaliob":-0.679,"bolussnooze":0,"activity":-0.001,"lastBolusTime":1703893052000,"time":"2023-12-30T02:07:18.623Z"}},{"iob":0.243,"basaliob":-0.099,"bolussnooze":0,"activity":0.0037,"lastBolusTime":1703893052000,"time":"2023-12-30T02:12:18.623Z","iobWithZeroTemp":{"iob":-0.326,"basaliob":-0.668,"bolussnooze":0,"activity":-0.0014,"lastBolusTime":1703893052000,"time":"2023-12-30T02:12:18.623Z"}},{"iob":0.225,"basaliob":-0.091,"bolussnooze":0,"activity":0.0035,"lastBolusTime":1703893052000,"time":"2023-12-30T02:17:18.623Z","iobWithZeroTemp":{"iob":-0.341,"basaliob":-0.657,"bolussnooze":0,"activity":-0.0016,"lastBolusTime":1703893052000,"time":"2023-12-30T02:17:18.623Z"}},{"iob":0.208,"basaliob":-0.084,"bolussnooze":0,"activity":0.0032,"lastBolusTime":1703893052000,"time":"2023-12-30T02:22:18.623Z","iobWithZeroTemp":{"iob":-0.355,"basaliob":-0.647,"bolussnooze":0,"activity":-0.002,"lastBolusTime":1703893052000,"time":"2023-12-30T02:22:18.623Z"}},{"iob":0.193,"basaliob":-0.077,"bolussnooze":0,"activity":0.003,"lastBolusTime":1703893052000,"time":"2023-12-30T02:27:18.623Z","iobWithZeroTemp":{"iob":-0.366,"basaliob":-0.636,"bolussnooze":0,"activity":-0.0022,"lastBolusTime":1703893052000,"time":"2023-12-30T02:27:18.623Z"}},{"iob":0.178,"basaliob":-0.071,"bolussnooze":0,"activity":0.0028,"lastBolusTime":1703893052000,"time":"2023-12-30T02:32:18.623Z","iobWithZeroTemp":{"iob":-0.372,"basaliob":-0.621,"bolussnooze":0,"activity":-0.0024,"lastBolusTime":1703893052000,"time":"2023-12-30T02:32:18.623Z"}},{"iob":0.165,"basaliob":-0.065,"bolussnooze":0,"activity":0.0026,"lastBolusTime":1703893052000,"time":"2023-12-30T02:37:18.623Z","iobWithZeroTemp":{"iob":-0.382,"basaliob":-0.612,"bolussnooze":0,"activity":-0.0026,"lastBolusTime":1703893052000,"time":"2023-12-30T02:37:18.623Z"}},{"iob":0.152,"basaliob":-0.06,"bolussnooze":0,"activity":0.0025,"lastBolusTime":1703893052000,"time":"2023-12-30T02:42:18.623Z","iobWithZeroTemp":{"iob":-0.392,"basaliob":-0.604,"bolussnooze":0,"activity":-0.0027,"lastBolusTime":1703893052000,"time":"2023-12-30T02:42:18.623Z"}},{"iob":0.14,"basaliob":-0.055,"bolussnooze":0,"activity":0.0023,"lastBolusTime":1703893052000,"time":"2023-12-30T02:47:18.623Z","iobWithZeroTemp":{"iob":-0.4,"basaliob":-0.595,"bolussnooze":0,"activity":-0.0029,"lastBolusTime":1703893052000,"time":"2023-12-30T02:47:18.623Z"}},{"iob":0.128,"basaliob":-0.051,"bolussnooze":0,"activity":0.0021,"lastBolusTime":1703893052000,"time":"2023-12-30T02:52:18.623Z","iobWithZeroTemp":{"iob":-0.409,"basaliob":-0.588,"bolussnooze":0,"activity":-0.003,"lastBolusTime":1703893052000,"time":"2023-12-30T02:52:18.623Z"}},{"iob":0.118,"basaliob":-0.047,"bolussnooze":0,"activity":0.002,"lastBolusTime":1703893052000,"time":"2023-12-30T02:57:18.623Z","iobWithZeroTemp":{"iob":-0.416,"basaliob":-0.581,"bolussnooze":0,"activity":-0.0031,"lastBolusTime":1703893052000,"time":"2023-12-30T02:57:18.623Z"}},{"iob":0.108,"basaliob":-0.043,"bolussnooze":0,"activity":0.0019,"lastBolusTime":1703893052000,"time":"2023-12-30T03:02:18.623Z","iobWithZeroTemp":{"iob":-0.423,"basaliob":-0.574,"bolussnooze":0,"activity":-0.0032,"lastBolusTime":1703893052000,"time":"2023-12-30T03:02:18.623Z"}},{"iob":0.1,"basaliob":-0.039,"bolussnooze":0,"activity":0.0017,"lastBolusTime":1703893052000,"time":"2023-12-30T03:07:18.623Z","iobWithZeroTemp":{"iob":-0.428,"basaliob":-0.567,"bolussnooze":0,"activity":-0.0034,"lastBolusTime":1703893052000,"time":"2023-12-30T03:07:18.623Z"}},{"iob":0.092,"basaliob":-0.036,"bolussnooze":0,"activity":0.0016,"lastBolusTime":1703893052000,"time":"2023-12-30T03:12:18.623Z","iobWithZeroTemp":{"iob":-0.433,"basaliob":-0.561,"bolussnooze":0,"activity":-0.0035,"lastBolusTime":1703893052000,"time":"2023-12-30T03:12:18.623Z"}},{"iob":0.084,"basaliob":-0.033,"bolussnooze":0,"activity":0.0014,"lastBolusTime":1703893052000,"time":"2023-12-30T03:17:18.623Z","iobWithZeroTemp":{"iob":-0.438,"basaliob":-0.555,"bolussnooze":0,"activity":-0.0037,"lastBolusTime":1703893052000,"time":"2023-12-30T03:17:18.623Z"}},{"iob":0.077,"basaliob":-0.03,"bolussnooze":0,"activity":0.0014,"lastBolusTime":1703893052000,"time":"2023-12-30T03:22:18.623Z","iobWithZeroTemp":{"iob":-0.443,"basaliob":-0.55,"bolussnooze":0,"activity":-0.0036,"lastBolusTime":1703893052000,"time":"2023-12-30T03:22:18.623Z"}},{"iob":0.071,"basaliob":-0.027,"bolussnooze":0,"activity":0.0012,"lastBolusTime":1703893052000,"time":"2023-12-30T03:27:18.623Z","iobWithZeroTemp":{"iob":-0.446,"basaliob":-0.544,"bolussnooze":0,"activity":-0.0038,"lastBolusTime":1703893052000,"time":"2023-12-30T03:27:18.623Z"}},{"iob":0.065,"basaliob":-0.025,"bolussnooze":0,"activity":0.0011,"lastBolusTime":1703893052000,"time":"2023-12-30T03:32:18.623Z","iobWithZeroTemp":{"iob":-0.449,"basaliob":-0.539,"bolussnooze":0,"activity":-0.0039,"lastBolusTime":1703893052000,"time":"2023-12-30T03:32:18.623Z"}},{"iob":0.059,"basaliob":-0.023,"bolussnooze":0,"activity":0.0011,"lastBolusTime":1703893052000,"time":"2023-12-30T03:37:18.623Z","iobWithZeroTemp":{"iob":-0.453,"basaliob":-0.535,"bolussnooze":0,"activity":-0.0039,"lastBolusTime":1703893052000,"time":"2023-12-30T03:37:18.623Z"}}],"profile":{"max_iob":7,"type":"current","max_daily_basal":0.45,"max_basal":1.35,"min_bg":81.0000000000001,"max_bg":81.0000000000001,"target_bg":81.0000000000001,"carb_ratio":11,"sens":369,"max_daily_safety_multiplier":3,"current_basal_safety_multiplier":4,"lgsThreshold":65,"high_temptarget_raises_sensitivity":false,"low_temptarget_lowers_sensitivity":false,"sensitivity_raises_target":true,"resistance_lowers_target":true,"adv_target_adjustments":false,"exercise_mode":false,"half_basal_exercise_target":160,"maxCOB":120,"skip_neutral_temps":false,"remainingCarbsCap":90,"enableUAM":true,"A52_risk_enable":false,"SMBInterval":4,"enableSMB_with_COB":true,"enableSMB_with_temptarget":false,"allowSMB_with_high_temptarget":true,"enableSMB_always":true,"enableSMB_after_carbs":false,"maxSMBBasalMinutes":60,"maxUAMSMBBasalMinutes":60,"bolus_increment":0.05,"carbsReqThreshold":10,"current_basal":0.45,"temptargetSet":true,"autosens_max":1.2,"autosens_min":0.8,"out_units":"mmol\/L","variable_sens":175.1,"insulinDivisor":65,"TDD":9.027304750000003},"autosens_data":{"ratio":0.9091457416267108},"meal_data":{"carbs":25,"mealCOB":21.26394986449865,"slopeFromMaxDeviation":0,"slopeFromMinDeviation":1.5525000000000002,"lastBolusTime":1703893052000,"lastCarbTime":1703879395930},"microBolusAllowed":true,"currentTime":1703893341037,"flatBGsDetected":false,"tdd1D":23.883833333333342,"tdd7D":27.277071428571436,"tddLast24H":24.79883333333334,"tddLast4H":4.048333333333333,"tddLast8to4H":5.093333333333333},"output":{"temp":"absolute","bg":138,"tick":"+10","eventualBG":207,"targetBG":81.0000000000001,"insulinReq":0.69,"deliverAt":"2023-12-29T23:42:21.037Z","sensitivityRatio":0.9091457416267108,"variable_sens":175.1,"predBGs":{"IOB":[138,144,149,152,153,153,152,149,145,140,133,124,115,105,94,84,73,62,50,39],"ZT":[138,129,119,108,96,83,70,55,39,39,39,39,39,39,39,39,39,39,39,39,39,39,39,39,39,39,39,39,39,39,39,39,39,39,39,39,39,39,39,39,39,39,39,39,39,39,39,39],"COB":[138,145,152,157,162,166,170,174,177,180,183,185,188,191,193,195,198,200,202,204,206,208,210,212,214,215,217,218,219,220,221,221,222,222,222,222,221,220,219,218,216,215,213,212,211,209,208,207],"UAM":[138,145,152,157,163,167,172,176,179,183,186,190,192,195,198,200,202,204,206,208,209,210,211,212,212,212,212,211,211,209,208,206,204,202,200,198,196,194,192,191,189,188,187,186,185,183,183,182]},"reason":"COB: 21.3, Dev: 5.6, BGI: -0.5, ISF: 9.7, CR: 11, Target: 4.5, minPredBG 11.2, minGuardBG 8.1, IOBpredBG 2.2, COBpredBG 11.5, UAMpredBG 10.1; Eventual BG 11.5 >= 4.5,  insulinReq 0.69; setting 60m low temp of 0U\/h. Microbolusing 0.3U. ","COB":21.26394986449865,"IOB":1.528,"units":0.3,"rate":0,"duration":60,"timestamp":"2023-12-29T23:42:21.064Z"}}