{"algorithm":"OpenAPSSMBDynamicISFPlugin","input":{"glucoseStatus":{"glucose":105,"noise":0,"delta":-3,"short_avgdelta":-2.44,"long_avgdelta":-2.1,"date":1703909820824},"currenttemp":{"temp":"absolute","duration":20,"rate":0,"minutesrunning":10},"iob_data":[{"iob":-0.005,"basaliob":-0.311,"bolussnooze":0,"activity":0.0019,"lastBolusTime":1703904161000,"time":"2023-12-30T04:17:22.616Z","iobWithZeroTemp":{"iob":-0.005,"basaliob":-0.311,"bolussnooze":0,"activity":0.0019,"lastBolusTime":1703904161000,"time":"2023-12-30T04:17:22.616Z"}},{"iob":-0.015,"basaliob":-0.298,"bolussnooze":0,"activity":0.0016,"lastBolusTime":1703904161000,"time":"2023-12-30T04:22:22.616Z","iobWithZeroTemp":{"iob":-0.035,"basaliob":-0.318,"bolussnooze":0,"activity":0.0016,"lastBolusTime":1703904161000,"time":"2023-12-30T04:22:22.616Z"}},{"iob":-0.021,"basaliob":-0.284,"bolussnooze":0,"activity":0.0013,"lastBolusTime":1703904161000,"time":"2023-12-30T04:27:22.616Z","iobWithZeroTemp":{"iob":-0.066,"basaliob":-0.329,"bolussnooze":0,"activity":0.0012,"lastBolusTime":1703904161000,"time":"2023-12-30T04:27:22.616Z"}},{"iob":-0.028,"basaliob":-0.271,"bolussnooze":0,"activity":0.0011,"lastBolusTime":1703904161000,"time":"2023-12-30T04:32:22.616Z","iobWithZeroTemp":{"iob":-0.097,"basaliob":-0.34,"bolussnooze":0,"activity":0.001,"lastBolusTime":1703904161000,"time":"2023-12-30T04:32:22.616Z"}},{"iob":-0.032,"basaliob":-0.257,"bolussnooze":0,"activity":8.0E-4,"lastBolusTime":1703904161000,"time":"2023-12-30T04:37:22.616Z","iobWithZeroTemp":{"iob":-0.125,"basaliob":-0.35,"bolussnooze":0,"activity":6.0E-4,"lastBolusTime":1703904161000,"time":"2023-12-30T04:37:22.616Z"}},{"iob":-0.036,"basaliob":-0.244,"bolussnooze":0,"activity":7.0E-4,"lastBolusTime":1703904161000,"time":"2023-12-30T04:42:22.616Z","iobWithZeroTemp":{"iob":-0.153,"basaliob":-0.361,"bolussnooze":0,"activity":3.0E-4,"lastBolusTime":1703904161000,"time":"2023-12-30T04:42:22.616Z"}},{"iob":-0.039,"basaliob":-0.231,"bolussnooze":0,"activity":5.0E-4,"lastBolusTime":1703904161000,"time":"2023-12-30T04:47:22.616Z","iobWithZeroTemp":{"iob":-0.179,"basaliob":-0.371,"bolussnooze":0,"activity":0,"lastBolusTime":1703904161000,"time":"2023-12-30T04:47:22.616Z"}},{"iob":-0.041,"basaliob":-0.218,"bolussnooze":0,"activity":4.0E-4,"lastBolusTime":1703904161000,"time":"2023-12-30T04:52:22.616Z","iobWithZeroTemp":{"iob":-0.203,"basaliob":-0.38,"bolussnooze":0,"activity":-3.0E-4,"lastBolusTime":1703904161000,"time":"2023-12-30T04:52:22.616Z"}},{"iob":-0.043,"basaliob":-0.206,"bolussnooze":0,"activity":3.0E-4,"lastBolusTime":1703904161000,"time":"2023-12-30T04:57:22.616Z","iobWithZeroTemp":{"iob":-0.226,"basaliob":-0.389,"bolussnooze":0,"activity":-5.0E-4,"lastBolusTime":1703904161000,"time":"2023-12-30T04:57:22.616Z"}},{"iob":-0.043,"basaliob":-0.194,"bolussnooze":0,"activity":2.0E-4,"lastBolusTime":1703904161000,"time":"2023-12-30T05:02:22.616Z","iobWithZeroTemp":{"iob":-0.247,"basaliob":-0.398,"bolussnooze":0,"activity":-8.0E-4,"lastBolusTime":1703904161000,"time":"2023-12-30T05:02:22.616Z"}},{"iob":-0.044,"basaliob":-0.183,"bolussnooze":0,"activity":1.0E-4,"lastBolusTime":1703904161000,"time":"2023-12-30T05:07:22.616Z","iobWithZeroTemp":{"iob":-0.284,"basaliob":-0.423,"bolussnooze":0,"activity":-0.0011,"lastBolusTime":1703904161000,"time":"2023-12-30T05:07:22.616Z"}},{"iob":-0.044,"basaliob":-0.172,"bolussnooze":0,"activity":0,"lastBolusTime":1703904161000,"time":"2023-12-30T05:12:22.616Z","iobWithZeroTemp":{"iob":-0.31,"basaliob":-0.438,"bolussnooze":0,"activity":-0.0014,"lastBolusTime":1703904161000,"time":"2023-12-30T05:12:22.616Z"}},{"iob":-0.044,"basaliob":-0.161,"bolussnooze":0,"activity":-1.0E-4,"lastBolusTime":1703904161000,"time":"2023-12-30T05:17:22.616Z","iobWithZeroTemp":{"iob":-0.336,"basaliob":-0.453,"bolussnooze":0,"activity":-0.0017,"lastBolusTime":1703904161000,"time":"2023-12-30T05:17:22.616Z"}},{"iob":-0.043,"basaliob":-0.151,"bolussnooze":0,"activity":-2.0E-4,"lastBolusTime":1703904161000,"time":"2023-12-30T05:22:22.616Z","iobWithZeroTemp":{"iob":-0.36,"basaliob":-0.468,"bolussnooze":0,"activity":-0.002,"lastBolusTime":1703904161000,"time":"2023-12-30T05:22:22.616Z"}},{"iob":-0.043,"basaliob":-0.142,"bolussnooze":0,"activity":-2.0E-4,"lastBolusTime":1703904161000,"time":"2023-12-30T05:27:22.616Z","iobWithZeroTemp":{"iob":-0.384,"basaliob":-0.483,"bolussnooze":0,"activity":-0.0022,"lastBolusTime":1703904161000,"time":"2023-12-30T05:27:22.616Z"}},{"iob":-0.042,"basaliob":-0.133,"bolussnooze":0,"activity":-2.0E-4,"lastBolusTime":1703904161000,"time":"2023-12-30T05:32:22.616Z","iobWithZeroTemp":{"iob":-0.406,"basaliob":-0.497,"bolussnooze":0,"activity":-0.0024,"lastBolusTime":1703904161000,"time":"2023-12-30T05:32:22.616Z"}},{"iob":-0.041,"basaliob":-0.124,"bolussnooze":0,"activity":-2.0E-4,"lastBolusTime":1703904161000,"time":"2023-12-30T05:37:22.616Z","iobWithZeroTemp":{"iob":-0.426,"basaliob":-0.509,"bolussnooze":0,"activity":-0.0026,"lastBolusTime":1703904161000,"time":"2023-12-30T05:37:22.616Z"}},{"iob":-0.04,"basaliob":-0.116,"bolussnooze":0,"activity":-3.0E-4,"lastBolusTime":1703904161000,"time":"2023-12-30T05:42:22.616Z","iobWithZeroTemp":{"iob":-0.446,"basaliob":-0.522,"bolussnooze":0,"activity":-0.0029,"lastBolusTime":1703904161000,"time":"2023-12-30T05:42:22.616Z"}},{"iob":-0.038,"basaliob":-0.108,"bolussnooze":0,"activity":-3.0E-4,"lastBolusTime":1703904161000,"time":"2023-12-30T05:47:22.616Z","iobWithZeroTemp":{"iob":-0.464,"basaliob":-0.534,"bolussnooze":0,"activity":-0.0032,"lastBolusTime":1703904161000,"time":"2023-12-30T05:47:22.616Z"}},{"iob":-0.037,"basaliob":-0.101,"bolussnooze":0,"activity":-3.0E-4,"lastBolusTime":1703904161000,"time":"2023-12-30T05:52:22.616Z","iobWithZeroTemp":{"iob":-0.481,"basaliob":-0.545,"bolussnooze":0,"activity":-0.0034,"lastBolusTime":1703904161000,"time":"2023-12-30T05:52:22.616Z"}},{"iob":-0.036,"basaliob":-0.094,"bolussnooze":0,"activity":-2.0E-4,"lastBolusTime":1703904161000,"time":"2023-12-30T05:57:22.616Z","iobWithZeroTemp":{"iob":-0.498,"basaliob":-0.556,"bolussnooze":0,"activity":-0.0035,"lastBolusTime":1703904161000,"time":"2023-12-30T05:57:22.616Z"}},{"iob":-0.034,"basaliob":-0.087,"bolussnooze":0,"activity":-3.0E-4,"lastBolusTime":1703904161000,"time":"2023-12-30T06:02:22.616Z","iobWithZeroTemp":{"iob":-0.512,"basaliob":-0.565,"bolussnooze":0,"activity":-0.0037,"lastBolusTime":1703904161000,"time":"2023-12-30T06:02:22.616Z"}},{"iob":-0.032,"basaliob":-0.081,"bolussnooze":0,"activity":-3.0E-4,"lastBolusTime":1703904161000,"time":"2023-12-30T06:07:22.616Z","iobWithZeroTemp":{"iob":-0.526,"basaliob":-0.575,"bolussnooze":0,"activity":-0.0039,"lastBolusTime":1703904161000,"time":"2023-12-30T06:07:22.616Z"}},{"iob":-0.031,"basaliob":-0.075,"bolussnooze":0,"activity":-3.0E-4,"lastBolusTime":1703904161000,"time":"2023-12-30T06:12:22.616Z","iobWithZeroTemp":{"iob":-0.539,"basaliob":-0.583,"bolussnooze":0,"activity":-0.0041,"lastBolusTime":1703904161000,"time":"2023-12-30T06:12:22.616Z"}},{"iob":-0.03,"basaliob":-0.07,"bolussnooze":0,"activity":-2.0E-4,"lastBolusTime":1703904161000,"time":"2023-12-30T06:17:22.616Z","iobWithZeroTemp":{"iob":-0.552,"basaliob":-0.592,"bolussnooze":0,"activity":-0.0042,"lastBolusTime":1703904161000,"time":"2023-12-30T06:17:22.616Z"}},{"iob":-0.028,"basaliob":-0.065,"bolussnooze":0,"activity":-3.0E-4,"lastBolusTime":1703904161000,"time":"2023-12-30T06:22:22.616Z","iobWithZeroTemp":{"iob":-0.563,"basaliob":-0.6,"bolussnooze":0,"activity":-0.0044,"lastBolusTime":1703904161000,"time":"2023-12-30T06:22:22.616Z"}},{"iob":-0.026,"basaliob":-0.06,"bolussnooze":0,"activity":-3.0E-4,"lastBolusTime":1703904161000,"time":"2023-12-30T06:27:22.616Z","iobWithZeroTemp":{"iob":-0.573,"basaliob":-0.607,"bolussnooze":0,"activity":-0.0046,"lastBolusTime":1703904161000,"time":"2023-12-30T06:27:22.616Z"}},{"iob":-0.026,"basaliob":-0.056,"bolussnooze":0,"activity":-3.0E-4,"lastBolusTime":1703904161000,"time":"2023-12-30T06:32:22.616Z","iobWithZeroTemp":{"iob":-0.585,"basaliob":-0.615,"bolussnooze":0,"activity":-0.0048,"lastBolusTime":1703904161000,"time":"2023-12-30T06:32:22.616Z"}},{"iob":-0.023,"basaliob":-0.051,"bolussnooze":0,"activity":-3.0E-4,"lastBolusTime":1703904161000,"time":"2023-12-30T06:37:22.616Z","iobWithZeroTemp":{"iob":-0.593,"basaliob":-0.621,"bolussnooze":0,"activity":-0.0049,"lastBolusTime":1703904161000,"time":"2023-12-30T06:37:22.616Z"}},{"iob":-0.023,"basaliob":-0.048,"bolussnooze":0,"activity":-2.0E-4,"lastBolusTime":1703904161000,"time":"2023-12-30T06:42:22.616Z","iobWithZeroTemp":{"iob":-0.603,"basaliob":-0.628,"bolussnooze":0,"activity":-0.0049,"lastBolusTime":1703904161000,"time":"2023-12-30T06:42:22.616Z"}},{"iob":-0.021,"basaliob":-0.044,"bolussnooze":0,"activity":-3.0E-4,"lastBolusTime":1703904161000,"time":"2023-12-30T06:47:22.616Z","iobWithZeroTemp":{"iob":-0.61,"basaliob":-0.633,"bolussnooze":0,"activity":-0.0052,"lastBolusTime":1703904161000,"time":"2023-12-30T06:47:22.616Z"}},{"iob":-0.02,"basaliob":-0.041,"bolussnooze":0,"activity":-3.0E-4,"lastBolusTime":1703904161000,"time":"2023-12-30T06:52:22.616Z","iobWithZeroTemp":{"iob":-0.618,"basaliob":-0.639,"bolussnooze":0,"activity":-0.0053,"lastBolusTime":1703904161000,"time":"2023-12-30T06:52:22.616Z"}},{"iob":-0.018,"basaliob":-0.037,"bolussnooze":0,"activity":-2.0E-4,"lastBolusTime":1703904161000,"time":"2023-12-30T06:57:22.616Z","iobWithZeroTemp":{"iob":-0.624,"basaliob":-0.643,"bolussnooze":0,"activity":-0.0053,"lastBolusTime":1703904161000,"time":"2023-12-30T06:57:22.616Z"}},{"iob":-0.018,"basaliob":-0.035,"bolussnooze":0,"activity":-3.0E-4,"lastBolusTime":1703904161000,"time":"2023-12-30T07:02:22.616Z","iobWithZeroTemp":{"iob":-0.632,"basaliob":-0.649,"bolussnooze":0,"activity":-0.0055,"lastBolusTime":1703904161000,"time":"2023-12-30T07:02:22.616Z"}},{"iob":-0.017,"basaliob":-0.032,"bolussnooze":0,"activity":-2.0E-4,"lastBolusTime":1703904161000,"time":"2023-12-30T07:07:22.616Z","iobWithZeroTemp":{"iob":-0.638,"basaliob":-0.653,"bolussnooze":0,"activity":-0.0055,"lastBolusTime":1703904161000,"time":"2023-12-30T07:07:22.616Z"}},{"iob":-0.015,"basaliob":-0.029,"bolussnooze":0,"activity":-2.0E-4,"lastBolusTime":1703904161000,"time":"2023-12-30T07:12:22.616Z","iobWithZeroTemp":{"iob":-0.642,"basaliob":-0.656,"bolussnooze":0,"activity":-0.0056,"lastBolusTime":1703904161000,"time":"2023-12-30T07:12:22.616Z"}},{"iob":-0.015,"basaliob":-0.027,"bolussnooze":0,"activity":-2.0E-4,"lastBolusTime":1703904161000,"time":"2023-12-30T07:17:22.616Z","iobWithZeroTemp":{"iob":-0.648,"basaliob":-0.66,"bolussnooze":0,"activity":-0.0057,"lastBolusTime":1703904161000,"time":"2023-12-30T07:17:22.616Z"}},{"iob":-0.014,"basaliob":-0.025,"bolussnooze":0,"activity":-2.0E-4,"lastBolusTime":1703904161000,"time":"2023-12-30T07:22:22.616Z","iobWithZeroTemp":{"iob":-0.653,"basaliob":-0.664,"bolussnooze":0,"activity":-0.0058,"lastBolusTime":1703904161000,"time":"2023-12-30T07:22:22.616Z"}},{"iob":-0.013,"basaliob":-0.023,"bolussnooze":0,"activity":-2.0E-4,"lastBolusTime":1703904161000,"time":"2023-12-30T07:27:22.616Z","iobWithZeroTemp":{"iob":-0.657,"basaliob":-0.667,"bolussnooze":0,"activity":-0.0059,"lastBolusTime":1703904161000,"time":"2023-12-30T07:27:22.616Z"}},{"iob":-0.012,"basaliob":-0.021,"bolussnooze":0,"activity":-2.0E-4,"lastBolusTime":1703904161000,"time":"2023-12-30T07:32:22.616Z","iobWithZeroTemp":{"iob":-0.661,"basaliob":-0.67,"bolussnooze":0,"activity":-0.0059,"lastBolusTime":1703904161000,"time":"2023-12-30T07:32:22.616Z"}},{"iob":-0.011,"basaliob":-0.019,"bolussnooze":0,"activity":-1.0E-4,"lastBolusTime":1703904161000,"time":"2023-12-30T07:37:22.616Z","iobWithZeroTemp":{"iob":-0.665,"basaliob":-0.673,"bolussnooze":0,"activity":-0.0059,"lastBolusTime":1703904161000,"time":"2023-12-30T07:37:22.616Z"}},{"iob":-0.011,"basaliob":-0.018,"bolussnooze":0,"activity":-1.0E-4,"lastBolusTime":1703904161000,"time":"2023-12-30T07:42:22.616Z","iobWithZeroTemp":{"iob":-0.669,"basaliob":-0.676,"bolussnooze":0,"activity":-0.006,"lastBolusTime":1703904161000,"time":"2023-12-30T07:42:22.616Z"}},{"iob":-0.01,"basaliob":-0.016,"bolussnooze":0,"activity":-2.0E-4,"lastBolusTime":1703904161000,"time":"2023-12-30T07:47:22.616Z","iobWithZeroTemp":{"iob":-0.672,"basaliob":-0.678,"bolussnooze":0,"activity":-0.0061,"lastBolusTime":1703904161000,"time":"2023-12-30T07:47:22.616Z"}},{"iob":-0.009,"basaliob":-0.015,"bolussnooze":0,"activity":-2.0E-4,"lastBolusTime":1703904161000,"time":"2023-12-30T07:52:22.616Z","iobWithZeroTemp":{"iob":-0.674,"basaliob":-0.68,"bolussnooze":0,"activity":-0.0062,"lastBolusTime":1703904161000,"time":"2023-12-30T07:52:22.616Z"}},{"iob":-0.009,"basaliob":-0.014,"bolussnooze":0,"activity":-1.0E-4,"lastBolusTime":1703904161000,"time":"2023-12-30T07:57:22.616Z","iobWithZeroTemp":{"iob":-0.678,"basaliob":-0.683,"bolussnooze":0,"activity":-0.0061,"lastBolusTime":1703904161000,"time":"2023-12-30T07:57:22.616Z"}},{"iob":-0.007,"basaliob":-0.012,"bolussnooze":0,"activity":-1.0E-4,"lastBolusTime":1703904161000,"time":"2023-12-30T08:02:22.616Z","iobWithZeroTemp":{"iob":-0.679,"basaliob":-0.684,"bolussnooze":0,"activity":-0.0062,"lastBolusTime":1703904161000,"time":"2023-12-30T08:02:22.616Z"}},{"iob":-0.007,"basaliob":-0.011,"bolussnooze":0,"activity":-1.0E-4,"lastBolusTime":1703904161000,"time":"2023-12-30T08:07:22.616Z","iobWithZeroTemp":{"iob":-0.682,"basaliob":-0.686,"bolussnooze":0,"activity":-0.0062,"lastBolusTime":1703904161000,"time":"2023-12-30T08:07:22.616Z"}},{"iob":-0.006,"basaliob":-0.01,"bolussnooze":0,"activity":-1.0E-4,"lastBolusTime":1703904161000,"time":"2023-12-30T08:12:22.616Z","iobWithZeroTemp":{"iob":-0.683,"basaliob":-0.687,"bolussnooze":0,"activity":-0.0063,"lastBolusTime":1703904161000,"time":"2023-12-30T08:12:22.616Z"}}],"profile":{"max_iob":7,"type":"current","max_daily_basal":0.45,"max_basal":1.2,"min_bg":106.2,"max_bg":106.2,"target_bg":106.2,"carb_ratio":11,"sens":369,"max_daily_safety_multiplier":3,"current_basal_safety_multiplier":4,"lgsThreshold":65,"high_temptarget_raises_sensitivity":false,"low_temptarget_lowers_sensitivity":false,"sensitivity_raises_target":true,"resistance_lowers_target":true,"adv_target_adjustments":false,"exercise_mode":false,"half_basal_exercise_target":160,"maxCOB":120,"skip_neutral_temps":false,"remainingCarbsCap":90,"enableUAM":true,"A52_risk_enable":false,"SMBInterval":4,"enableSMB_with_COB":true,"enableSMB_with_temptarget":false,"allowSMB_with_high_temptarget":true,"enableSMB_always":true,"enableSMB_after_carbs":false,"maxSMBBasalMinutes":60,"maxUAMSMBBasalMinutes":60,"bolus_increment":0.05,"carbsReqThreshold":10,"current_basal":0.3,"temptargetSet":false,"autosens_max":1.2,"autosens_min":0.8,"out_units":"mmol\/L","variable_sens":241.2,"insulinDivisor":65,"TDD":7.762285225000001},"autosens_data":{"ratio":0.9847312019426746},"meal_data":{"carbs":17,"mealCOB":0,"slopeFromMaxDeviation":-0.5207608695652175,"slopeFromMinDeviation":0.06822580645161291,"lastBolusTime":1703904161000,"lastCarbTime":1703895965000},"microBolusAllowed":true,"currentTime":1703909844977,"flatBGsDetected":false,"tdd1D":23.883833333333342,"tdd7D":27.277071428571436,"tddLast24H":26.860583333333338,"tddLast4H":2.0955833333333334,"tddLast8to4H":3.565},"output":{"temp":"absolute","bg":105,"tick":-3,"eventualBG":107,"targetBG":107,"insulinReq":-0.07,"deliverAt":"2023-12-30T04:17:24.977Z","sensitivityRatio":0.9847312019426746,"variable_sens":241.2,"predBGs":{"IOB":[105,102,100,97,96,94,93,92,91,91,90,90,90,90,90,91,91,91,92,92,92,93,93,93,94,94,94,95,95,96,96,96,97,97,97,98,98,98,98,99,99,99,99,99,100],"ZT":[105,103,101,99,98,97,97,97,97,98,99,100,102,104,107]},"reason":"COB: 0, Dev: 0.1, BGI: -0.1, ISF: 13.4, CR: 11, Target: 5.9, minPredBG 5.1, minGuardBG 5.0, IOBpredBG 5.6; Eventual BG 5.9 >= 5.9,  insulinReq -0.07; setting 30m low temp of 0.07U\/h. ","COB":0,"IOB":-0.005,"rate":0.07,"duration":30,"timestamp":"2023-12-30T04:17:25.005Z"}}