{"algorithm":"OpenAPSSMBDynamicISFPlugin","input":{"glucoseStatus":{"glucose":96,"noise":0,"delta":-2,"short_avgdelta":-0.94,"long_avgdelta":0.27,"date":1703650312380},"currenttemp":{"temp":"absolute","duration":20,"rate":0.36,"minutesrunning":10},"iob_data":[{"iob":-0.133,"basaliob":-0.18,"bolussnooze":0,"activity":-0.0012,"lastBolusTime":1703645846000,"time":"2023-12-27T04:12:15.719Z","iobWithZeroTemp":{"iob":-0.133,"basaliob":-0.18,"bolussnooze":0,"activity":-0.0012,"lastBolusTime":1703645846000,"time":"2023-12-27T04:12:15.719Z"}},{"iob":-0.127,"basaliob":-0.171,"bolussnooze":0,"activity":-0.0012,"lastBolusTime":1703645846000,"time":"2023-12-27T04:17:15.719Z","iobWithZeroTemp":{"iob":-0.154,"basaliob":-0.198,"bolussnooze":0,"activity":-0.0012,"lastBolusTime":1703645846000,"time":"2023-12-27T04:17:15.719Z"}},{"iob":-0.121,"basaliob":-0.162,"bolussnooze":0,"activity":-0.0011,"lastBolusTime":1703645846000,"time":"2023-12-27T04:22:15.719Z","iobWithZeroTemp":{"iob":-0.181,"basaliob":-0.222,"bolussnooze":0,"activity":-0.0012,"lastBolusTime":1703645846000,"time":"2023-12-27T04:22:15.719Z"}},{"iob":-0.115,"basaliob":-0.153,"bolussnooze":0,"activity":-0.0012,"lastBolusTime":1703645846000,"time":"2023-12-27T04:27:15.719Z","iobWithZeroTemp":{"iob":-0.207,"basaliob":-0.245,"bolussnooze":0,"activity":-0.0014,"lastBolusTime":1703645846000,"time":"2023-12-27T04:27:15.719Z"}},{"iob":-0.11,"basaliob":-0.145,"bolussnooze":0,"activity":-0.0011,"lastBolusTime":1703645846000,"time":"2023-12-27T04:32:15.719Z","iobWithZeroTemp":{"iob":-0.235,"basaliob":-0.27,"bolussnooze":0,"activity":-0.0014,"lastBolusTime":1703645846000,"time":"2023-12-27T04:32:15.719Z"}},{"iob":-0.104,"basaliob":-0.137,"bolussnooze":0,"activity":-0.0011,"lastBolusTime":1703645846000,"time":"2023-12-27T04:37:15.719Z","iobWithZeroTemp":{"iob":-0.26,"basaliob":-0.293,"bolussnooze":0,"activity":-0.0016,"lastBolusTime":1703645846000,"time":"2023-12-27T04:37:15.719Z"}},{"iob":-0.098,"basaliob":-0.129,"bolussnooze":0,"activity":-0.0011,"lastBolusTime":1703645846000,"time":"2023-12-27T04:42:15.719Z","iobWithZeroTemp":{"iob":-0.284,"basaliob":-0.315,"bolussnooze":0,"activity":-0.0018,"lastBolusTime":1703645846000,"time":"2023-12-27T04:42:15.719Z"}},{"iob":-0.093,"basaliob":-0.122,"bolussnooze":0,"activity":-0.0011,"lastBolusTime":1703645846000,"time":"2023-12-27T04:47:15.719Z","iobWithZeroTemp":{"iob":-0.309,"basaliob":-0.338,"bolussnooze":0,"activity":-0.002,"lastBolusTime":1703645846000,"time":"2023-12-27T04:47:15.719Z"}},{"iob":-0.088,"basaliob":-0.114,"bolussnooze":0,"activity":-0.001,"lastBolusTime":1703645846000,"time":"2023-12-27T04:52:15.719Z","iobWithZeroTemp":{"iob":-0.332,"basaliob":-0.358,"bolussnooze":0,"activity":-0.0021,"lastBolusTime":1703645846000,"time":"2023-12-27T04:52:15.719Z"}},{"iob":-0.082,"basaliob":-0.107,"bolussnooze":0,"activity":-0.001,"lastBolusTime":1703645846000,"time":"2023-12-27T04:57:15.719Z","iobWithZeroTemp":{"iob":-0.354,"basaliob":-0.379,"bolussnooze":0,"activity":-0.0023,"lastBolusTime":1703645846000,"time":"2023-12-27T04:57:15.719Z"}},{"iob":-0.078,"basaliob":-0.101,"bolussnooze":0,"activity":-0.001,"lastBolusTime":1703645846000,"time":"2023-12-27T05:02:15.719Z","iobWithZeroTemp":{"iob":-0.376,"basaliob":-0.399,"bolussnooze":0,"activity":-0.0025,"lastBolusTime":1703645846000,"time":"2023-12-27T05:02:15.719Z"}},{"iob":-0.073,"basaliob":-0.094,"bolussnooze":0,"activity":-9.0E-4,"lastBolusTime":1703645846000,"time":"2023-12-27T05:07:15.719Z","iobWithZeroTemp":{"iob":-0.396,"basaliob":-0.417,"bolussnooze":0,"activity":-0.0027,"lastBolusTime":1703645846000,"time":"2023-12-27T05:07:15.719Z"}},{"iob":-0.069,"basaliob":-0.088,"bolussnooze":0,"activity":-9.0E-4,"lastBolusTime":1703645846000,"time":"2023-12-27T05:12:15.719Z","iobWithZeroTemp":{"iob":-0.416,"basaliob":-0.435,"bolussnooze":0,"activity":-0.0029,"lastBolusTime":1703645846000,"time":"2023-12-27T05:12:15.719Z"}},{"iob":-0.064,"basaliob":-0.082,"bolussnooze":0,"activity":-8.0E-4,"lastBolusTime":1703645846000,"time":"2023-12-27T05:17:15.719Z","iobWithZeroTemp":{"iob":-0.434,"basaliob":-0.452,"bolussnooze":0,"activity":-0.003,"lastBolusTime":1703645846000,"time":"2023-12-27T05:17:15.719Z"}},{"iob":-0.06,"basaliob":-0.077,"bolussnooze":0,"activity":-8.0E-4,"lastBolusTime":1703645846000,"time":"2023-12-27T05:22:15.719Z","iobWithZeroTemp":{"iob":-0.451,"basaliob":-0.468,"bolussnooze":0,"activity":-0.0032,"lastBolusTime":1703645846000,"time":"2023-12-27T05:22:15.719Z"}},{"iob":-0.057,"basaliob":-0.072,"bolussnooze":0,"activity":-8.0E-4,"lastBolusTime":1703645846000,"time":"2023-12-27T05:27:15.719Z","iobWithZeroTemp":{"iob":-0.469,"basaliob":-0.484,"bolussnooze":0,"activity":-0.0035,"lastBolusTime":1703645846000,"time":"2023-12-27T05:27:15.719Z"}},{"iob":-0.053,"basaliob":-0.067,"bolussnooze":0,"activity":-7.0E-4,"lastBolusTime":1703645846000,"time":"2023-12-27T05:32:15.719Z","iobWithZeroTemp":{"iob":-0.484,"basaliob":-0.498,"bolussnooze":0,"activity":-0.0036,"lastBolusTime":1703645846000,"time":"2023-12-27T05:32:15.719Z"}},{"iob":-0.049,"basaliob":-0.062,"bolussnooze":0,"activity":-7.0E-4,"lastBolusTime":1703645846000,"time":"2023-12-27T05:37:15.719Z","iobWithZeroTemp":{"iob":-0.499,"basaliob":-0.512,"bolussnooze":0,"activity":-0.0038,"lastBolusTime":1703645846000,"time":"2023-12-27T05:37:15.719Z"}},{"iob":-0.046,"basaliob":-0.058,"bolussnooze":0,"activity":-6.0E-4,"lastBolusTime":1703645846000,"time":"2023-12-27T05:42:15.719Z","iobWithZeroTemp":{"iob":-0.513,"basaliob":-0.525,"bolussnooze":0,"activity":-0.0039,"lastBolusTime":1703645846000,"time":"2023-12-27T05:42:15.719Z"}},{"iob":-0.043,"basaliob":-0.054,"bolussnooze":0,"activity":-6.0E-4,"lastBolusTime":1703645846000,"time":"2023-12-27T05:47:15.719Z","iobWithZeroTemp":{"iob":-0.527,"basaliob":-0.538,"bolussnooze":0,"activity":-0.0041,"lastBolusTime":1703645846000,"time":"2023-12-27T05:47:15.719Z"}},{"iob":-0.04,"basaliob":-0.05,"bolussnooze":0,"activity":-5.0E-4,"lastBolusTime":1703645846000,"time":"2023-12-27T05:52:15.719Z","iobWithZeroTemp":{"iob":-0.539,"basaliob":-0.549,"bolussnooze":0,"activity":-0.0042,"lastBolusTime":1703645846000,"time":"2023-12-27T05:52:15.719Z"}},{"iob":-0.038,"basaliob":-0.047,"bolussnooze":0,"activity":-5.0E-4,"lastBolusTime":1703645846000,"time":"2023-12-27T05:57:15.719Z","iobWithZeroTemp":{"iob":-0.552,"basaliob":-0.561,"bolussnooze":0,"activity":-0.0044,"lastBolusTime":1703645846000,"time":"2023-12-27T05:57:15.719Z"}},{"iob":-0.034,"basaliob":-0.043,"bolussnooze":0,"activity":-6.0E-4,"lastBolusTime":1703645846000,"time":"2023-12-27T06:02:15.719Z","iobWithZeroTemp":{"iob":-0.561,"basaliob":-0.57,"bolussnooze":0,"activity":-0.0046,"lastBolusTime":1703645846000,"time":"2023-12-27T06:02:15.719Z"}},{"iob":-0.032,"basaliob":-0.04,"bolussnooze":0,"activity":-5.0E-4,"lastBolusTime":1703645846000,"time":"2023-12-27T06:07:15.719Z","iobWithZeroTemp":{"iob":-0.572,"basaliob":-0.58,"bolussnooze":0,"activity":-0.0047,"lastBolusTime":1703645846000,"time":"2023-12-27T06:07:15.719Z"}},{"iob":-0.03,"basaliob":-0.037,"bolussnooze":0,"activity":-5.0E-4,"lastBolusTime":1703645846000,"time":"2023-12-27T06:12:15.719Z","iobWithZeroTemp":{"iob":-0.582,"basaliob":-0.589,"bolussnooze":0,"activity":-0.0048,"lastBolusTime":1703645846000,"time":"2023-12-27T06:12:15.719Z"}},{"iob":-0.027,"basaliob":-0.034,"bolussnooze":0,"activity":-4.0E-4,"lastBolusTime":1703645846000,"time":"2023-12-27T06:17:15.719Z","iobWithZeroTemp":{"iob":-0.59,"basaliob":-0.597,"bolussnooze":0,"activity":-0.0049,"lastBolusTime":1703645846000,"time":"2023-12-27T06:17:15.719Z"}},{"iob":-0.026,"basaliob":-0.032,"bolussnooze":0,"activity":-4.0E-4,"lastBolusTime":1703645846000,"time":"2023-12-27T06:22:15.719Z","iobWithZeroTemp":{"iob":-0.6,"basaliob":-0.606,"bolussnooze":0,"activity":-0.005,"lastBolusTime":1703645846000,"time":"2023-12-27T06:22:15.719Z"}},{"iob":-0.023,"basaliob":-0.029,"bolussnooze":0,"activity":-4.0E-4,"lastBolusTime":1703645846000,"time":"2023-12-27T06:27:15.719Z","iobWithZeroTemp":{"iob":-0.607,"basaliob":-0.613,"bolussnooze":0,"activity":-0.0052,"lastBolusTime":1703645846000,"time":"2023-12-27T06:27:15.719Z"}},{"iob":-0.022,"basaliob":-0.027,"bolussnooze":0,"activity":-3.0E-4,"lastBolusTime":1703645846000,"time":"2023-12-27T06:32:15.719Z","iobWithZeroTemp":{"iob":-0.615,"basaliob":-0.62,"bolussnooze":0,"activity":-0.0052,"lastBolusTime":1703645846000,"time":"2023-12-27T06:32:15.719Z"}},{"iob":-0.02,"basaliob":-0.025,"bolussnooze":0,"activity":-3.0E-4,"lastBolusTime":1703645846000,"time":"2023-12-27T06:37:15.719Z","iobWithZeroTemp":{"iob":-0.621,"basaliob":-0.626,"bolussnooze":0,"activity":-0.0053,"lastBolusTime":1703645846000,"time":"2023-12-27T06:37:15.719Z"}},{"iob":-0.019,"basaliob":-0.023,"bolussnooze":0,"activity":-3.0E-4,"lastBolusTime":1703645846000,"time":"2023-12-27T06:42:15.719Z","iobWithZeroTemp":{"iob":-0.628,"basaliob":-0.632,"bolussnooze":0,"activity":-0.0054,"lastBolusTime":1703645846000,"time":"2023-12-27T06:42:15.719Z"}},{"iob":-0.017,"basaliob":-0.021,"bolussnooze":0,"activity":-2.0E-4,"lastBolusTime":1703645846000,"time":"2023-12-27T06:47:15.719Z","iobWithZeroTemp":{"iob":-0.634,"basaliob":-0.638,"bolussnooze":0,"activity":-0.0054,"lastBolusTime":1703645846000,"time":"2023-12-27T06:47:15.719Z"}},{"iob":-0.016,"basaliob":-0.02,"bolussnooze":0,"activity":-2.0E-4,"lastBolusTime":1703645846000,"time":"2023-12-27T06:52:15.719Z","iobWithZeroTemp":{"iob":-0.64,"basaliob":-0.644,"bolussnooze":0,"activity":-0.0055,"lastBolusTime":1703645846000,"time":"2023-12-27T06:52:15.719Z"}},{"iob":-0.015,"basaliob":-0.018,"bolussnooze":0,"activity":-2.0E-4,"lastBolusTime":1703645846000,"time":"2023-12-27T06:57:15.719Z","iobWithZeroTemp":{"iob":-0.645,"basaliob":-0.648,"bolussnooze":0,"activity":-0.0056,"lastBolusTime":1703645846000,"time":"2023-12-27T06:57:15.719Z"}},{"iob":-0.014,"basaliob":-0.017,"bolussnooze":0,"activity":-2.0E-4,"lastBolusTime":1703645846000,"time":"2023-12-27T07:02:15.719Z","iobWithZeroTemp":{"iob":-0.65,"basaliob":-0.653,"bolussnooze":0,"activity":-0.0057,"lastBolusTime":1703645846000,"time":"2023-12-27T07:02:15.719Z"}},{"iob":-0.012,"basaliob":-0.015,"bolussnooze":0,"activity":-2.0E-4,"lastBolusTime":1703645846000,"time":"2023-12-27T07:07:15.719Z","iobWithZeroTemp":{"iob":-0.654,"basaliob":-0.657,"bolussnooze":0,"activity":-0.0058,"lastBolusTime":1703645846000,"time":"2023-12-27T07:07:15.719Z"}},{"iob":-0.012,"basaliob":-0.014,"bolussnooze":0,"activity":-2.0E-4,"lastBolusTime":1703645846000,"time":"2023-12-27T07:12:15.719Z","iobWithZeroTemp":{"iob":-0.659,"basaliob":-0.661,"bolussnooze":0,"activity":-0.0059,"lastBolusTime":1703645846000,"time":"2023-12-27T07:12:15.719Z"}},{"iob":-0.011,"basaliob":-0.013,"bolussnooze":0,"activity":-2.0E-4,"lastBolusTime":1703645846000,"time":"2023-12-27T07:17:15.719Z","iobWithZeroTemp":{"iob":-0.662,"basaliob":-0.664,"bolussnooze":0,"activity":-0.006,"lastBolusTime":1703645846000,"time":"2023-12-27T07:17:15.719Z"}},{"iob":-0.01,"basaliob":-0.012,"bolussnooze":0,"activity":-2.0E-4,"lastBolusTime":1703645846000,"time":"2023-12-27T07:22:15.719Z","iobWithZeroTemp":{"iob":-0.666,"basaliob":-0.668,"bolussnooze":0,"activity":-0.006,"lastBolusTime":1703645846000,"time":"2023-12-27T07:22:15.719Z"}},{"iob":-0.009,"basaliob":-0.011,"bolussnooze":0,"activity":-2.0E-4,"lastBolusTime":1703645846000,"time":"2023-12-27T07:27:15.719Z","iobWithZeroTemp":{"iob":-0.669,"basaliob":-0.671,"bolussnooze":0,"activity":-0.0061,"lastBolusTime":1703645846000,"time":"2023-12-27T07:27:15.719Z"}},{"iob":-0.008,"basaliob":-0.01,"bolussnooze":0,"activity":-2.0E-4,"lastBolusTime":1703645846000,"time":"2023-12-27T07:32:15.719Z","iobWithZeroTemp":{"iob":-0.672,"basaliob":-0.674,"bolussnooze":0,"activity":-0.0061,"lastBolusTime":1703645846000,"time":"2023-12-27T07:32:15.719Z"}},{"iob":-0.007,"basaliob":-0.009,"bolussnooze":0,"activity":-2.0E-4,"lastBolusTime":1703645846000,"time":"2023-12-27T07:37:15.719Z","iobWithZeroTemp":{"iob":-0.674,"basaliob":-0.676,"bolussnooze":0,"activity":-0.0062,"lastBolusTime":1703645846000,"time":"2023-12-27T07:37:15.719Z"}},{"iob":-0.007,"basaliob":-0.008,"bolussnooze":0,"activity":-1.0E-4,"lastBolusTime":1703645846000,"time":"2023-12-27T07:42:15.719Z","iobWithZeroTemp":{"iob":-0.677,"basaliob":-0.678,"bolussnooze":0,"activity":-0.0062,"lastBolusTime":1703645846000,"time":"2023-12-27T07:42:15.719Z"}},{"iob":-0.007,"basaliob":-0.008,"bolussnooze":0,"activity":-1.0E-4,"lastBolusTime":1703645846000,"time":"2023-12-27T07:47:15.719Z","iobWithZeroTemp":{"iob":-0.68,"basaliob":-0.681,"bolussnooze":0,"activity":-0.0062,"lastBolusTime":1703645846000,"time":"2023-12-27T07:47:15.719Z"}},{"iob":-0.006,"basaliob":-0.007,"bolussnooze":0,"activity":-1.0E-4,"lastBolusTime":1703645846000,"time":"2023-12-27T07:52:15.719Z","iobWithZeroTemp":{"iob":-0.682,"basaliob":-0.683,"bolussnooze":0,"activity":-0.0062,"lastBolusTime":1703645846000,"time":"2023-12-27T07:52:15.719Z"}},{"iob":-0.005,"basaliob":-0.006,"bolussnooze":0,"activity":-1.0E-4,"lastBolusTime":1703645846000,"time":"2023-12-27T07:57:15.719Z","iobWithZeroTemp":{"iob":-0.683,"basaliob":-0.684,"bolussnooze":0,"activity":-0.0063,"lastBolusTime":1703645846000,"time":"2023-12-27T07:57:15.719Z"}},{"iob":-0.005,"basaliob":-0.006,"bolussnooze":0,"activity":-1.0E-4,"lastBolusTime":1703645846000,"time":"2023-12-27T08:02:15.719Z","iobWithZeroTemp":{"iob":-0.686,"basaliob":-0.687,"bolussnooze":0,"activity":-0.0063,"lastBolusTime":1703645846000,"time":"2023-12-27T08:02:15.719Z"}},{"iob":-0.004,"basaliob":-0.005,"bolussnooze":0,"activity":-1.0E-4,"lastBolusTime":1703645846000,"time":"2023-12-27T08:07:15.719Z","iobWithZeroTemp":{"iob":-0.687,"basaliob":-0.688,"bolussnooze":0,"activity":-0.0064,"lastBolusTime":1703645846000,"time":"2023-12-27T08:07:15.719Z"}}],"profile":{"max_iob":7,"type":"current","max_daily_basal":0.45,"max_basal":1.35,"min_bg":106.2,"max_bg":106.2,"target_bg":106.2,"carb_ratio":9,"sens":352.8,"max_daily_safety_multiplier":3,"current_basal_safety_multiplier":4,"lgsThreshold":65,"high_temptarget_raises_sensitivity":false,"low_temptarget_lowers_sensitivity":false,"sensitivity_raises_target":true,"resistance_lowers_target":true,"adv_target_adjustments":false,"exercise_mode":false,"half_basal_exercise_target":160,"maxCOB":120,"skip_neutral_temps":false,"remainingCarbsCap":90,"enableUAM":true,"A52_risk_enable":false,"SMBInterval":4,"enableSMB_with_COB":true,"enableSMB_with_temptarget":false,"allowSMB_with_high_temptarget":true,"enableSMB_always":true,"enableSMB_after_carbs":false,"maxSMBBasalMinutes":60,"maxUAMSMBBasalMinutes":60,"bolus_increment":0.05,"carbsReqThreshold":10,"current_basal":0.4,"temptargetSet":false,"autosens_max":1.2,"autosens_min":0.8,"out_units":"mmol\/L","variable_sens":243.8,"insulinDivisor":65,"TDD":8.141475333333336},"autosens_data":{"ratio":0.8628193837133051},"meal_data":{"carbs":0,"mealCOB":0,"slopeFromMaxDeviation":0,"slopeFromMinDeviation":0.294875,"lastBolusTime":1703645846000,"lastCarbTime":0},"microBolusAllowed":true,"currentTime":1703650337884,"flatBGsDetected":false,"tdd1D":30.685750000000006,"tdd7D":32.38752380952381,"tddLast24H":27.944583333333334,"tddLast4H":0.7924999999999999,"tddLast8to4H":1.7254166666666668},"output":{"temp":"absolute","bg":96,"tick":-2,"eventualBG":121,"targetBG":114,"insulinReq":-0.06,"deliverAt":"2023-12-27T04:12:17.884Z","sensitivityRatio":0.8628193837133051,"variable_sens":243.8,"predBGs":{"IOB":[96,94,93,92,91,90,90,90,90,90,91,92,93,94,95,96,97,98,99,100,100,101,101,102,103,103,104,104,105,105,105,106,106,106,106,107,107,107,107,108,108,108,108,108,108,109],"ZT":[96,97,99,100,102,104,106,108,110,112]},"reason":"COB: 0, Dev: -0.4, BGI: 0.1, ISF: 13.5, CR: 9, Target: 6.3, minPredBG 5.5, minGuardBG 5.0, IOBpredBG 6.1; Eventual BG 6.7 >= 6.3,  insulinReq -0.06. 20m@0.36 > 2 * insulinReq. Setting temp basal of 0.23U\/hr. ","COB":0,"IOB":-0.133,"duration":30,"rate":0.2251277534853221,"timestamp":"2023-12-27T04:12:17.908Z"}}