{"algorithm":"OpenAPSSMBDynamicISFPlugin","input":{"glucoseStatus":{"glucose":176,"noise":0,"delta":0,"short_avgdelta":-1.72,"long_avgdelta":-3.13,"date":1703611616826},"currenttemp":{"temp":"absolute","duration":13,"rate":0.88,"minutesrunning":2},"iob_data":[{"iob":0.981,"basaliob":-0.561,"bolussnooze":0.1577,"activity":0.0129,"lastBolusTime":1703611654000,"time":"2023-12-26T17:29:27.238Z","iobWithZeroTemp":{"iob":0.981,"basaliob":-0.561,"bolussnooze":0.1577,"activity":0.0129,"lastBolusTime":1703611654000,"time":"2023-12-26T17:29:27.238Z"}},{"iob":0.918,"basaliob":-0.534,"bolussnooze":0.137,"activity":0.0123,"lastBolusTime":1703611654000,"time":"2023-12-26T17:34:27.238Z","iobWithZeroTemp":{"iob":0.891,"basaliob":-0.561,"bolussnooze":0.137,"activity":0.0123,"lastBolusTime":1703611654000,"time":"2023-12-26T17:34:27.238Z"}},{"iob":0.859,"basaliob":-0.506,"bolussnooze":0.1185,"activity":0.0117,"lastBolusTime":1703611654000,"time":"2023-12-26T17:39:27.238Z","iobWithZeroTemp":{"iob":0.799,"basaliob":-0.566,"bolussnooze":0.1185,"activity":0.0116,"lastBolusTime":1703611654000,"time":"2023-12-26T17:39:27.238Z"}},{"iob":0.802,"basaliob":-0.479,"bolussnooze":0.1022,"activity":0.011,"lastBolusTime":1703611654000,"time":"2023-12-26T17:44:27.238Z","iobWithZeroTemp":{"iob":0.71,"basaliob":-0.571,"bolussnooze":0.1022,"activity":0.0108,"lastBolusTime":1703611654000,"time":"2023-12-26T17:44:27.238Z"}},{"iob":0.748,"basaliob":-0.453,"bolussnooze":0.0879,"activity":0.0104,"lastBolusTime":1703611654000,"time":"2023-12-26T17:49:27.238Z","iobWithZeroTemp":{"iob":0.623,"basaliob":-0.578,"bolussnooze":0.0879,"activity":0.0101,"lastBolusTime":1703611654000,"time":"2023-12-26T17:49:27.238Z"}},{"iob":0.697,"basaliob":-0.428,"bolussnooze":0.0754,"activity":0.0099,"lastBolusTime":1703611654000,"time":"2023-12-26T17:54:27.238Z","iobWithZeroTemp":{"iob":0.541,"basaliob":-0.584,"bolussnooze":0.0754,"activity":0.0094,"lastBolusTime":1703611654000,"time":"2023-12-26T17:54:27.238Z"}},{"iob":0.65,"basaliob":-0.403,"bolussnooze":0.0645,"activity":0.0093,"lastBolusTime":1703611654000,"time":"2023-12-26T17:59:27.238Z","iobWithZeroTemp":{"iob":0.464,"basaliob":-0.589,"bolussnooze":0.0645,"activity":0.0086,"lastBolusTime":1703611654000,"time":"2023-12-26T17:59:27.238Z"}},{"iob":0.604,"basaliob":-0.38,"bolussnooze":0.055,"activity":0.0088,"lastBolusTime":1703611654000,"time":"2023-12-26T18:04:27.238Z","iobWithZeroTemp":{"iob":0.388,"basaliob":-0.596,"bolussnooze":0.055,"activity":0.0079,"lastBolusTime":1703611654000,"time":"2023-12-26T18:04:27.238Z"}},{"iob":0.562,"basaliob":-0.357,"bolussnooze":0.0468,"activity":0.0082,"lastBolusTime":1703611654000,"time":"2023-12-26T18:09:27.238Z","iobWithZeroTemp":{"iob":0.318,"basaliob":-0.601,"bolussnooze":0.0468,"activity":0.0071,"lastBolusTime":1703611654000,"time":"2023-12-26T18:09:27.238Z"}},{"iob":0.522,"basaliob":-0.335,"bolussnooze":0.0397,"activity":0.0077,"lastBolusTime":1703611654000,"time":"2023-12-26T18:14:27.238Z","iobWithZeroTemp":{"iob":0.25,"basaliob":-0.607,"bolussnooze":0.0397,"activity":0.0064,"lastBolusTime":1703611654000,"time":"2023-12-26T18:14:27.238Z"}},{"iob":0.485,"basaliob":-0.314,"bolussnooze":0.0336,"activity":0.0072,"lastBolusTime":1703611654000,"time":"2023-12-26T18:19:27.238Z","iobWithZeroTemp":{"iob":0.187,"basaliob":-0.612,"bolussnooze":0.0336,"activity":0.0057,"lastBolusTime":1703611654000,"time":"2023-12-26T18:19:27.238Z"}},{"iob":0.449,"basaliob":-0.295,"bolussnooze":0.0283,"activity":0.0068,"lastBolusTime":1703611654000,"time":"2023-12-26T18:24:27.238Z","iobWithZeroTemp":{"iob":0.126,"basaliob":-0.618,"bolussnooze":0.0283,"activity":0.005,"lastBolusTime":1703611654000,"time":"2023-12-26T18:24:27.238Z"}},{"iob":0.416,"basaliob":-0.276,"bolussnooze":0.0238,"activity":0.0064,"lastBolusTime":1703611654000,"time":"2023-12-26T18:29:27.238Z","iobWithZeroTemp":{"iob":0.069,"basaliob":-0.623,"bolussnooze":0.0238,"activity":0.0044,"lastBolusTime":1703611654000,"time":"2023-12-26T18:29:27.238Z"}},{"iob":0.385,"basaliob":-0.258,"bolussnooze":0.02,"activity":0.006,"lastBolusTime":1703611654000,"time":"2023-12-26T18:34:27.238Z","iobWithZeroTemp":{"iob":0.015,"basaliob":-0.628,"bolussnooze":0.02,"activity":0.0038,"lastBolusTime":1703611654000,"time":"2023-12-26T18:34:27.238Z"}},{"iob":0.356,"basaliob":-0.241,"bolussnooze":0.0168,"activity":0.0056,"lastBolusTime":1703611654000,"time":"2023-12-26T18:39:27.238Z","iobWithZeroTemp":{"iob":-0.035,"basaliob":-0.632,"bolussnooze":0.0168,"activity":0.0032,"lastBolusTime":1703611654000,"time":"2023-12-26T18:39:27.238Z"}},{"iob":0.329,"basaliob":-0.225,"bolussnooze":0.014,"activity":0.0052,"lastBolusTime":1703611654000,"time":"2023-12-26T18:44:27.238Z","iobWithZeroTemp":{"iob":-0.083,"basaliob":-0.637,"bolussnooze":0.014,"activity":0.0025,"lastBolusTime":1703611654000,"time":"2023-12-26T18:44:27.238Z"}},{"iob":0.305,"basaliob":-0.209,"bolussnooze":0.0116,"activity":0.0048,"lastBolusTime":1703611654000,"time":"2023-12-26T18:49:27.238Z","iobWithZeroTemp":{"iob":-0.126,"basaliob":-0.64,"bolussnooze":0.0116,"activity":0.0019,"lastBolusTime":1703611654000,"time":"2023-12-26T18:49:27.238Z"}},{"iob":0.281,"basaliob":-0.195,"bolussnooze":0.0097,"activity":0.0045,"lastBolusTime":1703611654000,"time":"2023-12-26T18:54:27.238Z","iobWithZeroTemp":{"iob":-0.169,"basaliob":-0.645,"bolussnooze":0.0097,"activity":0.0014,"lastBolusTime":1703611654000,"time":"2023-12-26T18:54:27.238Z"}},{"iob":0.26,"basaliob":-0.181,"bolussnooze":0.008,"activity":0.0042,"lastBolusTime":1703611654000,"time":"2023-12-26T18:59:27.238Z","iobWithZeroTemp":{"iob":-0.207,"basaliob":-0.648,"bolussnooze":0.008,"activity":9.0E-4,"lastBolusTime":1703611654000,"time":"2023-12-26T18:59:27.238Z"}},{"iob":0.239,"basaliob":-0.169,"bolussnooze":0.0066,"activity":0.0039,"lastBolusTime":1703611654000,"time":"2023-12-26T19:04:27.238Z","iobWithZeroTemp":{"iob":-0.245,"basaliob":-0.653,"bolussnooze":0.0066,"activity":4.0E-4,"lastBolusTime":1703611654000,"time":"2023-12-26T19:04:27.238Z"}},{"iob":0.22,"basaliob":-0.157,"bolussnooze":0.0054,"activity":0.0037,"lastBolusTime":1703611654000,"time":"2023-12-26T19:09:27.238Z","iobWithZeroTemp":{"iob":-0.279,"basaliob":-0.656,"bolussnooze":0.0054,"activity":0,"lastBolusTime":1703611654000,"time":"2023-12-26T19:09:27.238Z"}},{"iob":0.202,"basaliob":-0.146,"bolussnooze":0.0044,"activity":0.0034,"lastBolusTime":1703611654000,"time":"2023-12-26T19:14:27.238Z","iobWithZeroTemp":{"iob":-0.312,"basaliob":-0.66,"bolussnooze":0.0044,"activity":-5.0E-4,"lastBolusTime":1703611654000,"time":"2023-12-26T19:14:27.238Z"}},{"iob":0.186,"basaliob":-0.135,"bolussnooze":0.0036,"activity":0.0032,"lastBolusTime":1703611654000,"time":"2023-12-26T19:19:27.238Z","iobWithZeroTemp":{"iob":-0.341,"basaliob":-0.662,"bolussnooze":0.0036,"activity":-8.0E-4,"lastBolusTime":1703611654000,"time":"2023-12-26T19:19:27.238Z"}},{"iob":0.171,"basaliob":-0.125,"bolussnooze":0.0029,"activity":0.0029,"lastBolusTime":1703611654000,"time":"2023-12-26T19:24:27.238Z","iobWithZeroTemp":{"iob":-0.369,"basaliob":-0.665,"bolussnooze":0.0029,"activity":-0.0013,"lastBolusTime":1703611654000,"time":"2023-12-26T19:24:27.238Z"}},{"iob":0.157,"basaliob":-0.116,"bolussnooze":0.0023,"activity":0.0027,"lastBolusTime":1703611654000,"time":"2023-12-26T19:29:27.238Z","iobWithZeroTemp":{"iob":-0.395,"basaliob":-0.668,"bolussnooze":0.0023,"activity":-0.0016,"lastBolusTime":1703611654000,"time":"2023-12-26T19:29:27.238Z"}},{"iob":0.145,"basaliob":-0.107,"bolussnooze":0.0019,"activity":0.0025,"lastBolusTime":1703611654000,"time":"2023-12-26T19:34:27.238Z","iobWithZeroTemp":{"iob":-0.418,"basaliob":-0.67,"bolussnooze":0.0019,"activity":-0.002,"lastBolusTime":1703611654000,"time":"2023-12-26T19:34:27.238Z"}},{"iob":0.133,"basaliob":-0.099,"bolussnooze":0.0015,"activity":0.0023,"lastBolusTime":1703611654000,"time":"2023-12-26T19:39:27.238Z","iobWithZeroTemp":{"iob":-0.441,"basaliob":-0.673,"bolussnooze":0.0015,"activity":-0.0023,"lastBolusTime":1703611654000,"time":"2023-12-26T19:39:27.238Z"}},{"iob":0.121,"basaliob":-0.092,"bolussnooze":0.0012,"activity":0.0022,"lastBolusTime":1703611654000,"time":"2023-12-26T19:44:27.238Z","iobWithZeroTemp":{"iob":-0.463,"basaliob":-0.676,"bolussnooze":0.0012,"activity":-0.0026,"lastBolusTime":1703611654000,"time":"2023-12-26T19:44:27.238Z"}},{"iob":0.111,"basaliob":-0.085,"bolussnooze":9.0E-4,"activity":0.002,"lastBolusTime":1703611654000,"time":"2023-12-26T19:49:27.238Z","iobWithZeroTemp":{"iob":-0.482,"basaliob":-0.678,"bolussnooze":9.0E-4,"activity":-0.0029,"lastBolusTime":1703611654000,"time":"2023-12-26T19:49:27.238Z"}},{"iob":0.102,"basaliob":-0.078,"bolussnooze":7.0E-4,"activity":0.0018,"lastBolusTime":1703611654000,"time":"2023-12-26T19:54:27.238Z","iobWithZeroTemp":{"iob":-0.499,"basaliob":-0.679,"bolussnooze":7.0E-4,"activity":-0.0032,"lastBolusTime":1703611654000,"time":"2023-12-26T19:54:27.238Z"}},{"iob":0.093,"basaliob":-0.072,"bolussnooze":5.0E-4,"activity":0.0016,"lastBolusTime":1703611654000,"time":"2023-12-26T19:59:27.238Z","iobWithZeroTemp":{"iob":-0.516,"basaliob":-0.681,"bolussnooze":5.0E-4,"activity":-0.0035,"lastBolusTime":1703611654000,"time":"2023-12-26T19:59:27.238Z"}},{"iob":0.085,"basaliob":-0.066,"bolussnooze":4.0E-4,"activity":0.0015,"lastBolusTime":1703611654000,"time":"2023-12-26T20:04:27.238Z","iobWithZeroTemp":{"iob":-0.532,"basaliob":-0.683,"bolussnooze":4.0E-4,"activity":-0.0037,"lastBolusTime":1703611654000,"time":"2023-12-26T20:04:27.238Z"}},{"iob":0.078,"basaliob":-0.061,"bolussnooze":3.0E-4,"activity":0.0014,"lastBolusTime":1703611654000,"time":"2023-12-26T20:09:27.238Z","iobWithZeroTemp":{"iob":-0.546,"basaliob":-0.685,"bolussnooze":3.0E-4,"activity":-0.0039,"lastBolusTime":1703611654000,"time":"2023-12-26T20:09:27.238Z"}},{"iob":0.071,"basaliob":-0.056,"bolussnooze":2.0E-4,"activity":0.0013,"lastBolusTime":1703611654000,"time":"2023-12-26T20:14:27.238Z","iobWithZeroTemp":{"iob":-0.559,"basaliob":-0.686,"bolussnooze":2.0E-4,"activity":-0.0041,"lastBolusTime":1703611654000,"time":"2023-12-26T20:14:27.238Z"}},{"iob":0.064,"basaliob":-0.052,"bolussnooze":1.0E-4,"activity":0.0012,"lastBolusTime":1703611654000,"time":"2023-12-26T20:19:27.238Z","iobWithZeroTemp":{"iob":-0.572,"basaliob":-0.688,"bolussnooze":1.0E-4,"activity":-0.0043,"lastBolusTime":1703611654000,"time":"2023-12-26T20:19:27.238Z"}},{"iob":0.058,"basaliob":-0.048,"bolussnooze":1.0E-4,"activity":0.0011,"lastBolusTime":1703611654000,"time":"2023-12-26T20:24:27.238Z","iobWithZeroTemp":{"iob":-0.584,"basaliob":-0.69,"bolussnooze":1.0E-4,"activity":-0.0045,"lastBolusTime":1703611654000,"time":"2023-12-26T20:24:27.238Z"}},{"iob":0.053,"basaliob":-0.044,"bolussnooze":1.0E-4,"activity":0.0011,"lastBolusTime":1703611654000,"time":"2023-12-26T20:29:27.238Z","iobWithZeroTemp":{"iob":-0.594,"basaliob":-0.691,"bolussnooze":1.0E-4,"activity":-0.0046,"lastBolusTime":1703611654000,"time":"2023-12-26T20:29:27.238Z"}},{"iob":0.049,"basaliob":-0.04,"bolussnooze":0,"activity":9.0E-4,"lastBolusTime":1703611654000,"time":"2023-12-26T20:34:27.238Z","iobWithZeroTemp":{"iob":-0.602,"basaliob":-0.691,"bolussnooze":0,"activity":-0.0049,"lastBolusTime":1703611654000,"time":"2023-12-26T20:34:27.238Z"}},{"iob":0.044,"basaliob":-0.037,"bolussnooze":0,"activity":9.0E-4,"lastBolusTime":1703611654000,"time":"2023-12-26T20:39:27.238Z","iobWithZeroTemp":{"iob":-0.612,"basaliob":-0.693,"bolussnooze":0,"activity":-0.0049,"lastBolusTime":1703611654000,"time":"2023-12-26T20:39:27.238Z"}},{"iob":0.04,"basaliob":-0.034,"bolussnooze":0,"activity":8.0E-4,"lastBolusTime":1703611654000,"time":"2023-12-26T20:44:27.238Z","iobWithZeroTemp":{"iob":-0.62,"basaliob":-0.694,"bolussnooze":0,"activity":-0.0051,"lastBolusTime":1703611654000,"time":"2023-12-26T20:44:27.238Z"}},{"iob":0.036,"basaliob":-0.031,"bolussnooze":0,"activity":8.0E-4,"lastBolusTime":1703611654000,"time":"2023-12-26T20:49:27.238Z","iobWithZeroTemp":{"iob":-0.628,"basaliob":-0.695,"bolussnooze":0,"activity":-0.0051,"lastBolusTime":1703611654000,"time":"2023-12-26T20:49:27.238Z"}},{"iob":0.033,"basaliob":-0.028,"bolussnooze":0,"activity":7.0E-4,"lastBolusTime":1703611654000,"time":"2023-12-26T20:54:27.238Z","iobWithZeroTemp":{"iob":-0.634,"basaliob":-0.695,"bolussnooze":0,"activity":-0.0053,"lastBolusTime":1703611654000,"time":"2023-12-26T20:54:27.238Z"}},{"iob":0.029,"basaliob":-0.026,"bolussnooze":0,"activity":6.0E-4,"lastBolusTime":1703611654000,"time":"2023-12-26T20:59:27.238Z","iobWithZeroTemp":{"iob":-0.641,"basaliob":-0.696,"bolussnooze":0,"activity":-0.0055,"lastBolusTime":1703611654000,"time":"2023-12-26T20:59:27.238Z"}},{"iob":0.026,"basaliob":-0.024,"bolussnooze":0,"activity":6.0E-4,"lastBolusTime":1703611654000,"time":"2023-12-26T21:04:27.238Z","iobWithZeroTemp":{"iob":-0.647,"basaliob":-0.697,"bolussnooze":0,"activity":-0.0055,"lastBolusTime":1703611654000,"time":"2023-12-26T21:04:27.238Z"}},{"iob":0.025,"basaliob":-0.021,"bolussnooze":0,"activity":5.0E-4,"lastBolusTime":1703611654000,"time":"2023-12-26T21:09:27.238Z","iobWithZeroTemp":{"iob":-0.651,"basaliob":-0.697,"bolussnooze":0,"activity":-0.0056,"lastBolusTime":1703611654000,"time":"2023-12-26T21:09:27.238Z"}},{"iob":0.021,"basaliob":-0.02,"bolussnooze":0,"activity":4.0E-4,"lastBolusTime":1703611654000,"time":"2023-12-26T21:14:27.238Z","iobWithZeroTemp":{"iob":-0.657,"basaliob":-0.698,"bolussnooze":0,"activity":-0.0058,"lastBolusTime":1703611654000,"time":"2023-12-26T21:14:27.238Z"}},{"iob":0.02,"basaliob":-0.018,"bolussnooze":0,"activity":4.0E-4,"lastBolusTime":1703611654000,"time":"2023-12-26T21:19:27.238Z","iobWithZeroTemp":{"iob":-0.661,"basaliob":-0.699,"bolussnooze":0,"activity":-0.0058,"lastBolusTime":1703611654000,"time":"2023-12-26T21:19:27.238Z"}},{"iob":0.018,"basaliob":-0.016,"bolussnooze":0,"activity":4.0E-4,"lastBolusTime":1703611654000,"time":"2023-12-26T21:24:27.238Z","iobWithZeroTemp":{"iob":-0.665,"basaliob":-0.699,"bolussnooze":0,"activity":-0.0059,"lastBolusTime":1703611654000,"time":"2023-12-26T21:24:27.238Z"}}],"profile":{"max_iob":7,"type":"current","max_daily_basal":0.45,"max_basal":1.35,"min_bg":81.0000000000001,"max_bg":81.0000000000001,"target_bg":81.0000000000001,"carb_ratio":11,"sens":352.8,"max_daily_safety_multiplier":3,"current_basal_safety_multiplier":4,"lgsThreshold":65,"high_temptarget_raises_sensitivity":false,"low_temptarget_lowers_sensitivity":false,"sensitivity_raises_target":true,"resistance_lowers_target":true,"adv_target_adjustments":false,"exercise_mode":false,"half_basal_exercise_target":160,"maxCOB":120,"skip_neutral_temps":false,"remainingCarbsCap":90,"enableUAM":true,"A52_risk_enable":false,"SMBInterval":4,"enableSMB_with_COB":true,"enableSMB_with_temptarget":false,"allowSMB_with_high_temptarget":true,"enableSMB_always":true,"enableSMB_after_carbs":false,"maxSMBBasalMinutes":60,"maxUAMSMBBasalMinutes":60,"bolus_increment":0.05,"carbsReqThreshold":10,"current_basal":0.4,"temptargetSet":true,"autosens_max":1.2,"autosens_min":0.8,"out_units":"mmol\/L","variable_sens":113.6,"insulinDivisor":65,"TDD":12.094514625},"autosens_data":{"ratio":1.0982743559799666},"meal_data":{"carbs":50,"mealCOB":16.657649659863942,"slopeFromMaxDeviation":-1.874818181818182,"slopeFromMinDeviation":0.07899999999999707,"lastBolusTime":1703611654000,"lastCarbTime":1703605833000},"microBolusAllowed":true,"currentTime":1703611768779,"flatBGsDetected":false,"tdd1D":33.75158333333334,"tdd7D":31.95839285714286,"tddLast24H":35.09908333333334,"tddLast4H":6.9733333333333345,"tddLast8to4H":4.86},"output":{"temp":"absolute","bg":176,"tick":"+0","eventualBG":223,"targetBG":81.0000000000001,"insulinReq":0.11,"deliverAt":"2023-12-26T17:29:28.779Z","sensitivityRatio":1.0982743559799666,"variable_sens":113.6,"predBGs":{"IOB":[176,174,171,169,166,163,160,157,154,150,146,142,138,134,130,126,122,119,116,112,110,107,104,102,99,97,95,93,91,90,88,87,86,84,83,82,81,80,79,78,78,77,76,76,75,75,74],"ZT":[176,169,162,155,148,142,136,130,125,120,115,111,107,104,101,98,96,95,94,93,93,93,93],"COB":[176,174,173,171,170,170,169,169,168,169,169,169,170,171,172,173,174,175,177,178,180,181,183,185,186,188,190,192,194,196,197,199,201,203,205,206,208,210,211,213,214,216,217,218,220,221,222,223],"UAM":[176,172,167,160,154,147,141,135,129,124,118,113,108,103,99,94,90,86,82,78,74,71,67,64,61,58,55,52,49,46,44,42,39]},"reason":"COB: 16.7, Dev: 1.9, BGI: -0.4, ISF: 6.3, CR: 11, Target: 4.5, minPredBG 5.2, minGuardBG 3.8, IOBpredBG 4.1, COBpredBG 12.4, UAMpredBG 2.2; Eventual BG 12.4 >= 4.5,  insulinReq 0.11; setting 30m low temp of 0.23U\/h. Waiting 2m 6s to microbolus again. ","COB":16.657649659863942,"IOB":0.981,"rate":0.23,"duration":30,"timestamp":"2023-12-26T17:29:28.803Z"}}