{"algorithm":"OpenAPSSMBDynamicISFPlugin","input":{"glucoseStatus":{"glucose":109,"noise":0,"delta":5,"short_avgdelta":4.11,"long_avgdelta":4.36,"date":1703630211126},"currenttemp":{"temp":"absolute","duration":10,"rate":0.495,"minutesrunning":5},"iob_data":[{"iob":-0.184,"basaliob":-0.432,"bolussnooze":0,"activity":-0.0012,"lastBolusTime":1703625164000,"time":"2023-12-26T22:37:19.696Z","iobWithZeroTemp":{"iob":-0.184,"basaliob":-0.432,"bolussnooze":0,"activity":-0.0012,"lastBolusTime":1703625164000,"time":"2023-12-26T22:37:19.696Z"}},{"iob":-0.178,"basaliob":-0.407,"bolussnooze":0,"activity":-0.0012,"lastBolusTime":1703625164000,"time":"2023-12-26T22:42:19.696Z","iobWithZeroTemp":{"iob":-0.208,"basaliob":-0.437,"bolussnooze":0,"activity":-0.0012,"lastBolusTime":1703625164000,"time":"2023-12-26T22:42:19.696Z"}},{"iob":-0.171,"basaliob":-0.382,"bolussnooze":0,"activity":-0.0013,"lastBolusTime":1703625164000,"time":"2023-12-26T22:47:19.696Z","iobWithZeroTemp":{"iob":-0.238,"basaliob":-0.449,"bolussnooze":0,"activity":-0.0014,"lastBolusTime":1703625164000,"time":"2023-12-26T22:47:19.696Z"}},{"iob":-0.165,"basaliob":-0.359,"bolussnooze":0,"activity":-0.0014,"lastBolusTime":1703625164000,"time":"2023-12-26T22:52:19.696Z","iobWithZeroTemp":{"iob":-0.269,"basaliob":-0.463,"bolussnooze":0,"activity":-0.0016,"lastBolusTime":1703625164000,"time":"2023-12-26T22:52:19.696Z"}},{"iob":-0.158,"basaliob":-0.336,"bolussnooze":0,"activity":-0.0014,"lastBolusTime":1703625164000,"time":"2023-12-26T22:57:19.696Z","iobWithZeroTemp":{"iob":-0.298,"basaliob":-0.476,"bolussnooze":0,"activity":-0.0018,"lastBolusTime":1703625164000,"time":"2023-12-26T22:57:19.696Z"}},{"iob":-0.151,"basaliob":-0.315,"bolussnooze":0,"activity":-0.0014,"lastBolusTime":1703625164000,"time":"2023-12-26T23:02:19.696Z","iobWithZeroTemp":{"iob":-0.326,"basaliob":-0.49,"bolussnooze":0,"activity":-0.002,"lastBolusTime":1703625164000,"time":"2023-12-26T23:02:19.696Z"}},{"iob":-0.145,"basaliob":-0.295,"bolussnooze":0,"activity":-0.0014,"lastBolusTime":1703625164000,"time":"2023-12-26T23:07:19.696Z","iobWithZeroTemp":{"iob":-0.355,"basaliob":-0.505,"bolussnooze":0,"activity":-0.0022,"lastBolusTime":1703625164000,"time":"2023-12-26T23:07:19.696Z"}},{"iob":-0.137,"basaliob":-0.275,"bolussnooze":0,"activity":-0.0014,"lastBolusTime":1703625164000,"time":"2023-12-26T23:12:19.696Z","iobWithZeroTemp":{"iob":-0.38,"basaliob":-0.518,"bolussnooze":0,"activity":-0.0024,"lastBolusTime":1703625164000,"time":"2023-12-26T23:12:19.696Z"}},{"iob":-0.131,"basaliob":-0.257,"bolussnooze":0,"activity":-0.0014,"lastBolusTime":1703625164000,"time":"2023-12-26T23:17:19.696Z","iobWithZeroTemp":{"iob":-0.406,"basaliob":-0.532,"bolussnooze":0,"activity":-0.0026,"lastBolusTime":1703625164000,"time":"2023-12-26T23:17:19.696Z"}},{"iob":-0.124,"basaliob":-0.24,"bolussnooze":0,"activity":-0.0014,"lastBolusTime":1703625164000,"time":"2023-12-26T23:22:19.696Z","iobWithZeroTemp":{"iob":-0.43,"basaliob":-0.546,"bolussnooze":0,"activity":-0.0029,"lastBolusTime":1703625164000,"time":"2023-12-26T23:22:19.696Z"}},{"iob":-0.117,"basaliob":-0.223,"bolussnooze":0,"activity":-0.0013,"lastBolusTime":1703625164000,"time":"2023-12-26T23:27:19.696Z","iobWithZeroTemp":{"iob":-0.452,"basaliob":-0.558,"bolussnooze":0,"activity":-0.003,"lastBolusTime":1703625164000,"time":"2023-12-26T23:27:19.696Z"}},{"iob":-0.111,"basaliob":-0.208,"bolussnooze":0,"activity":-0.0013,"lastBolusTime":1703625164000,"time":"2023-12-26T23:32:19.696Z","iobWithZeroTemp":{"iob":-0.474,"basaliob":-0.571,"bolussnooze":0,"activity":-0.0033,"lastBolusTime":1703625164000,"time":"2023-12-26T23:32:19.696Z"}},{"iob":-0.105,"basaliob":-0.194,"bolussnooze":0,"activity":-0.0012,"lastBolusTime":1703625164000,"time":"2023-12-26T23:37:19.696Z","iobWithZeroTemp":{"iob":-0.495,"basaliob":-0.584,"bolussnooze":0,"activity":-0.0034,"lastBolusTime":1703625164000,"time":"2023-12-26T23:37:19.696Z"}},{"iob":-0.099,"basaliob":-0.18,"bolussnooze":0,"activity":-0.0011,"lastBolusTime":1703625164000,"time":"2023-12-26T23:42:19.696Z","iobWithZeroTemp":{"iob":-0.515,"basaliob":-0.596,"bolussnooze":0,"activity":-0.0036,"lastBolusTime":1703625164000,"time":"2023-12-26T23:42:19.696Z"}},{"iob":-0.093,"basaliob":-0.167,"bolussnooze":0,"activity":-0.0011,"lastBolusTime":1703625164000,"time":"2023-12-26T23:47:19.696Z","iobWithZeroTemp":{"iob":-0.533,"basaliob":-0.607,"bolussnooze":0,"activity":-0.0038,"lastBolusTime":1703625164000,"time":"2023-12-26T23:47:19.696Z"}},{"iob":-0.088,"basaliob":-0.155,"bolussnooze":0,"activity":-0.001,"lastBolusTime":1703625164000,"time":"2023-12-26T23:52:19.696Z","iobWithZeroTemp":{"iob":-0.551,"basaliob":-0.618,"bolussnooze":0,"activity":-0.004,"lastBolusTime":1703625164000,"time":"2023-12-26T23:52:19.696Z"}},{"iob":-0.083,"basaliob":-0.144,"bolussnooze":0,"activity":-0.001,"lastBolusTime":1703625164000,"time":"2023-12-26T23:57:19.696Z","iobWithZeroTemp":{"iob":-0.568,"basaliob":-0.629,"bolussnooze":0,"activity":-0.0042,"lastBolusTime":1703625164000,"time":"2023-12-26T23:57:19.696Z"}},{"iob":-0.077,"basaliob":-0.133,"bolussnooze":0,"activity":-9.0E-4,"lastBolusTime":1703625164000,"time":"2023-12-27T00:02:19.696Z","iobWithZeroTemp":{"iob":-0.583,"basaliob":-0.639,"bolussnooze":0,"activity":-0.0044,"lastBolusTime":1703625164000,"time":"2023-12-27T00:02:19.696Z"}},{"iob":-0.072,"basaliob":-0.123,"bolussnooze":0,"activity":-9.0E-4,"lastBolusTime":1703625164000,"time":"2023-12-27T00:07:19.696Z","iobWithZeroTemp":{"iob":-0.589,"basaliob":-0.64,"bolussnooze":0,"activity":-0.0046,"lastBolusTime":1703625164000,"time":"2023-12-27T00:07:19.696Z"}},{"iob":-0.068,"basaliob":-0.114,"bolussnooze":0,"activity":-9.0E-4,"lastBolusTime":1703625164000,"time":"2023-12-27T00:12:19.696Z","iobWithZeroTemp":{"iob":-0.596,"basaliob":-0.642,"bolussnooze":0,"activity":-0.0048,"lastBolusTime":1703625164000,"time":"2023-12-27T00:12:19.696Z"}},{"iob":-0.064,"basaliob":-0.106,"bolussnooze":0,"activity":-9.0E-4,"lastBolusTime":1703625164000,"time":"2023-12-27T00:17:19.696Z","iobWithZeroTemp":{"iob":-0.593,"basaliob":-0.635,"bolussnooze":0,"activity":-0.0049,"lastBolusTime":1703625164000,"time":"2023-12-27T00:17:19.696Z"}},{"iob":-0.06,"basaliob":-0.098,"bolussnooze":0,"activity":-9.0E-4,"lastBolusTime":1703625164000,"time":"2023-12-27T00:22:19.696Z","iobWithZeroTemp":{"iob":-0.598,"basaliob":-0.636,"bolussnooze":0,"activity":-0.0051,"lastBolusTime":1703625164000,"time":"2023-12-27T00:22:19.696Z"}},{"iob":-0.056,"basaliob":-0.09,"bolussnooze":0,"activity":-7.0E-4,"lastBolusTime":1703625164000,"time":"2023-12-27T00:27:19.696Z","iobWithZeroTemp":{"iob":-0.602,"basaliob":-0.636,"bolussnooze":0,"activity":-0.0051,"lastBolusTime":1703625164000,"time":"2023-12-27T00:27:19.696Z"}},{"iob":-0.052,"basaliob":-0.083,"bolussnooze":0,"activity":-7.0E-4,"lastBolusTime":1703625164000,"time":"2023-12-27T00:32:19.696Z","iobWithZeroTemp":{"iob":-0.605,"basaliob":-0.636,"bolussnooze":0,"activity":-0.0052,"lastBolusTime":1703625164000,"time":"2023-12-27T00:32:19.696Z"}},{"iob":-0.049,"basaliob":-0.077,"bolussnooze":0,"activity":-7.0E-4,"lastBolusTime":1703625164000,"time":"2023-12-27T00:37:19.696Z","iobWithZeroTemp":{"iob":-0.608,"basaliob":-0.636,"bolussnooze":0,"activity":-0.0053,"lastBolusTime":1703625164000,"time":"2023-12-27T00:37:19.696Z"}},{"iob":-0.046,"basaliob":-0.071,"bolussnooze":0,"activity":-7.0E-4,"lastBolusTime":1703625164000,"time":"2023-12-27T00:42:19.696Z","iobWithZeroTemp":{"iob":-0.611,"basaliob":-0.636,"bolussnooze":0,"activity":-0.0054,"lastBolusTime":1703625164000,"time":"2023-12-27T00:42:19.696Z"}},{"iob":-0.042,"basaliob":-0.065,"bolussnooze":0,"activity":-6.0E-4,"lastBolusTime":1703625164000,"time":"2023-12-27T00:47:19.696Z","iobWithZeroTemp":{"iob":-0.612,"basaliob":-0.635,"bolussnooze":0,"activity":-0.0054,"lastBolusTime":1703625164000,"time":"2023-12-27T00:47:19.696Z"}},{"iob":-0.039,"basaliob":-0.06,"bolussnooze":0,"activity":-6.0E-4,"lastBolusTime":1703625164000,"time":"2023-12-27T00:52:19.696Z","iobWithZeroTemp":{"iob":-0.614,"basaliob":-0.635,"bolussnooze":0,"activity":-0.0055,"lastBolusTime":1703625164000,"time":"2023-12-27T00:52:19.696Z"}},{"iob":-0.036,"basaliob":-0.055,"bolussnooze":0,"activity":-5.0E-4,"lastBolusTime":1703625164000,"time":"2023-12-27T00:57:19.696Z","iobWithZeroTemp":{"iob":-0.616,"basaliob":-0.635,"bolussnooze":0,"activity":-0.0055,"lastBolusTime":1703625164000,"time":"2023-12-27T00:57:19.696Z"}},{"iob":-0.033,"basaliob":-0.05,"bolussnooze":0,"activity":-5.0E-4,"lastBolusTime":1703625164000,"time":"2023-12-27T01:02:19.696Z","iobWithZeroTemp":{"iob":-0.616,"basaliob":-0.633,"bolussnooze":0,"activity":-0.0056,"lastBolusTime":1703625164000,"time":"2023-12-27T01:02:19.696Z"}},{"iob":-0.031,"basaliob":-0.046,"bolussnooze":0,"activity":-5.0E-4,"lastBolusTime":1703625164000,"time":"2023-12-27T01:07:19.696Z","iobWithZeroTemp":{"iob":-0.611,"basaliob":-0.626,"bolussnooze":0,"activity":-0.0057,"lastBolusTime":1703625164000,"time":"2023-12-27T01:07:19.696Z"}},{"iob":-0.03,"basaliob":-0.043,"bolussnooze":0,"activity":-4.0E-4,"lastBolusTime":1703625164000,"time":"2023-12-27T01:12:19.696Z","iobWithZeroTemp":{"iob":-0.607,"basaliob":-0.62,"bolussnooze":0,"activity":-0.0056,"lastBolusTime":1703625164000,"time":"2023-12-27T01:12:19.696Z"}},{"iob":-0.027,"basaliob":-0.039,"bolussnooze":0,"activity":-4.0E-4,"lastBolusTime":1703625164000,"time":"2023-12-27T01:17:19.696Z","iobWithZeroTemp":{"iob":-0.601,"basaliob":-0.613,"bolussnooze":0,"activity":-0.0056,"lastBolusTime":1703625164000,"time":"2023-12-27T01:17:19.696Z"}},{"iob":-0.025,"basaliob":-0.036,"bolussnooze":0,"activity":-4.0E-4,"lastBolusTime":1703625164000,"time":"2023-12-27T01:22:19.696Z","iobWithZeroTemp":{"iob":-0.595,"basaliob":-0.606,"bolussnooze":0,"activity":-0.0057,"lastBolusTime":1703625164000,"time":"2023-12-27T01:22:19.696Z"}},{"iob":-0.023,"basaliob":-0.033,"bolussnooze":0,"activity":-4.0E-4,"lastBolusTime":1703625164000,"time":"2023-12-27T01:27:19.696Z","iobWithZeroTemp":{"iob":-0.583,"basaliob":-0.593,"bolussnooze":0,"activity":-0.0056,"lastBolusTime":1703625164000,"time":"2023-12-27T01:27:19.696Z"}},{"iob":-0.021,"basaliob":-0.03,"bolussnooze":0,"activity":-3.0E-4,"lastBolusTime":1703625164000,"time":"2023-12-27T01:32:19.696Z","iobWithZeroTemp":{"iob":-0.577,"basaliob":-0.586,"bolussnooze":0,"activity":-0.0055,"lastBolusTime":1703625164000,"time":"2023-12-27T01:32:19.696Z"}},{"iob":-0.019,"basaliob":-0.027,"bolussnooze":0,"activity":-3.0E-4,"lastBolusTime":1703625164000,"time":"2023-12-27T01:37:19.696Z","iobWithZeroTemp":{"iob":-0.572,"basaliob":-0.58,"bolussnooze":0,"activity":-0.0055,"lastBolusTime":1703625164000,"time":"2023-12-27T01:37:19.696Z"}},{"iob":-0.018,"basaliob":-0.025,"bolussnooze":0,"activity":-3.0E-4,"lastBolusTime":1703625164000,"time":"2023-12-27T01:42:19.696Z","iobWithZeroTemp":{"iob":-0.567,"basaliob":-0.574,"bolussnooze":0,"activity":-0.0055,"lastBolusTime":1703625164000,"time":"2023-12-27T01:42:19.696Z"}},{"iob":-0.017,"basaliob":-0.023,"bolussnooze":0,"activity":-3.0E-4,"lastBolusTime":1703625164000,"time":"2023-12-27T01:47:19.696Z","iobWithZeroTemp":{"iob":-0.562,"basaliob":-0.568,"bolussnooze":0,"activity":-0.0055,"lastBolusTime":1703625164000,"time":"2023-12-27T01:47:19.696Z"}},{"iob":-0.016,"basaliob":-0.021,"bolussnooze":0,"activity":-3.0E-4,"lastBolusTime":1703625164000,"time":"2023-12-27T01:52:19.696Z","iobWithZeroTemp":{"iob":-0.558,"basaliob":-0.563,"bolussnooze":0,"activity":-0.0055,"lastBolusTime":1703625164000,"time":"2023-12-27T01:52:19.696Z"}},{"iob":-0.014,"basaliob":-0.019,"bolussnooze":0,"activity":-3.0E-4,"lastBolusTime":1703625164000,"time":"2023-12-27T01:57:19.696Z","iobWithZeroTemp":{"iob":-0.552,"basaliob":-0.557,"bolussnooze":0,"activity":-0.0055,"lastBolusTime":1703625164000,"time":"2023-12-27T01:57:19.696Z"}},{"iob":-0.013,"basaliob":-0.017,"bolussnooze":0,"activity":-2.0E-4,"lastBolusTime":1703625164000,"time":"2023-12-27T02:02:19.696Z","iobWithZeroTemp":{"iob":-0.548,"basaliob":-0.552,"bolussnooze":0,"activity":-0.0054,"lastBolusTime":1703625164000,"time":"2023-12-27T02:02:19.696Z"}},{"iob":-0.012,"basaliob":-0.016,"bolussnooze":0,"activity":-2.0E-4,"lastBolusTime":1703625164000,"time":"2023-12-27T02:07:19.696Z","iobWithZeroTemp":{"iob":-0.544,"basaliob":-0.548,"bolussnooze":0,"activity":-0.0054,"lastBolusTime":1703625164000,"time":"2023-12-27T02:07:19.696Z"}},{"iob":-0.011,"basaliob":-0.014,"bolussnooze":0,"activity":-2.0E-4,"lastBolusTime":1703625164000,"time":"2023-12-27T02:12:19.696Z","iobWithZeroTemp":{"iob":-0.539,"basaliob":-0.542,"bolussnooze":0,"activity":-0.0053,"lastBolusTime":1703625164000,"time":"2023-12-27T02:12:19.696Z"}},{"iob":-0.01,"basaliob":-0.013,"bolussnooze":0,"activity":-2.0E-4,"lastBolusTime":1703625164000,"time":"2023-12-27T02:17:19.696Z","iobWithZeroTemp":{"iob":-0.535,"basaliob":-0.538,"bolussnooze":0,"activity":-0.0053,"lastBolusTime":1703625164000,"time":"2023-12-27T02:17:19.696Z"}},{"iob":-0.009,"basaliob":-0.012,"bolussnooze":0,"activity":-1.0E-4,"lastBolusTime":1703625164000,"time":"2023-12-27T02:22:19.696Z","iobWithZeroTemp":{"iob":-0.531,"basaliob":-0.534,"bolussnooze":0,"activity":-0.0052,"lastBolusTime":1703625164000,"time":"2023-12-27T02:22:19.696Z"}},{"iob":-0.009,"basaliob":-0.011,"bolussnooze":0,"activity":-1.0E-4,"lastBolusTime":1703625164000,"time":"2023-12-27T02:27:19.696Z","iobWithZeroTemp":{"iob":-0.529,"basaliob":-0.531,"bolussnooze":0,"activity":-0.0052,"lastBolusTime":1703625164000,"time":"2023-12-27T02:27:19.696Z"}},{"iob":-0.008,"basaliob":-0.01,"bolussnooze":0,"activity":-1.0E-4,"lastBolusTime":1703625164000,"time":"2023-12-27T02:32:19.696Z","iobWithZeroTemp":{"iob":-0.525,"basaliob":-0.527,"bolussnooze":0,"activity":-0.0051,"lastBolusTime":1703625164000,"time":"2023-12-27T02:32:19.696Z"}}],"profile":{"max_iob":7,"type":"current","max_daily_basal":0.45,"max_basal":1.35,"min_bg":106.2,"max_bg":106.2,"target_bg":106.2,"carb_ratio":11,"sens":369,"max_daily_safety_multiplier":3,"current_basal_safety_multiplier":4,"lgsThreshold":65,"high_temptarget_raises_sensitivity":false,"low_temptarget_lowers_sensitivity":false,"sensitivity_raises_target":true,"resistance_lowers_target":true,"adv_target_adjustments":false,"exercise_mode":false,"half_basal_exercise_target":160,"maxCOB":120,"skip_neutral_temps":false,"remainingCarbsCap":90,"enableUAM":true,"A52_risk_enable":false,"SMBInterval":4,"enableSMB_with_COB":true,"enableSMB_with_temptarget":false,"allowSMB_with_high_temptarget":true,"enableSMB_always":true,"enableSMB_after_carbs":false,"maxSMBBasalMinutes":60,"maxUAMSMBBasalMinutes":60,"bolus_increment":0.05,"carbsReqThreshold":10,"current_basal":0.45,"temptargetSet":false,"autosens_max":1.2,"autosens_min":0.8,"out_units":"mmol\/L","variable_sens":201.1,"insulinDivisor":65,"TDD":9.088402083333335},"autosens_data":{"ratio":0.9535925062266776},"meal_data":{"carbs":5,"mealCOB":0,"slopeFromMaxDeviation":-0.9894999999999998,"slopeFromMinDeviation":0.24881818181818185,"lastBolusTime":1703625164000,"lastCarbTime":1703622476000},"microBolusAllowed":true,"currentTime":1703630241814,"flatBGsDetected":false,"tdd1D":30.685750000000006,"tdd7D":32.38752380952381,"tddLast24H":30.884500000000006,"tddLast4H":0.6154166666666667,"tddLast8to4H":6.6933333333333325},"output":{"temp":"absolute","bg":109,"tick":"+5","eventualBG":163,"targetBG":108,"insulinReq":0.09,"deliverAt":"2023-12-26T22:37:21.814Z","sensitivityRatio":0.9535925062266776,"variable_sens":201.1,"predBGs":{"IOB":[109,113,116,120,123,126,129,131,134,136,137,139,140,141,142,143,144,144,145,146,147,147,148,149,149,150,150,151,151,152,152,153,153,153,154,154,154,155,155,155,155,155,156],"ZT":[109,110,111,113,114,116,118],"UAM":[109,112,114,115,117,118,120,121,122,124,125,126,127,128,129,130,131,132,133,134,134,135,136,137,137,138,139,139,140,140,140,141,141,142,142,142,142,143,143,143,144,144,144,144,144,144,145]},"reason":"COB: 0, Dev: 0.9, BGI: 0.1, ISF: 11.2, CR: 11, Target: 6.0, minPredBG 7.1, minGuardBG 6.2, IOBpredBG 8.7, UAMpredBG 8.1; Eventual BG 9.1 >= 6.0,  insulinReq 0.09. temp 0.49 < 0.61U\/hr. ","COB":0,"IOB":-0.184,"duration":30,"rate":0.6091166278020049,"timestamp":"2023-12-26T22:37:21.838Z"}}