{"algorithm":"OpenAPSSMBDynamicISFPlugin","input":{"glucoseStatus":{"glucose":81,"noise":0,"delta":-5,"short_avgdelta":-5.33,"long_avgdelta":-5.44,"date":1703954518186},"currenttemp":{"temp":"absolute","duration":15,"rate":0,"minutesrunning":15},"iob_data":[{"iob":-0.134,"basaliob":-0.542,"bolussnooze":0,"activity":7.0E-4,"lastBolusTime":1703950371000,"time":"2023-12-30T16:42:23.130Z","iobWithZeroTemp":{"iob":-0.134,"basaliob":-0.542,"bolussnooze":0,"activity":7.0E-4,"lastBolusTime":1703950371000,"time":"2023-12-30T16:42:23.130Z"}},{"iob":-0.137,"basaliob":-0.518,"bolussnooze":0,"activity":4.0E-4,"lastBolusTime":1703950371000,"time":"2023-12-30T16:47:23.130Z","iobWithZeroTemp":{"iob":-0.164,"basaliob":-0.545,"bolussnooze":0,"activity":4.0E-4,"lastBolusTime":1703950371000,"time":"2023-12-30T16:47:23.130Z"}},{"iob":-0.138,"basaliob":-0.494,"bolussnooze":0,"activity":1.0E-4,"lastBolusTime":1703950371000,"time":"2023-12-30T16:52:23.130Z","iobWithZeroTemp":{"iob":-0.198,"basaliob":-0.554,"bolussnooze":0,"activity":0,"lastBolusTime":1703950371000,"time":"2023-12-30T16:52:23.130Z"}},{"iob":-0.138,"basaliob":-0.47,"bolussnooze":0,"activity":-1.0E-4,"lastBolusTime":1703950371000,"time":"2023-12-30T16:57:23.130Z","iobWithZeroTemp":{"iob":-0.23,"basaliob":-0.562,"bolussnooze":0,"activity":-3.0E-4,"lastBolusTime":1703950371000,"time":"2023-12-30T16:57:23.130Z"}},{"iob":-0.137,"basaliob":-0.446,"bolussnooze":0,"activity":-3.0E-4,"lastBolusTime":1703950371000,"time":"2023-12-30T17:02:23.130Z","iobWithZeroTemp":{"iob":-0.262,"basaliob":-0.571,"bolussnooze":0,"activity":-6.0E-4,"lastBolusTime":1703950371000,"time":"2023-12-30T17:02:23.130Z"}},{"iob":-0.135,"basaliob":-0.423,"bolussnooze":0,"activity":-5.0E-4,"lastBolusTime":1703950371000,"time":"2023-12-30T17:07:23.130Z","iobWithZeroTemp":{"iob":-0.291,"basaliob":-0.579,"bolussnooze":0,"activity":-0.001,"lastBolusTime":1703950371000,"time":"2023-12-30T17:07:23.130Z"}},{"iob":-0.133,"basaliob":-0.4,"bolussnooze":0,"activity":-6.0E-4,"lastBolusTime":1703950371000,"time":"2023-12-30T17:12:23.130Z","iobWithZeroTemp":{"iob":-0.319,"basaliob":-0.586,"bolussnooze":0,"activity":-0.0013,"lastBolusTime":1703950371000,"time":"2023-12-30T17:12:23.130Z"}},{"iob":-0.129,"basaliob":-0.378,"bolussnooze":0,"activity":-7.0E-4,"lastBolusTime":1703950371000,"time":"2023-12-30T17:17:23.130Z","iobWithZeroTemp":{"iob":-0.345,"basaliob":-0.594,"bolussnooze":0,"activity":-0.0016,"lastBolusTime":1703950371000,"time":"2023-12-30T17:17:23.130Z"}},{"iob":-0.125,"basaliob":-0.356,"bolussnooze":0,"activity":-8.0E-4,"lastBolusTime":1703950371000,"time":"2023-12-30T17:22:23.130Z","iobWithZeroTemp":{"iob":-0.369,"basaliob":-0.6,"bolussnooze":0,"activity":-0.0019,"lastBolusTime":1703950371000,"time":"2023-12-30T17:22:23.130Z"}},{"iob":-0.122,"basaliob":-0.336,"bolussnooze":0,"activity":-9.0E-4,"lastBolusTime":1703950371000,"time":"2023-12-30T17:27:23.130Z","iobWithZeroTemp":{"iob":-0.394,"basaliob":-0.608,"bolussnooze":0,"activity":-0.0022,"lastBolusTime":1703950371000,"time":"2023-12-30T17:27:23.130Z"}},{"iob":-0.117,"basaliob":-0.316,"bolussnooze":0,"activity":-9.0E-4,"lastBolusTime":1703950371000,"time":"2023-12-30T17:32:23.130Z","iobWithZeroTemp":{"iob":-0.415,"basaliob":-0.614,"bolussnooze":0,"activity":-0.0024,"lastBolusTime":1703950371000,"time":"2023-12-30T17:32:23.130Z"}},{"iob":-0.113,"basaliob":-0.297,"bolussnooze":0,"activity":-9.0E-4,"lastBolusTime":1703950371000,"time":"2023-12-30T17:37:23.130Z","iobWithZeroTemp":{"iob":-0.436,"basaliob":-0.62,"bolussnooze":0,"activity":-0.0027,"lastBolusTime":1703950371000,"time":"2023-12-30T17:37:23.130Z"}},{"iob":-0.108,"basaliob":-0.278,"bolussnooze":0,"activity":-0.001,"lastBolusTime":1703950371000,"time":"2023-12-30T17:42:23.130Z","iobWithZeroTemp":{"iob":-0.455,"basaliob":-0.625,"bolussnooze":0,"activity":-0.003,"lastBolusTime":1703950371000,"time":"2023-12-30T17:42:23.130Z"}},{"iob":-0.103,"basaliob":-0.261,"bolussnooze":0,"activity":-9.0E-4,"lastBolusTime":1703950371000,"time":"2023-12-30T17:47:23.130Z","iobWithZeroTemp":{"iob":-0.473,"basaliob":-0.631,"bolussnooze":0,"activity":-0.0031,"lastBolusTime":1703950371000,"time":"2023-12-30T17:47:23.130Z"}},{"iob":-0.098,"basaliob":-0.244,"bolussnooze":0,"activity":-9.0E-4,"lastBolusTime":1703950371000,"time":"2023-12-30T17:52:23.130Z","iobWithZeroTemp":{"iob":-0.489,"basaliob":-0.635,"bolussnooze":0,"activity":-0.0033,"lastBolusTime":1703950371000,"time":"2023-12-30T17:52:23.130Z"}},{"iob":-0.093,"basaliob":-0.228,"bolussnooze":0,"activity":-0.001,"lastBolusTime":1703950371000,"time":"2023-12-30T17:57:23.130Z","iobWithZeroTemp":{"iob":-0.505,"basaliob":-0.64,"bolussnooze":0,"activity":-0.0037,"lastBolusTime":1703950371000,"time":"2023-12-30T17:57:23.130Z"}},{"iob":-0.089,"basaliob":-0.213,"bolussnooze":0,"activity":-9.0E-4,"lastBolusTime":1703950371000,"time":"2023-12-30T18:02:23.130Z","iobWithZeroTemp":{"iob":-0.52,"basaliob":-0.644,"bolussnooze":0,"activity":-0.0038,"lastBolusTime":1703950371000,"time":"2023-12-30T18:02:23.130Z"}},{"iob":-0.084,"basaliob":-0.199,"bolussnooze":0,"activity":-9.0E-4,"lastBolusTime":1703950371000,"time":"2023-12-30T18:07:23.130Z","iobWithZeroTemp":{"iob":-0.534,"basaliob":-0.649,"bolussnooze":0,"activity":-0.004,"lastBolusTime":1703950371000,"time":"2023-12-30T18:07:23.130Z"}},{"iob":-0.08,"basaliob":-0.186,"bolussnooze":0,"activity":-9.0E-4,"lastBolusTime":1703950371000,"time":"2023-12-30T18:12:23.130Z","iobWithZeroTemp":{"iob":-0.547,"basaliob":-0.653,"bolussnooze":0,"activity":-0.0042,"lastBolusTime":1703950371000,"time":"2023-12-30T18:12:23.130Z"}},{"iob":-0.076,"basaliob":-0.173,"bolussnooze":0,"activity":-9.0E-4,"lastBolusTime":1703950371000,"time":"2023-12-30T18:17:23.130Z","iobWithZeroTemp":{"iob":-0.56,"basaliob":-0.657,"bolussnooze":0,"activity":-0.0044,"lastBolusTime":1703950371000,"time":"2023-12-30T18:17:23.130Z"}},{"iob":-0.071,"basaliob":-0.161,"bolussnooze":0,"activity":-8.0E-4,"lastBolusTime":1703950371000,"time":"2023-12-30T18:22:23.130Z","iobWithZeroTemp":{"iob":-0.57,"basaliob":-0.66,"bolussnooze":0,"activity":-0.0045,"lastBolusTime":1703950371000,"time":"2023-12-30T18:22:23.130Z"}},{"iob":-0.068,"basaliob":-0.15,"bolussnooze":0,"activity":-8.0E-4,"lastBolusTime":1703950371000,"time":"2023-12-30T18:27:23.130Z","iobWithZeroTemp":{"iob":-0.582,"basaliob":-0.664,"bolussnooze":0,"activity":-0.0047,"lastBolusTime":1703950371000,"time":"2023-12-30T18:27:23.130Z"}},{"iob":-0.063,"basaliob":-0.139,"bolussnooze":0,"activity":-7.0E-4,"lastBolusTime":1703950371000,"time":"2023-12-30T18:32:23.130Z","iobWithZeroTemp":{"iob":-0.59,"basaliob":-0.666,"bolussnooze":0,"activity":-0.0047,"lastBolusTime":1703950371000,"time":"2023-12-30T18:32:23.130Z"}},{"iob":-0.059,"basaliob":-0.129,"bolussnooze":0,"activity":-7.0E-4,"lastBolusTime":1703950371000,"time":"2023-12-30T18:37:23.130Z","iobWithZeroTemp":{"iob":-0.599,"basaliob":-0.669,"bolussnooze":0,"activity":-0.0049,"lastBolusTime":1703950371000,"time":"2023-12-30T18:37:23.130Z"}},{"iob":-0.056,"basaliob":-0.12,"bolussnooze":0,"activity":-7.0E-4,"lastBolusTime":1703950371000,"time":"2023-12-30T18:42:23.130Z","iobWithZeroTemp":{"iob":-0.608,"basaliob":-0.672,"bolussnooze":0,"activity":-0.005,"lastBolusTime":1703950371000,"time":"2023-12-30T18:42:23.130Z"}},{"iob":-0.052,"basaliob":-0.111,"bolussnooze":0,"activity":-7.0E-4,"lastBolusTime":1703950371000,"time":"2023-12-30T18:47:23.130Z","iobWithZeroTemp":{"iob":-0.615,"basaliob":-0.674,"bolussnooze":0,"activity":-0.0052,"lastBolusTime":1703950371000,"time":"2023-12-30T18:47:23.130Z"}},{"iob":-0.049,"basaliob":-0.103,"bolussnooze":0,"activity":-7.0E-4,"lastBolusTime":1703950371000,"time":"2023-12-30T18:52:23.130Z","iobWithZeroTemp":{"iob":-0.623,"basaliob":-0.677,"bolussnooze":0,"activity":-0.0053,"lastBolusTime":1703950371000,"time":"2023-12-30T18:52:23.130Z"}},{"iob":-0.046,"basaliob":-0.095,"bolussnooze":0,"activity":-6.0E-4,"lastBolusTime":1703950371000,"time":"2023-12-30T18:57:23.130Z","iobWithZeroTemp":{"iob":-0.63,"basaliob":-0.679,"bolussnooze":0,"activity":-0.0054,"lastBolusTime":1703950371000,"time":"2023-12-30T18:57:23.130Z"}},{"iob":-0.043,"basaliob":-0.088,"bolussnooze":0,"activity":-6.0E-4,"lastBolusTime":1703950371000,"time":"2023-12-30T19:02:23.130Z","iobWithZeroTemp":{"iob":-0.636,"basaliob":-0.681,"bolussnooze":0,"activity":-0.0055,"lastBolusTime":1703950371000,"time":"2023-12-30T19:02:23.130Z"}},{"iob":-0.041,"basaliob":-0.082,"bolussnooze":0,"activity":-6.0E-4,"lastBolusTime":1703950371000,"time":"2023-12-30T19:07:23.130Z","iobWithZeroTemp":{"iob":-0.642,"basaliob":-0.683,"bolussnooze":0,"activity":-0.0056,"lastBolusTime":1703950371000,"time":"2023-12-30T19:07:23.130Z"}},{"iob":-0.037,"basaliob":-0.075,"bolussnooze":0,"activity":-5.0E-4,"lastBolusTime":1703950371000,"time":"2023-12-30T19:12:23.130Z","iobWithZeroTemp":{"iob":-0.646,"basaliob":-0.684,"bolussnooze":0,"activity":-0.0056,"lastBolusTime":1703950371000,"time":"2023-12-30T19:12:23.130Z"}},{"iob":-0.036,"basaliob":-0.07,"bolussnooze":0,"activity":-5.0E-4,"lastBolusTime":1703950371000,"time":"2023-12-30T19:17:23.130Z","iobWithZeroTemp":{"iob":-0.653,"basaliob":-0.687,"bolussnooze":0,"activity":-0.0057,"lastBolusTime":1703950371000,"time":"2023-12-30T19:17:23.130Z"}},{"iob":-0.033,"basaliob":-0.064,"bolussnooze":0,"activity":-4.0E-4,"lastBolusTime":1703950371000,"time":"2023-12-30T19:22:23.130Z","iobWithZeroTemp":{"iob":-0.657,"basaliob":-0.688,"bolussnooze":0,"activity":-0.0057,"lastBolusTime":1703950371000,"time":"2023-12-30T19:22:23.130Z"}},{"iob":-0.03,"basaliob":-0.059,"bolussnooze":0,"activity":-5.0E-4,"lastBolusTime":1703950371000,"time":"2023-12-30T19:27:23.130Z","iobWithZeroTemp":{"iob":-0.66,"basaliob":-0.689,"bolussnooze":0,"activity":-0.0059,"lastBolusTime":1703950371000,"time":"2023-12-30T19:27:23.130Z"}},{"iob":-0.029,"basaliob":-0.055,"bolussnooze":0,"activity":-4.0E-4,"lastBolusTime":1703950371000,"time":"2023-12-30T19:32:23.130Z","iobWithZeroTemp":{"iob":-0.665,"basaliob":-0.691,"bolussnooze":0,"activity":-0.0059,"lastBolusTime":1703950371000,"time":"2023-12-30T19:32:23.130Z"}},{"iob":-0.026,"basaliob":-0.05,"bolussnooze":0,"activity":-4.0E-4,"lastBolusTime":1703950371000,"time":"2023-12-30T19:37:23.130Z","iobWithZeroTemp":{"iob":-0.668,"basaliob":-0.692,"bolussnooze":0,"activity":-0.006,"lastBolusTime":1703950371000,"time":"2023-12-30T19:37:23.130Z"}},{"iob":-0.025,"basaliob":-0.046,"bolussnooze":0,"activity":-4.0E-4,"lastBolusTime":1703950371000,"time":"2023-12-30T19:42:23.130Z","iobWithZeroTemp":{"iob":-0.672,"basaliob":-0.693,"bolussnooze":0,"activity":-0.0061,"lastBolusTime":1703950371000,"time":"2023-12-30T19:42:23.130Z"}},{"iob":-0.022,"basaliob":-0.042,"bolussnooze":0,"activity":-3.0E-4,"lastBolusTime":1703950371000,"time":"2023-12-30T19:47:23.130Z","iobWithZeroTemp":{"iob":-0.673,"basaliob":-0.693,"bolussnooze":0,"activity":-0.0061,"lastBolusTime":1703950371000,"time":"2023-12-30T19:47:23.130Z"}},{"iob":-0.021,"basaliob":-0.039,"bolussnooze":0,"activity":-4.0E-4,"lastBolusTime":1703950371000,"time":"2023-12-30T19:52:23.130Z","iobWithZeroTemp":{"iob":-0.677,"basaliob":-0.695,"bolussnooze":0,"activity":-0.0062,"lastBolusTime":1703950371000,"time":"2023-12-30T19:52:23.130Z"}},{"iob":-0.02,"basaliob":-0.036,"bolussnooze":0,"activity":-3.0E-4,"lastBolusTime":1703950371000,"time":"2023-12-30T19:57:23.130Z","iobWithZeroTemp":{"iob":-0.68,"basaliob":-0.696,"bolussnooze":0,"activity":-0.0062,"lastBolusTime":1703950371000,"time":"2023-12-30T19:57:23.130Z"}},{"iob":-0.018,"basaliob":-0.033,"bolussnooze":0,"activity":-3.0E-4,"lastBolusTime":1703950371000,"time":"2023-12-30T20:02:23.130Z","iobWithZeroTemp":{"iob":-0.682,"basaliob":-0.697,"bolussnooze":0,"activity":-0.0062,"lastBolusTime":1703950371000,"time":"2023-12-30T20:02:23.130Z"}},{"iob":-0.017,"basaliob":-0.03,"bolussnooze":0,"activity":-2.0E-4,"lastBolusTime":1703950371000,"time":"2023-12-30T20:07:23.130Z","iobWithZeroTemp":{"iob":-0.684,"basaliob":-0.697,"bolussnooze":0,"activity":-0.0062,"lastBolusTime":1703950371000,"time":"2023-12-30T20:07:23.130Z"}},{"iob":-0.016,"basaliob":-0.028,"bolussnooze":0,"activity":-3.0E-4,"lastBolusTime":1703950371000,"time":"2023-12-30T20:12:23.130Z","iobWithZeroTemp":{"iob":-0.686,"basaliob":-0.698,"bolussnooze":0,"activity":-0.0064,"lastBolusTime":1703950371000,"time":"2023-12-30T20:12:23.130Z"}},{"iob":-0.014,"basaliob":-0.025,"bolussnooze":0,"activity":-2.0E-4,"lastBolusTime":1703950371000,"time":"2023-12-30T20:17:23.130Z","iobWithZeroTemp":{"iob":-0.687,"basaliob":-0.698,"bolussnooze":0,"activity":-0.0063,"lastBolusTime":1703950371000,"time":"2023-12-30T20:17:23.130Z"}},{"iob":-0.013,"basaliob":-0.023,"bolussnooze":0,"activity":-2.0E-4,"lastBolusTime":1703950371000,"time":"2023-12-30T20:22:23.130Z","iobWithZeroTemp":{"iob":-0.689,"basaliob":-0.699,"bolussnooze":0,"activity":-0.0063,"lastBolusTime":1703950371000,"time":"2023-12-30T20:22:23.130Z"}},{"iob":-0.012,"basaliob":-0.021,"bolussnooze":0,"activity":-2.0E-4,"lastBolusTime":1703950371000,"time":"2023-12-30T20:27:23.130Z","iobWithZeroTemp":{"iob":-0.69,"basaliob":-0.699,"bolussnooze":0,"activity":-0.0064,"lastBolusTime":1703950371000,"time":"2023-12-30T20:27:23.130Z"}},{"iob":-0.011,"basaliob":-0.019,"bolussnooze":0,"activity":-2.0E-4,"lastBolusTime":1703950371000,"time":"2023-12-30T20:32:23.130Z","iobWithZeroTemp":{"iob":-0.692,"basaliob":-0.7,"bolussnooze":0,"activity":-0.0064,"lastBolusTime":1703950371000,"time":"2023-12-30T20:32:23.130Z"}},{"iob":-0.011,"basaliob":-0.018,"bolussnooze":0,"activity":-1.0E-4,"lastBolusTime":1703950371000,"time":"2023-12-30T20:37:23.130Z","iobWithZeroTemp":{"iob":-0.694,"basaliob":-0.701,"bolussnooze":0,"activity":-0.0064,"lastBolusTime":1703950371000,"time":"2023-12-30T20:37:23.130Z"}}],"profile":{"max_iob":7,"type":"current","max_daily_basal":0.45,"max_basal":1.35,"min_bg":143.99999999999991,"max_bg":143.99999999999991,"target_bg":143.99999999999991,"carb_ratio":11,"sens":352.8,"max_daily_safety_multiplier":3,"current_basal_safety_multiplier":4,"lgsThreshold":65,"high_temptarget_raises_sensitivity":false,"low_temptarget_lowers_sensitivity":false,"sensitivity_raises_target":true,"resistance_lowers_target":true,"adv_target_adjustments":false,"exercise_mode":false,"half_basal_exercise_target":160,"maxCOB":120,"skip_neutral_temps":false,"remainingCarbsCap":90,"enableUAM":true,"A52_risk_enable":false,"SMBInterval":4,"enableSMB_with_COB":true,"enableSMB_with_temptarget":false,"allowSMB_with_high_temptarget":true,"enableSMB_always":true,"enableSMB_after_carbs":false,"maxSMBBasalMinutes":60,"maxUAMSMBBasalMinutes":60,"bolus_increment":0.05,"carbsReqThreshold":10,"current_basal":0.4,"temptargetSet":true,"autosens_max":1.2,"autosens_min":0.8,"out_units":"mmol\/L","variable_sens":297.4,"insulinDivisor":65,"TDD":7.480213291666668},"autosens_data":{"ratio":0.841519427462621},"meal_data":{"carbs":0,"mealCOB":2.1316282072803006E-14,"slopeFromMaxDeviation":-1.1845762711864405,"slopeFromMinDeviation":0,"lastBolusTime":1703950371000,"lastCarbTime":0},"microBolusAllowed":true,"currentTime":1703954545415,"flatBGsDetected":false,"tdd1D":25.347250000000006,"tdd7D":27.29536904761905,"tddLast24H":22.96958333333333,"tddLast4H":2.0033333333333334,"tddLast8to4H":1.5999999999999999},"output":{"temp":"absolute","bg":81,"tick":-5,"eventualBG":96,"targetBG":143.99999999999991,"insulinReq":0,"deliverAt":"2023-12-30T16:42:25.415Z","sensitivityRatio":0.841519427462621,"variable_sens":297.4,"predBGs":{"IOB":[81,76,72,68,66,64,62,62,62,62,63,64,66,67,69,70,72,74,75,76,78,79,80,81,82,83,84,85,86,87,88,89,89,90,91,91,92,92,93,93,94,94,94,95,95,95,95,96],"ZT":[81,80,79,79,80,81,82,84,86,89,92,95,99,103,107,111,115,120,125,129,134,139],"COB":[81,76,72,68,66,64,62,61,61,61,62,63,64,66,67,68,70,71,72,74,75,76,77,78,80,81,82,83,84,84,85,86,87,87,88,89,89,90,90,91,91,92,92,93,93,93,93,94],"UAM":[81,76,72,68,66,64,62,62,62,62,63,64,66,67,69,70,72,74,75,76,78,79,80,81,82,83,84,85,86,87,88,89,89,90,91,91,92,92,93,93,94,94,94,95,95,95,95,96]},"reason":"COB: 0, Dev: -1.4, BGI: -0.1, ISF: 16.5, CR: 11, Target: 8.0, minPredBG NaN, minGuardBG NaN, IOBpredBG 5.3, COBpredBG 5.2, UAMpredBG 5.3; minGuardBG NaN<5.1","COB":2.1316282072803006E-14,"IOB":-0.134,"duration":null,"rate":0,"timestamp":"2023-12-30T16:42:25.443Z"}}