{"algorithm":"OpenAPSSMBDynamicISFPlugin","input":{"glucoseStatus":{"glucose":145,"noise":0,"delta":-5,"short_avgdelta":-5.39,"long_avgdelta":-0.27,"date":1703933518238},"currenttemp":{"temp":"absolute","duration":25,"rate":0,"minutesrunning":95},"iob_data":[{"iob":1.429,"basaliob":-0.649,"bolussnooze":0.0744,"activity":0.0186,"lastBolusTime":1703932347000,"time":"2023-12-30T10:52:25.924Z","iobWithZeroTemp":{"iob":1.429,"basaliob":-0.649,"bolussnooze":0.0744,"activity":0.0186,"lastBolusTime":1703932347000,"time":"2023-12-30T10:52:25.924Z"}},{"iob":1.338,"basaliob":-0.62,"bolussnooze":0.0615,"activity":0.0177,"lastBolusTime":1703932347000,"time":"2023-12-30T10:57:25.924Z","iobWithZeroTemp":{"iob":1.311,"basaliob":-0.647,"bolussnooze":0.0615,"activity":0.0177,"lastBolusTime":1703932347000,"time":"2023-12-30T10:57:25.924Z"}},{"iob":1.252,"basaliob":-0.591,"bolussnooze":0.0507,"activity":0.0168,"lastBolusTime":1703932347000,"time":"2023-12-30T11:02:25.924Z","iobWithZeroTemp":{"iob":1.192,"basaliob":-0.651,"bolussnooze":0.0507,"activity":0.0167,"lastBolusTime":1703932347000,"time":"2023-12-30T11:02:25.924Z"}},{"iob":1.17,"basaliob":-0.562,"bolussnooze":0.0416,"activity":0.016,"lastBolusTime":1703932347000,"time":"2023-12-30T11:07:25.924Z","iobWithZeroTemp":{"iob":1.078,"basaliob":-0.654,"bolussnooze":0.0416,"activity":0.0158,"lastBolusTime":1703932347000,"time":"2023-12-30T11:07:25.924Z"}},{"iob":1.092,"basaliob":-0.534,"bolussnooze":0.034,"activity":0.0151,"lastBolusTime":1703932347000,"time":"2023-12-30T11:12:25.924Z","iobWithZeroTemp":{"iob":0.967,"basaliob":-0.659,"bolussnooze":0.034,"activity":0.0148,"lastBolusTime":1703932347000,"time":"2023-12-30T11:12:25.924Z"}},{"iob":1.019,"basaliob":-0.506,"bolussnooze":0.0276,"activity":0.0143,"lastBolusTime":1703932347000,"time":"2023-12-30T11:17:25.924Z","iobWithZeroTemp":{"iob":0.863,"basaliob":-0.662,"bolussnooze":0.0276,"activity":0.0138,"lastBolusTime":1703932347000,"time":"2023-12-30T11:17:25.924Z"}},{"iob":0.95,"basaliob":-0.478,"bolussnooze":0.0223,"activity":0.0135,"lastBolusTime":1703932347000,"time":"2023-12-30T11:22:25.924Z","iobWithZeroTemp":{"iob":0.764,"basaliob":-0.664,"bolussnooze":0.0223,"activity":0.0128,"lastBolusTime":1703932347000,"time":"2023-12-30T11:22:25.924Z"}},{"iob":0.884,"basaliob":-0.452,"bolussnooze":0.018,"activity":0.0127,"lastBolusTime":1703932347000,"time":"2023-12-30T11:27:25.924Z","iobWithZeroTemp":{"iob":0.668,"basaliob":-0.668,"bolussnooze":0.018,"activity":0.0118,"lastBolusTime":1703932347000,"time":"2023-12-30T11:27:25.924Z"}},{"iob":0.823,"basaliob":-0.426,"bolussnooze":0.0144,"activity":0.012,"lastBolusTime":1703932347000,"time":"2023-12-30T11:32:25.924Z","iobWithZeroTemp":{"iob":0.579,"basaliob":-0.67,"bolussnooze":0.0144,"activity":0.0109,"lastBolusTime":1703932347000,"time":"2023-12-30T11:32:25.924Z"}},{"iob":0.764,"basaliob":-0.402,"bolussnooze":0.0114,"activity":0.0112,"lastBolusTime":1703932347000,"time":"2023-12-30T11:37:25.924Z","iobWithZeroTemp":{"iob":0.492,"basaliob":-0.674,"bolussnooze":0.0114,"activity":0.0099,"lastBolusTime":1703932347000,"time":"2023-12-30T11:37:25.924Z"}},{"iob":0.71,"basaliob":-0.378,"bolussnooze":0.009,"activity":0.0105,"lastBolusTime":1703932347000,"time":"2023-12-30T11:42:25.924Z","iobWithZeroTemp":{"iob":0.412,"basaliob":-0.676,"bolussnooze":0.009,"activity":0.009,"lastBolusTime":1703932347000,"time":"2023-12-30T11:42:25.924Z"}},{"iob":0.659,"basaliob":-0.355,"bolussnooze":0.007,"activity":0.0099,"lastBolusTime":1703932347000,"time":"2023-12-30T11:47:25.924Z","iobWithZeroTemp":{"iob":0.336,"basaliob":-0.678,"bolussnooze":0.007,"activity":0.0081,"lastBolusTime":1703932347000,"time":"2023-12-30T11:47:25.924Z"}},{"iob":0.611,"basaliob":-0.333,"bolussnooze":0.0054,"activity":0.0092,"lastBolusTime":1703932347000,"time":"2023-12-30T11:52:25.924Z","iobWithZeroTemp":{"iob":0.264,"basaliob":-0.68,"bolussnooze":0.0054,"activity":0.0072,"lastBolusTime":1703932347000,"time":"2023-12-30T11:52:25.924Z"}},{"iob":0.566,"basaliob":-0.312,"bolussnooze":0.0041,"activity":0.0087,"lastBolusTime":1703932347000,"time":"2023-12-30T11:57:25.924Z","iobWithZeroTemp":{"iob":0.196,"basaliob":-0.682,"bolussnooze":0.0041,"activity":0.0065,"lastBolusTime":1703932347000,"time":"2023-12-30T11:57:25.924Z"}},{"iob":0.524,"basaliob":-0.292,"bolussnooze":0.0031,"activity":0.0081,"lastBolusTime":1703932347000,"time":"2023-12-30T12:02:25.924Z","iobWithZeroTemp":{"iob":0.133,"basaliob":-0.683,"bolussnooze":0.0031,"activity":0.0057,"lastBolusTime":1703932347000,"time":"2023-12-30T12:02:25.924Z"}},{"iob":0.485,"basaliob":-0.273,"bolussnooze":0.0023,"activity":0.0076,"lastBolusTime":1703932347000,"time":"2023-12-30T12:07:25.924Z","iobWithZeroTemp":{"iob":0.073,"basaliob":-0.685,"bolussnooze":0.0023,"activity":0.0049,"lastBolusTime":1703932347000,"time":"2023-12-30T12:07:25.924Z"}},{"iob":0.449,"basaliob":-0.255,"bolussnooze":0.0017,"activity":0.0071,"lastBolusTime":1703932347000,"time":"2023-12-30T12:12:25.924Z","iobWithZeroTemp":{"iob":0.018,"basaliob":-0.686,"bolussnooze":0.0017,"activity":0.0042,"lastBolusTime":1703932347000,"time":"2023-12-30T12:12:25.924Z"}},{"iob":0.415,"basaliob":-0.238,"bolussnooze":0.0012,"activity":0.0066,"lastBolusTime":1703932347000,"time":"2023-12-30T12:17:25.924Z","iobWithZeroTemp":{"iob":-0.035,"basaliob":-0.688,"bolussnooze":0.0012,"activity":0.0035,"lastBolusTime":1703932347000,"time":"2023-12-30T12:17:25.924Z"}},{"iob":0.383,"basaliob":-0.222,"bolussnooze":9.0E-4,"activity":0.0062,"lastBolusTime":1703932347000,"time":"2023-12-30T12:22:25.924Z","iobWithZeroTemp":{"iob":-0.084,"basaliob":-0.689,"bolussnooze":9.0E-4,"activity":0.0029,"lastBolusTime":1703932347000,"time":"2023-12-30T12:22:25.924Z"}},{"iob":0.353,"basaliob":-0.207,"bolussnooze":6.0E-4,"activity":0.0058,"lastBolusTime":1703932347000,"time":"2023-12-30T12:27:25.924Z","iobWithZeroTemp":{"iob":-0.131,"basaliob":-0.691,"bolussnooze":6.0E-4,"activity":0.0023,"lastBolusTime":1703932347000,"time":"2023-12-30T12:27:25.924Z"}},{"iob":0.325,"basaliob":-0.193,"bolussnooze":4.0E-4,"activity":0.0053,"lastBolusTime":1703932347000,"time":"2023-12-30T12:32:25.924Z","iobWithZeroTemp":{"iob":-0.174,"basaliob":-0.692,"bolussnooze":4.0E-4,"activity":0.0016,"lastBolusTime":1703932347000,"time":"2023-12-30T12:32:25.924Z"}},{"iob":0.299,"basaliob":-0.18,"bolussnooze":3.0E-4,"activity":0.005,"lastBolusTime":1703932347000,"time":"2023-12-30T12:37:25.924Z","iobWithZeroTemp":{"iob":-0.215,"basaliob":-0.694,"bolussnooze":3.0E-4,"activity":0.0011,"lastBolusTime":1703932347000,"time":"2023-12-30T12:37:25.924Z"}},{"iob":0.275,"basaliob":-0.167,"bolussnooze":2.0E-4,"activity":0.0045,"lastBolusTime":1703932347000,"time":"2023-12-30T12:42:25.924Z","iobWithZeroTemp":{"iob":-0.252,"basaliob":-0.694,"bolussnooze":2.0E-4,"activity":5.0E-4,"lastBolusTime":1703932347000,"time":"2023-12-30T12:42:25.924Z"}},{"iob":0.253,"basaliob":-0.155,"bolussnooze":1.0E-4,"activity":0.0043,"lastBolusTime":1703932347000,"time":"2023-12-30T12:47:25.924Z","iobWithZeroTemp":{"iob":-0.287,"basaliob":-0.695,"bolussnooze":1.0E-4,"activity":1.0E-4,"lastBolusTime":1703932347000,"time":"2023-12-30T12:47:25.924Z"}},{"iob":0.233,"basaliob":-0.144,"bolussnooze":0,"activity":0.0039,"lastBolusTime":1703932347000,"time":"2023-12-30T12:52:25.924Z","iobWithZeroTemp":{"iob":-0.319,"basaliob":-0.696,"bolussnooze":0,"activity":-4.0E-4,"lastBolusTime":1703932347000,"time":"2023-12-30T12:52:25.924Z"}},{"iob":0.214,"basaliob":-0.133,"bolussnooze":0,"activity":0.0037,"lastBolusTime":1703932347000,"time":"2023-12-30T12:57:25.924Z","iobWithZeroTemp":{"iob":-0.349,"basaliob":-0.696,"bolussnooze":0,"activity":-8.0E-4,"lastBolusTime":1703932347000,"time":"2023-12-30T12:57:25.924Z"}},{"iob":0.196,"basaliob":-0.124,"bolussnooze":0,"activity":0.0034,"lastBolusTime":1703932347000,"time":"2023-12-30T13:02:25.924Z","iobWithZeroTemp":{"iob":-0.378,"basaliob":-0.698,"bolussnooze":0,"activity":-0.0012,"lastBolusTime":1703932347000,"time":"2023-12-30T13:02:25.924Z"}},{"iob":0.18,"basaliob":-0.114,"bolussnooze":0,"activity":0.0031,"lastBolusTime":1703932347000,"time":"2023-12-30T13:07:25.924Z","iobWithZeroTemp":{"iob":-0.404,"basaliob":-0.698,"bolussnooze":0,"activity":-0.0017,"lastBolusTime":1703932347000,"time":"2023-12-30T13:07:25.924Z"}},{"iob":0.165,"basaliob":-0.106,"bolussnooze":0,"activity":0.0028,"lastBolusTime":1703932347000,"time":"2023-12-30T13:12:25.924Z","iobWithZeroTemp":{"iob":-0.428,"basaliob":-0.699,"bolussnooze":0,"activity":-0.0021,"lastBolusTime":1703932347000,"time":"2023-12-30T13:12:25.924Z"}},{"iob":0.151,"basaliob":-0.098,"bolussnooze":0,"activity":0.0027,"lastBolusTime":1703932347000,"time":"2023-12-30T13:17:25.924Z","iobWithZeroTemp":{"iob":-0.45,"basaliob":-0.699,"bolussnooze":0,"activity":-0.0023,"lastBolusTime":1703932347000,"time":"2023-12-30T13:17:25.924Z"}},{"iob":0.139,"basaliob":-0.09,"bolussnooze":0,"activity":0.0025,"lastBolusTime":1703932347000,"time":"2023-12-30T13:22:25.924Z","iobWithZeroTemp":{"iob":-0.47,"basaliob":-0.699,"bolussnooze":0,"activity":-0.0026,"lastBolusTime":1703932347000,"time":"2023-12-30T13:22:25.924Z"}},{"iob":0.127,"basaliob":-0.083,"bolussnooze":0,"activity":0.0023,"lastBolusTime":1703932347000,"time":"2023-12-30T13:27:25.924Z","iobWithZeroTemp":{"iob":-0.49,"basaliob":-0.7,"bolussnooze":0,"activity":-0.0029,"lastBolusTime":1703932347000,"time":"2023-12-30T13:27:25.924Z"}},{"iob":0.115,"basaliob":-0.077,"bolussnooze":0,"activity":0.0021,"lastBolusTime":1703932347000,"time":"2023-12-30T13:32:25.924Z","iobWithZeroTemp":{"iob":-0.509,"basaliob":-0.701,"bolussnooze":0,"activity":-0.0032,"lastBolusTime":1703932347000,"time":"2023-12-30T13:32:25.924Z"}},{"iob":0.105,"basaliob":-0.071,"bolussnooze":0,"activity":0.0019,"lastBolusTime":1703932347000,"time":"2023-12-30T13:37:25.924Z","iobWithZeroTemp":{"iob":-0.525,"basaliob":-0.701,"bolussnooze":0,"activity":-0.0035,"lastBolusTime":1703932347000,"time":"2023-12-30T13:37:25.924Z"}},{"iob":0.096,"basaliob":-0.065,"bolussnooze":0,"activity":0.0018,"lastBolusTime":1703932347000,"time":"2023-12-30T13:42:25.924Z","iobWithZeroTemp":{"iob":-0.54,"basaliob":-0.701,"bolussnooze":0,"activity":-0.0037,"lastBolusTime":1703932347000,"time":"2023-12-30T13:42:25.924Z"}},{"iob":0.088,"basaliob":-0.06,"bolussnooze":0,"activity":0.0016,"lastBolusTime":1703932347000,"time":"2023-12-30T13:47:25.924Z","iobWithZeroTemp":{"iob":-0.554,"basaliob":-0.702,"bolussnooze":0,"activity":-0.004,"lastBolusTime":1703932347000,"time":"2023-12-30T13:47:25.924Z"}},{"iob":0.08,"basaliob":-0.055,"bolussnooze":0,"activity":0.0015,"lastBolusTime":1703932347000,"time":"2023-12-30T13:52:25.924Z","iobWithZeroTemp":{"iob":-0.567,"basaliob":-0.702,"bolussnooze":0,"activity":-0.0042,"lastBolusTime":1703932347000,"time":"2023-12-30T13:52:25.924Z"}},{"iob":0.072,"basaliob":-0.051,"bolussnooze":0,"activity":0.0013,"lastBolusTime":1703932347000,"time":"2023-12-30T13:57:25.924Z","iobWithZeroTemp":{"iob":-0.579,"basaliob":-0.702,"bolussnooze":0,"activity":-0.0045,"lastBolusTime":1703932347000,"time":"2023-12-30T13:57:25.924Z"}},{"iob":0.066,"basaliob":-0.047,"bolussnooze":0,"activity":0.0013,"lastBolusTime":1703932347000,"time":"2023-12-30T14:02:25.924Z","iobWithZeroTemp":{"iob":-0.59,"basaliob":-0.703,"bolussnooze":0,"activity":-0.0045,"lastBolusTime":1703932347000,"time":"2023-12-30T14:02:25.924Z"}},{"iob":0.06,"basaliob":-0.043,"bolussnooze":0,"activity":0.0012,"lastBolusTime":1703932347000,"time":"2023-12-30T14:07:25.924Z","iobWithZeroTemp":{"iob":-0.6,"basaliob":-0.703,"bolussnooze":0,"activity":-0.0047,"lastBolusTime":1703932347000,"time":"2023-12-30T14:07:25.924Z"}},{"iob":0.055,"basaliob":-0.039,"bolussnooze":0,"activity":0.001,"lastBolusTime":1703932347000,"time":"2023-12-30T14:12:25.924Z","iobWithZeroTemp":{"iob":-0.609,"basaliob":-0.703,"bolussnooze":0,"activity":-0.0049,"lastBolusTime":1703932347000,"time":"2023-12-30T14:12:25.924Z"}},{"iob":0.049,"basaliob":-0.036,"bolussnooze":0,"activity":0.001,"lastBolusTime":1703932347000,"time":"2023-12-30T14:17:25.924Z","iobWithZeroTemp":{"iob":-0.618,"basaliob":-0.703,"bolussnooze":0,"activity":-0.005,"lastBolusTime":1703932347000,"time":"2023-12-30T14:17:25.924Z"}},{"iob":0.044,"basaliob":-0.033,"bolussnooze":0,"activity":9.0E-4,"lastBolusTime":1703932347000,"time":"2023-12-30T14:22:25.924Z","iobWithZeroTemp":{"iob":-0.626,"basaliob":-0.703,"bolussnooze":0,"activity":-0.0052,"lastBolusTime":1703932347000,"time":"2023-12-30T14:22:25.924Z"}},{"iob":0.04,"basaliob":-0.03,"bolussnooze":0,"activity":9.0E-4,"lastBolusTime":1703932347000,"time":"2023-12-30T14:27:25.924Z","iobWithZeroTemp":{"iob":-0.633,"basaliob":-0.703,"bolussnooze":0,"activity":-0.0052,"lastBolusTime":1703932347000,"time":"2023-12-30T14:27:25.924Z"}},{"iob":0.036,"basaliob":-0.028,"bolussnooze":0,"activity":7.0E-4,"lastBolusTime":1703932347000,"time":"2023-12-30T14:32:25.924Z","iobWithZeroTemp":{"iob":-0.64,"basaliob":-0.704,"bolussnooze":0,"activity":-0.0054,"lastBolusTime":1703932347000,"time":"2023-12-30T14:32:25.924Z"}},{"iob":0.033,"basaliob":-0.025,"bolussnooze":0,"activity":6.0E-4,"lastBolusTime":1703932347000,"time":"2023-12-30T14:37:25.924Z","iobWithZeroTemp":{"iob":-0.645,"basaliob":-0.703,"bolussnooze":0,"activity":-0.0056,"lastBolusTime":1703932347000,"time":"2023-12-30T14:37:25.924Z"}},{"iob":0.029,"basaliob":-0.023,"bolussnooze":0,"activity":6.0E-4,"lastBolusTime":1703932347000,"time":"2023-12-30T14:42:25.924Z","iobWithZeroTemp":{"iob":-0.652,"basaliob":-0.704,"bolussnooze":0,"activity":-0.0056,"lastBolusTime":1703932347000,"time":"2023-12-30T14:42:25.924Z"}},{"iob":0.027,"basaliob":-0.021,"bolussnooze":0,"activity":6.0E-4,"lastBolusTime":1703932347000,"time":"2023-12-30T14:47:25.924Z","iobWithZeroTemp":{"iob":-0.656,"basaliob":-0.704,"bolussnooze":0,"activity":-0.0057,"lastBolusTime":1703932347000,"time":"2023-12-30T14:47:25.924Z"}}],"profile":{"max_iob":7,"type":"current","max_daily_basal":0.45,"max_basal":1.35,"min_bg":81.0000000000001,"max_bg":81.0000000000001,"target_bg":81.0000000000001,"carb_ratio":11,"sens":352.8,"max_daily_safety_multiplier":3,"current_basal_safety_multiplier":4,"lgsThreshold":65,"high_temptarget_raises_sensitivity":false,"low_temptarget_lowers_sensitivity":false,"sensitivity_raises_target":true,"resistance_lowers_target":true,"adv_target_adjustments":false,"exercise_mode":false,"half_basal_exercise_target":160,"maxCOB":120,"skip_neutral_temps":false,"remainingCarbsCap":90,"enableUAM":true,"A52_risk_enable":false,"SMBInterval":4,"enableSMB_with_COB":true,"enableSMB_with_temptarget":false,"allowSMB_with_high_temptarget":true,"enableSMB_always":true,"enableSMB_after_carbs":false,"maxSMBBasalMinutes":60,"maxUAMSMBBasalMinutes":60,"bolus_increment":0.05,"carbsReqThreshold":10,"current_basal":0.4,"temptargetSet":true,"autosens_max":1.2,"autosens_min":0.8,"out_units":"mmol\/L","variable_sens":155.6,"insulinDivisor":65,"TDD":9.8645989},"autosens_data":{"ratio":1.0600081002970392},"meal_data":{"carbs":60,"mealCOB":13.798450113378703,"slopeFromMaxDeviation":-4.05825,"slopeFromMinDeviation":0,"lastBolusTime":1703932347000,"lastCarbTime":1703931118000},"microBolusAllowed":true,"currentTime":1703933547964,"flatBGsDetected":false,"tdd1D":23.883833333333342,"tdd7D":27.277071428571436,"tddLast24H":28.91391666666665,"tddLast4H":7.57,"tddLast8to4H":0.9034999999999999},"output":{"temp":"absolute","bg":145,"tick":-5,"eventualBG":110,"targetBG":81.0000000000001,"insulinReq":0,"deliverAt":"2023-12-30T10:52:27.964Z","sensitivityRatio":1.0600081002970392,"variable_sens":155.6,"predBGs":{"IOB":[145,139,132,125,118,110,101,92,82,71,58,44,39],"ZT":[145,131,116,101,86,70,52,39,39,39,39,39,39,39,39,39,39,39,39,39,39,39,39,39,39,39,39,39,39,39,39,39,39,39,39,39,39,39,39,39,39,39,39,39,39,39,39,39],"COB":[145,139,134,130,126,122,119,116,113,111,109,108,107,106,105,105,105,105,105,105,105,106,106,107,108,109,109,110,111,112,112,113,113,114,114,114,115,115,115,115,114,114,113,113,112,111,111,110],"UAM":[145,136,122,108,93,77,61,42,39,39,39,39,39]},"reason":"COB: 13.8, Dev: 3.0, BGI: -0.8, ISF: 8.6, CR: 11, Target: 4.5, minPredBG -7.9, minGuardBG -11.6, IOBpredBG 2.2, COBpredBG 6.1, UAMpredBG 2.2; minGuardBG -11.6<3.6","COB":13.798450113378703,"IOB":1.429,"duration":120,"rate":0,"timestamp":"2023-12-30T10:52:27.991Z"}}