{"algorithm":"OpenAPSSMBDynamicISFPlugin","input":{"glucoseStatus":{"glucose":147,"noise":0,"delta":-8,"short_avgdelta":-6.78,"long_avgdelta":-2.94,"date":1703577716579},"currenttemp":{"temp":"absolute","duration":25,"rate":0,"minutesrunning":35},"iob_data":[{"iob":1.423,"basaliob":-0.405,"bolussnooze":0,"activity":0.012,"lastBolusTime":1703576538000,"time":"2023-12-26T08:02:15.315Z","iobWithZeroTemp":{"iob":1.423,"basaliob":-0.405,"bolussnooze":0,"activity":0.012,"lastBolusTime":1703576538000,"time":"2023-12-26T08:02:15.315Z"}},{"iob":1.362,"basaliob":-0.388,"bolussnooze":0,"activity":0.0123,"lastBolusTime":1703576538000,"time":"2023-12-26T08:07:15.315Z","iobWithZeroTemp":{"iob":1.335,"basaliob":-0.415,"bolussnooze":0,"activity":0.0123,"lastBolusTime":1703576538000,"time":"2023-12-26T08:07:15.315Z"}},{"iob":1.302,"basaliob":-0.37,"bolussnooze":0,"activity":0.0122,"lastBolusTime":1703576538000,"time":"2023-12-26T08:12:15.315Z","iobWithZeroTemp":{"iob":1.242,"basaliob":-0.43,"bolussnooze":0,"activity":0.0121,"lastBolusTime":1703576538000,"time":"2023-12-26T08:12:15.315Z"}},{"iob":1.24,"basaliob":-0.353,"bolussnooze":0,"activity":0.0122,"lastBolusTime":1703576538000,"time":"2023-12-26T08:17:15.315Z","iobWithZeroTemp":{"iob":1.148,"basaliob":-0.445,"bolussnooze":0,"activity":0.012,"lastBolusTime":1703576538000,"time":"2023-12-26T08:17:15.315Z"}},{"iob":1.179,"basaliob":-0.336,"bolussnooze":0,"activity":0.0121,"lastBolusTime":1703576538000,"time":"2023-12-26T08:22:15.315Z","iobWithZeroTemp":{"iob":1.054,"basaliob":-0.461,"bolussnooze":0,"activity":0.0118,"lastBolusTime":1703576538000,"time":"2023-12-26T08:22:15.315Z"}},{"iob":1.119,"basaliob":-0.319,"bolussnooze":0,"activity":0.0119,"lastBolusTime":1703576538000,"time":"2023-12-26T08:27:15.315Z","iobWithZeroTemp":{"iob":0.963,"basaliob":-0.475,"bolussnooze":0,"activity":0.0114,"lastBolusTime":1703576538000,"time":"2023-12-26T08:27:15.315Z"}},{"iob":1.061,"basaliob":-0.302,"bolussnooze":0,"activity":0.0116,"lastBolusTime":1703576538000,"time":"2023-12-26T08:32:15.315Z","iobWithZeroTemp":{"iob":0.875,"basaliob":-0.488,"bolussnooze":0,"activity":0.0109,"lastBolusTime":1703576538000,"time":"2023-12-26T08:32:15.315Z"}},{"iob":1.003,"basaliob":-0.286,"bolussnooze":0,"activity":0.0113,"lastBolusTime":1703576538000,"time":"2023-12-26T08:37:15.315Z","iobWithZeroTemp":{"iob":0.787,"basaliob":-0.502,"bolussnooze":0,"activity":0.0104,"lastBolusTime":1703576538000,"time":"2023-12-26T08:37:15.315Z"}},{"iob":0.948,"basaliob":-0.27,"bolussnooze":0,"activity":0.011,"lastBolusTime":1703576538000,"time":"2023-12-26T08:42:15.315Z","iobWithZeroTemp":{"iob":0.704,"basaliob":-0.514,"bolussnooze":0,"activity":0.0099,"lastBolusTime":1703576538000,"time":"2023-12-26T08:42:15.315Z"}},{"iob":0.893,"basaliob":-0.255,"bolussnooze":0,"activity":0.0106,"lastBolusTime":1703576538000,"time":"2023-12-26T08:47:15.315Z","iobWithZeroTemp":{"iob":0.621,"basaliob":-0.527,"bolussnooze":0,"activity":0.0093,"lastBolusTime":1703576538000,"time":"2023-12-26T08:47:15.315Z"}},{"iob":0.841,"basaliob":-0.24,"bolussnooze":0,"activity":0.0102,"lastBolusTime":1703576538000,"time":"2023-12-26T08:52:15.315Z","iobWithZeroTemp":{"iob":0.543,"basaliob":-0.538,"bolussnooze":0,"activity":0.0087,"lastBolusTime":1703576538000,"time":"2023-12-26T08:52:15.315Z"}},{"iob":0.792,"basaliob":-0.225,"bolussnooze":0,"activity":0.0098,"lastBolusTime":1703576538000,"time":"2023-12-26T08:57:15.315Z","iobWithZeroTemp":{"iob":0.469,"basaliob":-0.548,"bolussnooze":0,"activity":0.008,"lastBolusTime":1703576538000,"time":"2023-12-26T08:57:15.315Z"}},{"iob":0.744,"basaliob":-0.212,"bolussnooze":0,"activity":0.0094,"lastBolusTime":1703576538000,"time":"2023-12-26T09:02:15.315Z","iobWithZeroTemp":{"iob":0.397,"basaliob":-0.559,"bolussnooze":0,"activity":0.0074,"lastBolusTime":1703576538000,"time":"2023-12-26T09:02:15.315Z"}},{"iob":0.698,"basaliob":-0.199,"bolussnooze":0,"activity":0.0089,"lastBolusTime":1703576538000,"time":"2023-12-26T09:07:15.315Z","iobWithZeroTemp":{"iob":0.328,"basaliob":-0.569,"bolussnooze":0,"activity":0.0067,"lastBolusTime":1703576538000,"time":"2023-12-26T09:07:15.315Z"}},{"iob":0.654,"basaliob":-0.186,"bolussnooze":0,"activity":0.0086,"lastBolusTime":1703576538000,"time":"2023-12-26T09:12:15.315Z","iobWithZeroTemp":{"iob":0.263,"basaliob":-0.577,"bolussnooze":0,"activity":0.0062,"lastBolusTime":1703576538000,"time":"2023-12-26T09:12:15.315Z"}},{"iob":0.613,"basaliob":-0.174,"bolussnooze":0,"activity":0.0081,"lastBolusTime":1703576538000,"time":"2023-12-26T09:17:15.315Z","iobWithZeroTemp":{"iob":0.201,"basaliob":-0.586,"bolussnooze":0,"activity":0.0054,"lastBolusTime":1703576538000,"time":"2023-12-26T09:17:15.315Z"}},{"iob":0.573,"basaliob":-0.163,"bolussnooze":0,"activity":0.0077,"lastBolusTime":1703576538000,"time":"2023-12-26T09:22:15.315Z","iobWithZeroTemp":{"iob":0.142,"basaliob":-0.594,"bolussnooze":0,"activity":0.0048,"lastBolusTime":1703576538000,"time":"2023-12-26T09:22:15.315Z"}},{"iob":0.536,"basaliob":-0.152,"bolussnooze":0,"activity":0.0073,"lastBolusTime":1703576538000,"time":"2023-12-26T09:27:15.315Z","iobWithZeroTemp":{"iob":0.086,"basaliob":-0.602,"bolussnooze":0,"activity":0.0042,"lastBolusTime":1703576538000,"time":"2023-12-26T09:27:15.315Z"}},{"iob":0.5,"basaliob":-0.142,"bolussnooze":0,"activity":0.0069,"lastBolusTime":1703576538000,"time":"2023-12-26T09:32:15.315Z","iobWithZeroTemp":{"iob":0.033,"basaliob":-0.609,"bolussnooze":0,"activity":0.0036,"lastBolusTime":1703576538000,"time":"2023-12-26T09:32:15.315Z"}},{"iob":0.466,"basaliob":-0.133,"bolussnooze":0,"activity":0.0065,"lastBolusTime":1703576538000,"time":"2023-12-26T09:37:15.315Z","iobWithZeroTemp":{"iob":-0.018,"basaliob":-0.617,"bolussnooze":0,"activity":0.003,"lastBolusTime":1703576538000,"time":"2023-12-26T09:37:15.315Z"}},{"iob":0.434,"basaliob":-0.124,"bolussnooze":0,"activity":0.0061,"lastBolusTime":1703576538000,"time":"2023-12-26T09:42:15.315Z","iobWithZeroTemp":{"iob":-0.065,"basaliob":-0.623,"bolussnooze":0,"activity":0.0024,"lastBolusTime":1703576538000,"time":"2023-12-26T09:42:15.315Z"}},{"iob":0.404,"basaliob":-0.115,"bolussnooze":0,"activity":0.0058,"lastBolusTime":1703576538000,"time":"2023-12-26T09:47:15.315Z","iobWithZeroTemp":{"iob":-0.11,"basaliob":-0.629,"bolussnooze":0,"activity":0.0019,"lastBolusTime":1703576538000,"time":"2023-12-26T09:47:15.315Z"}},{"iob":0.376,"basaliob":-0.107,"bolussnooze":0,"activity":0.0054,"lastBolusTime":1703576538000,"time":"2023-12-26T09:52:15.315Z","iobWithZeroTemp":{"iob":-0.151,"basaliob":-0.634,"bolussnooze":0,"activity":0.0014,"lastBolusTime":1703576538000,"time":"2023-12-26T09:52:15.315Z"}},{"iob":0.349,"basaliob":-0.1,"bolussnooze":0,"activity":0.0051,"lastBolusTime":1703576538000,"time":"2023-12-26T09:57:15.315Z","iobWithZeroTemp":{"iob":-0.191,"basaliob":-0.64,"bolussnooze":0,"activity":9.0E-4,"lastBolusTime":1703576538000,"time":"2023-12-26T09:57:15.315Z"}},{"iob":0.325,"basaliob":-0.092,"bolussnooze":0,"activity":0.0048,"lastBolusTime":1703576538000,"time":"2023-12-26T10:02:15.315Z","iobWithZeroTemp":{"iob":-0.227,"basaliob":-0.644,"bolussnooze":0,"activity":5.0E-4,"lastBolusTime":1703576538000,"time":"2023-12-26T10:02:15.315Z"}},{"iob":0.301,"basaliob":-0.086,"bolussnooze":0,"activity":0.0045,"lastBolusTime":1703576538000,"time":"2023-12-26T10:07:15.315Z","iobWithZeroTemp":{"iob":-0.262,"basaliob":-0.649,"bolussnooze":0,"activity":0,"lastBolusTime":1703576538000,"time":"2023-12-26T10:07:15.315Z"}},{"iob":0.28,"basaliob":-0.079,"bolussnooze":0,"activity":0.0042,"lastBolusTime":1703576538000,"time":"2023-12-26T10:12:15.315Z","iobWithZeroTemp":{"iob":-0.294,"basaliob":-0.653,"bolussnooze":0,"activity":-4.0E-4,"lastBolusTime":1703576538000,"time":"2023-12-26T10:12:15.315Z"}},{"iob":0.259,"basaliob":-0.074,"bolussnooze":0,"activity":0.004,"lastBolusTime":1703576538000,"time":"2023-12-26T10:17:15.315Z","iobWithZeroTemp":{"iob":-0.325,"basaliob":-0.658,"bolussnooze":0,"activity":-8.0E-4,"lastBolusTime":1703576538000,"time":"2023-12-26T10:17:15.315Z"}},{"iob":0.24,"basaliob":-0.068,"bolussnooze":0,"activity":0.0037,"lastBolusTime":1703576538000,"time":"2023-12-26T10:22:15.315Z","iobWithZeroTemp":{"iob":-0.353,"basaliob":-0.661,"bolussnooze":0,"activity":-0.0012,"lastBolusTime":1703576538000,"time":"2023-12-26T10:22:15.315Z"}},{"iob":0.222,"basaliob":-0.063,"bolussnooze":0,"activity":0.0034,"lastBolusTime":1703576538000,"time":"2023-12-26T10:27:15.315Z","iobWithZeroTemp":{"iob":-0.379,"basaliob":-0.664,"bolussnooze":0,"activity":-0.0016,"lastBolusTime":1703576538000,"time":"2023-12-26T10:27:15.315Z"}},{"iob":0.205,"basaliob":-0.058,"bolussnooze":0,"activity":0.0033,"lastBolusTime":1703576538000,"time":"2023-12-26T10:32:15.315Z","iobWithZeroTemp":{"iob":-0.404,"basaliob":-0.667,"bolussnooze":0,"activity":-0.0018,"lastBolusTime":1703576538000,"time":"2023-12-26T10:32:15.315Z"}},{"iob":0.189,"basaliob":-0.054,"bolussnooze":0,"activity":0.003,"lastBolusTime":1703576538000,"time":"2023-12-26T10:37:15.315Z","iobWithZeroTemp":{"iob":-0.428,"basaliob":-0.671,"bolussnooze":0,"activity":-0.0022,"lastBolusTime":1703576538000,"time":"2023-12-26T10:37:15.315Z"}},{"iob":0.175,"basaliob":-0.05,"bolussnooze":0,"activity":0.0028,"lastBolusTime":1703576538000,"time":"2023-12-26T10:42:15.315Z","iobWithZeroTemp":{"iob":-0.449,"basaliob":-0.674,"bolussnooze":0,"activity":-0.0025,"lastBolusTime":1703576538000,"time":"2023-12-26T10:42:15.315Z"}},{"iob":0.161,"basaliob":-0.046,"bolussnooze":0,"activity":0.0027,"lastBolusTime":1703576538000,"time":"2023-12-26T10:47:15.315Z","iobWithZeroTemp":{"iob":-0.469,"basaliob":-0.676,"bolussnooze":0,"activity":-0.0027,"lastBolusTime":1703576538000,"time":"2023-12-26T10:47:15.315Z"}},{"iob":0.149,"basaliob":-0.042,"bolussnooze":0,"activity":0.0024,"lastBolusTime":1703576538000,"time":"2023-12-26T10:52:15.315Z","iobWithZeroTemp":{"iob":-0.487,"basaliob":-0.678,"bolussnooze":0,"activity":-0.0031,"lastBolusTime":1703576538000,"time":"2023-12-26T10:52:15.315Z"}},{"iob":0.137,"basaliob":-0.039,"bolussnooze":0,"activity":0.0023,"lastBolusTime":1703576538000,"time":"2023-12-26T10:57:15.315Z","iobWithZeroTemp":{"iob":-0.505,"basaliob":-0.681,"bolussnooze":0,"activity":-0.0033,"lastBolusTime":1703576538000,"time":"2023-12-26T10:57:15.315Z"}},{"iob":0.126,"basaliob":-0.036,"bolussnooze":0,"activity":0.0021,"lastBolusTime":1703576538000,"time":"2023-12-26T11:02:15.315Z","iobWithZeroTemp":{"iob":-0.521,"basaliob":-0.683,"bolussnooze":0,"activity":-0.0036,"lastBolusTime":1703576538000,"time":"2023-12-26T11:02:15.315Z"}},{"iob":0.116,"basaliob":-0.033,"bolussnooze":0,"activity":0.0019,"lastBolusTime":1703576538000,"time":"2023-12-26T11:07:15.315Z","iobWithZeroTemp":{"iob":-0.535,"basaliob":-0.684,"bolussnooze":0,"activity":-0.0039,"lastBolusTime":1703576538000,"time":"2023-12-26T11:07:15.315Z"}},{"iob":0.107,"basaliob":-0.03,"bolussnooze":0,"activity":0.0018,"lastBolusTime":1703576538000,"time":"2023-12-26T11:12:15.315Z","iobWithZeroTemp":{"iob":-0.549,"basaliob":-0.686,"bolussnooze":0,"activity":-0.004,"lastBolusTime":1703576538000,"time":"2023-12-26T11:12:15.315Z"}},{"iob":0.098,"basaliob":-0.028,"bolussnooze":0,"activity":0.0016,"lastBolusTime":1703576538000,"time":"2023-12-26T11:17:15.315Z","iobWithZeroTemp":{"iob":-0.562,"basaliob":-0.688,"bolussnooze":0,"activity":-0.0043,"lastBolusTime":1703576538000,"time":"2023-12-26T11:17:15.315Z"}},{"iob":0.09,"basaliob":-0.026,"bolussnooze":0,"activity":0.0016,"lastBolusTime":1703576538000,"time":"2023-12-26T11:22:15.315Z","iobWithZeroTemp":{"iob":-0.574,"basaliob":-0.69,"bolussnooze":0,"activity":-0.0043,"lastBolusTime":1703576538000,"time":"2023-12-26T11:22:15.315Z"}},{"iob":0.083,"basaliob":-0.023,"bolussnooze":0,"activity":0.0014,"lastBolusTime":1703576538000,"time":"2023-12-26T11:27:15.315Z","iobWithZeroTemp":{"iob":-0.584,"basaliob":-0.69,"bolussnooze":0,"activity":-0.0046,"lastBolusTime":1703576538000,"time":"2023-12-26T11:27:15.315Z"}},{"iob":0.076,"basaliob":-0.021,"bolussnooze":0,"activity":0.0013,"lastBolusTime":1703576538000,"time":"2023-12-26T11:32:15.315Z","iobWithZeroTemp":{"iob":-0.594,"basaliob":-0.691,"bolussnooze":0,"activity":-0.0048,"lastBolusTime":1703576538000,"time":"2023-12-26T11:32:15.315Z"}},{"iob":0.069,"basaliob":-0.02,"bolussnooze":0,"activity":0.0013,"lastBolusTime":1703576538000,"time":"2023-12-26T11:37:15.315Z","iobWithZeroTemp":{"iob":-0.604,"basaliob":-0.693,"bolussnooze":0,"activity":-0.0048,"lastBolusTime":1703576538000,"time":"2023-12-26T11:37:15.315Z"}},{"iob":0.064,"basaliob":-0.018,"bolussnooze":0,"activity":0.0011,"lastBolusTime":1703576538000,"time":"2023-12-26T11:42:15.315Z","iobWithZeroTemp":{"iob":-0.612,"basaliob":-0.694,"bolussnooze":0,"activity":-0.005,"lastBolusTime":1703576538000,"time":"2023-12-26T11:42:15.315Z"}},{"iob":0.059,"basaliob":-0.016,"bolussnooze":0,"activity":0.001,"lastBolusTime":1703576538000,"time":"2023-12-26T11:47:15.315Z","iobWithZeroTemp":{"iob":-0.619,"basaliob":-0.694,"bolussnooze":0,"activity":-0.0052,"lastBolusTime":1703576538000,"time":"2023-12-26T11:47:15.315Z"}},{"iob":0.053,"basaliob":-0.015,"bolussnooze":0,"activity":9.0E-4,"lastBolusTime":1703576538000,"time":"2023-12-26T11:52:15.315Z","iobWithZeroTemp":{"iob":-0.628,"basaliob":-0.696,"bolussnooze":0,"activity":-0.0053,"lastBolusTime":1703576538000,"time":"2023-12-26T11:52:15.315Z"}},{"iob":0.048,"basaliob":-0.014,"bolussnooze":0,"activity":8.0E-4,"lastBolusTime":1703576538000,"time":"2023-12-26T11:57:15.315Z","iobWithZeroTemp":{"iob":-0.635,"basaliob":-0.697,"bolussnooze":0,"activity":-0.0055,"lastBolusTime":1703576538000,"time":"2023-12-26T11:57:15.315Z"}}],"profile":{"max_iob":7,"type":"current","max_daily_basal":0.45,"max_basal":1.35,"min_bg":81,"max_bg":81,"target_bg":81,"carb_ratio":9,"sens":352.8,"max_daily_safety_multiplier":3,"current_basal_safety_multiplier":4,"lgsThreshold":65,"high_temptarget_raises_sensitivity":false,"low_temptarget_lowers_sensitivity":false,"sensitivity_raises_target":true,"resistance_lowers_target":true,"adv_target_adjustments":false,"exercise_mode":false,"half_basal_exercise_target":160,"maxCOB":120,"skip_neutral_temps":false,"remainingCarbsCap":90,"enableUAM":true,"A52_risk_enable":false,"SMBInterval":4,"enableSMB_with_COB":true,"enableSMB_with_temptarget":false,"allowSMB_with_high_temptarget":true,"enableSMB_always":true,"enableSMB_after_carbs":false,"maxSMBBasalMinutes":60,"maxUAMSMBBasalMinutes":60,"bolus_increment":0.05,"carbsReqThreshold":10,"current_basal":0.4,"temptargetSet":true,"autosens_max":1.2,"autosens_min":0.8,"out_units":"mmol\/L","variable_sens":142.6,"insulinDivisor":65,"TDD":10.675785265714287},"autosens_data":{"ratio":1.1283134134598367},"meal_data":{"carbs":15,"mealCOB":11.80354081632653,"slopeFromMaxDeviation":-1.2995,"slopeFromMinDeviation":0.5976000000000001,"lastBolusTime":1703576538000,"lastCarbTime":1703575798000},"microBolusAllowed":true,"currentTime":1703577738422,"flatBGsDetected":false,"tdd1D":33.75158333333334,"tdd7D":31.95839285714286,"tddLast24H":36.05908333333333,"tddLast4H":4.073333333333334,"tddLast8to4H":3.3761666666666668},"output":{"temp":"absolute","bg":147,"tick":-8,"eventualBG":134,"targetBG":81,"insulinReq":0,"deliverAt":"2023-12-26T08:02:18.422Z","sensitivityRatio":1.1283134134598367,"variable_sens":142.6,"predBGs":{"IOB":[147,139,130,122,112,102,92,81,70,57,43,39,39],"ZT":[147,138,129,120,110,100,90,79,69,57,44,39,39,39,39,39,39,39,39,39,39,39,39,39,39,39,39,39,39,39,39,39,39,39,39,39,39,39,39,39,39,39,39,39,39,39,44,53],"COB":[147,139,132,125,118,112,107,102,97,94,90,88,86,85,85,85,86,87,90,92,96,100,104,108,112,116,119,122,125,128,130,132,134,136,137,138,139,140,140,140,140,139,138,137,136,135,135,134],"UAM":[147,138,129,120,110,100,89,78,66,52,39,39,39]},"reason":"COB: 11.8, Dev: 0.2, BGI: -0.5, ISF: 7.9, CR: 9, Target: 4.5, minPredBG 2.8, minGuardBG 0.7, IOBpredBG 2.2, COBpredBG 7.4, UAMpredBG 2.2; minGuardBG 0.7<3.6","COB":11.80354081632653,"IOB":1.423,"duration":60,"rate":0,"timestamp":"2023-12-26T08:02:18.447Z"}}