{"algorithm":"OpenAPSSMBDynamicISFPlugin","input":{"glucoseStatus":{"glucose":101,"noise":0,"delta":-4,"short_avgdelta":-4.17,"long_avgdelta":-2.65,"date":1703824619453},"currenttemp":{"temp":"absolute","duration":20,"rate":0,"minutesrunning":10},"iob_data":[{"iob":-0.152,"basaliob":-0.221,"bolussnooze":0,"activity":-0.0011,"lastBolusTime":1703819246000,"time":"2023-12-29T04:37:23.266Z","iobWithZeroTemp":{"iob":-0.152,"basaliob":-0.221,"bolussnooze":0,"activity":-0.0011,"lastBolusTime":1703819246000,"time":"2023-12-29T04:37:23.266Z"}},{"iob":-0.147,"basaliob":-0.211,"bolussnooze":0,"activity":-0.0011,"lastBolusTime":1703819246000,"time":"2023-12-29T04:42:23.266Z","iobWithZeroTemp":{"iob":-0.167,"basaliob":-0.231,"bolussnooze":0,"activity":-0.0011,"lastBolusTime":1703819246000,"time":"2023-12-29T04:42:23.266Z"}},{"iob":-0.14,"basaliob":-0.2,"bolussnooze":0,"activity":-0.0012,"lastBolusTime":1703819246000,"time":"2023-12-29T04:47:23.266Z","iobWithZeroTemp":{"iob":-0.185,"basaliob":-0.245,"bolussnooze":0,"activity":-0.0013,"lastBolusTime":1703819246000,"time":"2023-12-29T04:47:23.266Z"}},{"iob":-0.135,"basaliob":-0.19,"bolussnooze":0,"activity":-0.0013,"lastBolusTime":1703819246000,"time":"2023-12-29T04:52:23.266Z","iobWithZeroTemp":{"iob":-0.204,"basaliob":-0.259,"bolussnooze":0,"activity":-0.0014,"lastBolusTime":1703819246000,"time":"2023-12-29T04:52:23.266Z"}},{"iob":-0.129,"basaliob":-0.18,"bolussnooze":0,"activity":-0.0012,"lastBolusTime":1703819246000,"time":"2023-12-29T04:57:23.266Z","iobWithZeroTemp":{"iob":-0.222,"basaliob":-0.273,"bolussnooze":0,"activity":-0.0014,"lastBolusTime":1703819246000,"time":"2023-12-29T04:57:23.266Z"}},{"iob":-0.123,"basaliob":-0.17,"bolussnooze":0,"activity":-0.0013,"lastBolusTime":1703819246000,"time":"2023-12-29T05:02:23.266Z","iobWithZeroTemp":{"iob":-0.24,"basaliob":-0.287,"bolussnooze":0,"activity":-0.0017,"lastBolusTime":1703819246000,"time":"2023-12-29T05:02:23.266Z"}},{"iob":-0.116,"basaliob":-0.16,"bolussnooze":0,"activity":-0.0012,"lastBolusTime":1703819246000,"time":"2023-12-29T05:07:23.266Z","iobWithZeroTemp":{"iob":-0.272,"basaliob":-0.316,"bolussnooze":0,"activity":-0.0017,"lastBolusTime":1703819246000,"time":"2023-12-29T05:07:23.266Z"}},{"iob":-0.11,"basaliob":-0.151,"bolussnooze":0,"activity":-0.0012,"lastBolusTime":1703819246000,"time":"2023-12-29T05:12:23.266Z","iobWithZeroTemp":{"iob":-0.296,"basaliob":-0.337,"bolussnooze":0,"activity":-0.0019,"lastBolusTime":1703819246000,"time":"2023-12-29T05:12:23.266Z"}},{"iob":-0.105,"basaliob":-0.142,"bolussnooze":0,"activity":-0.0012,"lastBolusTime":1703819246000,"time":"2023-12-29T05:17:23.266Z","iobWithZeroTemp":{"iob":-0.32,"basaliob":-0.357,"bolussnooze":0,"activity":-0.0021,"lastBolusTime":1703819246000,"time":"2023-12-29T05:17:23.266Z"}},{"iob":-0.098,"basaliob":-0.133,"bolussnooze":0,"activity":-0.0011,"lastBolusTime":1703819246000,"time":"2023-12-29T05:22:23.266Z","iobWithZeroTemp":{"iob":-0.341,"basaliob":-0.376,"bolussnooze":0,"activity":-0.0022,"lastBolusTime":1703819246000,"time":"2023-12-29T05:22:23.266Z"}},{"iob":-0.093,"basaliob":-0.125,"bolussnooze":0,"activity":-0.0011,"lastBolusTime":1703819246000,"time":"2023-12-29T05:27:23.266Z","iobWithZeroTemp":{"iob":-0.364,"basaliob":-0.396,"bolussnooze":0,"activity":-0.0024,"lastBolusTime":1703819246000,"time":"2023-12-29T05:27:23.266Z"}},{"iob":-0.088,"basaliob":-0.117,"bolussnooze":0,"activity":-0.001,"lastBolusTime":1703819246000,"time":"2023-12-29T05:32:23.266Z","iobWithZeroTemp":{"iob":-0.385,"basaliob":-0.414,"bolussnooze":0,"activity":-0.0025,"lastBolusTime":1703819246000,"time":"2023-12-29T05:32:23.266Z"}},{"iob":-0.083,"basaliob":-0.11,"bolussnooze":0,"activity":-0.0011,"lastBolusTime":1703819246000,"time":"2023-12-29T05:37:23.266Z","iobWithZeroTemp":{"iob":-0.405,"basaliob":-0.432,"bolussnooze":0,"activity":-0.0029,"lastBolusTime":1703819246000,"time":"2023-12-29T05:37:23.266Z"}},{"iob":-0.077,"basaliob":-0.102,"bolussnooze":0,"activity":-0.001,"lastBolusTime":1703819246000,"time":"2023-12-29T05:42:23.266Z","iobWithZeroTemp":{"iob":-0.423,"basaliob":-0.448,"bolussnooze":0,"activity":-0.003,"lastBolusTime":1703819246000,"time":"2023-12-29T05:42:23.266Z"}},{"iob":-0.073,"basaliob":-0.096,"bolussnooze":0,"activity":-9.0E-4,"lastBolusTime":1703819246000,"time":"2023-12-29T05:47:23.266Z","iobWithZeroTemp":{"iob":-0.441,"basaliob":-0.464,"bolussnooze":0,"activity":-0.0031,"lastBolusTime":1703819246000,"time":"2023-12-29T05:47:23.266Z"}},{"iob":-0.068,"basaliob":-0.089,"bolussnooze":0,"activity":-8.0E-4,"lastBolusTime":1703819246000,"time":"2023-12-29T05:52:23.266Z","iobWithZeroTemp":{"iob":-0.458,"basaliob":-0.479,"bolussnooze":0,"activity":-0.0032,"lastBolusTime":1703819246000,"time":"2023-12-29T05:52:23.266Z"}},{"iob":-0.064,"basaliob":-0.083,"bolussnooze":0,"activity":-9.0E-4,"lastBolusTime":1703819246000,"time":"2023-12-29T05:57:23.266Z","iobWithZeroTemp":{"iob":-0.475,"basaliob":-0.494,"bolussnooze":0,"activity":-0.0036,"lastBolusTime":1703819246000,"time":"2023-12-29T05:57:23.266Z"}},{"iob":-0.059,"basaliob":-0.077,"bolussnooze":0,"activity":-8.0E-4,"lastBolusTime":1703819246000,"time":"2023-12-29T06:02:23.266Z","iobWithZeroTemp":{"iob":-0.489,"basaliob":-0.507,"bolussnooze":0,"activity":-0.0037,"lastBolusTime":1703819246000,"time":"2023-12-29T06:02:23.266Z"}},{"iob":-0.056,"basaliob":-0.072,"bolussnooze":0,"activity":-7.0E-4,"lastBolusTime":1703819246000,"time":"2023-12-29T06:07:23.266Z","iobWithZeroTemp":{"iob":-0.505,"basaliob":-0.521,"bolussnooze":0,"activity":-0.0038,"lastBolusTime":1703819246000,"time":"2023-12-29T06:07:23.266Z"}},{"iob":-0.052,"basaliob":-0.067,"bolussnooze":0,"activity":-7.0E-4,"lastBolusTime":1703819246000,"time":"2023-12-29T06:12:23.266Z","iobWithZeroTemp":{"iob":-0.518,"basaliob":-0.533,"bolussnooze":0,"activity":-0.004,"lastBolusTime":1703819246000,"time":"2023-12-29T06:12:23.266Z"}},{"iob":-0.048,"basaliob":-0.062,"bolussnooze":0,"activity":-7.0E-4,"lastBolusTime":1703819246000,"time":"2023-12-29T06:17:23.266Z","iobWithZeroTemp":{"iob":-0.53,"basaliob":-0.544,"bolussnooze":0,"activity":-0.0042,"lastBolusTime":1703819246000,"time":"2023-12-29T06:17:23.266Z"}},{"iob":-0.045,"basaliob":-0.058,"bolussnooze":0,"activity":-7.0E-4,"lastBolusTime":1703819246000,"time":"2023-12-29T06:22:23.266Z","iobWithZeroTemp":{"iob":-0.543,"basaliob":-0.556,"bolussnooze":0,"activity":-0.0044,"lastBolusTime":1703819246000,"time":"2023-12-29T06:22:23.266Z"}},{"iob":-0.043,"basaliob":-0.054,"bolussnooze":0,"activity":-6.0E-4,"lastBolusTime":1703819246000,"time":"2023-12-29T06:27:23.266Z","iobWithZeroTemp":{"iob":-0.555,"basaliob":-0.566,"bolussnooze":0,"activity":-0.0044,"lastBolusTime":1703819246000,"time":"2023-12-29T06:27:23.266Z"}},{"iob":-0.04,"basaliob":-0.05,"bolussnooze":0,"activity":-6.0E-4,"lastBolusTime":1703819246000,"time":"2023-12-29T06:32:23.266Z","iobWithZeroTemp":{"iob":-0.566,"basaliob":-0.576,"bolussnooze":0,"activity":-0.0046,"lastBolusTime":1703819246000,"time":"2023-12-29T06:32:23.266Z"}},{"iob":-0.036,"basaliob":-0.046,"bolussnooze":0,"activity":-5.0E-4,"lastBolusTime":1703819246000,"time":"2023-12-29T06:37:23.266Z","iobWithZeroTemp":{"iob":-0.575,"basaliob":-0.585,"bolussnooze":0,"activity":-0.0047,"lastBolusTime":1703819246000,"time":"2023-12-29T06:37:23.266Z"}},{"iob":-0.034,"basaliob":-0.043,"bolussnooze":0,"activity":-5.0E-4,"lastBolusTime":1703819246000,"time":"2023-12-29T06:42:23.266Z","iobWithZeroTemp":{"iob":-0.585,"basaliob":-0.594,"bolussnooze":0,"activity":-0.0048,"lastBolusTime":1703819246000,"time":"2023-12-29T06:42:23.266Z"}},{"iob":-0.031,"basaliob":-0.039,"bolussnooze":0,"activity":-5.0E-4,"lastBolusTime":1703819246000,"time":"2023-12-29T06:47:23.266Z","iobWithZeroTemp":{"iob":-0.593,"basaliob":-0.601,"bolussnooze":0,"activity":-0.005,"lastBolusTime":1703819246000,"time":"2023-12-29T06:47:23.266Z"}},{"iob":-0.029,"basaliob":-0.036,"bolussnooze":0,"activity":-5.0E-4,"lastBolusTime":1703819246000,"time":"2023-12-29T06:52:23.266Z","iobWithZeroTemp":{"iob":-0.602,"basaliob":-0.609,"bolussnooze":0,"activity":-0.0051,"lastBolusTime":1703819246000,"time":"2023-12-29T06:52:23.266Z"}},{"iob":-0.027,"basaliob":-0.034,"bolussnooze":0,"activity":-4.0E-4,"lastBolusTime":1703819246000,"time":"2023-12-29T06:57:23.266Z","iobWithZeroTemp":{"iob":-0.61,"basaliob":-0.617,"bolussnooze":0,"activity":-0.0052,"lastBolusTime":1703819246000,"time":"2023-12-29T06:57:23.266Z"}},{"iob":-0.025,"basaliob":-0.031,"bolussnooze":0,"activity":-4.0E-4,"lastBolusTime":1703819246000,"time":"2023-12-29T07:02:23.266Z","iobWithZeroTemp":{"iob":-0.617,"basaliob":-0.623,"bolussnooze":0,"activity":-0.0053,"lastBolusTime":1703819246000,"time":"2023-12-29T07:02:23.266Z"}},{"iob":-0.023,"basaliob":-0.029,"bolussnooze":0,"activity":-4.0E-4,"lastBolusTime":1703819246000,"time":"2023-12-29T07:07:23.266Z","iobWithZeroTemp":{"iob":-0.624,"basaliob":-0.63,"bolussnooze":0,"activity":-0.0054,"lastBolusTime":1703819246000,"time":"2023-12-29T07:07:23.266Z"}},{"iob":-0.021,"basaliob":-0.026,"bolussnooze":0,"activity":-3.0E-4,"lastBolusTime":1703819246000,"time":"2023-12-29T07:12:23.266Z","iobWithZeroTemp":{"iob":-0.63,"basaliob":-0.635,"bolussnooze":0,"activity":-0.0054,"lastBolusTime":1703819246000,"time":"2023-12-29T07:12:23.266Z"}},{"iob":-0.019,"basaliob":-0.024,"bolussnooze":0,"activity":-3.0E-4,"lastBolusTime":1703819246000,"time":"2023-12-29T07:17:23.266Z","iobWithZeroTemp":{"iob":-0.635,"basaliob":-0.64,"bolussnooze":0,"activity":-0.0055,"lastBolusTime":1703819246000,"time":"2023-12-29T07:17:23.266Z"}},{"iob":-0.018,"basaliob":-0.022,"bolussnooze":0,"activity":-3.0E-4,"lastBolusTime":1703819246000,"time":"2023-12-29T07:22:23.266Z","iobWithZeroTemp":{"iob":-0.641,"basaliob":-0.645,"bolussnooze":0,"activity":-0.0056,"lastBolusTime":1703819246000,"time":"2023-12-29T07:22:23.266Z"}},{"iob":-0.017,"basaliob":-0.021,"bolussnooze":0,"activity":-2.0E-4,"lastBolusTime":1703819246000,"time":"2023-12-29T07:27:23.266Z","iobWithZeroTemp":{"iob":-0.646,"basaliob":-0.65,"bolussnooze":0,"activity":-0.0056,"lastBolusTime":1703819246000,"time":"2023-12-29T07:27:23.266Z"}},{"iob":-0.016,"basaliob":-0.019,"bolussnooze":0,"activity":-2.0E-4,"lastBolusTime":1703819246000,"time":"2023-12-29T07:32:23.266Z","iobWithZeroTemp":{"iob":-0.651,"basaliob":-0.654,"bolussnooze":0,"activity":-0.0057,"lastBolusTime":1703819246000,"time":"2023-12-29T07:32:23.266Z"}},{"iob":-0.014,"basaliob":-0.017,"bolussnooze":0,"activity":-2.0E-4,"lastBolusTime":1703819246000,"time":"2023-12-29T07:37:23.266Z","iobWithZeroTemp":{"iob":-0.655,"basaliob":-0.658,"bolussnooze":0,"activity":-0.0058,"lastBolusTime":1703819246000,"time":"2023-12-29T07:37:23.266Z"}},{"iob":-0.013,"basaliob":-0.016,"bolussnooze":0,"activity":-2.0E-4,"lastBolusTime":1703819246000,"time":"2023-12-29T07:42:23.266Z","iobWithZeroTemp":{"iob":-0.659,"basaliob":-0.662,"bolussnooze":0,"activity":-0.0059,"lastBolusTime":1703819246000,"time":"2023-12-29T07:42:23.266Z"}},{"iob":-0.011,"basaliob":-0.014,"bolussnooze":0,"activity":-2.0E-4,"lastBolusTime":1703819246000,"time":"2023-12-29T07:47:23.266Z","iobWithZeroTemp":{"iob":-0.662,"basaliob":-0.665,"bolussnooze":0,"activity":-0.0059,"lastBolusTime":1703819246000,"time":"2023-12-29T07:47:23.266Z"}},{"iob":-0.011,"basaliob":-0.013,"bolussnooze":0,"activity":-2.0E-4,"lastBolusTime":1703819246000,"time":"2023-12-29T07:52:23.266Z","iobWithZeroTemp":{"iob":-0.666,"basaliob":-0.668,"bolussnooze":0,"activity":-0.006,"lastBolusTime":1703819246000,"time":"2023-12-29T07:52:23.266Z"}},{"iob":-0.01,"basaliob":-0.012,"bolussnooze":0,"activity":-2.0E-4,"lastBolusTime":1703819246000,"time":"2023-12-29T07:57:23.266Z","iobWithZeroTemp":{"iob":-0.669,"basaliob":-0.671,"bolussnooze":0,"activity":-0.0061,"lastBolusTime":1703819246000,"time":"2023-12-29T07:57:23.266Z"}},{"iob":-0.009,"basaliob":-0.011,"bolussnooze":0,"activity":-2.0E-4,"lastBolusTime":1703819246000,"time":"2023-12-29T08:02:23.266Z","iobWithZeroTemp":{"iob":-0.672,"basaliob":-0.674,"bolussnooze":0,"activity":-0.0061,"lastBolusTime":1703819246000,"time":"2023-12-29T08:02:23.266Z"}},{"iob":-0.008,"basaliob":-0.01,"bolussnooze":0,"activity":-2.0E-4,"lastBolusTime":1703819246000,"time":"2023-12-29T08:07:23.266Z","iobWithZeroTemp":{"iob":-0.675,"basaliob":-0.677,"bolussnooze":0,"activity":-0.0062,"lastBolusTime":1703819246000,"time":"2023-12-29T08:07:23.266Z"}},{"iob":-0.007,"basaliob":-0.009,"bolussnooze":0,"activity":-2.0E-4,"lastBolusTime":1703819246000,"time":"2023-12-29T08:12:23.266Z","iobWithZeroTemp":{"iob":-0.677,"basaliob":-0.679,"bolussnooze":0,"activity":-0.0062,"lastBolusTime":1703819246000,"time":"2023-12-29T08:12:23.266Z"}},{"iob":-0.007,"basaliob":-0.008,"bolussnooze":0,"activity":-2.0E-4,"lastBolusTime":1703819246000,"time":"2023-12-29T08:17:23.266Z","iobWithZeroTemp":{"iob":-0.68,"basaliob":-0.681,"bolussnooze":0,"activity":-0.0063,"lastBolusTime":1703819246000,"time":"2023-12-29T08:17:23.266Z"}},{"iob":-0.007,"basaliob":-0.008,"bolussnooze":0,"activity":-1.0E-4,"lastBolusTime":1703819246000,"time":"2023-12-29T08:22:23.266Z","iobWithZeroTemp":{"iob":-0.683,"basaliob":-0.684,"bolussnooze":0,"activity":-0.0062,"lastBolusTime":1703819246000,"time":"2023-12-29T08:22:23.266Z"}},{"iob":-0.006,"basaliob":-0.007,"bolussnooze":0,"activity":-1.0E-4,"lastBolusTime":1703819246000,"time":"2023-12-29T08:27:23.266Z","iobWithZeroTemp":{"iob":-0.684,"basaliob":-0.685,"bolussnooze":0,"activity":-0.0063,"lastBolusTime":1703819246000,"time":"2023-12-29T08:27:23.266Z"}},{"iob":-0.005,"basaliob":-0.006,"bolussnooze":0,"activity":-1.0E-4,"lastBolusTime":1703819246000,"time":"2023-12-29T08:32:23.266Z","iobWithZeroTemp":{"iob":-0.686,"basaliob":-0.687,"bolussnooze":0,"activity":-0.0063,"lastBolusTime":1703819246000,"time":"2023-12-29T08:32:23.266Z"}}],"profile":{"max_iob":7,"type":"current","max_daily_basal":0.45,"max_basal":1.2,"min_bg":106.2,"max_bg":106.2,"target_bg":106.2,"carb_ratio":11,"sens":369,"max_daily_safety_multiplier":3,"current_basal_safety_multiplier":4,"lgsThreshold":65,"high_temptarget_raises_sensitivity":false,"low_temptarget_lowers_sensitivity":false,"sensitivity_raises_target":true,"resistance_lowers_target":true,"adv_target_adjustments":false,"exercise_mode":false,"half_basal_exercise_target":160,"maxCOB":120,"skip_neutral_temps":false,"remainingCarbsCap":90,"enableUAM":true,"A52_risk_enable":false,"SMBInterval":4,"enableSMB_with_COB":true,"enableSMB_with_temptarget":false,"allowSMB_with_high_temptarget":true,"enableSMB_always":true,"enableSMB_after_carbs":false,"maxSMBBasalMinutes":60,"maxUAMSMBBasalMinutes":60,"bolus_increment":0.05,"carbsReqThreshold":10,"current_basal":0.3,"temptargetSet":false,"autosens_max":1.2,"autosens_min":0.8,"out_units":"mmol\/L","variable_sens":278.4,"insulinDivisor":65,"TDD":6.896452550000002},"autosens_data":{"ratio":0.7157772101985035},"meal_data":{"carbs":0,"mealCOB":0,"slopeFromMaxDeviation":0,"slopeFromMinDeviation":0,"lastBolusTime":1703819246000,"lastCarbTime":0},"microBolusAllowed":true,"currentTime":1703824645463,"flatBGsDetected":false,"tdd1D":21.22666666666668,"tdd7D":28.693285714285715,"tddLast24H":20.538000000000004,"tddLast4H":0.6238333333333336,"tddLast8to4H":3.5000000000000004},"output":{"temp":"absolute","bg":101,"tick":-4,"eventualBG":118,"targetBG":125,"insulinReq":0,"deliverAt":"2023-12-29T04:37:25.463Z","sensitivityRatio":0.7157772101985035,"variable_sens":278.4,"predBGs":{"IOB":[101,97,94,92,90,88,87,87,87,87,88,89,91,92,94,95,96,98,99,100,101,102,103,103,104,105,106,106,107,107,108,109,109,109,110,110,110,111,111,111,111,112,112,112,112,113],"ZT":[101,103,104,106,108,110,112,114,117,119,122,125]},"reason":"COB: 0, Dev: -1.4, BGI: 0.1, ISF: 15.5, CR: 11, Target: 6.9, minPredBG 5.5, minGuardBG 4.8, IOBpredBG 6.3; Eventual BG 6.6 < 6.9, temp 0 ~< req 0.11U\/hr. ","COB":0,"IOB":-0.152,"timestamp":"2023-12-29T04:37:25.488Z"}}