{"algorithm":"OpenAPSSMBDynamicISFPlugin","input":{"glucoseStatus":{"glucose":130,"noise":0,"delta":20,"short_avgdelta":14.89,"long_avgdelta":-1.82,"date":1703961118207},"currenttemp":{"temp":"absolute","duration":15,"rate":0,"minutesrunning":45},"iob_data":[{"iob":0.962,"basaliob":-0.24,"bolussnooze":0,"activity":0.0092,"lastBolusTime":1703959054000,"time":"2023-12-30T18:32:26.428Z","iobWithZeroTemp":{"iob":0.962,"basaliob":-0.24,"bolussnooze":0,"activity":0.0092,"lastBolusTime":1703959054000,"time":"2023-12-30T18:32:26.428Z"}},{"iob":0.917,"basaliob":-0.23,"bolussnooze":0,"activity":0.0091,"lastBolusTime":1703959054000,"time":"2023-12-30T18:37:26.428Z","iobWithZeroTemp":{"iob":0.89,"basaliob":-0.257,"bolussnooze":0,"activity":0.0091,"lastBolusTime":1703959054000,"time":"2023-12-30T18:37:26.428Z"}},{"iob":0.871,"basaliob":-0.221,"bolussnooze":0,"activity":0.009,"lastBolusTime":1703959054000,"time":"2023-12-30T18:42:26.428Z","iobWithZeroTemp":{"iob":0.811,"basaliob":-0.281,"bolussnooze":0,"activity":0.0089,"lastBolusTime":1703959054000,"time":"2023-12-30T18:42:26.428Z"}},{"iob":0.827,"basaliob":-0.211,"bolussnooze":0,"activity":0.0088,"lastBolusTime":1703959054000,"time":"2023-12-30T18:47:26.428Z","iobWithZeroTemp":{"iob":0.735,"basaliob":-0.303,"bolussnooze":0,"activity":0.0086,"lastBolusTime":1703959054000,"time":"2023-12-30T18:47:26.428Z"}},{"iob":0.783,"basaliob":-0.201,"bolussnooze":0,"activity":0.0086,"lastBolusTime":1703959054000,"time":"2023-12-30T18:52:26.428Z","iobWithZeroTemp":{"iob":0.658,"basaliob":-0.326,"bolussnooze":0,"activity":0.0083,"lastBolusTime":1703959054000,"time":"2023-12-30T18:52:26.428Z"}},{"iob":0.74,"basaliob":-0.192,"bolussnooze":0,"activity":0.0084,"lastBolusTime":1703959054000,"time":"2023-12-30T18:57:26.428Z","iobWithZeroTemp":{"iob":0.584,"basaliob":-0.348,"bolussnooze":0,"activity":0.0079,"lastBolusTime":1703959054000,"time":"2023-12-30T18:57:26.428Z"}},{"iob":0.699,"basaliob":-0.182,"bolussnooze":0,"activity":0.0081,"lastBolusTime":1703959054000,"time":"2023-12-30T19:02:26.428Z","iobWithZeroTemp":{"iob":0.513,"basaliob":-0.368,"bolussnooze":0,"activity":0.0074,"lastBolusTime":1703959054000,"time":"2023-12-30T19:02:26.428Z"}},{"iob":0.659,"basaliob":-0.172,"bolussnooze":0,"activity":0.0078,"lastBolusTime":1703959054000,"time":"2023-12-30T19:07:26.428Z","iobWithZeroTemp":{"iob":0.443,"basaliob":-0.388,"bolussnooze":0,"activity":0.0069,"lastBolusTime":1703959054000,"time":"2023-12-30T19:07:26.428Z"}},{"iob":0.621,"basaliob":-0.163,"bolussnooze":0,"activity":0.0076,"lastBolusTime":1703959054000,"time":"2023-12-30T19:12:26.428Z","iobWithZeroTemp":{"iob":0.377,"basaliob":-0.407,"bolussnooze":0,"activity":0.0065,"lastBolusTime":1703959054000,"time":"2023-12-30T19:12:26.428Z"}},{"iob":0.584,"basaliob":-0.154,"bolussnooze":0,"activity":0.0072,"lastBolusTime":1703959054000,"time":"2023-12-30T19:17:26.428Z","iobWithZeroTemp":{"iob":0.312,"basaliob":-0.426,"bolussnooze":0,"activity":0.0059,"lastBolusTime":1703959054000,"time":"2023-12-30T19:17:26.428Z"}},{"iob":0.549,"basaliob":-0.145,"bolussnooze":0,"activity":0.0069,"lastBolusTime":1703959054000,"time":"2023-12-30T19:22:26.428Z","iobWithZeroTemp":{"iob":0.251,"basaliob":-0.443,"bolussnooze":0,"activity":0.0054,"lastBolusTime":1703959054000,"time":"2023-12-30T19:22:26.428Z"}},{"iob":0.514,"basaliob":-0.137,"bolussnooze":0,"activity":0.0066,"lastBolusTime":1703959054000,"time":"2023-12-30T19:27:26.428Z","iobWithZeroTemp":{"iob":0.191,"basaliob":-0.46,"bolussnooze":0,"activity":0.0048,"lastBolusTime":1703959054000,"time":"2023-12-30T19:27:26.428Z"}},{"iob":0.482,"basaliob":-0.129,"bolussnooze":0,"activity":0.0063,"lastBolusTime":1703959054000,"time":"2023-12-30T19:32:26.428Z","iobWithZeroTemp":{"iob":0.135,"basaliob":-0.476,"bolussnooze":0,"activity":0.0043,"lastBolusTime":1703959054000,"time":"2023-12-30T19:32:26.428Z"}},{"iob":0.451,"basaliob":-0.121,"bolussnooze":0,"activity":0.006,"lastBolusTime":1703959054000,"time":"2023-12-30T19:37:26.428Z","iobWithZeroTemp":{"iob":0.081,"basaliob":-0.491,"bolussnooze":0,"activity":0.0038,"lastBolusTime":1703959054000,"time":"2023-12-30T19:37:26.428Z"}},{"iob":0.422,"basaliob":-0.114,"bolussnooze":0,"activity":0.0056,"lastBolusTime":1703959054000,"time":"2023-12-30T19:42:26.428Z","iobWithZeroTemp":{"iob":0.031,"basaliob":-0.505,"bolussnooze":0,"activity":0.0032,"lastBolusTime":1703959054000,"time":"2023-12-30T19:42:26.428Z"}},{"iob":0.395,"basaliob":-0.106,"bolussnooze":0,"activity":0.0054,"lastBolusTime":1703959054000,"time":"2023-12-30T19:47:26.428Z","iobWithZeroTemp":{"iob":-0.017,"basaliob":-0.518,"bolussnooze":0,"activity":0.0027,"lastBolusTime":1703959054000,"time":"2023-12-30T19:47:26.428Z"}},{"iob":0.368,"basaliob":-0.1,"bolussnooze":0,"activity":0.0051,"lastBolusTime":1703959054000,"time":"2023-12-30T19:52:26.428Z","iobWithZeroTemp":{"iob":-0.063,"basaliob":-0.531,"bolussnooze":0,"activity":0.0022,"lastBolusTime":1703959054000,"time":"2023-12-30T19:52:26.428Z"}},{"iob":0.344,"basaliob":-0.093,"bolussnooze":0,"activity":0.0048,"lastBolusTime":1703959054000,"time":"2023-12-30T19:57:26.428Z","iobWithZeroTemp":{"iob":-0.106,"basaliob":-0.543,"bolussnooze":0,"activity":0.0017,"lastBolusTime":1703959054000,"time":"2023-12-30T19:57:26.428Z"}},{"iob":0.32,"basaliob":-0.087,"bolussnooze":0,"activity":0.0045,"lastBolusTime":1703959054000,"time":"2023-12-30T20:02:26.428Z","iobWithZeroTemp":{"iob":-0.147,"basaliob":-0.554,"bolussnooze":0,"activity":0.0012,"lastBolusTime":1703959054000,"time":"2023-12-30T20:02:26.428Z"}},{"iob":0.298,"basaliob":-0.081,"bolussnooze":0,"activity":0.0043,"lastBolusTime":1703959054000,"time":"2023-12-30T20:07:26.428Z","iobWithZeroTemp":{"iob":-0.186,"basaliob":-0.565,"bolussnooze":0,"activity":8.0E-4,"lastBolusTime":1703959054000,"time":"2023-12-30T20:07:26.428Z"}},{"iob":0.277,"basaliob":-0.076,"bolussnooze":0,"activity":0.004,"lastBolusTime":1703959054000,"time":"2023-12-30T20:12:26.428Z","iobWithZeroTemp":{"iob":-0.222,"basaliob":-0.575,"bolussnooze":0,"activity":3.0E-4,"lastBolusTime":1703959054000,"time":"2023-12-30T20:12:26.428Z"}},{"iob":0.257,"basaliob":-0.071,"bolussnooze":0,"activity":0.0038,"lastBolusTime":1703959054000,"time":"2023-12-30T20:17:26.428Z","iobWithZeroTemp":{"iob":-0.257,"basaliob":-0.585,"bolussnooze":0,"activity":-1.0E-4,"lastBolusTime":1703959054000,"time":"2023-12-30T20:17:26.428Z"}},{"iob":0.239,"basaliob":-0.066,"bolussnooze":0,"activity":0.0036,"lastBolusTime":1703959054000,"time":"2023-12-30T20:22:26.428Z","iobWithZeroTemp":{"iob":-0.288,"basaliob":-0.593,"bolussnooze":0,"activity":-4.0E-4,"lastBolusTime":1703959054000,"time":"2023-12-30T20:22:26.428Z"}},{"iob":0.222,"basaliob":-0.061,"bolussnooze":0,"activity":0.0033,"lastBolusTime":1703959054000,"time":"2023-12-30T20:27:26.428Z","iobWithZeroTemp":{"iob":-0.318,"basaliob":-0.601,"bolussnooze":0,"activity":-9.0E-4,"lastBolusTime":1703959054000,"time":"2023-12-30T20:27:26.428Z"}},{"iob":0.206,"basaliob":-0.057,"bolussnooze":0,"activity":0.0032,"lastBolusTime":1703959054000,"time":"2023-12-30T20:32:26.428Z","iobWithZeroTemp":{"iob":-0.346,"basaliob":-0.609,"bolussnooze":0,"activity":-0.0011,"lastBolusTime":1703959054000,"time":"2023-12-30T20:32:26.428Z"}},{"iob":0.191,"basaliob":-0.053,"bolussnooze":0,"activity":0.0029,"lastBolusTime":1703959054000,"time":"2023-12-30T20:37:26.428Z","iobWithZeroTemp":{"iob":-0.372,"basaliob":-0.616,"bolussnooze":0,"activity":-0.0016,"lastBolusTime":1703959054000,"time":"2023-12-30T20:37:26.428Z"}},{"iob":0.177,"basaliob":-0.049,"bolussnooze":0,"activity":0.0028,"lastBolusTime":1703959054000,"time":"2023-12-30T20:42:26.428Z","iobWithZeroTemp":{"iob":-0.397,"basaliob":-0.623,"bolussnooze":0,"activity":-0.0018,"lastBolusTime":1703959054000,"time":"2023-12-30T20:42:26.428Z"}},{"iob":0.164,"basaliob":-0.045,"bolussnooze":0,"activity":0.0025,"lastBolusTime":1703959054000,"time":"2023-12-30T20:47:26.428Z","iobWithZeroTemp":{"iob":-0.42,"basaliob":-0.629,"bolussnooze":0,"activity":-0.0023,"lastBolusTime":1703959054000,"time":"2023-12-30T20:47:26.428Z"}},{"iob":0.151,"basaliob":-0.042,"bolussnooze":0,"activity":0.0024,"lastBolusTime":1703959054000,"time":"2023-12-30T20:52:26.428Z","iobWithZeroTemp":{"iob":-0.442,"basaliob":-0.635,"bolussnooze":0,"activity":-0.0025,"lastBolusTime":1703959054000,"time":"2023-12-30T20:52:26.428Z"}},{"iob":0.14,"basaliob":-0.039,"bolussnooze":0,"activity":0.0022,"lastBolusTime":1703959054000,"time":"2023-12-30T20:57:26.428Z","iobWithZeroTemp":{"iob":-0.461,"basaliob":-0.64,"bolussnooze":0,"activity":-0.0028,"lastBolusTime":1703959054000,"time":"2023-12-30T20:57:26.428Z"}},{"iob":0.129,"basaliob":-0.036,"bolussnooze":0,"activity":0.002,"lastBolusTime":1703959054000,"time":"2023-12-30T21:02:26.428Z","iobWithZeroTemp":{"iob":-0.48,"basaliob":-0.645,"bolussnooze":0,"activity":-0.0031,"lastBolusTime":1703959054000,"time":"2023-12-30T21:02:26.428Z"}},{"iob":0.119,"basaliob":-0.033,"bolussnooze":0,"activity":0.0019,"lastBolusTime":1703959054000,"time":"2023-12-30T21:07:26.428Z","iobWithZeroTemp":{"iob":-0.498,"basaliob":-0.65,"bolussnooze":0,"activity":-0.0033,"lastBolusTime":1703959054000,"time":"2023-12-30T21:07:26.428Z"}},{"iob":0.109,"basaliob":-0.031,"bolussnooze":0,"activity":0.0018,"lastBolusTime":1703959054000,"time":"2023-12-30T21:12:26.428Z","iobWithZeroTemp":{"iob":-0.515,"basaliob":-0.655,"bolussnooze":0,"activity":-0.0035,"lastBolusTime":1703959054000,"time":"2023-12-30T21:12:26.428Z"}},{"iob":0.102,"basaliob":-0.028,"bolussnooze":0,"activity":0.0016,"lastBolusTime":1703959054000,"time":"2023-12-30T21:17:26.428Z","iobWithZeroTemp":{"iob":-0.528,"basaliob":-0.658,"bolussnooze":0,"activity":-0.0038,"lastBolusTime":1703959054000,"time":"2023-12-30T21:17:26.428Z"}},{"iob":0.093,"basaliob":-0.026,"bolussnooze":0,"activity":0.0016,"lastBolusTime":1703959054000,"time":"2023-12-30T21:22:26.428Z","iobWithZeroTemp":{"iob":-0.543,"basaliob":-0.662,"bolussnooze":0,"activity":-0.0039,"lastBolusTime":1703959054000,"time":"2023-12-30T21:22:26.428Z"}},{"iob":0.086,"basaliob":-0.024,"bolussnooze":0,"activity":0.0014,"lastBolusTime":1703959054000,"time":"2023-12-30T21:27:26.428Z","iobWithZeroTemp":{"iob":-0.556,"basaliob":-0.666,"bolussnooze":0,"activity":-0.0042,"lastBolusTime":1703959054000,"time":"2023-12-30T21:27:26.428Z"}},{"iob":0.079,"basaliob":-0.022,"bolussnooze":0,"activity":0.0013,"lastBolusTime":1703959054000,"time":"2023-12-30T21:32:26.428Z","iobWithZeroTemp":{"iob":-0.568,"basaliob":-0.669,"bolussnooze":0,"activity":-0.0044,"lastBolusTime":1703959054000,"time":"2023-12-30T21:32:26.428Z"}},{"iob":0.073,"basaliob":-0.02,"bolussnooze":0,"activity":0.0013,"lastBolusTime":1703959054000,"time":"2023-12-30T21:37:26.428Z","iobWithZeroTemp":{"iob":-0.578,"basaliob":-0.671,"bolussnooze":0,"activity":-0.0045,"lastBolusTime":1703959054000,"time":"2023-12-30T21:37:26.428Z"}},{"iob":0.066,"basaliob":-0.019,"bolussnooze":0,"activity":0.0012,"lastBolusTime":1703959054000,"time":"2023-12-30T21:42:26.428Z","iobWithZeroTemp":{"iob":-0.59,"basaliob":-0.675,"bolussnooze":0,"activity":-0.0046,"lastBolusTime":1703959054000,"time":"2023-12-30T21:42:26.428Z"}},{"iob":0.061,"basaliob":-0.017,"bolussnooze":0,"activity":0.001,"lastBolusTime":1703959054000,"time":"2023-12-30T21:47:26.428Z","iobWithZeroTemp":{"iob":-0.599,"basaliob":-0.677,"bolussnooze":0,"activity":-0.0049,"lastBolusTime":1703959054000,"time":"2023-12-30T21:47:26.428Z"}},{"iob":0.056,"basaliob":-0.016,"bolussnooze":0,"activity":9.0E-4,"lastBolusTime":1703959054000,"time":"2023-12-30T21:52:26.428Z","iobWithZeroTemp":{"iob":-0.608,"basaliob":-0.68,"bolussnooze":0,"activity":-0.005,"lastBolusTime":1703959054000,"time":"2023-12-30T21:52:26.428Z"}},{"iob":0.051,"basaliob":-0.015,"bolussnooze":0,"activity":9.0E-4,"lastBolusTime":1703959054000,"time":"2023-12-30T21:57:26.428Z","iobWithZeroTemp":{"iob":-0.616,"basaliob":-0.682,"bolussnooze":0,"activity":-0.0051,"lastBolusTime":1703959054000,"time":"2023-12-30T21:57:26.428Z"}},{"iob":0.047,"basaliob":-0.013,"bolussnooze":0,"activity":9.0E-4,"lastBolusTime":1703959054000,"time":"2023-12-30T22:02:26.428Z","iobWithZeroTemp":{"iob":-0.623,"basaliob":-0.683,"bolussnooze":0,"activity":-0.0052,"lastBolusTime":1703959054000,"time":"2023-12-30T22:02:26.428Z"}},{"iob":0.043,"basaliob":-0.012,"bolussnooze":0,"activity":8.0E-4,"lastBolusTime":1703959054000,"time":"2023-12-30T22:07:26.428Z","iobWithZeroTemp":{"iob":-0.634,"basaliob":-0.689,"bolussnooze":0,"activity":-0.0053,"lastBolusTime":1703959054000,"time":"2023-12-30T22:07:26.428Z"}},{"iob":0.039,"basaliob":-0.011,"bolussnooze":0,"activity":7.0E-4,"lastBolusTime":1703959054000,"time":"2023-12-30T22:12:26.428Z","iobWithZeroTemp":{"iob":-0.649,"basaliob":-0.699,"bolussnooze":0,"activity":-0.0055,"lastBolusTime":1703959054000,"time":"2023-12-30T22:12:26.428Z"}},{"iob":0.036,"basaliob":-0.01,"bolussnooze":0,"activity":6.0E-4,"lastBolusTime":1703959054000,"time":"2023-12-30T22:17:26.428Z","iobWithZeroTemp":{"iob":-0.659,"basaliob":-0.705,"bolussnooze":0,"activity":-0.0056,"lastBolusTime":1703959054000,"time":"2023-12-30T22:17:26.428Z"}},{"iob":0.033,"basaliob":-0.009,"bolussnooze":0,"activity":6.0E-4,"lastBolusTime":1703959054000,"time":"2023-12-30T22:22:26.428Z","iobWithZeroTemp":{"iob":-0.668,"basaliob":-0.71,"bolussnooze":0,"activity":-0.0057,"lastBolusTime":1703959054000,"time":"2023-12-30T22:22:26.428Z"}},{"iob":0.029,"basaliob":-0.009,"bolussnooze":0,"activity":5.0E-4,"lastBolusTime":1703959054000,"time":"2023-12-30T22:27:26.428Z","iobWithZeroTemp":{"iob":-0.678,"basaliob":-0.716,"bolussnooze":0,"activity":-0.0058,"lastBolusTime":1703959054000,"time":"2023-12-30T22:27:26.428Z"}}],"profile":{"max_iob":7,"type":"current","max_daily_basal":0.45,"max_basal":1.35,"min_bg":143.99999999999991,"max_bg":143.99999999999991,"target_bg":143.99999999999991,"carb_ratio":11,"sens":352.8,"max_daily_safety_multiplier":3,"current_basal_safety_multiplier":4,"lgsThreshold":65,"high_temptarget_raises_sensitivity":false,"low_temptarget_lowers_sensitivity":false,"sensitivity_raises_target":true,"resistance_lowers_target":true,"adv_target_adjustments":false,"exercise_mode":false,"half_basal_exercise_target":160,"maxCOB":120,"skip_neutral_temps":false,"remainingCarbsCap":90,"enableUAM":true,"A52_risk_enable":false,"SMBInterval":4,"enableSMB_with_COB":true,"enableSMB_with_temptarget":false,"allowSMB_with_high_temptarget":true,"enableSMB_always":true,"enableSMB_after_carbs":false,"maxSMBBasalMinutes":60,"maxUAMSMBBasalMinutes":60,"bolus_increment":0.05,"carbsReqThreshold":10,"current_basal":0.4,"temptargetSet":true,"autosens_max":1.2,"autosens_min":0.8,"out_units":"mmol\/L","variable_sens":205,"insulinDivisor":65,"TDD":7.993495291666667},"autosens_data":{"ratio":0.9123495133266541},"meal_data":{"carbs":15,"mealCOB":10.457698412698411,"slopeFromMaxDeviation":0,"slopeFromMinDeviation":1.9753333333333332,"lastBolusTime":1703959054000,"lastCarbTime":1703957667000},"microBolusAllowed":true,"currentTime":1703961148716,"flatBGsDetected":false,"tdd1D":25.347250000000006,"tdd7D":27.29536904761905,"tddLast24H":24.90291666666666,"tddLast4H":2.9200000000000004,"tddLast8to4H":1.9299999999999997},"output":{"temp":"absolute","bg":130,"tick":"+20","eventualBG":401,"targetBG":143.99999999999991,"insulinReq":-0.13,"deliverAt":"2023-12-30T18:32:28.716Z","sensitivityRatio":0.9123495133266541,"variable_sens":205,"predBGs":{"IOB":[130,143,154,164,173,179,184,188,189,189,187,183,178,172,167,162,157,153,148,144,140,136,132,129,125,122,119,116,113,110,108,105,103,101,99,97,96,94,92,91,89,88,87,86,85,84,83,82],"ZT":[130,121,111,101,90,80,69,57,45,39,39,39,39,39,39,39,39,39,39,39,39,39,39,39,39,39,39,39,39,39,39,39,39,39,39,39,39,39,50,59,67,75,83,90,97,103,110,117],"COB":[130,143,155,166,175,183,190,195,199,202,204,204,204,202,199,195,189,184,179,174,170,166,162,158,155,152,149,146,143,141,139,137,135,133,131,129,128,127,125,124,123,122,121,120,120,119,118],"UAM":[130,144,158,172,186,200,214,227,240,253,265,277,289,300,311,322,332,342,351,360,368,376,383,389,396,401]},"reason":"COB: 10.5, Dev: 8.1, BGI: -0.5, ISF: 11.4, CR: 11, Target: 8.0, minPredBG 6.5, minGuardBG 6.9, IOBpredBG 4.6, COBpredBG 6.6, UAMpredBG 22.3; Eventual BG 22.3 >= 8.0,  insulinReq -0.13; setting 60m low temp of 0U\/h. ","COB":10.457698412698411,"IOB":0.962,"rate":0,"duration":60,"timestamp":"2023-12-30T18:32:28.741Z"}}