{"algorithm":"OpenAPSSMBDynamicISFPlugin","input":{"glucoseStatus":{"glucose":160,"noise":0,"delta":-2,"short_avgdelta":-1.94,"long_avgdelta":-3.8,"date":1703567210347},"currenttemp":{"temp":"absolute","duration":15,"rate":0,"minutesrunning":45},"iob_data":[{"iob":0.69,"basaliob":-0.543,"bolussnooze":0,"activity":0.0093,"lastBolusTime":1703564553000,"time":"2023-12-26T05:07:10.834Z","iobWithZeroTemp":{"iob":0.69,"basaliob":-0.543,"bolussnooze":0,"activity":0.0093,"lastBolusTime":1703564553000,"time":"2023-12-26T05:07:10.834Z"}},{"iob":0.645,"basaliob":-0.52,"bolussnooze":0,"activity":0.0088,"lastBolusTime":1703564553000,"time":"2023-12-26T05:12:10.834Z","iobWithZeroTemp":{"iob":0.618,"basaliob":-0.547,"bolussnooze":0,"activity":0.0088,"lastBolusTime":1703564553000,"time":"2023-12-26T05:12:10.834Z"}},{"iob":0.602,"basaliob":-0.497,"bolussnooze":0,"activity":0.0083,"lastBolusTime":1703564553000,"time":"2023-12-26T05:17:10.834Z","iobWithZeroTemp":{"iob":0.542,"basaliob":-0.557,"bolussnooze":0,"activity":0.0082,"lastBolusTime":1703564553000,"time":"2023-12-26T05:17:10.834Z"}},{"iob":0.561,"basaliob":-0.474,"bolussnooze":0,"activity":0.0079,"lastBolusTime":1703564553000,"time":"2023-12-26T05:22:10.834Z","iobWithZeroTemp":{"iob":0.469,"basaliob":-0.566,"bolussnooze":0,"activity":0.0077,"lastBolusTime":1703564553000,"time":"2023-12-26T05:22:10.834Z"}},{"iob":0.523,"basaliob":-0.451,"bolussnooze":0,"activity":0.0074,"lastBolusTime":1703564553000,"time":"2023-12-26T05:27:10.834Z","iobWithZeroTemp":{"iob":0.398,"basaliob":-0.576,"bolussnooze":0,"activity":0.0071,"lastBolusTime":1703564553000,"time":"2023-12-26T05:27:10.834Z"}},{"iob":0.488,"basaliob":-0.428,"bolussnooze":0,"activity":0.007,"lastBolusTime":1703564553000,"time":"2023-12-26T05:32:10.834Z","iobWithZeroTemp":{"iob":0.332,"basaliob":-0.584,"bolussnooze":0,"activity":0.0065,"lastBolusTime":1703564553000,"time":"2023-12-26T05:32:10.834Z"}},{"iob":0.453,"basaliob":-0.406,"bolussnooze":0,"activity":0.0066,"lastBolusTime":1703564553000,"time":"2023-12-26T05:37:10.834Z","iobWithZeroTemp":{"iob":0.267,"basaliob":-0.592,"bolussnooze":0,"activity":0.0059,"lastBolusTime":1703564553000,"time":"2023-12-26T05:37:10.834Z"}},{"iob":0.422,"basaliob":-0.384,"bolussnooze":0,"activity":0.0062,"lastBolusTime":1703564553000,"time":"2023-12-26T05:42:10.834Z","iobWithZeroTemp":{"iob":0.206,"basaliob":-0.6,"bolussnooze":0,"activity":0.0053,"lastBolusTime":1703564553000,"time":"2023-12-26T05:42:10.834Z"}},{"iob":0.392,"basaliob":-0.363,"bolussnooze":0,"activity":0.0058,"lastBolusTime":1703564553000,"time":"2023-12-26T05:47:10.834Z","iobWithZeroTemp":{"iob":0.148,"basaliob":-0.607,"bolussnooze":0,"activity":0.0047,"lastBolusTime":1703564553000,"time":"2023-12-26T05:47:10.834Z"}},{"iob":0.364,"basaliob":-0.342,"bolussnooze":0,"activity":0.0055,"lastBolusTime":1703564553000,"time":"2023-12-26T05:52:10.834Z","iobWithZeroTemp":{"iob":0.092,"basaliob":-0.614,"bolussnooze":0,"activity":0.0042,"lastBolusTime":1703564553000,"time":"2023-12-26T05:52:10.834Z"}},{"iob":0.338,"basaliob":-0.322,"bolussnooze":0,"activity":0.0051,"lastBolusTime":1703564553000,"time":"2023-12-26T05:57:10.834Z","iobWithZeroTemp":{"iob":0.04,"basaliob":-0.62,"bolussnooze":0,"activity":0.0036,"lastBolusTime":1703564553000,"time":"2023-12-26T05:57:10.834Z"}},{"iob":0.313,"basaliob":-0.303,"bolussnooze":0,"activity":0.0048,"lastBolusTime":1703564553000,"time":"2023-12-26T06:02:10.834Z","iobWithZeroTemp":{"iob":-0.01,"basaliob":-0.626,"bolussnooze":0,"activity":0.003,"lastBolusTime":1703564553000,"time":"2023-12-26T06:02:10.834Z"}},{"iob":0.29,"basaliob":-0.285,"bolussnooze":0,"activity":0.0044,"lastBolusTime":1703564553000,"time":"2023-12-26T06:07:10.834Z","iobWithZeroTemp":{"iob":-0.057,"basaliob":-0.632,"bolussnooze":0,"activity":0.0024,"lastBolusTime":1703564553000,"time":"2023-12-26T06:07:10.834Z"}},{"iob":0.268,"basaliob":-0.268,"bolussnooze":0,"activity":0.0042,"lastBolusTime":1703564553000,"time":"2023-12-26T06:12:10.834Z","iobWithZeroTemp":{"iob":-0.102,"basaliob":-0.638,"bolussnooze":0,"activity":0.002,"lastBolusTime":1703564553000,"time":"2023-12-26T06:12:10.834Z"}},{"iob":0.248,"basaliob":-0.251,"bolussnooze":0,"activity":0.0039,"lastBolusTime":1703564553000,"time":"2023-12-26T06:17:10.834Z","iobWithZeroTemp":{"iob":-0.143,"basaliob":-0.642,"bolussnooze":0,"activity":0.0015,"lastBolusTime":1703564553000,"time":"2023-12-26T06:17:10.834Z"}},{"iob":0.229,"basaliob":-0.235,"bolussnooze":0,"activity":0.0036,"lastBolusTime":1703564553000,"time":"2023-12-26T06:22:10.834Z","iobWithZeroTemp":{"iob":-0.183,"basaliob":-0.647,"bolussnooze":0,"activity":9.0E-4,"lastBolusTime":1703564553000,"time":"2023-12-26T06:22:10.834Z"}},{"iob":0.211,"basaliob":-0.22,"bolussnooze":0,"activity":0.0033,"lastBolusTime":1703564553000,"time":"2023-12-26T06:27:10.834Z","iobWithZeroTemp":{"iob":-0.22,"basaliob":-0.651,"bolussnooze":0,"activity":4.0E-4,"lastBolusTime":1703564553000,"time":"2023-12-26T06:27:10.834Z"}},{"iob":0.196,"basaliob":-0.205,"bolussnooze":0,"activity":0.0031,"lastBolusTime":1703564553000,"time":"2023-12-26T06:32:10.834Z","iobWithZeroTemp":{"iob":-0.254,"basaliob":-0.655,"bolussnooze":0,"activity":0,"lastBolusTime":1703564553000,"time":"2023-12-26T06:32:10.834Z"}},{"iob":0.18,"basaliob":-0.192,"bolussnooze":0,"activity":0.003,"lastBolusTime":1703564553000,"time":"2023-12-26T06:37:10.834Z","iobWithZeroTemp":{"iob":-0.287,"basaliob":-0.659,"bolussnooze":0,"activity":-3.0E-4,"lastBolusTime":1703564553000,"time":"2023-12-26T06:37:10.834Z"}},{"iob":0.166,"basaliob":-0.179,"bolussnooze":0,"activity":0.0027,"lastBolusTime":1703564553000,"time":"2023-12-26T06:42:10.834Z","iobWithZeroTemp":{"iob":-0.318,"basaliob":-0.663,"bolussnooze":0,"activity":-8.0E-4,"lastBolusTime":1703564553000,"time":"2023-12-26T06:42:10.834Z"}},{"iob":0.153,"basaliob":-0.167,"bolussnooze":0,"activity":0.0025,"lastBolusTime":1703564553000,"time":"2023-12-26T06:47:10.834Z","iobWithZeroTemp":{"iob":-0.346,"basaliob":-0.666,"bolussnooze":0,"activity":-0.0012,"lastBolusTime":1703564553000,"time":"2023-12-26T06:47:10.834Z"}},{"iob":0.141,"basaliob":-0.155,"bolussnooze":0,"activity":0.0024,"lastBolusTime":1703564553000,"time":"2023-12-26T06:52:10.834Z","iobWithZeroTemp":{"iob":-0.373,"basaliob":-0.669,"bolussnooze":0,"activity":-0.0015,"lastBolusTime":1703564553000,"time":"2023-12-26T06:52:10.834Z"}},{"iob":0.13,"basaliob":-0.144,"bolussnooze":0,"activity":0.0022,"lastBolusTime":1703564553000,"time":"2023-12-26T06:57:10.834Z","iobWithZeroTemp":{"iob":-0.397,"basaliob":-0.671,"bolussnooze":0,"activity":-0.0018,"lastBolusTime":1703564553000,"time":"2023-12-26T06:57:10.834Z"}},{"iob":0.119,"basaliob":-0.134,"bolussnooze":0,"activity":0.002,"lastBolusTime":1703564553000,"time":"2023-12-26T07:02:10.834Z","iobWithZeroTemp":{"iob":-0.421,"basaliob":-0.674,"bolussnooze":0,"activity":-0.0022,"lastBolusTime":1703564553000,"time":"2023-12-26T07:02:10.834Z"}},{"iob":0.109,"basaliob":-0.125,"bolussnooze":0,"activity":0.0018,"lastBolusTime":1703564553000,"time":"2023-12-26T07:07:10.834Z","iobWithZeroTemp":{"iob":-0.443,"basaliob":-0.677,"bolussnooze":0,"activity":-0.0025,"lastBolusTime":1703564553000,"time":"2023-12-26T07:07:10.834Z"}},{"iob":0.1,"basaliob":-0.116,"bolussnooze":0,"activity":0.0018,"lastBolusTime":1703564553000,"time":"2023-12-26T07:12:10.834Z","iobWithZeroTemp":{"iob":-0.463,"basaliob":-0.679,"bolussnooze":0,"activity":-0.0027,"lastBolusTime":1703564553000,"time":"2023-12-26T07:12:10.834Z"}},{"iob":0.092,"basaliob":-0.107,"bolussnooze":0,"activity":0.0016,"lastBolusTime":1703564553000,"time":"2023-12-26T07:17:10.834Z","iobWithZeroTemp":{"iob":-0.482,"basaliob":-0.681,"bolussnooze":0,"activity":-0.003,"lastBolusTime":1703564553000,"time":"2023-12-26T07:17:10.834Z"}},{"iob":0.084,"basaliob":-0.1,"bolussnooze":0,"activity":0.0015,"lastBolusTime":1703564553000,"time":"2023-12-26T07:22:10.834Z","iobWithZeroTemp":{"iob":-0.5,"basaliob":-0.684,"bolussnooze":0,"activity":-0.0033,"lastBolusTime":1703564553000,"time":"2023-12-26T07:22:10.834Z"}},{"iob":0.077,"basaliob":-0.092,"bolussnooze":0,"activity":0.0014,"lastBolusTime":1703564553000,"time":"2023-12-26T07:27:10.834Z","iobWithZeroTemp":{"iob":-0.516,"basaliob":-0.685,"bolussnooze":0,"activity":-0.0035,"lastBolusTime":1703564553000,"time":"2023-12-26T07:27:10.834Z"}},{"iob":0.071,"basaliob":-0.085,"bolussnooze":0,"activity":0.0013,"lastBolusTime":1703564553000,"time":"2023-12-26T07:32:10.834Z","iobWithZeroTemp":{"iob":-0.53,"basaliob":-0.686,"bolussnooze":0,"activity":-0.0037,"lastBolusTime":1703564553000,"time":"2023-12-26T07:32:10.834Z"}},{"iob":0.064,"basaliob":-0.079,"bolussnooze":0,"activity":0.0012,"lastBolusTime":1703564553000,"time":"2023-12-26T07:37:10.834Z","iobWithZeroTemp":{"iob":-0.545,"basaliob":-0.688,"bolussnooze":0,"activity":-0.0039,"lastBolusTime":1703564553000,"time":"2023-12-26T07:37:10.834Z"}},{"iob":0.059,"basaliob":-0.073,"bolussnooze":0,"activity":0.001,"lastBolusTime":1703564553000,"time":"2023-12-26T07:42:10.834Z","iobWithZeroTemp":{"iob":-0.558,"basaliob":-0.69,"bolussnooze":0,"activity":-0.0042,"lastBolusTime":1703564553000,"time":"2023-12-26T07:42:10.834Z"}},{"iob":0.054,"basaliob":-0.067,"bolussnooze":0,"activity":0.001,"lastBolusTime":1703564553000,"time":"2023-12-26T07:47:10.834Z","iobWithZeroTemp":{"iob":-0.57,"basaliob":-0.691,"bolussnooze":0,"activity":-0.0043,"lastBolusTime":1703564553000,"time":"2023-12-26T07:47:10.834Z"}},{"iob":0.049,"basaliob":-0.062,"bolussnooze":0,"activity":9.0E-4,"lastBolusTime":1703564553000,"time":"2023-12-26T07:52:10.834Z","iobWithZeroTemp":{"iob":-0.581,"basaliob":-0.692,"bolussnooze":0,"activity":-0.0045,"lastBolusTime":1703564553000,"time":"2023-12-26T07:52:10.834Z"}},{"iob":0.045,"basaliob":-0.057,"bolussnooze":0,"activity":9.0E-4,"lastBolusTime":1703564553000,"time":"2023-12-26T07:57:10.834Z","iobWithZeroTemp":{"iob":-0.591,"basaliob":-0.693,"bolussnooze":0,"activity":-0.0046,"lastBolusTime":1703564553000,"time":"2023-12-26T07:57:10.834Z"}},{"iob":0.041,"basaliob":-0.053,"bolussnooze":0,"activity":7.0E-4,"lastBolusTime":1703564553000,"time":"2023-12-26T08:02:10.834Z","iobWithZeroTemp":{"iob":-0.601,"basaliob":-0.695,"bolussnooze":0,"activity":-0.0049,"lastBolusTime":1703564553000,"time":"2023-12-26T08:02:10.834Z"}},{"iob":0.037,"basaliob":-0.049,"bolussnooze":0,"activity":7.0E-4,"lastBolusTime":1703564553000,"time":"2023-12-26T08:07:10.834Z","iobWithZeroTemp":{"iob":-0.61,"basaliob":-0.696,"bolussnooze":0,"activity":-0.005,"lastBolusTime":1703564553000,"time":"2023-12-26T08:07:10.834Z"}},{"iob":0.033,"basaliob":-0.045,"bolussnooze":0,"activity":7.0E-4,"lastBolusTime":1703564553000,"time":"2023-12-26T08:12:10.834Z","iobWithZeroTemp":{"iob":-0.618,"basaliob":-0.696,"bolussnooze":0,"activity":-0.0051,"lastBolusTime":1703564553000,"time":"2023-12-26T08:12:10.834Z"}},{"iob":0.031,"basaliob":-0.041,"bolussnooze":0,"activity":6.0E-4,"lastBolusTime":1703564553000,"time":"2023-12-26T08:17:10.834Z","iobWithZeroTemp":{"iob":-0.625,"basaliob":-0.697,"bolussnooze":0,"activity":-0.0052,"lastBolusTime":1703564553000,"time":"2023-12-26T08:17:10.834Z"}},{"iob":0.028,"basaliob":-0.038,"bolussnooze":0,"activity":6.0E-4,"lastBolusTime":1703564553000,"time":"2023-12-26T08:22:10.834Z","iobWithZeroTemp":{"iob":-0.632,"basaliob":-0.698,"bolussnooze":0,"activity":-0.0053,"lastBolusTime":1703564553000,"time":"2023-12-26T08:22:10.834Z"}},{"iob":0.025,"basaliob":-0.035,"bolussnooze":0,"activity":5.0E-4,"lastBolusTime":1703564553000,"time":"2023-12-26T08:27:10.834Z","iobWithZeroTemp":{"iob":-0.639,"basaliob":-0.699,"bolussnooze":0,"activity":-0.0054,"lastBolusTime":1703564553000,"time":"2023-12-26T08:27:10.834Z"}},{"iob":0.023,"basaliob":-0.032,"bolussnooze":0,"activity":5.0E-4,"lastBolusTime":1703564553000,"time":"2023-12-26T08:32:10.834Z","iobWithZeroTemp":{"iob":-0.644,"basaliob":-0.699,"bolussnooze":0,"activity":-0.0055,"lastBolusTime":1703564553000,"time":"2023-12-26T08:32:10.834Z"}},{"iob":0.021,"basaliob":-0.029,"bolussnooze":0,"activity":4.0E-4,"lastBolusTime":1703564553000,"time":"2023-12-26T08:37:10.834Z","iobWithZeroTemp":{"iob":-0.649,"basaliob":-0.699,"bolussnooze":0,"activity":-0.0057,"lastBolusTime":1703564553000,"time":"2023-12-26T08:37:10.834Z"}},{"iob":0.018,"basaliob":-0.027,"bolussnooze":0,"activity":4.0E-4,"lastBolusTime":1703564553000,"time":"2023-12-26T08:42:10.834Z","iobWithZeroTemp":{"iob":-0.655,"basaliob":-0.7,"bolussnooze":0,"activity":-0.0057,"lastBolusTime":1703564553000,"time":"2023-12-26T08:42:10.834Z"}},{"iob":0.017,"basaliob":-0.024,"bolussnooze":0,"activity":4.0E-4,"lastBolusTime":1703564553000,"time":"2023-12-26T08:47:10.834Z","iobWithZeroTemp":{"iob":-0.659,"basaliob":-0.7,"bolussnooze":0,"activity":-0.0057,"lastBolusTime":1703564553000,"time":"2023-12-26T08:47:10.834Z"}},{"iob":0.016,"basaliob":-0.022,"bolussnooze":0,"activity":3.0E-4,"lastBolusTime":1703564553000,"time":"2023-12-26T08:52:10.834Z","iobWithZeroTemp":{"iob":-0.662,"basaliob":-0.7,"bolussnooze":0,"activity":-0.0059,"lastBolusTime":1703564553000,"time":"2023-12-26T08:52:10.834Z"}},{"iob":0.014,"basaliob":-0.02,"bolussnooze":0,"activity":3.0E-4,"lastBolusTime":1703564553000,"time":"2023-12-26T08:57:10.834Z","iobWithZeroTemp":{"iob":-0.667,"basaliob":-0.701,"bolussnooze":0,"activity":-0.0059,"lastBolusTime":1703564553000,"time":"2023-12-26T08:57:10.834Z"}},{"iob":0.012,"basaliob":-0.019,"bolussnooze":0,"activity":3.0E-4,"lastBolusTime":1703564553000,"time":"2023-12-26T09:02:10.834Z","iobWithZeroTemp":{"iob":-0.671,"basaliob":-0.702,"bolussnooze":0,"activity":-0.006,"lastBolusTime":1703564553000,"time":"2023-12-26T09:02:10.834Z"}}],"profile":{"max_iob":7,"type":"current","max_daily_basal":0.45,"max_basal":1.35,"min_bg":81,"max_bg":81,"target_bg":81,"carb_ratio":9,"sens":352.8,"max_daily_safety_multiplier":3,"current_basal_safety_multiplier":4,"lgsThreshold":65,"high_temptarget_raises_sensitivity":false,"low_temptarget_lowers_sensitivity":false,"sensitivity_raises_target":true,"resistance_lowers_target":true,"adv_target_adjustments":false,"exercise_mode":false,"half_basal_exercise_target":160,"maxCOB":120,"skip_neutral_temps":false,"remainingCarbsCap":90,"enableUAM":true,"A52_risk_enable":false,"SMBInterval":4,"enableSMB_with_COB":true,"enableSMB_with_temptarget":false,"allowSMB_with_high_temptarget":true,"enableSMB_always":true,"enableSMB_after_carbs":false,"maxSMBBasalMinutes":60,"maxUAMSMBBasalMinutes":60,"bolus_increment":0.05,"carbsReqThreshold":10,"current_basal":0.4,"temptargetSet":true,"autosens_max":1.2,"autosens_min":0.8,"out_units":"mmol\/L","variable_sens":143.4,"insulinDivisor":65,"TDD":10.110065605714288},"autosens_data":{"ratio":1.1298779477035803},"meal_data":{"carbs":0,"mealCOB":0,"slopeFromMaxDeviation":-0.8561111111111113,"slopeFromMinDeviation":1.1279999999999992,"lastBolusTime":1703564553000,"lastCarbTime":0},"microBolusAllowed":true,"currentTime":1703567233856,"flatBGsDetected":false,"tdd1D":33.75158333333334,"tdd7D":31.95839285714286,"tddLast24H":36.10908333333334,"tddLast4H":3.2569999999999997,"tddLast8to4H":2.635416666666667},"output":{"temp":"absolute","bg":160,"tick":-2,"eventualBG":89,"targetBG":81,"insulinReq":0,"deliverAt":"2023-12-26T05:07:13.856Z","sensitivityRatio":1.1298779477035803,"variable_sens":143.4,"predBGs":{"IOB":[160,158,155,153,150,147,144,141,138,135,131,127,123,120,116,113,110,107,104,101,98,96,94,91,89,88,86,84,82,81,79,78,77,76,75,74,73,72,71,71,70,69,69,68,68,67,67,66],"ZT":[160,153,147,141,135,129,124,119,114,110,106,103,100,98,96,95,94,93,93,94,94],"UAM":[160,157,154,150,145,140,135,129,124,119,115,110,106,102,98,94,91,87,84,81,78,75,72,70,67,65,63,60,58,56,55,53,51,50,48,47,46,45,43,42,41,40,40,39]},"reason":"COB: 0, Dev: 1.6, BGI: -0.4, ISF: 8.0, CR: 9, Target: 4.5, minPredBG 3.7, minGuardBG 2.0, IOBpredBG 3.7, UAMpredBG 2.2; minGuardBG 2.0<3.6","COB":0,"IOB":0.69,"duration":60,"rate":0,"timestamp":"2023-12-26T05:07:13.881Z"}}