{"algorithm":"OpenAPSSMBDynamicISFPlugin","input":{"glucoseStatus":{"glucose":136,"noise":0,"delta":-2,"short_avgdelta":-1.5,"long_avgdelta":-2.6,"date":1703550113916},"currenttemp":{"temp":"absolute","duration":25,"rate":0,"minutesrunning":5},"iob_data":[{"iob":0.455,"basaliob":-0.302,"bolussnooze":0,"activity":0.0059,"lastBolusTime":1703549849000,"time":"2023-12-26T00:22:13.820Z","iobWithZeroTemp":{"iob":0.455,"basaliob":-0.302,"bolussnooze":0,"activity":0.0059,"lastBolusTime":1703549849000,"time":"2023-12-26T00:22:13.820Z"}},{"iob":0.426,"basaliob":-0.289,"bolussnooze":0,"activity":0.0057,"lastBolusTime":1703549849000,"time":"2023-12-26T00:27:13.820Z","iobWithZeroTemp":{"iob":0.403,"basaliob":-0.312,"bolussnooze":0,"activity":0.0057,"lastBolusTime":1703549849000,"time":"2023-12-26T00:27:13.820Z"}},{"iob":0.398,"basaliob":-0.276,"bolussnooze":0,"activity":0.0054,"lastBolusTime":1703549849000,"time":"2023-12-26T00:32:13.820Z","iobWithZeroTemp":{"iob":0.346,"basaliob":-0.328,"bolussnooze":0,"activity":0.0053,"lastBolusTime":1703549849000,"time":"2023-12-26T00:32:13.820Z"}},{"iob":0.372,"basaliob":-0.263,"bolussnooze":0,"activity":0.0051,"lastBolusTime":1703549849000,"time":"2023-12-26T00:37:13.820Z","iobWithZeroTemp":{"iob":0.291,"basaliob":-0.344,"bolussnooze":0,"activity":0.0049,"lastBolusTime":1703549849000,"time":"2023-12-26T00:37:13.820Z"}},{"iob":0.347,"basaliob":-0.25,"bolussnooze":0,"activity":0.0048,"lastBolusTime":1703549849000,"time":"2023-12-26T00:42:13.820Z","iobWithZeroTemp":{"iob":0.238,"basaliob":-0.359,"bolussnooze":0,"activity":0.0045,"lastBolusTime":1703549849000,"time":"2023-12-26T00:42:13.820Z"}},{"iob":0.324,"basaliob":-0.237,"bolussnooze":0,"activity":0.0046,"lastBolusTime":1703549849000,"time":"2023-12-26T00:47:13.820Z","iobWithZeroTemp":{"iob":0.188,"basaliob":-0.373,"bolussnooze":0,"activity":0.0042,"lastBolusTime":1703549849000,"time":"2023-12-26T00:47:13.820Z"}},{"iob":0.302,"basaliob":-0.224,"bolussnooze":0,"activity":0.0043,"lastBolusTime":1703549849000,"time":"2023-12-26T00:52:13.820Z","iobWithZeroTemp":{"iob":0.139,"basaliob":-0.387,"bolussnooze":0,"activity":0.0037,"lastBolusTime":1703549849000,"time":"2023-12-26T00:52:13.820Z"}},{"iob":0.281,"basaliob":-0.212,"bolussnooze":0,"activity":0.0041,"lastBolusTime":1703549849000,"time":"2023-12-26T00:57:13.820Z","iobWithZeroTemp":{"iob":0.092,"basaliob":-0.401,"bolussnooze":0,"activity":0.0033,"lastBolusTime":1703549849000,"time":"2023-12-26T00:57:13.820Z"}},{"iob":0.261,"basaliob":-0.2,"bolussnooze":0,"activity":0.0039,"lastBolusTime":1703549849000,"time":"2023-12-26T01:02:13.820Z","iobWithZeroTemp":{"iob":0.047,"basaliob":-0.414,"bolussnooze":0,"activity":0.0029,"lastBolusTime":1703549849000,"time":"2023-12-26T01:02:13.820Z"}},{"iob":0.242,"basaliob":-0.189,"bolussnooze":0,"activity":0.0035,"lastBolusTime":1703549849000,"time":"2023-12-26T01:07:13.820Z","iobWithZeroTemp":{"iob":0.011,"basaliob":-0.42,"bolussnooze":0,"activity":0.0024,"lastBolusTime":1703549849000,"time":"2023-12-26T01:07:13.820Z"}},{"iob":0.225,"basaliob":-0.178,"bolussnooze":0,"activity":0.0033,"lastBolusTime":1703549849000,"time":"2023-12-26T01:12:13.820Z","iobWithZeroTemp":{"iob":-0.023,"basaliob":-0.426,"bolussnooze":0,"activity":0.002,"lastBolusTime":1703549849000,"time":"2023-12-26T01:12:13.820Z"}},{"iob":0.209,"basaliob":-0.167,"bolussnooze":0,"activity":0.0031,"lastBolusTime":1703549849000,"time":"2023-12-26T01:17:13.820Z","iobWithZeroTemp":{"iob":-0.048,"basaliob":-0.424,"bolussnooze":0,"activity":0.0016,"lastBolusTime":1703549849000,"time":"2023-12-26T01:17:13.820Z"}},{"iob":0.194,"basaliob":-0.157,"bolussnooze":0,"activity":0.003,"lastBolusTime":1703549849000,"time":"2023-12-26T01:22:13.820Z","iobWithZeroTemp":{"iob":-0.078,"basaliob":-0.429,"bolussnooze":0,"activity":0.0014,"lastBolusTime":1703549849000,"time":"2023-12-26T01:22:13.820Z"}},{"iob":0.18,"basaliob":-0.147,"bolussnooze":0,"activity":0.0028,"lastBolusTime":1703549849000,"time":"2023-12-26T01:27:13.820Z","iobWithZeroTemp":{"iob":-0.106,"basaliob":-0.433,"bolussnooze":0,"activity":0.001,"lastBolusTime":1703549849000,"time":"2023-12-26T01:27:13.820Z"}},{"iob":0.166,"basaliob":-0.138,"bolussnooze":0,"activity":0.0026,"lastBolusTime":1703549849000,"time":"2023-12-26T01:32:13.820Z","iobWithZeroTemp":{"iob":-0.133,"basaliob":-0.437,"bolussnooze":0,"activity":6.0E-4,"lastBolusTime":1703549849000,"time":"2023-12-26T01:32:13.820Z"}},{"iob":0.154,"basaliob":-0.129,"bolussnooze":0,"activity":0.0024,"lastBolusTime":1703549849000,"time":"2023-12-26T01:37:13.820Z","iobWithZeroTemp":{"iob":-0.157,"basaliob":-0.44,"bolussnooze":0,"activity":3.0E-4,"lastBolusTime":1703549849000,"time":"2023-12-26T01:37:13.820Z"}},{"iob":0.141,"basaliob":-0.121,"bolussnooze":0,"activity":0.0023,"lastBolusTime":1703549849000,"time":"2023-12-26T01:42:13.820Z","iobWithZeroTemp":{"iob":-0.182,"basaliob":-0.444,"bolussnooze":0,"activity":0,"lastBolusTime":1703549849000,"time":"2023-12-26T01:42:13.820Z"}},{"iob":0.132,"basaliob":-0.112,"bolussnooze":0,"activity":0.0021,"lastBolusTime":1703549849000,"time":"2023-12-26T01:47:13.820Z","iobWithZeroTemp":{"iob":-0.202,"basaliob":-0.446,"bolussnooze":0,"activity":-3.0E-4,"lastBolusTime":1703549849000,"time":"2023-12-26T01:47:13.820Z"}},{"iob":0.121,"basaliob":-0.105,"bolussnooze":0,"activity":0.0019,"lastBolusTime":1703549849000,"time":"2023-12-26T01:52:13.820Z","iobWithZeroTemp":{"iob":-0.223,"basaliob":-0.449,"bolussnooze":0,"activity":-6.0E-4,"lastBolusTime":1703549849000,"time":"2023-12-26T01:52:13.820Z"}},{"iob":0.111,"basaliob":-0.098,"bolussnooze":0,"activity":0.0018,"lastBolusTime":1703549849000,"time":"2023-12-26T01:57:13.820Z","iobWithZeroTemp":{"iob":-0.243,"basaliob":-0.452,"bolussnooze":0,"activity":-8.0E-4,"lastBolusTime":1703549849000,"time":"2023-12-26T01:57:13.820Z"}},{"iob":0.103,"basaliob":-0.091,"bolussnooze":0,"activity":0.0017,"lastBolusTime":1703549849000,"time":"2023-12-26T02:02:13.820Z","iobWithZeroTemp":{"iob":-0.26,"basaliob":-0.454,"bolussnooze":0,"activity":-0.0011,"lastBolusTime":1703549849000,"time":"2023-12-26T02:02:13.820Z"}},{"iob":0.094,"basaliob":-0.085,"bolussnooze":0,"activity":0.0016,"lastBolusTime":1703549849000,"time":"2023-12-26T02:07:13.820Z","iobWithZeroTemp":{"iob":-0.277,"basaliob":-0.456,"bolussnooze":0,"activity":-0.0013,"lastBolusTime":1703549849000,"time":"2023-12-26T02:07:13.820Z"}},{"iob":0.087,"basaliob":-0.079,"bolussnooze":0,"activity":0.0014,"lastBolusTime":1703549849000,"time":"2023-12-26T02:12:13.820Z","iobWithZeroTemp":{"iob":-0.292,"basaliob":-0.458,"bolussnooze":0,"activity":-0.0016,"lastBolusTime":1703549849000,"time":"2023-12-26T02:12:13.820Z"}},{"iob":0.08,"basaliob":-0.073,"bolussnooze":0,"activity":0.0013,"lastBolusTime":1703549849000,"time":"2023-12-26T02:17:13.820Z","iobWithZeroTemp":{"iob":-0.306,"basaliob":-0.459,"bolussnooze":0,"activity":-0.0018,"lastBolusTime":1703549849000,"time":"2023-12-26T02:17:13.820Z"}},{"iob":0.074,"basaliob":-0.068,"bolussnooze":0,"activity":0.0013,"lastBolusTime":1703549849000,"time":"2023-12-26T02:22:13.820Z","iobWithZeroTemp":{"iob":-0.319,"basaliob":-0.461,"bolussnooze":0,"activity":-0.0019,"lastBolusTime":1703549849000,"time":"2023-12-26T02:22:13.820Z"}},{"iob":0.068,"basaliob":-0.063,"bolussnooze":0,"activity":0.0011,"lastBolusTime":1703549849000,"time":"2023-12-26T02:27:13.820Z","iobWithZeroTemp":{"iob":-0.331,"basaliob":-0.462,"bolussnooze":0,"activity":-0.0022,"lastBolusTime":1703549849000,"time":"2023-12-26T02:27:13.820Z"}},{"iob":0.062,"basaliob":-0.058,"bolussnooze":0,"activity":0.0011,"lastBolusTime":1703549849000,"time":"2023-12-26T02:32:13.820Z","iobWithZeroTemp":{"iob":-0.343,"basaliob":-0.463,"bolussnooze":0,"activity":-0.0023,"lastBolusTime":1703549849000,"time":"2023-12-26T02:32:13.820Z"}},{"iob":0.057,"basaliob":-0.054,"bolussnooze":0,"activity":0.001,"lastBolusTime":1703549849000,"time":"2023-12-26T02:37:13.820Z","iobWithZeroTemp":{"iob":-0.354,"basaliob":-0.465,"bolussnooze":0,"activity":-0.0024,"lastBolusTime":1703549849000,"time":"2023-12-26T02:37:13.820Z"}},{"iob":0.052,"basaliob":-0.05,"bolussnooze":0,"activity":9.0E-4,"lastBolusTime":1703549849000,"time":"2023-12-26T02:42:13.820Z","iobWithZeroTemp":{"iob":-0.364,"basaliob":-0.466,"bolussnooze":0,"activity":-0.0026,"lastBolusTime":1703549849000,"time":"2023-12-26T02:42:13.820Z"}},{"iob":0.048,"basaliob":-0.046,"bolussnooze":0,"activity":9.0E-4,"lastBolusTime":1703549849000,"time":"2023-12-26T02:47:13.820Z","iobWithZeroTemp":{"iob":-0.373,"basaliob":-0.467,"bolussnooze":0,"activity":-0.0027,"lastBolusTime":1703549849000,"time":"2023-12-26T02:47:13.820Z"}},{"iob":0.044,"basaliob":-0.043,"bolussnooze":0,"activity":8.0E-4,"lastBolusTime":1703549849000,"time":"2023-12-26T02:52:13.820Z","iobWithZeroTemp":{"iob":-0.381,"basaliob":-0.468,"bolussnooze":0,"activity":-0.0029,"lastBolusTime":1703549849000,"time":"2023-12-26T02:52:13.820Z"}},{"iob":0.041,"basaliob":-0.039,"bolussnooze":0,"activity":7.0E-4,"lastBolusTime":1703549849000,"time":"2023-12-26T02:57:13.820Z","iobWithZeroTemp":{"iob":-0.388,"basaliob":-0.468,"bolussnooze":0,"activity":-0.003,"lastBolusTime":1703549849000,"time":"2023-12-26T02:57:13.820Z"}},{"iob":0.037,"basaliob":-0.036,"bolussnooze":0,"activity":6.0E-4,"lastBolusTime":1703549849000,"time":"2023-12-26T03:02:13.820Z","iobWithZeroTemp":{"iob":-0.396,"basaliob":-0.469,"bolussnooze":0,"activity":-0.0032,"lastBolusTime":1703549849000,"time":"2023-12-26T03:02:13.820Z"}},{"iob":0.033,"basaliob":-0.034,"bolussnooze":0,"activity":7.0E-4,"lastBolusTime":1703549849000,"time":"2023-12-26T03:07:13.820Z","iobWithZeroTemp":{"iob":-0.406,"basaliob":-0.473,"bolussnooze":0,"activity":-0.0031,"lastBolusTime":1703549849000,"time":"2023-12-26T03:07:13.820Z"}},{"iob":0.03,"basaliob":-0.031,"bolussnooze":0,"activity":6.0E-4,"lastBolusTime":1703549849000,"time":"2023-12-26T03:12:13.820Z","iobWithZeroTemp":{"iob":-0.415,"basaliob":-0.476,"bolussnooze":0,"activity":-0.0033,"lastBolusTime":1703549849000,"time":"2023-12-26T03:12:13.820Z"}},{"iob":0.028,"basaliob":-0.028,"bolussnooze":0,"activity":5.0E-4,"lastBolusTime":1703549849000,"time":"2023-12-26T03:17:13.820Z","iobWithZeroTemp":{"iob":-0.422,"basaliob":-0.478,"bolussnooze":0,"activity":-0.0034,"lastBolusTime":1703549849000,"time":"2023-12-26T03:17:13.820Z"}},{"iob":0.026,"basaliob":-0.026,"bolussnooze":0,"activity":5.0E-4,"lastBolusTime":1703549849000,"time":"2023-12-26T03:22:13.820Z","iobWithZeroTemp":{"iob":-0.429,"basaliob":-0.481,"bolussnooze":0,"activity":-0.0035,"lastBolusTime":1703549849000,"time":"2023-12-26T03:22:13.820Z"}},{"iob":0.023,"basaliob":-0.024,"bolussnooze":0,"activity":4.0E-4,"lastBolusTime":1703549849000,"time":"2023-12-26T03:27:13.820Z","iobWithZeroTemp":{"iob":-0.437,"basaliob":-0.484,"bolussnooze":0,"activity":-0.0036,"lastBolusTime":1703549849000,"time":"2023-12-26T03:27:13.820Z"}},{"iob":0.021,"basaliob":-0.022,"bolussnooze":0,"activity":4.0E-4,"lastBolusTime":1703549849000,"time":"2023-12-26T03:32:13.820Z","iobWithZeroTemp":{"iob":-0.444,"basaliob":-0.487,"bolussnooze":0,"activity":-0.0037,"lastBolusTime":1703549849000,"time":"2023-12-26T03:32:13.820Z"}},{"iob":0.02,"basaliob":-0.02,"bolussnooze":0,"activity":4.0E-4,"lastBolusTime":1703549849000,"time":"2023-12-26T03:37:13.820Z","iobWithZeroTemp":{"iob":-0.449,"basaliob":-0.489,"bolussnooze":0,"activity":-0.0038,"lastBolusTime":1703549849000,"time":"2023-12-26T03:37:13.820Z"}},{"iob":0.017,"basaliob":-0.019,"bolussnooze":0,"activity":4.0E-4,"lastBolusTime":1703549849000,"time":"2023-12-26T03:42:13.820Z","iobWithZeroTemp":{"iob":-0.456,"basaliob":-0.492,"bolussnooze":0,"activity":-0.0038,"lastBolusTime":1703549849000,"time":"2023-12-26T03:42:13.820Z"}},{"iob":0.016,"basaliob":-0.017,"bolussnooze":0,"activity":3.0E-4,"lastBolusTime":1703549849000,"time":"2023-12-26T03:47:13.820Z","iobWithZeroTemp":{"iob":-0.461,"basaliob":-0.494,"bolussnooze":0,"activity":-0.0039,"lastBolusTime":1703549849000,"time":"2023-12-26T03:47:13.820Z"}},{"iob":0.015,"basaliob":-0.015,"bolussnooze":0,"activity":3.0E-4,"lastBolusTime":1703549849000,"time":"2023-12-26T03:52:13.820Z","iobWithZeroTemp":{"iob":-0.466,"basaliob":-0.496,"bolussnooze":0,"activity":-0.004,"lastBolusTime":1703549849000,"time":"2023-12-26T03:52:13.820Z"}},{"iob":0.013,"basaliob":-0.014,"bolussnooze":0,"activity":3.0E-4,"lastBolusTime":1703549849000,"time":"2023-12-26T03:57:13.820Z","iobWithZeroTemp":{"iob":-0.473,"basaliob":-0.5,"bolussnooze":0,"activity":-0.0041,"lastBolusTime":1703549849000,"time":"2023-12-26T03:57:13.820Z"}},{"iob":0.012,"basaliob":-0.013,"bolussnooze":0,"activity":3.0E-4,"lastBolusTime":1703549849000,"time":"2023-12-26T04:02:13.820Z","iobWithZeroTemp":{"iob":-0.477,"basaliob":-0.502,"bolussnooze":0,"activity":-0.0041,"lastBolusTime":1703549849000,"time":"2023-12-26T04:02:13.820Z"}},{"iob":0.011,"basaliob":-0.012,"bolussnooze":0,"activity":2.0E-4,"lastBolusTime":1703549849000,"time":"2023-12-26T04:07:13.820Z","iobWithZeroTemp":{"iob":-0.489,"basaliob":-0.512,"bolussnooze":0,"activity":-0.0042,"lastBolusTime":1703549849000,"time":"2023-12-26T04:07:13.820Z"}},{"iob":0.01,"basaliob":-0.011,"bolussnooze":0,"activity":2.0E-4,"lastBolusTime":1703549849000,"time":"2023-12-26T04:12:13.820Z","iobWithZeroTemp":{"iob":-0.501,"basaliob":-0.522,"bolussnooze":0,"activity":-0.0043,"lastBolusTime":1703549849000,"time":"2023-12-26T04:12:13.820Z"}},{"iob":0.009,"basaliob":-0.01,"bolussnooze":0,"activity":2.0E-4,"lastBolusTime":1703549849000,"time":"2023-12-26T04:17:13.820Z","iobWithZeroTemp":{"iob":-0.513,"basaliob":-0.532,"bolussnooze":0,"activity":-0.0044,"lastBolusTime":1703549849000,"time":"2023-12-26T04:17:13.820Z"}}],"profile":{"max_iob":7,"type":"current","max_daily_basal":0.45,"max_basal":1.35,"min_bg":106.2,"max_bg":106.2,"target_bg":106.2,"carb_ratio":11,"sens":369,"max_daily_safety_multiplier":3,"current_basal_safety_multiplier":4,"lgsThreshold":65,"high_temptarget_raises_sensitivity":false,"low_temptarget_lowers_sensitivity":false,"sensitivity_raises_target":true,"resistance_lowers_target":true,"adv_target_adjustments":false,"exercise_mode":false,"half_basal_exercise_target":160,"maxCOB":120,"skip_neutral_temps":false,"remainingCarbsCap":90,"enableUAM":true,"A52_risk_enable":false,"SMBInterval":4,"enableSMB_with_COB":true,"enableSMB_with_temptarget":false,"allowSMB_with_high_temptarget":true,"enableSMB_always":true,"enableSMB_after_carbs":false,"maxSMBBasalMinutes":60,"maxUAMSMBBasalMinutes":60,"bolus_increment":0.05,"carbsReqThreshold":10,"current_basal":0.35,"temptargetSet":false,"autosens_max":1.2,"autosens_min":0.8,"out_units":"mmol\/L","variable_sens":138.5,"insulinDivisor":65,"TDD":11.512927285714289},"autosens_data":{"ratio":1.0582613926962325},"meal_data":{"carbs":10,"mealCOB":5.88688427078149,"slopeFromMaxDeviation":-0.5914545454545453,"slopeFromMinDeviation":0.6875,"lastBolusTime":1703549849000,"lastCarbTime":1703538780000},"microBolusAllowed":true,"currentTime":1703550137036,"flatBGsDetected":false,"tdd1D":33.75158333333334,"tdd7D":31.95839285714286,"tddLast24H":33.82033333333334,"tddLast4H":1.8837500000000003,"tddLast8to4H":12.400000000000002},"output":{"temp":"absolute","bg":136,"tick":-2,"eventualBG":137,"targetBG":104,"insulinReq":0.01,"deliverAt":"2023-12-26T00:22:17.036Z","sensitivityRatio":1.0582613926962325,"variable_sens":138.5,"predBGs":{"IOB":[136,134,132,129,127,125,123,120,118,116,113,111,108,106,104,102,100,98,96,94,93,91,90,88,87,86,85,84,83,82,81,81,80,79,79,78,78,77,77,76,76,75,75,75,75,74],"ZT":[136,132,128,124,120,117,114,111,109,106,104,103,101,100,99,99,99,99,99,99,100,101,102,103],"COB":[136,134,132,130,129,127,126,125,124,123,123,122,122,121,121,121,121,121,121,121,121,122,122,123,123,123,124,125,125,126,126,127,128,128,129,130,130,131,132,132,133,134,134,135,135,136,136,137],"UAM":[136,133,130,127,123,120,116,113,110,107,104,101,99,96,94,91,89,87,85,83,82,80,79,77,76,75,73,72,71,70,69,68,68,67,66,66,65,64,64,64,63,63,62,62,62,61]},"reason":"COB: 5.9, Dev: 0.7, BGI: -0.2, ISF: 7.7, CR: 11, Target: 5.8, minPredBG 5.9, minGuardBG 5.3, IOBpredBG 4.1, COBpredBG 7.6, UAMpredBG 3.4; Eventual BG 7.6 >= 5.8,  insulinReq 0.01. temp 0.00 < 0.39U\/hr. ","COB":5.88688427078149,"IOB":0.455,"duration":30,"rate":0.3903914874436814,"timestamp":"2023-12-26T00:22:17.061Z"}}