{"algorithm":"OpenAPSSMBDynamicISFPlugin","input":{"glucoseStatus":{"glucose":52,"noise":0,"delta":-5,"short_avgdelta":-4.61,"long_avgdelta":-4.63,"date":1703676111570},"currenttemp":{"temp":"absolute","duration":15,"rate":0,"minutesrunning":105},"iob_data":[{"iob":0.088,"basaliob":-0.698,"bolussnooze":0,"activity":0.0053,"lastBolusTime":1703668650000,"time":"2023-12-27T11:22:13.174Z","iobWithZeroTemp":{"iob":0.088,"basaliob":-0.698,"bolussnooze":0,"activity":0.0053,"lastBolusTime":1703668650000,"time":"2023-12-27T11:22:13.174Z"}},{"iob":0.063,"basaliob":-0.665,"bolussnooze":0,"activity":0.0046,"lastBolusTime":1703668650000,"time":"2023-12-27T11:27:13.174Z","iobWithZeroTemp":{"iob":0.036,"basaliob":-0.692,"bolussnooze":0,"activity":0.0046,"lastBolusTime":1703668650000,"time":"2023-12-27T11:27:13.174Z"}},{"iob":0.042,"basaliob":-0.633,"bolussnooze":0,"activity":0.004,"lastBolusTime":1703668650000,"time":"2023-12-27T11:32:13.174Z","iobWithZeroTemp":{"iob":-0.018,"basaliob":-0.693,"bolussnooze":0,"activity":0.0039,"lastBolusTime":1703668650000,"time":"2023-12-27T11:32:13.174Z"}},{"iob":0.024,"basaliob":-0.601,"bolussnooze":0,"activity":0.0034,"lastBolusTime":1703668650000,"time":"2023-12-27T11:37:13.174Z","iobWithZeroTemp":{"iob":-0.068,"basaliob":-0.693,"bolussnooze":0,"activity":0.0032,"lastBolusTime":1703668650000,"time":"2023-12-27T11:37:13.174Z"}},{"iob":0.008,"basaliob":-0.57,"bolussnooze":0,"activity":0.0028,"lastBolusTime":1703668650000,"time":"2023-12-27T11:42:13.174Z","iobWithZeroTemp":{"iob":-0.117,"basaliob":-0.695,"bolussnooze":0,"activity":0.0025,"lastBolusTime":1703668650000,"time":"2023-12-27T11:42:13.174Z"}},{"iob":-0.005,"basaliob":-0.539,"bolussnooze":0,"activity":0.0023,"lastBolusTime":1703668650000,"time":"2023-12-27T11:47:13.174Z","iobWithZeroTemp":{"iob":-0.161,"basaliob":-0.695,"bolussnooze":0,"activity":0.0018,"lastBolusTime":1703668650000,"time":"2023-12-27T11:47:13.174Z"}},{"iob":-0.015,"basaliob":-0.509,"bolussnooze":0,"activity":0.002,"lastBolusTime":1703668650000,"time":"2023-12-27T11:52:13.174Z","iobWithZeroTemp":{"iob":-0.201,"basaliob":-0.695,"bolussnooze":0,"activity":0.0013,"lastBolusTime":1703668650000,"time":"2023-12-27T11:52:13.174Z"}},{"iob":-0.024,"basaliob":-0.48,"bolussnooze":0,"activity":0.0016,"lastBolusTime":1703668650000,"time":"2023-12-27T11:57:13.174Z","iobWithZeroTemp":{"iob":-0.24,"basaliob":-0.696,"bolussnooze":0,"activity":7.0E-4,"lastBolusTime":1703668650000,"time":"2023-12-27T11:57:13.174Z"}},{"iob":-0.032,"basaliob":-0.452,"bolussnooze":0,"activity":0.0013,"lastBolusTime":1703668650000,"time":"2023-12-27T12:02:13.174Z","iobWithZeroTemp":{"iob":-0.276,"basaliob":-0.696,"bolussnooze":0,"activity":2.0E-4,"lastBolusTime":1703668650000,"time":"2023-12-27T12:02:13.174Z"}},{"iob":-0.038,"basaliob":-0.426,"bolussnooze":0,"activity":0.001,"lastBolusTime":1703668650000,"time":"2023-12-27T12:07:13.174Z","iobWithZeroTemp":{"iob":-0.31,"basaliob":-0.698,"bolussnooze":0,"activity":-3.0E-4,"lastBolusTime":1703668650000,"time":"2023-12-27T12:07:13.174Z"}},{"iob":-0.043,"basaliob":-0.4,"bolussnooze":0,"activity":9.0E-4,"lastBolusTime":1703668650000,"time":"2023-12-27T12:12:13.174Z","iobWithZeroTemp":{"iob":-0.341,"basaliob":-0.698,"bolussnooze":0,"activity":-6.0E-4,"lastBolusTime":1703668650000,"time":"2023-12-27T12:12:13.174Z"}},{"iob":-0.046,"basaliob":-0.375,"bolussnooze":0,"activity":7.0E-4,"lastBolusTime":1703668650000,"time":"2023-12-27T12:17:13.174Z","iobWithZeroTemp":{"iob":-0.369,"basaliob":-0.698,"bolussnooze":0,"activity":-0.0011,"lastBolusTime":1703668650000,"time":"2023-12-27T12:17:13.174Z"}},{"iob":-0.05,"basaliob":-0.352,"bolussnooze":0,"activity":5.0E-4,"lastBolusTime":1703668650000,"time":"2023-12-27T12:22:13.174Z","iobWithZeroTemp":{"iob":-0.397,"basaliob":-0.699,"bolussnooze":0,"activity":-0.0015,"lastBolusTime":1703668650000,"time":"2023-12-27T12:22:13.174Z"}},{"iob":-0.051,"basaliob":-0.329,"bolussnooze":0,"activity":3.0E-4,"lastBolusTime":1703668650000,"time":"2023-12-27T12:27:13.174Z","iobWithZeroTemp":{"iob":-0.421,"basaliob":-0.699,"bolussnooze":0,"activity":-0.0019,"lastBolusTime":1703668650000,"time":"2023-12-27T12:27:13.174Z"}},{"iob":-0.053,"basaliob":-0.308,"bolussnooze":0,"activity":3.0E-4,"lastBolusTime":1703668650000,"time":"2023-12-27T12:32:13.174Z","iobWithZeroTemp":{"iob":-0.444,"basaliob":-0.699,"bolussnooze":0,"activity":-0.0021,"lastBolusTime":1703668650000,"time":"2023-12-27T12:32:13.174Z"}},{"iob":-0.054,"basaliob":-0.288,"bolussnooze":0,"activity":1.0E-4,"lastBolusTime":1703668650000,"time":"2023-12-27T12:37:13.174Z","iobWithZeroTemp":{"iob":-0.466,"basaliob":-0.7,"bolussnooze":0,"activity":-0.0026,"lastBolusTime":1703668650000,"time":"2023-12-27T12:37:13.174Z"}},{"iob":-0.054,"basaliob":-0.269,"bolussnooze":0,"activity":0,"lastBolusTime":1703668650000,"time":"2023-12-27T12:42:13.174Z","iobWithZeroTemp":{"iob":-0.485,"basaliob":-0.7,"bolussnooze":0,"activity":-0.0029,"lastBolusTime":1703668650000,"time":"2023-12-27T12:42:13.174Z"}},{"iob":-0.054,"basaliob":-0.251,"bolussnooze":0,"activity":-1.0E-4,"lastBolusTime":1703668650000,"time":"2023-12-27T12:47:13.174Z","iobWithZeroTemp":{"iob":-0.504,"basaliob":-0.701,"bolussnooze":0,"activity":-0.0032,"lastBolusTime":1703668650000,"time":"2023-12-27T12:47:13.174Z"}},{"iob":-0.053,"basaliob":-0.233,"bolussnooze":0,"activity":-1.0E-4,"lastBolusTime":1703668650000,"time":"2023-12-27T12:52:13.174Z","iobWithZeroTemp":{"iob":-0.52,"basaliob":-0.7,"bolussnooze":0,"activity":-0.0034,"lastBolusTime":1703668650000,"time":"2023-12-27T12:52:13.174Z"}},{"iob":-0.052,"basaliob":-0.217,"bolussnooze":0,"activity":-2.0E-4,"lastBolusTime":1703668650000,"time":"2023-12-27T12:57:13.174Z","iobWithZeroTemp":{"iob":-0.536,"basaliob":-0.701,"bolussnooze":0,"activity":-0.0037,"lastBolusTime":1703668650000,"time":"2023-12-27T12:57:13.174Z"}},{"iob":-0.051,"basaliob":-0.202,"bolussnooze":0,"activity":-2.0E-4,"lastBolusTime":1703668650000,"time":"2023-12-27T13:02:13.174Z","iobWithZeroTemp":{"iob":-0.55,"basaliob":-0.701,"bolussnooze":0,"activity":-0.0039,"lastBolusTime":1703668650000,"time":"2023-12-27T13:02:13.174Z"}},{"iob":-0.05,"basaliob":-0.188,"bolussnooze":0,"activity":-3.0E-4,"lastBolusTime":1703668650000,"time":"2023-12-27T13:07:13.174Z","iobWithZeroTemp":{"iob":-0.564,"basaliob":-0.702,"bolussnooze":0,"activity":-0.0042,"lastBolusTime":1703668650000,"time":"2023-12-27T13:07:13.174Z"}},{"iob":-0.049,"basaliob":-0.175,"bolussnooze":0,"activity":-3.0E-4,"lastBolusTime":1703668650000,"time":"2023-12-27T13:12:13.174Z","iobWithZeroTemp":{"iob":-0.576,"basaliob":-0.702,"bolussnooze":0,"activity":-0.0043,"lastBolusTime":1703668650000,"time":"2023-12-27T13:12:13.174Z"}},{"iob":-0.047,"basaliob":-0.162,"bolussnooze":0,"activity":-3.0E-4,"lastBolusTime":1703668650000,"time":"2023-12-27T13:17:13.174Z","iobWithZeroTemp":{"iob":-0.587,"basaliob":-0.702,"bolussnooze":0,"activity":-0.0045,"lastBolusTime":1703668650000,"time":"2023-12-27T13:17:13.174Z"}},{"iob":-0.045,"basaliob":-0.15,"bolussnooze":0,"activity":-3.0E-4,"lastBolusTime":1703668650000,"time":"2023-12-27T13:22:13.174Z","iobWithZeroTemp":{"iob":-0.597,"basaliob":-0.702,"bolussnooze":0,"activity":-0.0046,"lastBolusTime":1703668650000,"time":"2023-12-27T13:22:13.174Z"}},{"iob":-0.044,"basaliob":-0.139,"bolussnooze":0,"activity":-3.0E-4,"lastBolusTime":1703668650000,"time":"2023-12-27T13:27:13.174Z","iobWithZeroTemp":{"iob":-0.607,"basaliob":-0.702,"bolussnooze":0,"activity":-0.0048,"lastBolusTime":1703668650000,"time":"2023-12-27T13:27:13.174Z"}},{"iob":-0.042,"basaliob":-0.129,"bolussnooze":0,"activity":-4.0E-4,"lastBolusTime":1703668650000,"time":"2023-12-27T13:32:13.174Z","iobWithZeroTemp":{"iob":-0.616,"basaliob":-0.703,"bolussnooze":0,"activity":-0.005,"lastBolusTime":1703668650000,"time":"2023-12-27T13:32:13.174Z"}},{"iob":-0.04,"basaliob":-0.119,"bolussnooze":0,"activity":-4.0E-4,"lastBolusTime":1703668650000,"time":"2023-12-27T13:37:13.174Z","iobWithZeroTemp":{"iob":-0.624,"basaliob":-0.703,"bolussnooze":0,"activity":-0.0052,"lastBolusTime":1703668650000,"time":"2023-12-27T13:37:13.174Z"}},{"iob":-0.039,"basaliob":-0.11,"bolussnooze":0,"activity":-3.0E-4,"lastBolusTime":1703668650000,"time":"2023-12-27T13:42:13.174Z","iobWithZeroTemp":{"iob":-0.632,"basaliob":-0.703,"bolussnooze":0,"activity":-0.0052,"lastBolusTime":1703668650000,"time":"2023-12-27T13:42:13.174Z"}},{"iob":-0.037,"basaliob":-0.102,"bolussnooze":0,"activity":-3.0E-4,"lastBolusTime":1703668650000,"time":"2023-12-27T13:47:13.174Z","iobWithZeroTemp":{"iob":-0.638,"basaliob":-0.703,"bolussnooze":0,"activity":-0.0053,"lastBolusTime":1703668650000,"time":"2023-12-27T13:47:13.174Z"}},{"iob":-0.035,"basaliob":-0.094,"bolussnooze":0,"activity":-3.0E-4,"lastBolusTime":1703668650000,"time":"2023-12-27T13:52:13.174Z","iobWithZeroTemp":{"iob":-0.644,"basaliob":-0.703,"bolussnooze":0,"activity":-0.0054,"lastBolusTime":1703668650000,"time":"2023-12-27T13:52:13.174Z"}},{"iob":-0.034,"basaliob":-0.087,"bolussnooze":0,"activity":-3.0E-4,"lastBolusTime":1703668650000,"time":"2023-12-27T13:57:13.174Z","iobWithZeroTemp":{"iob":-0.651,"basaliob":-0.704,"bolussnooze":0,"activity":-0.0055,"lastBolusTime":1703668650000,"time":"2023-12-27T13:57:13.174Z"}},{"iob":-0.032,"basaliob":-0.08,"bolussnooze":0,"activity":-3.0E-4,"lastBolusTime":1703668650000,"time":"2023-12-27T14:02:13.174Z","iobWithZeroTemp":{"iob":-0.656,"basaliob":-0.704,"bolussnooze":0,"activity":-0.0056,"lastBolusTime":1703668650000,"time":"2023-12-27T14:02:13.174Z"}},{"iob":-0.031,"basaliob":-0.074,"bolussnooze":0,"activity":-3.0E-4,"lastBolusTime":1703668650000,"time":"2023-12-27T14:07:13.174Z","iobWithZeroTemp":{"iob":-0.661,"basaliob":-0.704,"bolussnooze":0,"activity":-0.0057,"lastBolusTime":1703668650000,"time":"2023-12-27T14:07:13.174Z"}},{"iob":-0.029,"basaliob":-0.068,"bolussnooze":0,"activity":-3.0E-4,"lastBolusTime":1703668650000,"time":"2023-12-27T14:12:13.174Z","iobWithZeroTemp":{"iob":-0.665,"basaliob":-0.704,"bolussnooze":0,"activity":-0.0058,"lastBolusTime":1703668650000,"time":"2023-12-27T14:12:13.174Z"}},{"iob":-0.027,"basaliob":-0.062,"bolussnooze":0,"activity":-3.0E-4,"lastBolusTime":1703668650000,"time":"2023-12-27T14:17:13.174Z","iobWithZeroTemp":{"iob":-0.669,"basaliob":-0.704,"bolussnooze":0,"activity":-0.0059,"lastBolusTime":1703668650000,"time":"2023-12-27T14:17:13.174Z"}},{"iob":-0.025,"basaliob":-0.057,"bolussnooze":0,"activity":-3.0E-4,"lastBolusTime":1703668650000,"time":"2023-12-27T14:22:13.174Z","iobWithZeroTemp":{"iob":-0.672,"basaliob":-0.704,"bolussnooze":0,"activity":-0.006,"lastBolusTime":1703668650000,"time":"2023-12-27T14:22:13.174Z"}},{"iob":-0.024,"basaliob":-0.053,"bolussnooze":0,"activity":-3.0E-4,"lastBolusTime":1703668650000,"time":"2023-12-27T14:27:13.174Z","iobWithZeroTemp":{"iob":-0.675,"basaliob":-0.704,"bolussnooze":0,"activity":-0.0061,"lastBolusTime":1703668650000,"time":"2023-12-27T14:27:13.174Z"}},{"iob":-0.022,"basaliob":-0.048,"bolussnooze":0,"activity":-2.0E-4,"lastBolusTime":1703668650000,"time":"2023-12-27T14:32:13.174Z","iobWithZeroTemp":{"iob":-0.678,"basaliob":-0.704,"bolussnooze":0,"activity":-0.006,"lastBolusTime":1703668650000,"time":"2023-12-27T14:32:13.174Z"}},{"iob":-0.021,"basaliob":-0.044,"bolussnooze":0,"activity":-3.0E-4,"lastBolusTime":1703668650000,"time":"2023-12-27T14:37:13.174Z","iobWithZeroTemp":{"iob":-0.681,"basaliob":-0.704,"bolussnooze":0,"activity":-0.0062,"lastBolusTime":1703668650000,"time":"2023-12-27T14:37:13.174Z"}},{"iob":-0.02,"basaliob":-0.041,"bolussnooze":0,"activity":-2.0E-4,"lastBolusTime":1703668650000,"time":"2023-12-27T14:42:13.174Z","iobWithZeroTemp":{"iob":-0.684,"basaliob":-0.705,"bolussnooze":0,"activity":-0.0061,"lastBolusTime":1703668650000,"time":"2023-12-27T14:42:13.174Z"}},{"iob":-0.019,"basaliob":-0.037,"bolussnooze":0,"activity":-3.0E-4,"lastBolusTime":1703668650000,"time":"2023-12-27T14:47:13.174Z","iobWithZeroTemp":{"iob":-0.686,"basaliob":-0.704,"bolussnooze":0,"activity":-0.0063,"lastBolusTime":1703668650000,"time":"2023-12-27T14:47:13.174Z"}},{"iob":-0.018,"basaliob":-0.034,"bolussnooze":0,"activity":-2.0E-4,"lastBolusTime":1703668650000,"time":"2023-12-27T14:52:13.174Z","iobWithZeroTemp":{"iob":-0.688,"basaliob":-0.704,"bolussnooze":0,"activity":-0.0063,"lastBolusTime":1703668650000,"time":"2023-12-27T14:52:13.174Z"}},{"iob":-0.016,"basaliob":-0.031,"bolussnooze":0,"activity":-3.0E-4,"lastBolusTime":1703668650000,"time":"2023-12-27T14:57:13.174Z","iobWithZeroTemp":{"iob":-0.689,"basaliob":-0.704,"bolussnooze":0,"activity":-0.0064,"lastBolusTime":1703668650000,"time":"2023-12-27T14:57:13.174Z"}},{"iob":-0.015,"basaliob":-0.028,"bolussnooze":0,"activity":-2.0E-4,"lastBolusTime":1703668650000,"time":"2023-12-27T15:02:13.174Z","iobWithZeroTemp":{"iob":-0.691,"basaliob":-0.704,"bolussnooze":0,"activity":-0.0063,"lastBolusTime":1703668650000,"time":"2023-12-27T15:02:13.174Z"}},{"iob":-0.014,"basaliob":-0.026,"bolussnooze":0,"activity":-2.0E-4,"lastBolusTime":1703668650000,"time":"2023-12-27T15:07:13.174Z","iobWithZeroTemp":{"iob":-0.692,"basaliob":-0.704,"bolussnooze":0,"activity":-0.0064,"lastBolusTime":1703668650000,"time":"2023-12-27T15:07:13.174Z"}},{"iob":-0.014,"basaliob":-0.024,"bolussnooze":0,"activity":-1.0E-4,"lastBolusTime":1703668650000,"time":"2023-12-27T15:12:13.174Z","iobWithZeroTemp":{"iob":-0.695,"basaliob":-0.705,"bolussnooze":0,"activity":-0.0063,"lastBolusTime":1703668650000,"time":"2023-12-27T15:12:13.174Z"}},{"iob":-0.013,"basaliob":-0.022,"bolussnooze":0,"activity":-2.0E-4,"lastBolusTime":1703668650000,"time":"2023-12-27T15:17:13.174Z","iobWithZeroTemp":{"iob":-0.696,"basaliob":-0.705,"bolussnooze":0,"activity":-0.0065,"lastBolusTime":1703668650000,"time":"2023-12-27T15:17:13.174Z"}}],"profile":{"max_iob":7,"type":"current","max_daily_basal":0.45,"max_basal":1.35,"min_bg":144,"max_bg":144,"target_bg":144,"carb_ratio":11,"sens":352.8,"max_daily_safety_multiplier":3,"current_basal_safety_multiplier":4,"lgsThreshold":65,"high_temptarget_raises_sensitivity":false,"low_temptarget_lowers_sensitivity":false,"sensitivity_raises_target":true,"resistance_lowers_target":true,"adv_target_adjustments":false,"exercise_mode":false,"half_basal_exercise_target":160,"maxCOB":120,"skip_neutral_temps":false,"remainingCarbsCap":90,"enableUAM":true,"A52_risk_enable":false,"SMBInterval":4,"enableSMB_with_COB":true,"enableSMB_with_temptarget":false,"allowSMB_with_high_temptarget":true,"enableSMB_always":true,"enableSMB_after_carbs":false,"maxSMBBasalMinutes":60,"maxUAMSMBBasalMinutes":60,"bolus_increment":0.05,"carbsReqThreshold":10,"current_basal":0.4,"temptargetSet":true,"autosens_max":1.2,"autosens_min":0.8,"out_units":"mmol\/L","variable_sens":295,"insulinDivisor":65,"TDD":10.381993133333333},"autosens_data":{"ratio":0.7348163704386327},"meal_data":{"carbs":30,"mealCOB":7.768039682539692,"slopeFromMaxDeviation":-1.5198181818181822,"slopeFromMinDeviation":0,"lastBolusTime":1703668650000,"lastCarbTime":1703664875000},"microBolusAllowed":true,"currentTime":1703676135585,"flatBGsDetected":false,"tdd1D":31.16008333333334,"tdd7D":32.424880952380946,"tddLast24H":23.826333333333324,"tddLast4H":5.05,"tddLast8to4H":2.2832500000000002},"output":{"temp":"absolute","bg":52,"tick":-5,"eventualBG":144,"targetBG":144,"insulinReq":0,"deliverAt":"2023-12-27T11:22:15.585Z","sensitivityRatio":0.7348163704386327,"variable_sens":295,"predBGs":{"IOB":[52,47,42,39,39,39,39,39,39,39,39,39,39],"ZT":[52,44,39,39,39,39,39,39,39,39,39,39,39,39,39,39,39,39,41,47,53,59,64,70,75,80,86,91,96,101,106,111,115,120,125,130,134,139,144],"COB":[52,47,43,40,39,39,39,39,39,39,39,39,41,43,45,48,50,53,56,59,62,65,68,71,74,77,80,84,87,90,93,96,99,102,105,108,112,115,118,121,124,127,130,132,135,138,141,144],"UAM":[52,45,39,39,39,39,39,39,39,39,39,39,39]},"reason":"COB: 7.8, Dev: 0.9, BGI: -0.4, ISF: 16.4, CR: 11, Target: 8.0, minPredBG 2.7, minGuardBG 0.4, IOBpredBG 2.2, COBpredBG 8.0, UAMpredBG 2.2; minGuardBG 0.4<5.1","COB":7.768039682539692,"IOB":0.088,"duration":60,"rate":0,"timestamp":"2023-12-27T11:22:15.611Z"}}