{"algorithm":"OpenAPSSMBDynamicISFPlugin","input":{"glucoseStatus":{"glucose":168,"noise":0,"delta":4,"short_avgdelta":3.33,"long_avgdelta":2,"date":1703569614384},"currenttemp":{"temp":"absolute","duration":10,"rate":1,"minutesrunning":5},"iob_data":[{"iob":0.701,"basaliob":-0.297,"bolussnooze":0,"activity":0.0064,"lastBolusTime":1703569352000,"time":"2023-12-26T05:47:14.012Z","iobWithZeroTemp":{"iob":0.701,"basaliob":-0.297,"bolussnooze":0,"activity":0.0064,"lastBolusTime":1703569352000,"time":"2023-12-26T05:47:14.012Z"}},{"iob":0.67,"basaliob":-0.276,"bolussnooze":0,"activity":0.0063,"lastBolusTime":1703569352000,"time":"2023-12-26T05:52:14.012Z","iobWithZeroTemp":{"iob":0.643,"basaliob":-0.303,"bolussnooze":0,"activity":0.0063,"lastBolusTime":1703569352000,"time":"2023-12-26T05:52:14.012Z"}},{"iob":0.638,"basaliob":-0.256,"bolussnooze":0,"activity":0.0063,"lastBolusTime":1703569352000,"time":"2023-12-26T05:57:14.012Z","iobWithZeroTemp":{"iob":0.578,"basaliob":-0.316,"bolussnooze":0,"activity":0.0062,"lastBolusTime":1703569352000,"time":"2023-12-26T05:57:14.012Z"}},{"iob":0.606,"basaliob":-0.238,"bolussnooze":0,"activity":0.0062,"lastBolusTime":1703569352000,"time":"2023-12-26T06:02:14.012Z","iobWithZeroTemp":{"iob":0.514,"basaliob":-0.33,"bolussnooze":0,"activity":0.006,"lastBolusTime":1703569352000,"time":"2023-12-26T06:02:14.012Z"}},{"iob":0.575,"basaliob":-0.221,"bolussnooze":0,"activity":0.0061,"lastBolusTime":1703569352000,"time":"2023-12-26T06:07:14.012Z","iobWithZeroTemp":{"iob":0.45,"basaliob":-0.346,"bolussnooze":0,"activity":0.0058,"lastBolusTime":1703569352000,"time":"2023-12-26T06:07:14.012Z"}},{"iob":0.545,"basaliob":-0.204,"bolussnooze":0,"activity":0.006,"lastBolusTime":1703569352000,"time":"2023-12-26T06:12:14.012Z","iobWithZeroTemp":{"iob":0.389,"basaliob":-0.36,"bolussnooze":0,"activity":0.0055,"lastBolusTime":1703569352000,"time":"2023-12-26T06:12:14.012Z"}},{"iob":0.516,"basaliob":-0.189,"bolussnooze":0,"activity":0.0059,"lastBolusTime":1703569352000,"time":"2023-12-26T06:17:14.012Z","iobWithZeroTemp":{"iob":0.33,"basaliob":-0.375,"bolussnooze":0,"activity":0.0052,"lastBolusTime":1703569352000,"time":"2023-12-26T06:17:14.012Z"}},{"iob":0.487,"basaliob":-0.175,"bolussnooze":0,"activity":0.0057,"lastBolusTime":1703569352000,"time":"2023-12-26T06:22:14.012Z","iobWithZeroTemp":{"iob":0.271,"basaliob":-0.391,"bolussnooze":0,"activity":0.0048,"lastBolusTime":1703569352000,"time":"2023-12-26T06:22:14.012Z"}},{"iob":0.459,"basaliob":-0.162,"bolussnooze":0,"activity":0.0055,"lastBolusTime":1703569352000,"time":"2023-12-26T06:27:14.012Z","iobWithZeroTemp":{"iob":0.215,"basaliob":-0.406,"bolussnooze":0,"activity":0.0044,"lastBolusTime":1703569352000,"time":"2023-12-26T06:27:14.012Z"}},{"iob":0.431,"basaliob":-0.15,"bolussnooze":0,"activity":0.0052,"lastBolusTime":1703569352000,"time":"2023-12-26T06:32:14.012Z","iobWithZeroTemp":{"iob":0.159,"basaliob":-0.422,"bolussnooze":0,"activity":0.0039,"lastBolusTime":1703569352000,"time":"2023-12-26T06:32:14.012Z"}},{"iob":0.406,"basaliob":-0.138,"bolussnooze":0,"activity":0.0051,"lastBolusTime":1703569352000,"time":"2023-12-26T06:37:14.012Z","iobWithZeroTemp":{"iob":0.108,"basaliob":-0.436,"bolussnooze":0,"activity":0.0036,"lastBolusTime":1703569352000,"time":"2023-12-26T06:37:14.012Z"}},{"iob":0.381,"basaliob":-0.128,"bolussnooze":0,"activity":0.0048,"lastBolusTime":1703569352000,"time":"2023-12-26T06:42:14.012Z","iobWithZeroTemp":{"iob":0.058,"basaliob":-0.451,"bolussnooze":0,"activity":0.003,"lastBolusTime":1703569352000,"time":"2023-12-26T06:42:14.012Z"}},{"iob":0.357,"basaliob":-0.118,"bolussnooze":0,"activity":0.0046,"lastBolusTime":1703569352000,"time":"2023-12-26T06:47:14.012Z","iobWithZeroTemp":{"iob":0.01,"basaliob":-0.465,"bolussnooze":0,"activity":0.0026,"lastBolusTime":1703569352000,"time":"2023-12-26T06:47:14.012Z"}},{"iob":0.335,"basaliob":-0.108,"bolussnooze":0,"activity":0.0044,"lastBolusTime":1703569352000,"time":"2023-12-26T06:52:14.012Z","iobWithZeroTemp":{"iob":-0.035,"basaliob":-0.478,"bolussnooze":0,"activity":0.0022,"lastBolusTime":1703569352000,"time":"2023-12-26T06:52:14.012Z"}},{"iob":0.313,"basaliob":-0.1,"bolussnooze":0,"activity":0.0042,"lastBolusTime":1703569352000,"time":"2023-12-26T06:57:14.012Z","iobWithZeroTemp":{"iob":-0.078,"basaliob":-0.491,"bolussnooze":0,"activity":0.0018,"lastBolusTime":1703569352000,"time":"2023-12-26T06:57:14.012Z"}},{"iob":0.293,"basaliob":-0.092,"bolussnooze":0,"activity":0.004,"lastBolusTime":1703569352000,"time":"2023-12-26T07:02:14.012Z","iobWithZeroTemp":{"iob":-0.119,"basaliob":-0.504,"bolussnooze":0,"activity":0.0013,"lastBolusTime":1703569352000,"time":"2023-12-26T07:02:14.012Z"}},{"iob":0.273,"basaliob":-0.085,"bolussnooze":0,"activity":0.0038,"lastBolusTime":1703569352000,"time":"2023-12-26T07:07:14.012Z","iobWithZeroTemp":{"iob":-0.158,"basaliob":-0.516,"bolussnooze":0,"activity":9.0E-4,"lastBolusTime":1703569352000,"time":"2023-12-26T07:07:14.012Z"}},{"iob":0.255,"basaliob":-0.078,"bolussnooze":0,"activity":0.0036,"lastBolusTime":1703569352000,"time":"2023-12-26T07:12:14.012Z","iobWithZeroTemp":{"iob":-0.195,"basaliob":-0.528,"bolussnooze":0,"activity":5.0E-4,"lastBolusTime":1703569352000,"time":"2023-12-26T07:12:14.012Z"}},{"iob":0.238,"basaliob":-0.071,"bolussnooze":0,"activity":0.0034,"lastBolusTime":1703569352000,"time":"2023-12-26T07:17:14.012Z","iobWithZeroTemp":{"iob":-0.229,"basaliob":-0.538,"bolussnooze":0,"activity":1.0E-4,"lastBolusTime":1703569352000,"time":"2023-12-26T07:17:14.012Z"}},{"iob":0.221,"basaliob":-0.066,"bolussnooze":0,"activity":0.0032,"lastBolusTime":1703569352000,"time":"2023-12-26T07:22:14.012Z","iobWithZeroTemp":{"iob":-0.263,"basaliob":-0.55,"bolussnooze":0,"activity":-3.0E-4,"lastBolusTime":1703569352000,"time":"2023-12-26T07:22:14.012Z"}},{"iob":0.206,"basaliob":-0.06,"bolussnooze":0,"activity":0.003,"lastBolusTime":1703569352000,"time":"2023-12-26T07:27:14.012Z","iobWithZeroTemp":{"iob":-0.293,"basaliob":-0.559,"bolussnooze":0,"activity":-7.0E-4,"lastBolusTime":1703569352000,"time":"2023-12-26T07:27:14.012Z"}},{"iob":0.192,"basaliob":-0.055,"bolussnooze":0,"activity":0.0028,"lastBolusTime":1703569352000,"time":"2023-12-26T07:32:14.012Z","iobWithZeroTemp":{"iob":-0.322,"basaliob":-0.569,"bolussnooze":0,"activity":-0.0011,"lastBolusTime":1703569352000,"time":"2023-12-26T07:32:14.012Z"}},{"iob":0.178,"basaliob":-0.051,"bolussnooze":0,"activity":0.0026,"lastBolusTime":1703569352000,"time":"2023-12-26T07:37:14.012Z","iobWithZeroTemp":{"iob":-0.349,"basaliob":-0.578,"bolussnooze":0,"activity":-0.0014,"lastBolusTime":1703569352000,"time":"2023-12-26T07:37:14.012Z"}},{"iob":0.166,"basaliob":-0.046,"bolussnooze":0,"activity":0.0025,"lastBolusTime":1703569352000,"time":"2023-12-26T07:42:14.012Z","iobWithZeroTemp":{"iob":-0.374,"basaliob":-0.586,"bolussnooze":0,"activity":-0.0017,"lastBolusTime":1703569352000,"time":"2023-12-26T07:42:14.012Z"}},{"iob":0.154,"basaliob":-0.042,"bolussnooze":0,"activity":0.0023,"lastBolusTime":1703569352000,"time":"2023-12-26T07:47:14.012Z","iobWithZeroTemp":{"iob":-0.398,"basaliob":-0.594,"bolussnooze":0,"activity":-0.002,"lastBolusTime":1703569352000,"time":"2023-12-26T07:47:14.012Z"}},{"iob":0.142,"basaliob":-0.039,"bolussnooze":0,"activity":0.0022,"lastBolusTime":1703569352000,"time":"2023-12-26T07:52:14.012Z","iobWithZeroTemp":{"iob":-0.421,"basaliob":-0.602,"bolussnooze":0,"activity":-0.0023,"lastBolusTime":1703569352000,"time":"2023-12-26T07:52:14.012Z"}},{"iob":0.132,"basaliob":-0.035,"bolussnooze":0,"activity":0.0021,"lastBolusTime":1703569352000,"time":"2023-12-26T07:57:14.012Z","iobWithZeroTemp":{"iob":-0.442,"basaliob":-0.609,"bolussnooze":0,"activity":-0.0025,"lastBolusTime":1703569352000,"time":"2023-12-26T07:57:14.012Z"}},{"iob":0.122,"basaliob":-0.032,"bolussnooze":0,"activity":0.0019,"lastBolusTime":1703569352000,"time":"2023-12-26T08:02:14.012Z","iobWithZeroTemp":{"iob":-0.462,"basaliob":-0.616,"bolussnooze":0,"activity":-0.0029,"lastBolusTime":1703569352000,"time":"2023-12-26T08:02:14.012Z"}},{"iob":0.113,"basaliob":-0.029,"bolussnooze":0,"activity":0.0018,"lastBolusTime":1703569352000,"time":"2023-12-26T08:07:14.012Z","iobWithZeroTemp":{"iob":-0.48,"basaliob":-0.622,"bolussnooze":0,"activity":-0.0031,"lastBolusTime":1703569352000,"time":"2023-12-26T08:07:14.012Z"}},{"iob":0.104,"basaliob":-0.027,"bolussnooze":0,"activity":0.0017,"lastBolusTime":1703569352000,"time":"2023-12-26T08:12:14.012Z","iobWithZeroTemp":{"iob":-0.497,"basaliob":-0.628,"bolussnooze":0,"activity":-0.0033,"lastBolusTime":1703569352000,"time":"2023-12-26T08:12:14.012Z"}},{"iob":0.097,"basaliob":-0.024,"bolussnooze":0,"activity":0.0015,"lastBolusTime":1703569352000,"time":"2023-12-26T08:17:14.012Z","iobWithZeroTemp":{"iob":-0.512,"basaliob":-0.633,"bolussnooze":0,"activity":-0.0036,"lastBolusTime":1703569352000,"time":"2023-12-26T08:17:14.012Z"}},{"iob":0.089,"basaliob":-0.022,"bolussnooze":0,"activity":0.0015,"lastBolusTime":1703569352000,"time":"2023-12-26T08:22:14.012Z","iobWithZeroTemp":{"iob":-0.528,"basaliob":-0.639,"bolussnooze":0,"activity":-0.0037,"lastBolusTime":1703569352000,"time":"2023-12-26T08:22:14.012Z"}},{"iob":0.082,"basaliob":-0.02,"bolussnooze":0,"activity":0.0013,"lastBolusTime":1703569352000,"time":"2023-12-26T08:27:14.012Z","iobWithZeroTemp":{"iob":-0.542,"basaliob":-0.644,"bolussnooze":0,"activity":-0.004,"lastBolusTime":1703569352000,"time":"2023-12-26T08:27:14.012Z"}},{"iob":0.076,"basaliob":-0.018,"bolussnooze":0,"activity":0.0012,"lastBolusTime":1703569352000,"time":"2023-12-26T08:32:14.012Z","iobWithZeroTemp":{"iob":-0.554,"basaliob":-0.648,"bolussnooze":0,"activity":-0.0042,"lastBolusTime":1703569352000,"time":"2023-12-26T08:32:14.012Z"}},{"iob":0.069,"basaliob":-0.017,"bolussnooze":0,"activity":0.0012,"lastBolusTime":1703569352000,"time":"2023-12-26T08:37:14.012Z","iobWithZeroTemp":{"iob":-0.567,"basaliob":-0.653,"bolussnooze":0,"activity":-0.0043,"lastBolusTime":1703569352000,"time":"2023-12-26T08:37:14.012Z"}},{"iob":0.064,"basaliob":-0.015,"bolussnooze":0,"activity":0.0011,"lastBolusTime":1703569352000,"time":"2023-12-26T08:42:14.012Z","iobWithZeroTemp":{"iob":-0.578,"basaliob":-0.657,"bolussnooze":0,"activity":-0.0045,"lastBolusTime":1703569352000,"time":"2023-12-26T08:42:14.012Z"}},{"iob":0.058,"basaliob":-0.014,"bolussnooze":0,"activity":0.001,"lastBolusTime":1703569352000,"time":"2023-12-26T08:47:14.012Z","iobWithZeroTemp":{"iob":-0.589,"basaliob":-0.661,"bolussnooze":0,"activity":-0.0047,"lastBolusTime":1703569352000,"time":"2023-12-26T08:47:14.012Z"}},{"iob":0.054,"basaliob":-0.012,"bolussnooze":0,"activity":0.001,"lastBolusTime":1703569352000,"time":"2023-12-26T08:52:14.012Z","iobWithZeroTemp":{"iob":-0.597,"basaliob":-0.663,"bolussnooze":0,"activity":-0.0048,"lastBolusTime":1703569352000,"time":"2023-12-26T08:52:14.012Z"}},{"iob":0.05,"basaliob":-0.011,"bolussnooze":0,"activity":9.0E-4,"lastBolusTime":1703569352000,"time":"2023-12-26T08:57:14.012Z","iobWithZeroTemp":{"iob":-0.606,"basaliob":-0.667,"bolussnooze":0,"activity":-0.0049,"lastBolusTime":1703569352000,"time":"2023-12-26T08:57:14.012Z"}},{"iob":0.045,"basaliob":-0.01,"bolussnooze":0,"activity":8.0E-4,"lastBolusTime":1703569352000,"time":"2023-12-26T09:02:14.012Z","iobWithZeroTemp":{"iob":-0.615,"basaliob":-0.67,"bolussnooze":0,"activity":-0.0051,"lastBolusTime":1703569352000,"time":"2023-12-26T09:02:14.012Z"}},{"iob":0.042,"basaliob":-0.009,"bolussnooze":0,"activity":7.0E-4,"lastBolusTime":1703569352000,"time":"2023-12-26T09:07:14.012Z","iobWithZeroTemp":{"iob":-0.622,"basaliob":-0.673,"bolussnooze":0,"activity":-0.0052,"lastBolusTime":1703569352000,"time":"2023-12-26T09:07:14.012Z"}},{"iob":0.038,"basaliob":-0.008,"bolussnooze":0,"activity":6.0E-4,"lastBolusTime":1703569352000,"time":"2023-12-26T09:12:14.012Z","iobWithZeroTemp":{"iob":-0.629,"basaliob":-0.675,"bolussnooze":0,"activity":-0.0054,"lastBolusTime":1703569352000,"time":"2023-12-26T09:12:14.012Z"}},{"iob":0.035,"basaliob":-0.007,"bolussnooze":0,"activity":6.0E-4,"lastBolusTime":1703569352000,"time":"2023-12-26T09:17:14.012Z","iobWithZeroTemp":{"iob":-0.635,"basaliob":-0.677,"bolussnooze":0,"activity":-0.0055,"lastBolusTime":1703569352000,"time":"2023-12-26T09:17:14.012Z"}},{"iob":0.032,"basaliob":-0.007,"bolussnooze":0,"activity":6.0E-4,"lastBolusTime":1703569352000,"time":"2023-12-26T09:22:14.012Z","iobWithZeroTemp":{"iob":-0.641,"basaliob":-0.68,"bolussnooze":0,"activity":-0.0055,"lastBolusTime":1703569352000,"time":"2023-12-26T09:22:14.012Z"}},{"iob":0.029,"basaliob":-0.006,"bolussnooze":0,"activity":6.0E-4,"lastBolusTime":1703569352000,"time":"2023-12-26T09:27:14.012Z","iobWithZeroTemp":{"iob":-0.647,"basaliob":-0.682,"bolussnooze":0,"activity":-0.0055,"lastBolusTime":1703569352000,"time":"2023-12-26T09:27:14.012Z"}},{"iob":0.027,"basaliob":-0.005,"bolussnooze":0,"activity":5.0E-4,"lastBolusTime":1703569352000,"time":"2023-12-26T09:32:14.012Z","iobWithZeroTemp":{"iob":-0.651,"basaliob":-0.683,"bolussnooze":0,"activity":-0.0057,"lastBolusTime":1703569352000,"time":"2023-12-26T09:32:14.012Z"}},{"iob":0.024,"basaliob":-0.005,"bolussnooze":0,"activity":5.0E-4,"lastBolusTime":1703569352000,"time":"2023-12-26T09:37:14.012Z","iobWithZeroTemp":{"iob":-0.657,"basaliob":-0.686,"bolussnooze":0,"activity":-0.0057,"lastBolusTime":1703569352000,"time":"2023-12-26T09:37:14.012Z"}},{"iob":0.022,"basaliob":-0.004,"bolussnooze":0,"activity":4.0E-4,"lastBolusTime":1703569352000,"time":"2023-12-26T09:42:14.012Z","iobWithZeroTemp":{"iob":-0.661,"basaliob":-0.687,"bolussnooze":0,"activity":-0.0059,"lastBolusTime":1703569352000,"time":"2023-12-26T09:42:14.012Z"}}],"profile":{"max_iob":7,"type":"current","max_daily_basal":0.45,"max_basal":1.35,"min_bg":81,"max_bg":81,"target_bg":81,"carb_ratio":9,"sens":352.8,"max_daily_safety_multiplier":3,"current_basal_safety_multiplier":4,"lgsThreshold":65,"high_temptarget_raises_sensitivity":false,"low_temptarget_lowers_sensitivity":false,"sensitivity_raises_target":true,"resistance_lowers_target":true,"adv_target_adjustments":false,"exercise_mode":false,"half_basal_exercise_target":160,"maxCOB":120,"skip_neutral_temps":false,"remainingCarbsCap":90,"enableUAM":true,"A52_risk_enable":false,"SMBInterval":4,"enableSMB_with_COB":true,"enableSMB_with_temptarget":false,"allowSMB_with_high_temptarget":true,"enableSMB_always":true,"enableSMB_after_carbs":false,"maxSMBBasalMinutes":60,"maxUAMSMBBasalMinutes":60,"bolus_increment":0.05,"carbsReqThreshold":10,"current_basal":0.4,"temptargetSet":true,"autosens_max":1.2,"autosens_min":0.8,"out_units":"mmol\/L","variable_sens":138.3,"insulinDivisor":65,"TDD":10.197740005714289},"autosens_data":{"ratio":1.1363446892443858},"meal_data":{"carbs":0,"mealCOB":0,"slopeFromMaxDeviation":0,"slopeFromMinDeviation":0.2296999999999999,"lastBolusTime":1703569352000,"lastCarbTime":0},"microBolusAllowed":true,"currentTime":1703569637078,"flatBGsDetected":false,"tdd1D":33.75158333333334,"tdd7D":31.95839285714286,"tddLast24H":36.31575,"tddLast4H":3.497,"tddLast8to4H":2.485416666666667},"output":{"temp":"absolute","bg":168,"tick":"+4","eventualBG":216,"targetBG":81,"insulinReq":0.59,"deliverAt":"2023-12-26T05:47:17.078Z","sensitivityRatio":1.1363446892443858,"variable_sens":138.3,"predBGs":{"IOB":[168,171,173,174,175,176,176,175,174,172,170,167,164,160,157,154,151,149,146,143,141,139,136,134,132,131,129,127,126,124,123,121,120,119,118,117,116,115,114,114,113,112,112,111,111,110,110,109],"ZT":[168,164,159,155,150,146,142,138,134,131,128,125,122,120,118,117,116,115,114,114,115,115],"UAM":[168,171,174,177,180,183,185,187,190,192,194,197,199,201,203,205,207,208,210,212,213,215,216,217,218,219,220,221,221,222,222,222,222,222,222,222,221,220,220,219,219,218,218,218,217,217,216]},"reason":"COB: 0, Dev: 2.6, BGI: -0.2, ISF: 7.7, CR: 9, Target: 4.5, minPredBG 9.0, minGuardBG 9.5, IOBpredBG 6.1, UAMpredBG 12.0; Eventual BG 12.0 >= 4.5,  insulinReq 0.59. Microbolusing 0.25U. adj. req. rate: 1.63 to maxSafeBasal: 1.35, temp 1.00 < 1.35U\/hr. ","COB":0,"IOB":0.701,"units":0.25,"duration":30,"rate":1.35,"timestamp":"2023-12-26T05:47:17.104Z"}}