{"algorithm":"OpenAPSSMBDynamicISFPlugin","input":{"glucoseStatus":{"glucose":154,"noise":0,"delta":2.67,"short_avgdelta":2.67,"long_avgdelta":2.44,"date":1703552812800},"currenttemp":{"temp":"absolute","duration":15,"rate":0,"minutesrunning":15},"iob_data":[{"iob":0.709,"basaliob":-0.292,"bolussnooze":0,"activity":0.0059,"lastBolusTime":1703552543000,"time":"2023-12-26T01:07:13.808Z","iobWithZeroTemp":{"iob":0.709,"basaliob":-0.292,"bolussnooze":0,"activity":0.0059,"lastBolusTime":1703552543000,"time":"2023-12-26T01:07:13.808Z"}},{"iob":0.679,"basaliob":-0.28,"bolussnooze":0,"activity":0.0059,"lastBolusTime":1703552543000,"time":"2023-12-26T01:12:13.808Z","iobWithZeroTemp":{"iob":0.661,"basaliob":-0.298,"bolussnooze":0,"activity":0.0059,"lastBolusTime":1703552543000,"time":"2023-12-26T01:12:13.808Z"}},{"iob":0.649,"basaliob":-0.267,"bolussnooze":0,"activity":0.006,"lastBolusTime":1703552543000,"time":"2023-12-26T01:17:13.808Z","iobWithZeroTemp":{"iob":0.609,"basaliob":-0.307,"bolussnooze":0,"activity":0.0059,"lastBolusTime":1703552543000,"time":"2023-12-26T01:17:13.808Z"}},{"iob":0.619,"basaliob":-0.254,"bolussnooze":0,"activity":0.0061,"lastBolusTime":1703552543000,"time":"2023-12-26T01:22:13.808Z","iobWithZeroTemp":{"iob":0.557,"basaliob":-0.316,"bolussnooze":0,"activity":0.006,"lastBolusTime":1703552543000,"time":"2023-12-26T01:22:13.808Z"}},{"iob":0.588,"basaliob":-0.242,"bolussnooze":0,"activity":0.006,"lastBolusTime":1703552543000,"time":"2023-12-26T01:27:13.808Z","iobWithZeroTemp":{"iob":0.504,"basaliob":-0.326,"bolussnooze":0,"activity":0.0058,"lastBolusTime":1703552543000,"time":"2023-12-26T01:27:13.808Z"}},{"iob":0.559,"basaliob":-0.229,"bolussnooze":0,"activity":0.0059,"lastBolusTime":1703552543000,"time":"2023-12-26T01:32:13.808Z","iobWithZeroTemp":{"iob":0.454,"basaliob":-0.334,"bolussnooze":0,"activity":0.0056,"lastBolusTime":1703552543000,"time":"2023-12-26T01:32:13.808Z"}},{"iob":0.53,"basaliob":-0.217,"bolussnooze":0,"activity":0.0058,"lastBolusTime":1703552543000,"time":"2023-12-26T01:37:13.808Z","iobWithZeroTemp":{"iob":0.404,"basaliob":-0.343,"bolussnooze":0,"activity":0.0053,"lastBolusTime":1703552543000,"time":"2023-12-26T01:37:13.808Z"}},{"iob":0.501,"basaliob":-0.205,"bolussnooze":0,"activity":0.0057,"lastBolusTime":1703552543000,"time":"2023-12-26T01:42:13.808Z","iobWithZeroTemp":{"iob":0.355,"basaliob":-0.351,"bolussnooze":0,"activity":0.0051,"lastBolusTime":1703552543000,"time":"2023-12-26T01:42:13.808Z"}},{"iob":0.474,"basaliob":-0.193,"bolussnooze":0,"activity":0.0054,"lastBolusTime":1703552543000,"time":"2023-12-26T01:47:13.808Z","iobWithZeroTemp":{"iob":0.309,"basaliob":-0.358,"bolussnooze":0,"activity":0.0047,"lastBolusTime":1703552543000,"time":"2023-12-26T01:47:13.808Z"}},{"iob":0.447,"basaliob":-0.182,"bolussnooze":0,"activity":0.0053,"lastBolusTime":1703552543000,"time":"2023-12-26T01:52:13.808Z","iobWithZeroTemp":{"iob":0.264,"basaliob":-0.365,"bolussnooze":0,"activity":0.0044,"lastBolusTime":1703552543000,"time":"2023-12-26T01:52:13.808Z"}},{"iob":0.421,"basaliob":-0.171,"bolussnooze":0,"activity":0.0051,"lastBolusTime":1703552543000,"time":"2023-12-26T01:57:13.808Z","iobWithZeroTemp":{"iob":0.22,"basaliob":-0.372,"bolussnooze":0,"activity":0.0041,"lastBolusTime":1703552543000,"time":"2023-12-26T01:57:13.808Z"}},{"iob":0.396,"basaliob":-0.161,"bolussnooze":0,"activity":0.0049,"lastBolusTime":1703552543000,"time":"2023-12-26T02:02:13.808Z","iobWithZeroTemp":{"iob":0.178,"basaliob":-0.379,"bolussnooze":0,"activity":0.0037,"lastBolusTime":1703552543000,"time":"2023-12-26T02:02:13.808Z"}},{"iob":0.372,"basaliob":-0.151,"bolussnooze":0,"activity":0.0047,"lastBolusTime":1703552543000,"time":"2023-12-26T02:07:13.808Z","iobWithZeroTemp":{"iob":0.138,"basaliob":-0.385,"bolussnooze":0,"activity":0.0034,"lastBolusTime":1703552543000,"time":"2023-12-26T02:07:13.808Z"}},{"iob":0.349,"basaliob":-0.142,"bolussnooze":0,"activity":0.0045,"lastBolusTime":1703552543000,"time":"2023-12-26T02:12:13.808Z","iobWithZeroTemp":{"iob":0.099,"basaliob":-0.392,"bolussnooze":0,"activity":0.003,"lastBolusTime":1703552543000,"time":"2023-12-26T02:12:13.808Z"}},{"iob":0.327,"basaliob":-0.133,"bolussnooze":0,"activity":0.0042,"lastBolusTime":1703552543000,"time":"2023-12-26T02:17:13.808Z","iobWithZeroTemp":{"iob":0.063,"basaliob":-0.397,"bolussnooze":0,"activity":0.0026,"lastBolusTime":1703552543000,"time":"2023-12-26T02:17:13.808Z"}},{"iob":0.307,"basaliob":-0.124,"bolussnooze":0,"activity":0.004,"lastBolusTime":1703552543000,"time":"2023-12-26T02:22:13.808Z","iobWithZeroTemp":{"iob":0.029,"basaliob":-0.402,"bolussnooze":0,"activity":0.0022,"lastBolusTime":1703552543000,"time":"2023-12-26T02:22:13.808Z"}},{"iob":0.287,"basaliob":-0.116,"bolussnooze":0,"activity":0.0038,"lastBolusTime":1703552543000,"time":"2023-12-26T02:27:13.808Z","iobWithZeroTemp":{"iob":-0.004,"basaliob":-0.407,"bolussnooze":0,"activity":0.0019,"lastBolusTime":1703552543000,"time":"2023-12-26T02:27:13.808Z"}},{"iob":0.267,"basaliob":-0.109,"bolussnooze":0,"activity":0.0037,"lastBolusTime":1703552543000,"time":"2023-12-26T02:32:13.808Z","iobWithZeroTemp":{"iob":-0.037,"basaliob":-0.413,"bolussnooze":0,"activity":0.0016,"lastBolusTime":1703552543000,"time":"2023-12-26T02:32:13.808Z"}},{"iob":0.25,"basaliob":-0.101,"bolussnooze":0,"activity":0.0035,"lastBolusTime":1703552543000,"time":"2023-12-26T02:37:13.808Z","iobWithZeroTemp":{"iob":-0.065,"basaliob":-0.416,"bolussnooze":0,"activity":0.0013,"lastBolusTime":1703552543000,"time":"2023-12-26T02:37:13.808Z"}},{"iob":0.234,"basaliob":-0.094,"bolussnooze":0,"activity":0.0033,"lastBolusTime":1703552543000,"time":"2023-12-26T02:42:13.808Z","iobWithZeroTemp":{"iob":-0.093,"basaliob":-0.421,"bolussnooze":0,"activity":9.0E-4,"lastBolusTime":1703552543000,"time":"2023-12-26T02:42:13.808Z"}},{"iob":0.217,"basaliob":-0.088,"bolussnooze":0,"activity":0.003,"lastBolusTime":1703552543000,"time":"2023-12-26T02:47:13.808Z","iobWithZeroTemp":{"iob":-0.12,"basaliob":-0.425,"bolussnooze":0,"activity":5.0E-4,"lastBolusTime":1703552543000,"time":"2023-12-26T02:47:13.808Z"}},{"iob":0.202,"basaliob":-0.082,"bolussnooze":0,"activity":0.0029,"lastBolusTime":1703552543000,"time":"2023-12-26T02:52:13.808Z","iobWithZeroTemp":{"iob":-0.145,"basaliob":-0.429,"bolussnooze":0,"activity":3.0E-4,"lastBolusTime":1703552543000,"time":"2023-12-26T02:52:13.808Z"}},{"iob":0.188,"basaliob":-0.076,"bolussnooze":0,"activity":0.0027,"lastBolusTime":1703552543000,"time":"2023-12-26T02:57:13.808Z","iobWithZeroTemp":{"iob":-0.168,"basaliob":-0.432,"bolussnooze":0,"activity":0,"lastBolusTime":1703552543000,"time":"2023-12-26T02:57:13.808Z"}},{"iob":0.175,"basaliob":-0.071,"bolussnooze":0,"activity":0.0026,"lastBolusTime":1703552543000,"time":"2023-12-26T03:02:13.808Z","iobWithZeroTemp":{"iob":-0.19,"basaliob":-0.436,"bolussnooze":0,"activity":-2.0E-4,"lastBolusTime":1703552543000,"time":"2023-12-26T03:02:13.808Z"}},{"iob":0.162,"basaliob":-0.066,"bolussnooze":0,"activity":0.0024,"lastBolusTime":1703552543000,"time":"2023-12-26T03:07:13.808Z","iobWithZeroTemp":{"iob":-0.213,"basaliob":-0.441,"bolussnooze":0,"activity":-5.0E-4,"lastBolusTime":1703552543000,"time":"2023-12-26T03:07:13.808Z"}},{"iob":0.151,"basaliob":-0.061,"bolussnooze":0,"activity":0.0023,"lastBolusTime":1703552543000,"time":"2023-12-26T03:12:13.808Z","iobWithZeroTemp":{"iob":-0.234,"basaliob":-0.446,"bolussnooze":0,"activity":-7.0E-4,"lastBolusTime":1703552543000,"time":"2023-12-26T03:12:13.808Z"}},{"iob":0.14,"basaliob":-0.056,"bolussnooze":0,"activity":0.0021,"lastBolusTime":1703552543000,"time":"2023-12-26T03:17:13.808Z","iobWithZeroTemp":{"iob":-0.255,"basaliob":-0.451,"bolussnooze":0,"activity":-0.001,"lastBolusTime":1703552543000,"time":"2023-12-26T03:17:13.808Z"}},{"iob":0.13,"basaliob":-0.052,"bolussnooze":0,"activity":0.002,"lastBolusTime":1703552543000,"time":"2023-12-26T03:22:13.808Z","iobWithZeroTemp":{"iob":-0.274,"basaliob":-0.456,"bolussnooze":0,"activity":-0.0012,"lastBolusTime":1703552543000,"time":"2023-12-26T03:22:13.808Z"}},{"iob":0.12,"basaliob":-0.048,"bolussnooze":0,"activity":0.0018,"lastBolusTime":1703552543000,"time":"2023-12-26T03:27:13.808Z","iobWithZeroTemp":{"iob":-0.292,"basaliob":-0.46,"bolussnooze":0,"activity":-0.0015,"lastBolusTime":1703552543000,"time":"2023-12-26T03:27:13.808Z"}},{"iob":0.111,"basaliob":-0.045,"bolussnooze":0,"activity":0.0017,"lastBolusTime":1703552543000,"time":"2023-12-26T03:32:13.808Z","iobWithZeroTemp":{"iob":-0.309,"basaliob":-0.465,"bolussnooze":0,"activity":-0.0017,"lastBolusTime":1703552543000,"time":"2023-12-26T03:32:13.808Z"}},{"iob":0.103,"basaliob":-0.041,"bolussnooze":0,"activity":0.0016,"lastBolusTime":1703552543000,"time":"2023-12-26T03:37:13.808Z","iobWithZeroTemp":{"iob":-0.325,"basaliob":-0.469,"bolussnooze":0,"activity":-0.0019,"lastBolusTime":1703552543000,"time":"2023-12-26T03:37:13.808Z"}},{"iob":0.095,"basaliob":-0.038,"bolussnooze":0,"activity":0.0015,"lastBolusTime":1703552543000,"time":"2023-12-26T03:42:13.808Z","iobWithZeroTemp":{"iob":-0.342,"basaliob":-0.475,"bolussnooze":0,"activity":-0.0021,"lastBolusTime":1703552543000,"time":"2023-12-26T03:42:13.808Z"}},{"iob":0.088,"basaliob":-0.035,"bolussnooze":0,"activity":0.0014,"lastBolusTime":1703552543000,"time":"2023-12-26T03:47:13.808Z","iobWithZeroTemp":{"iob":-0.356,"basaliob":-0.479,"bolussnooze":0,"activity":-0.0023,"lastBolusTime":1703552543000,"time":"2023-12-26T03:47:13.808Z"}},{"iob":0.081,"basaliob":-0.032,"bolussnooze":0,"activity":0.0013,"lastBolusTime":1703552543000,"time":"2023-12-26T03:52:13.808Z","iobWithZeroTemp":{"iob":-0.369,"basaliob":-0.482,"bolussnooze":0,"activity":-0.0025,"lastBolusTime":1703552543000,"time":"2023-12-26T03:52:13.808Z"}},{"iob":0.075,"basaliob":-0.03,"bolussnooze":0,"activity":0.0012,"lastBolusTime":1703552543000,"time":"2023-12-26T03:57:13.808Z","iobWithZeroTemp":{"iob":-0.381,"basaliob":-0.486,"bolussnooze":0,"activity":-0.0027,"lastBolusTime":1703552543000,"time":"2023-12-26T03:57:13.808Z"}},{"iob":0.069,"basaliob":-0.027,"bolussnooze":0,"activity":0.0011,"lastBolusTime":1703552543000,"time":"2023-12-26T04:02:13.808Z","iobWithZeroTemp":{"iob":-0.392,"basaliob":-0.488,"bolussnooze":0,"activity":-0.0029,"lastBolusTime":1703552543000,"time":"2023-12-26T04:02:13.808Z"}},{"iob":0.064,"basaliob":-0.025,"bolussnooze":0,"activity":0.0011,"lastBolusTime":1703552543000,"time":"2023-12-26T04:07:13.808Z","iobWithZeroTemp":{"iob":-0.41,"basaliob":-0.499,"bolussnooze":0,"activity":-0.0029,"lastBolusTime":1703552543000,"time":"2023-12-26T04:07:13.808Z"}},{"iob":0.059,"basaliob":-0.023,"bolussnooze":0,"activity":0.001,"lastBolusTime":1703552543000,"time":"2023-12-26T04:12:13.808Z","iobWithZeroTemp":{"iob":-0.428,"basaliob":-0.51,"bolussnooze":0,"activity":-0.0031,"lastBolusTime":1703552543000,"time":"2023-12-26T04:12:13.808Z"}},{"iob":0.054,"basaliob":-0.021,"bolussnooze":0,"activity":9.0E-4,"lastBolusTime":1703552543000,"time":"2023-12-26T04:17:13.808Z","iobWithZeroTemp":{"iob":-0.446,"basaliob":-0.521,"bolussnooze":0,"activity":-0.0033,"lastBolusTime":1703552543000,"time":"2023-12-26T04:17:13.808Z"}},{"iob":0.049,"basaliob":-0.02,"bolussnooze":0,"activity":9.0E-4,"lastBolusTime":1703552543000,"time":"2023-12-26T04:22:13.808Z","iobWithZeroTemp":{"iob":-0.463,"basaliob":-0.532,"bolussnooze":0,"activity":-0.0034,"lastBolusTime":1703552543000,"time":"2023-12-26T04:22:13.808Z"}},{"iob":0.045,"basaliob":-0.018,"bolussnooze":0,"activity":8.0E-4,"lastBolusTime":1703552543000,"time":"2023-12-26T04:27:13.808Z","iobWithZeroTemp":{"iob":-0.478,"basaliob":-0.541,"bolussnooze":0,"activity":-0.0036,"lastBolusTime":1703552543000,"time":"2023-12-26T04:27:13.808Z"}},{"iob":0.041,"basaliob":-0.017,"bolussnooze":0,"activity":7.0E-4,"lastBolusTime":1703552543000,"time":"2023-12-26T04:32:13.808Z","iobWithZeroTemp":{"iob":-0.494,"basaliob":-0.552,"bolussnooze":0,"activity":-0.0038,"lastBolusTime":1703552543000,"time":"2023-12-26T04:32:13.808Z"}},{"iob":0.038,"basaliob":-0.015,"bolussnooze":0,"activity":6.0E-4,"lastBolusTime":1703552543000,"time":"2023-12-26T04:37:13.808Z","iobWithZeroTemp":{"iob":-0.507,"basaliob":-0.56,"bolussnooze":0,"activity":-0.004,"lastBolusTime":1703552543000,"time":"2023-12-26T04:37:13.808Z"}},{"iob":0.035,"basaliob":-0.014,"bolussnooze":0,"activity":7.0E-4,"lastBolusTime":1703552543000,"time":"2023-12-26T04:42:13.808Z","iobWithZeroTemp":{"iob":-0.52,"basaliob":-0.569,"bolussnooze":0,"activity":-0.004,"lastBolusTime":1703552543000,"time":"2023-12-26T04:42:13.808Z"}},{"iob":0.032,"basaliob":-0.013,"bolussnooze":0,"activity":6.0E-4,"lastBolusTime":1703552543000,"time":"2023-12-26T04:47:13.808Z","iobWithZeroTemp":{"iob":-0.533,"basaliob":-0.578,"bolussnooze":0,"activity":-0.0042,"lastBolusTime":1703552543000,"time":"2023-12-26T04:47:13.808Z"}},{"iob":0.029,"basaliob":-0.012,"bolussnooze":0,"activity":5.0E-4,"lastBolusTime":1703552543000,"time":"2023-12-26T04:52:13.808Z","iobWithZeroTemp":{"iob":-0.545,"basaliob":-0.586,"bolussnooze":0,"activity":-0.0044,"lastBolusTime":1703552543000,"time":"2023-12-26T04:52:13.808Z"}},{"iob":0.027,"basaliob":-0.011,"bolussnooze":0,"activity":5.0E-4,"lastBolusTime":1703552543000,"time":"2023-12-26T04:57:13.808Z","iobWithZeroTemp":{"iob":-0.556,"basaliob":-0.594,"bolussnooze":0,"activity":-0.0045,"lastBolusTime":1703552543000,"time":"2023-12-26T04:57:13.808Z"}},{"iob":0.024,"basaliob":-0.01,"bolussnooze":0,"activity":4.0E-4,"lastBolusTime":1703552543000,"time":"2023-12-26T05:02:13.808Z","iobWithZeroTemp":{"iob":-0.573,"basaliob":-0.607,"bolussnooze":0,"activity":-0.0047,"lastBolusTime":1703552543000,"time":"2023-12-26T05:02:13.808Z"}}],"profile":{"max_iob":7,"type":"current","max_daily_basal":0.45,"max_basal":1.08,"min_bg":106.2,"max_bg":106.2,"target_bg":106.2,"carb_ratio":11,"sens":369,"max_daily_safety_multiplier":3,"current_basal_safety_multiplier":4,"lgsThreshold":65,"high_temptarget_raises_sensitivity":false,"low_temptarget_lowers_sensitivity":false,"sensitivity_raises_target":true,"resistance_lowers_target":true,"adv_target_adjustments":false,"exercise_mode":false,"half_basal_exercise_target":160,"maxCOB":120,"skip_neutral_temps":false,"remainingCarbsCap":90,"enableUAM":true,"A52_risk_enable":false,"SMBInterval":4,"enableSMB_with_COB":true,"enableSMB_with_temptarget":false,"allowSMB_with_high_temptarget":true,"enableSMB_always":true,"enableSMB_after_carbs":false,"maxSMBBasalMinutes":60,"maxUAMSMBBasalMinutes":60,"bolus_increment":0.05,"carbsReqThreshold":10,"current_basal":0.27,"temptargetSet":false,"autosens_max":1.2,"autosens_min":0.8,"out_units":"mmol\/L","variable_sens":131.9,"insulinDivisor":65,"TDD":11.235766885714288},"autosens_data":{"ratio":1.075601647231054},"meal_data":{"carbs":15,"mealCOB":7.6937989049278315,"slopeFromMaxDeviation":0,"slopeFromMinDeviation":0.4144545454545454,"lastBolusTime":1703552543000,"lastCarbTime":1703552584000},"microBolusAllowed":true,"currentTime":1703552836987,"flatBGsDetected":false,"tdd1D":33.75158333333334,"tdd7D":31.95839285714286,"tddLast24H":34.37450000000001,"tddLast4H":2.635416666666667,"tddLast8to4H":9.350000000000001},"output":{"temp":"absolute","bg":154,"tick":"+3","eventualBG":184,"targetBG":103,"insulinReq":0.41,"deliverAt":"2023-12-26T01:07:16.987Z","sensitivityRatio":1.075601647231054,"variable_sens":131.9,"predBGs":{"IOB":[154,156,158,159,159,159,159,158,156,154,152,149,146,143,140,137,134,131,128,126,123,121,119,117,115,113,111,109,108,106,105,104,102,101,100,99,98,97,96,95,95,94,93,93,92,92,91],"ZT":[154,150,146,142,138,134,130,126,122,119,115,112,109,106,104,102,100,98,97,96,95,94,94,94,94,95,95,96,97,99,100,102],"COB":[154,156,159,161,162,164,165,166,167,168,169,169,170,170,171,171,171,171,171,171,171,170,170,169,168,168,166,165,164,163,162,161,160,159,158,157,156,156,155,154,154,153,153,152,152,152,151],"UAM":[154,157,159,161,163,165,167,168,170,171,173,174,176,177,178,180,181,182,183,184,185,186,187,188,188,189,190,190,190,190,191,191,190,190,190,189,189,188,187,187,186,186,185,185,185,184]},"reason":"COB: 7.7, Dev: 2.2, BGI: -0.2, ISF: 7.3, CR: 11, Target: 5.7, minPredBG 8.7, minGuardBG 8.6, IOBpredBG 5.1, COBpredBG 8.4, UAMpredBG 10.2; Eventual BG 10.2 >= 5.7,  insulinReq 0.41; setting 60m low temp of 0U\/h. Microbolusing 0.2U. ","COB":7.6937989049278315,"IOB":0.709,"units":0.2,"rate":0,"duration":60,"timestamp":"2023-12-26T01:07:17.011Z"}}