{"algorithm":"OpenAPSSMBDynamicISFPlugin","input":{"glucoseStatus":{"glucose":134,"noise":0,"delta":0,"short_avgdelta":0.78,"long_avgdelta":10.29,"date":1703688710855},"currenttemp":{"temp":"absolute","duration":50,"rate":0,"minutesrunning":10},"iob_data":[{"iob":1.664,"basaliob":-0.473,"bolussnooze":1.1915,"activity":0.013,"lastBolusTime":1703687906000,"time":"2023-12-27T14:52:11.707Z","iobWithZeroTemp":{"iob":1.664,"basaliob":-0.473,"bolussnooze":1.1915,"activity":0.013,"lastBolusTime":1703687906000,"time":"2023-12-27T14:52:11.707Z"}},{"iob":1.597,"basaliob":-0.447,"bolussnooze":1.0884,"activity":0.0133,"lastBolusTime":1703687906000,"time":"2023-12-27T14:57:11.707Z","iobWithZeroTemp":{"iob":1.57,"basaliob":-0.474,"bolussnooze":1.0884,"activity":0.0133,"lastBolusTime":1703687906000,"time":"2023-12-27T14:57:11.707Z"}},{"iob":1.529,"basaliob":-0.421,"bolussnooze":0.9855,"activity":0.0136,"lastBolusTime":1703687906000,"time":"2023-12-27T15:02:11.707Z","iobWithZeroTemp":{"iob":1.469,"basaliob":-0.481,"bolussnooze":0.9855,"activity":0.0135,"lastBolusTime":1703687906000,"time":"2023-12-27T15:02:11.707Z"}},{"iob":1.461,"basaliob":-0.396,"bolussnooze":0.8856,"activity":0.0137,"lastBolusTime":1703687906000,"time":"2023-12-27T15:07:11.707Z","iobWithZeroTemp":{"iob":1.369,"basaliob":-0.488,"bolussnooze":0.8856,"activity":0.0135,"lastBolusTime":1703687906000,"time":"2023-12-27T15:07:11.707Z"}},{"iob":1.393,"basaliob":-0.372,"bolussnooze":0.7907,"activity":0.0136,"lastBolusTime":1703687906000,"time":"2023-12-27T15:12:11.707Z","iobWithZeroTemp":{"iob":1.268,"basaliob":-0.497,"bolussnooze":0.7907,"activity":0.0133,"lastBolusTime":1703687906000,"time":"2023-12-27T15:12:11.707Z"}},{"iob":1.325,"basaliob":-0.349,"bolussnooze":0.7019,"activity":0.0135,"lastBolusTime":1703687906000,"time":"2023-12-27T15:17:11.707Z","iobWithZeroTemp":{"iob":1.169,"basaliob":-0.505,"bolussnooze":0.7019,"activity":0.013,"lastBolusTime":1703687906000,"time":"2023-12-27T15:17:11.707Z"}},{"iob":1.258,"basaliob":-0.327,"bolussnooze":0.6198,"activity":0.0133,"lastBolusTime":1703687906000,"time":"2023-12-27T15:22:11.707Z","iobWithZeroTemp":{"iob":1.072,"basaliob":-0.513,"bolussnooze":0.6198,"activity":0.0126,"lastBolusTime":1703687906000,"time":"2023-12-27T15:22:11.707Z"}},{"iob":1.191,"basaliob":-0.307,"bolussnooze":0.5449,"activity":0.013,"lastBolusTime":1703687906000,"time":"2023-12-27T15:27:11.707Z","iobWithZeroTemp":{"iob":0.975,"basaliob":-0.523,"bolussnooze":0.5449,"activity":0.0121,"lastBolusTime":1703687906000,"time":"2023-12-27T15:27:11.707Z"}},{"iob":1.127,"basaliob":-0.287,"bolussnooze":0.4769,"activity":0.0126,"lastBolusTime":1703687906000,"time":"2023-12-27T15:32:11.707Z","iobWithZeroTemp":{"iob":0.883,"basaliob":-0.531,"bolussnooze":0.4769,"activity":0.0115,"lastBolusTime":1703687906000,"time":"2023-12-27T15:32:11.707Z"}},{"iob":1.065,"basaliob":-0.268,"bolussnooze":0.4159,"activity":0.0123,"lastBolusTime":1703687906000,"time":"2023-12-27T15:37:11.707Z","iobWithZeroTemp":{"iob":0.793,"basaliob":-0.54,"bolussnooze":0.4159,"activity":0.011,"lastBolusTime":1703687906000,"time":"2023-12-27T15:37:11.707Z"}},{"iob":1.005,"basaliob":-0.25,"bolussnooze":0.3613,"activity":0.0119,"lastBolusTime":1703687906000,"time":"2023-12-27T15:42:11.707Z","iobWithZeroTemp":{"iob":0.707,"basaliob":-0.548,"bolussnooze":0.3613,"activity":0.0104,"lastBolusTime":1703687906000,"time":"2023-12-27T15:42:11.707Z"}},{"iob":0.947,"basaliob":-0.233,"bolussnooze":0.3128,"activity":0.0114,"lastBolusTime":1703687906000,"time":"2023-12-27T15:47:11.707Z","iobWithZeroTemp":{"iob":0.624,"basaliob":-0.556,"bolussnooze":0.3128,"activity":0.0096,"lastBolusTime":1703687906000,"time":"2023-12-27T15:47:11.707Z"}},{"iob":0.89,"basaliob":-0.218,"bolussnooze":0.2699,"activity":0.011,"lastBolusTime":1703687906000,"time":"2023-12-27T15:52:11.707Z","iobWithZeroTemp":{"iob":0.543,"basaliob":-0.565,"bolussnooze":0.2699,"activity":0.009,"lastBolusTime":1703687906000,"time":"2023-12-27T15:52:11.707Z"}},{"iob":0.836,"basaliob":-0.203,"bolussnooze":0.2322,"activity":0.0105,"lastBolusTime":1703687906000,"time":"2023-12-27T15:57:11.707Z","iobWithZeroTemp":{"iob":0.466,"basaliob":-0.573,"bolussnooze":0.2322,"activity":0.0083,"lastBolusTime":1703687906000,"time":"2023-12-27T15:57:11.707Z"}},{"iob":0.785,"basaliob":-0.188,"bolussnooze":0.1992,"activity":0.0101,"lastBolusTime":1703687906000,"time":"2023-12-27T16:02:11.707Z","iobWithZeroTemp":{"iob":0.394,"basaliob":-0.579,"bolussnooze":0.1992,"activity":0.0077,"lastBolusTime":1703687906000,"time":"2023-12-27T16:02:11.707Z"}},{"iob":0.736,"basaliob":-0.175,"bolussnooze":0.1703,"activity":0.0096,"lastBolusTime":1703687906000,"time":"2023-12-27T16:07:11.707Z","iobWithZeroTemp":{"iob":0.324,"basaliob":-0.587,"bolussnooze":0.1703,"activity":0.0069,"lastBolusTime":1703687906000,"time":"2023-12-27T16:07:11.707Z"}},{"iob":0.688,"basaliob":-0.163,"bolussnooze":0.1453,"activity":0.0092,"lastBolusTime":1703687906000,"time":"2023-12-27T16:12:11.707Z","iobWithZeroTemp":{"iob":0.257,"basaliob":-0.594,"bolussnooze":0.1453,"activity":0.0063,"lastBolusTime":1703687906000,"time":"2023-12-27T16:12:11.707Z"}},{"iob":0.644,"basaliob":-0.151,"bolussnooze":0.1235,"activity":0.0086,"lastBolusTime":1703687906000,"time":"2023-12-27T16:17:11.707Z","iobWithZeroTemp":{"iob":0.194,"basaliob":-0.601,"bolussnooze":0.1235,"activity":0.0055,"lastBolusTime":1703687906000,"time":"2023-12-27T16:17:11.707Z"}},{"iob":0.602,"basaliob":-0.14,"bolussnooze":0.1047,"activity":0.0082,"lastBolusTime":1703687906000,"time":"2023-12-27T16:22:11.707Z","iobWithZeroTemp":{"iob":0.135,"basaliob":-0.607,"bolussnooze":0.1047,"activity":0.0049,"lastBolusTime":1703687906000,"time":"2023-12-27T16:22:11.707Z"}},{"iob":0.562,"basaliob":-0.13,"bolussnooze":0.0886,"activity":0.0078,"lastBolusTime":1703687906000,"time":"2023-12-27T16:27:11.707Z","iobWithZeroTemp":{"iob":0.078,"basaliob":-0.614,"bolussnooze":0.0886,"activity":0.0043,"lastBolusTime":1703687906000,"time":"2023-12-27T16:27:11.707Z"}},{"iob":0.524,"basaliob":-0.12,"bolussnooze":0.0747,"activity":0.0073,"lastBolusTime":1703687906000,"time":"2023-12-27T16:32:11.707Z","iobWithZeroTemp":{"iob":0.025,"basaliob":-0.619,"bolussnooze":0.0747,"activity":0.0036,"lastBolusTime":1703687906000,"time":"2023-12-27T16:32:11.707Z"}},{"iob":0.489,"basaliob":-0.111,"bolussnooze":0.0628,"activity":0.007,"lastBolusTime":1703687906000,"time":"2023-12-27T16:37:11.707Z","iobWithZeroTemp":{"iob":-0.025,"basaliob":-0.625,"bolussnooze":0.0628,"activity":0.0031,"lastBolusTime":1703687906000,"time":"2023-12-27T16:37:11.707Z"}},{"iob":0.455,"basaliob":-0.103,"bolussnooze":0.0526,"activity":0.0066,"lastBolusTime":1703687906000,"time":"2023-12-27T16:42:11.707Z","iobWithZeroTemp":{"iob":-0.072,"basaliob":-0.63,"bolussnooze":0.0526,"activity":0.0026,"lastBolusTime":1703687906000,"time":"2023-12-27T16:42:11.707Z"}},{"iob":0.423,"basaliob":-0.095,"bolussnooze":0.0439,"activity":0.0062,"lastBolusTime":1703687906000,"time":"2023-12-27T16:47:11.707Z","iobWithZeroTemp":{"iob":-0.117,"basaliob":-0.635,"bolussnooze":0.0439,"activity":0.002,"lastBolusTime":1703687906000,"time":"2023-12-27T16:47:11.707Z"}},{"iob":0.393,"basaliob":-0.088,"bolussnooze":0.0366,"activity":0.0058,"lastBolusTime":1703687906000,"time":"2023-12-27T16:52:11.707Z","iobWithZeroTemp":{"iob":-0.159,"basaliob":-0.64,"bolussnooze":0.0366,"activity":0.0015,"lastBolusTime":1703687906000,"time":"2023-12-27T16:52:11.707Z"}},{"iob":0.365,"basaliob":-0.081,"bolussnooze":0.0304,"activity":0.0054,"lastBolusTime":1703687906000,"time":"2023-12-27T16:57:11.707Z","iobWithZeroTemp":{"iob":-0.198,"basaliob":-0.644,"bolussnooze":0.0304,"activity":9.0E-4,"lastBolusTime":1703687906000,"time":"2023-12-27T16:57:11.707Z"}},{"iob":0.339,"basaliob":-0.075,"bolussnooze":0.0251,"activity":0.0051,"lastBolusTime":1703687906000,"time":"2023-12-27T17:02:11.707Z","iobWithZeroTemp":{"iob":-0.235,"basaliob":-0.649,"bolussnooze":0.0251,"activity":5.0E-4,"lastBolusTime":1703687906000,"time":"2023-12-27T17:02:11.707Z"}},{"iob":0.314,"basaliob":-0.069,"bolussnooze":0.0207,"activity":0.0048,"lastBolusTime":1703687906000,"time":"2023-12-27T17:07:11.707Z","iobWithZeroTemp":{"iob":-0.27,"basaliob":-0.653,"bolussnooze":0.0207,"activity":0,"lastBolusTime":1703687906000,"time":"2023-12-27T17:07:11.707Z"}},{"iob":0.291,"basaliob":-0.063,"bolussnooze":0.017,"activity":0.0044,"lastBolusTime":1703687906000,"time":"2023-12-27T17:12:11.707Z","iobWithZeroTemp":{"iob":-0.302,"basaliob":-0.656,"bolussnooze":0.017,"activity":-5.0E-4,"lastBolusTime":1703687906000,"time":"2023-12-27T17:12:11.707Z"}},{"iob":0.27,"basaliob":-0.058,"bolussnooze":0.0139,"activity":0.0041,"lastBolusTime":1703687906000,"time":"2023-12-27T17:17:11.707Z","iobWithZeroTemp":{"iob":-0.331,"basaliob":-0.659,"bolussnooze":0.0139,"activity":-9.0E-4,"lastBolusTime":1703687906000,"time":"2023-12-27T17:17:11.707Z"}},{"iob":0.25,"basaliob":-0.053,"bolussnooze":0.0113,"activity":0.0039,"lastBolusTime":1703687906000,"time":"2023-12-27T17:22:11.707Z","iobWithZeroTemp":{"iob":-0.359,"basaliob":-0.662,"bolussnooze":0.0113,"activity":-0.0012,"lastBolusTime":1703687906000,"time":"2023-12-27T17:22:11.707Z"}},{"iob":0.231,"basaliob":-0.049,"bolussnooze":0.0091,"activity":0.0037,"lastBolusTime":1703687906000,"time":"2023-12-27T17:27:11.707Z","iobWithZeroTemp":{"iob":-0.386,"basaliob":-0.666,"bolussnooze":0.0091,"activity":-0.0015,"lastBolusTime":1703687906000,"time":"2023-12-27T17:27:11.707Z"}},{"iob":0.213,"basaliob":-0.045,"bolussnooze":0.0073,"activity":0.0034,"lastBolusTime":1703687906000,"time":"2023-12-27T17:32:11.707Z","iobWithZeroTemp":{"iob":-0.411,"basaliob":-0.669,"bolussnooze":0.0073,"activity":-0.0019,"lastBolusTime":1703687906000,"time":"2023-12-27T17:32:11.707Z"}},{"iob":0.197,"basaliob":-0.041,"bolussnooze":0.0059,"activity":0.0032,"lastBolusTime":1703687906000,"time":"2023-12-27T17:37:11.707Z","iobWithZeroTemp":{"iob":-0.433,"basaliob":-0.671,"bolussnooze":0.0059,"activity":-0.0022,"lastBolusTime":1703687906000,"time":"2023-12-27T17:37:11.707Z"}},{"iob":0.181,"basaliob":-0.038,"bolussnooze":0.0047,"activity":0.0029,"lastBolusTime":1703687906000,"time":"2023-12-27T17:42:11.707Z","iobWithZeroTemp":{"iob":-0.455,"basaliob":-0.674,"bolussnooze":0.0047,"activity":-0.0026,"lastBolusTime":1703687906000,"time":"2023-12-27T17:42:11.707Z"}},{"iob":0.167,"basaliob":-0.035,"bolussnooze":0.0037,"activity":0.0027,"lastBolusTime":1703687906000,"time":"2023-12-27T17:47:11.707Z","iobWithZeroTemp":{"iob":-0.475,"basaliob":-0.677,"bolussnooze":0.0037,"activity":-0.0029,"lastBolusTime":1703687906000,"time":"2023-12-27T17:47:11.707Z"}},{"iob":0.154,"basaliob":-0.032,"bolussnooze":0.0029,"activity":0.0025,"lastBolusTime":1703687906000,"time":"2023-12-27T17:52:11.707Z","iobWithZeroTemp":{"iob":-0.493,"basaliob":-0.679,"bolussnooze":0.0029,"activity":-0.0032,"lastBolusTime":1703687906000,"time":"2023-12-27T17:52:11.707Z"}},{"iob":0.142,"basaliob":-0.029,"bolussnooze":0.0022,"activity":0.0024,"lastBolusTime":1703687906000,"time":"2023-12-27T17:57:11.707Z","iobWithZeroTemp":{"iob":-0.509,"basaliob":-0.68,"bolussnooze":0.0022,"activity":-0.0034,"lastBolusTime":1703687906000,"time":"2023-12-27T17:57:11.707Z"}},{"iob":0.13,"basaliob":-0.027,"bolussnooze":0.0017,"activity":0.0022,"lastBolusTime":1703687906000,"time":"2023-12-27T18:02:11.707Z","iobWithZeroTemp":{"iob":-0.526,"basaliob":-0.683,"bolussnooze":0.0017,"activity":-0.0036,"lastBolusTime":1703687906000,"time":"2023-12-27T18:02:11.707Z"}},{"iob":0.12,"basaliob":-0.024,"bolussnooze":0.0013,"activity":0.0021,"lastBolusTime":1703687906000,"time":"2023-12-27T18:07:11.707Z","iobWithZeroTemp":{"iob":-0.54,"basaliob":-0.684,"bolussnooze":0.0013,"activity":-0.0038,"lastBolusTime":1703687906000,"time":"2023-12-27T18:07:11.707Z"}},{"iob":0.11,"basaliob":-0.022,"bolussnooze":0.001,"activity":0.0019,"lastBolusTime":1703687906000,"time":"2023-12-27T18:12:11.707Z","iobWithZeroTemp":{"iob":-0.554,"basaliob":-0.686,"bolussnooze":0.001,"activity":-0.004,"lastBolusTime":1703687906000,"time":"2023-12-27T18:12:11.707Z"}},{"iob":0.101,"basaliob":-0.02,"bolussnooze":7.0E-4,"activity":0.0017,"lastBolusTime":1703687906000,"time":"2023-12-27T18:17:11.707Z","iobWithZeroTemp":{"iob":-0.566,"basaliob":-0.687,"bolussnooze":7.0E-4,"activity":-0.0043,"lastBolusTime":1703687906000,"time":"2023-12-27T18:17:11.707Z"}},{"iob":0.093,"basaliob":-0.018,"bolussnooze":5.0E-4,"activity":0.0017,"lastBolusTime":1703687906000,"time":"2023-12-27T18:22:11.707Z","iobWithZeroTemp":{"iob":-0.577,"basaliob":-0.688,"bolussnooze":5.0E-4,"activity":-0.0044,"lastBolusTime":1703687906000,"time":"2023-12-27T18:22:11.707Z"}},{"iob":0.085,"basaliob":-0.017,"bolussnooze":4.0E-4,"activity":0.0015,"lastBolusTime":1703687906000,"time":"2023-12-27T18:27:11.707Z","iobWithZeroTemp":{"iob":-0.588,"basaliob":-0.69,"bolussnooze":4.0E-4,"activity":-0.0046,"lastBolusTime":1703687906000,"time":"2023-12-27T18:27:11.707Z"}},{"iob":0.078,"basaliob":-0.015,"bolussnooze":3.0E-4,"activity":0.0014,"lastBolusTime":1703687906000,"time":"2023-12-27T18:32:11.707Z","iobWithZeroTemp":{"iob":-0.598,"basaliob":-0.691,"bolussnooze":3.0E-4,"activity":-0.0047,"lastBolusTime":1703687906000,"time":"2023-12-27T18:32:11.707Z"}},{"iob":0.071,"basaliob":-0.014,"bolussnooze":2.0E-4,"activity":0.0012,"lastBolusTime":1703687906000,"time":"2023-12-27T18:37:11.707Z","iobWithZeroTemp":{"iob":-0.607,"basaliob":-0.692,"bolussnooze":2.0E-4,"activity":-0.005,"lastBolusTime":1703687906000,"time":"2023-12-27T18:37:11.707Z"}},{"iob":0.066,"basaliob":-0.012,"bolussnooze":1.0E-4,"activity":0.0012,"lastBolusTime":1703687906000,"time":"2023-12-27T18:42:11.707Z","iobWithZeroTemp":{"iob":-0.615,"basaliob":-0.693,"bolussnooze":1.0E-4,"activity":-0.005,"lastBolusTime":1703687906000,"time":"2023-12-27T18:42:11.707Z"}},{"iob":0.06,"basaliob":-0.011,"bolussnooze":1.0E-4,"activity":0.0011,"lastBolusTime":1703687906000,"time":"2023-12-27T18:47:11.707Z","iobWithZeroTemp":{"iob":-0.623,"basaliob":-0.694,"bolussnooze":1.0E-4,"activity":-0.0052,"lastBolusTime":1703687906000,"time":"2023-12-27T18:47:11.707Z"}}],"profile":{"max_iob":7,"type":"current","max_daily_basal":0.45,"max_basal":1.35,"min_bg":81.0000000000001,"max_bg":81.0000000000001,"target_bg":81.0000000000001,"carb_ratio":11,"sens":352.8,"max_daily_safety_multiplier":3,"current_basal_safety_multiplier":4,"lgsThreshold":65,"high_temptarget_raises_sensitivity":false,"low_temptarget_lowers_sensitivity":false,"sensitivity_raises_target":true,"resistance_lowers_target":true,"adv_target_adjustments":false,"exercise_mode":false,"half_basal_exercise_target":160,"maxCOB":120,"skip_neutral_temps":false,"remainingCarbsCap":90,"enableUAM":true,"A52_risk_enable":false,"SMBInterval":4,"enableSMB_with_COB":true,"enableSMB_with_temptarget":false,"allowSMB_with_high_temptarget":true,"enableSMB_always":true,"enableSMB_after_carbs":false,"maxSMBBasalMinutes":60,"maxUAMSMBBasalMinutes":60,"bolus_increment":0.05,"carbsReqThreshold":10,"current_basal":0.4,"temptargetSet":true,"autosens_max":1.2,"autosens_min":0.8,"out_units":"mmol\/L","variable_sens":144.6,"insulinDivisor":65,"TDD":11.127447458333334},"autosens_data":{"ratio":0.6724157301308157},"meal_data":{"carbs":55,"mealCOB":33.322342403628106,"slopeFromMaxDeviation":-4.804666666666667,"slopeFromMinDeviation":1.59,"lastBolusTime":1703687906000,"lastCarbTime":1703687928000},"microBolusAllowed":true,"currentTime":1703688734094,"flatBGsDetected":false,"tdd1D":31.16008333333334,"tdd7D":32.424880952380946,"tddLast24H":21.80300000000001,"tddLast4H":5.186666666666667,"tddLast8to4H":5.55},"output":{"temp":"absolute","bg":134,"tick":"+0","eventualBG":313,"targetBG":81.0000000000001,"insulinReq":0,"deliverAt":"2023-12-27T14:52:14.094Z","sensitivityRatio":0.6724157301308157,"variable_sens":144.6,"predBGs":{"IOB":[134,133,131,129,125,120,114,107,100,91,81,70,58,44,39],"ZT":[134,125,115,104,92,80,67,53,39,39,39,39,39,39,39,39,39,39,39,39,39,39,39,39,39,39,39,39,39,39,39,39,39,39,39,39,39,39,39,39,39,39,39,39,39,39,39,39],"COB":[134,134,134,134,133,133,133,133,133,134,135,136,138,140,142,145,148,151,155,159,164,169,174,179,185,191,198,205,212,219,226,233,239,246,252,258,264,270,276,281,286,290,295,299,303,306,310,313],"UAM":[134,129,119,109,98,86,73,58,42,39,39,39,39]},"reason":"COB: 33.3, Dev: 3.1, BGI: -0.5, ISF: 8.0, CR: 11, Target: 4.5, minPredBG 3.2, minGuardBG -2.9, IOBpredBG 2.2, COBpredBG 17.4, UAMpredBG 2.2; minGuardBG -2.9<3.6","COB":33.322342403628106,"IOB":1.664,"duration":120,"rate":0,"timestamp":"2023-12-27T14:52:14.120Z"}}