{"algorithm":"OpenAPSSMBDynamicISFPlugin","input":{"glucoseStatus":{"glucose":63,"noise":0,"delta":-3,"short_avgdelta":-3.28,"long_avgdelta":-3.43,"date":1703378162093},"currenttemp":{"temp":"absolute","duration":46,"rate":0,"minutesrunning":14},"iob_data":[{"iob":-0.249,"basaliob":-0.443,"bolussnooze":0,"activity":-0.0016,"lastBolusTime":1703375486000,"time":"2023-12-24T00:36:26.991Z","iobWithZeroTemp":{"iob":-0.249,"basaliob":-0.443,"bolussnooze":0,"activity":-0.0016,"lastBolusTime":1703375486000,"time":"2023-12-24T00:36:26.991Z"}},{"iob":-0.241,"basaliob":-0.422,"bolussnooze":0,"activity":-0.0017,"lastBolusTime":1703375486000,"time":"2023-12-24T00:41:26.991Z","iobWithZeroTemp":{"iob":-0.264,"basaliob":-0.445,"bolussnooze":0,"activity":-0.0017,"lastBolusTime":1703375486000,"time":"2023-12-24T00:41:26.991Z"}},{"iob":-0.232,"basaliob":-0.4,"bolussnooze":0,"activity":-0.0018,"lastBolusTime":1703375486000,"time":"2023-12-24T00:46:26.991Z","iobWithZeroTemp":{"iob":-0.284,"basaliob":-0.452,"bolussnooze":0,"activity":-0.0019,"lastBolusTime":1703375486000,"time":"2023-12-24T00:46:26.991Z"}},{"iob":-0.223,"basaliob":-0.38,"bolussnooze":0,"activity":-0.0018,"lastBolusTime":1703375486000,"time":"2023-12-24T00:51:26.991Z","iobWithZeroTemp":{"iob":-0.304,"basaliob":-0.461,"bolussnooze":0,"activity":-0.002,"lastBolusTime":1703375486000,"time":"2023-12-24T00:51:26.991Z"}},{"iob":-0.213,"basaliob":-0.359,"bolussnooze":0,"activity":-0.0019,"lastBolusTime":1703375486000,"time":"2023-12-24T00:56:26.991Z","iobWithZeroTemp":{"iob":-0.322,"basaliob":-0.468,"bolussnooze":0,"activity":-0.0022,"lastBolusTime":1703375486000,"time":"2023-12-24T00:56:26.991Z"}},{"iob":-0.205,"basaliob":-0.34,"bolussnooze":0,"activity":-0.0019,"lastBolusTime":1703375486000,"time":"2023-12-24T01:01:26.991Z","iobWithZeroTemp":{"iob":-0.341,"basaliob":-0.476,"bolussnooze":0,"activity":-0.0023,"lastBolusTime":1703375486000,"time":"2023-12-24T01:01:26.991Z"}},{"iob":-0.195,"basaliob":-0.321,"bolussnooze":0,"activity":-0.0019,"lastBolusTime":1703375486000,"time":"2023-12-24T01:06:26.991Z","iobWithZeroTemp":{"iob":-0.352,"basaliob":-0.478,"bolussnooze":0,"activity":-0.0025,"lastBolusTime":1703375486000,"time":"2023-12-24T01:06:26.991Z"}},{"iob":-0.185,"basaliob":-0.302,"bolussnooze":0,"activity":-0.0018,"lastBolusTime":1703375486000,"time":"2023-12-24T01:11:26.991Z","iobWithZeroTemp":{"iob":-0.361,"basaliob":-0.478,"bolussnooze":0,"activity":-0.0025,"lastBolusTime":1703375486000,"time":"2023-12-24T01:11:26.991Z"}},{"iob":-0.176,"basaliob":-0.284,"bolussnooze":0,"activity":-0.0018,"lastBolusTime":1703375486000,"time":"2023-12-24T01:16:26.991Z","iobWithZeroTemp":{"iob":-0.37,"basaliob":-0.478,"bolussnooze":0,"activity":-0.0027,"lastBolusTime":1703375486000,"time":"2023-12-24T01:16:26.991Z"}},{"iob":-0.167,"basaliob":-0.267,"bolussnooze":0,"activity":-0.0018,"lastBolusTime":1703375486000,"time":"2023-12-24T01:21:26.991Z","iobWithZeroTemp":{"iob":-0.379,"basaliob":-0.479,"bolussnooze":0,"activity":-0.0029,"lastBolusTime":1703375486000,"time":"2023-12-24T01:21:26.991Z"}},{"iob":-0.158,"basaliob":-0.251,"bolussnooze":0,"activity":-0.0018,"lastBolusTime":1703375486000,"time":"2023-12-24T01:26:26.991Z","iobWithZeroTemp":{"iob":-0.387,"basaliob":-0.48,"bolussnooze":0,"activity":-0.003,"lastBolusTime":1703375486000,"time":"2023-12-24T01:26:26.991Z"}},{"iob":-0.149,"basaliob":-0.235,"bolussnooze":0,"activity":-0.0018,"lastBolusTime":1703375486000,"time":"2023-12-24T01:31:26.991Z","iobWithZeroTemp":{"iob":-0.394,"basaliob":-0.48,"bolussnooze":0,"activity":-0.0032,"lastBolusTime":1703375486000,"time":"2023-12-24T01:31:26.991Z"}},{"iob":-0.141,"basaliob":-0.22,"bolussnooze":0,"activity":-0.0016,"lastBolusTime":1703375486000,"time":"2023-12-24T01:36:26.991Z","iobWithZeroTemp":{"iob":-0.401,"basaliob":-0.48,"bolussnooze":0,"activity":-0.0032,"lastBolusTime":1703375486000,"time":"2023-12-24T01:36:26.991Z"}},{"iob":-0.133,"basaliob":-0.206,"bolussnooze":0,"activity":-0.0016,"lastBolusTime":1703375486000,"time":"2023-12-24T01:41:26.991Z","iobWithZeroTemp":{"iob":-0.407,"basaliob":-0.48,"bolussnooze":0,"activity":-0.0033,"lastBolusTime":1703375486000,"time":"2023-12-24T01:41:26.991Z"}},{"iob":-0.125,"basaliob":-0.192,"bolussnooze":0,"activity":-0.0015,"lastBolusTime":1703375486000,"time":"2023-12-24T01:46:26.991Z","iobWithZeroTemp":{"iob":-0.413,"basaliob":-0.48,"bolussnooze":0,"activity":-0.0034,"lastBolusTime":1703375486000,"time":"2023-12-24T01:46:26.991Z"}},{"iob":-0.118,"basaliob":-0.18,"bolussnooze":0,"activity":-0.0015,"lastBolusTime":1703375486000,"time":"2023-12-24T01:51:26.991Z","iobWithZeroTemp":{"iob":-0.419,"basaliob":-0.481,"bolussnooze":0,"activity":-0.0035,"lastBolusTime":1703375486000,"time":"2023-12-24T01:51:26.991Z"}},{"iob":-0.111,"basaliob":-0.168,"bolussnooze":0,"activity":-0.0014,"lastBolusTime":1703375486000,"time":"2023-12-24T01:56:26.991Z","iobWithZeroTemp":{"iob":-0.424,"basaliob":-0.481,"bolussnooze":0,"activity":-0.0036,"lastBolusTime":1703375486000,"time":"2023-12-24T01:56:26.991Z"}},{"iob":-0.103,"basaliob":-0.156,"bolussnooze":0,"activity":-0.0013,"lastBolusTime":1703375486000,"time":"2023-12-24T02:01:26.991Z","iobWithZeroTemp":{"iob":-0.427,"basaliob":-0.48,"bolussnooze":0,"activity":-0.0036,"lastBolusTime":1703375486000,"time":"2023-12-24T02:01:26.991Z"}},{"iob":-0.097,"basaliob":-0.145,"bolussnooze":0,"activity":-0.0013,"lastBolusTime":1703375486000,"time":"2023-12-24T02:06:26.991Z","iobWithZeroTemp":{"iob":-0.432,"basaliob":-0.48,"bolussnooze":0,"activity":-0.0037,"lastBolusTime":1703375486000,"time":"2023-12-24T02:06:26.991Z"}},{"iob":-0.09,"basaliob":-0.135,"bolussnooze":0,"activity":-0.0013,"lastBolusTime":1703375486000,"time":"2023-12-24T02:11:26.991Z","iobWithZeroTemp":{"iob":-0.435,"basaliob":-0.48,"bolussnooze":0,"activity":-0.0039,"lastBolusTime":1703375486000,"time":"2023-12-24T02:11:26.991Z"}},{"iob":-0.085,"basaliob":-0.126,"bolussnooze":0,"activity":-0.0011,"lastBolusTime":1703375486000,"time":"2023-12-24T02:16:26.991Z","iobWithZeroTemp":{"iob":-0.439,"basaliob":-0.48,"bolussnooze":0,"activity":-0.0038,"lastBolusTime":1703375486000,"time":"2023-12-24T02:16:26.991Z"}},{"iob":-0.079,"basaliob":-0.117,"bolussnooze":0,"activity":-0.0011,"lastBolusTime":1703375486000,"time":"2023-12-24T02:21:26.991Z","iobWithZeroTemp":{"iob":-0.442,"basaliob":-0.48,"bolussnooze":0,"activity":-0.0039,"lastBolusTime":1703375486000,"time":"2023-12-24T02:21:26.991Z"}},{"iob":-0.073,"basaliob":-0.108,"bolussnooze":0,"activity":-0.001,"lastBolusTime":1703375486000,"time":"2023-12-24T02:26:26.991Z","iobWithZeroTemp":{"iob":-0.444,"basaliob":-0.479,"bolussnooze":0,"activity":-0.0039,"lastBolusTime":1703375486000,"time":"2023-12-24T02:26:26.991Z"}},{"iob":-0.068,"basaliob":-0.1,"bolussnooze":0,"activity":-0.001,"lastBolusTime":1703375486000,"time":"2023-12-24T02:31:26.991Z","iobWithZeroTemp":{"iob":-0.447,"basaliob":-0.479,"bolussnooze":0,"activity":-0.004,"lastBolusTime":1703375486000,"time":"2023-12-24T02:31:26.991Z"}},{"iob":-0.064,"basaliob":-0.093,"bolussnooze":0,"activity":-9.0E-4,"lastBolusTime":1703375486000,"time":"2023-12-24T02:36:26.991Z","iobWithZeroTemp":{"iob":-0.45,"basaliob":-0.479,"bolussnooze":0,"activity":-0.004,"lastBolusTime":1703375486000,"time":"2023-12-24T02:36:26.991Z"}},{"iob":-0.059,"basaliob":-0.086,"bolussnooze":0,"activity":-8.0E-4,"lastBolusTime":1703375486000,"time":"2023-12-24T02:41:26.991Z","iobWithZeroTemp":{"iob":-0.452,"basaliob":-0.479,"bolussnooze":0,"activity":-0.004,"lastBolusTime":1703375486000,"time":"2023-12-24T02:41:26.991Z"}},{"iob":-0.056,"basaliob":-0.08,"bolussnooze":0,"activity":-8.0E-4,"lastBolusTime":1703375486000,"time":"2023-12-24T02:46:26.991Z","iobWithZeroTemp":{"iob":-0.455,"basaliob":-0.479,"bolussnooze":0,"activity":-0.0041,"lastBolusTime":1703375486000,"time":"2023-12-24T02:46:26.991Z"}},{"iob":-0.052,"basaliob":-0.074,"bolussnooze":0,"activity":-8.0E-4,"lastBolusTime":1703375486000,"time":"2023-12-24T02:51:26.991Z","iobWithZeroTemp":{"iob":-0.457,"basaliob":-0.479,"bolussnooze":0,"activity":-0.0042,"lastBolusTime":1703375486000,"time":"2023-12-24T02:51:26.991Z"}},{"iob":-0.048,"basaliob":-0.068,"bolussnooze":0,"activity":-7.0E-4,"lastBolusTime":1703375486000,"time":"2023-12-24T02:56:26.991Z","iobWithZeroTemp":{"iob":-0.459,"basaliob":-0.479,"bolussnooze":0,"activity":-0.0041,"lastBolusTime":1703375486000,"time":"2023-12-24T02:56:26.991Z"}},{"iob":-0.044,"basaliob":-0.063,"bolussnooze":0,"activity":-7.0E-4,"lastBolusTime":1703375486000,"time":"2023-12-24T03:01:26.991Z","iobWithZeroTemp":{"iob":-0.46,"basaliob":-0.479,"bolussnooze":0,"activity":-0.0042,"lastBolusTime":1703375486000,"time":"2023-12-24T03:01:26.991Z"}},{"iob":-0.041,"basaliob":-0.058,"bolussnooze":0,"activity":-6.0E-4,"lastBolusTime":1703375486000,"time":"2023-12-24T03:06:26.991Z","iobWithZeroTemp":{"iob":-0.464,"basaliob":-0.481,"bolussnooze":0,"activity":-0.0042,"lastBolusTime":1703375486000,"time":"2023-12-24T03:06:26.991Z"}},{"iob":-0.037,"basaliob":-0.053,"bolussnooze":0,"activity":-6.0E-4,"lastBolusTime":1703375486000,"time":"2023-12-24T03:11:26.991Z","iobWithZeroTemp":{"iob":-0.467,"basaliob":-0.483,"bolussnooze":0,"activity":-0.0043,"lastBolusTime":1703375486000,"time":"2023-12-24T03:11:26.991Z"}},{"iob":-0.035,"basaliob":-0.049,"bolussnooze":0,"activity":-5.0E-4,"lastBolusTime":1703375486000,"time":"2023-12-24T03:16:26.991Z","iobWithZeroTemp":{"iob":-0.471,"basaliob":-0.485,"bolussnooze":0,"activity":-0.0042,"lastBolusTime":1703375486000,"time":"2023-12-24T03:16:26.991Z"}},{"iob":-0.032,"basaliob":-0.045,"bolussnooze":0,"activity":-6.0E-4,"lastBolusTime":1703375486000,"time":"2023-12-24T03:21:26.991Z","iobWithZeroTemp":{"iob":-0.474,"basaliob":-0.487,"bolussnooze":0,"activity":-0.0044,"lastBolusTime":1703375486000,"time":"2023-12-24T03:21:26.991Z"}},{"iob":-0.03,"basaliob":-0.042,"bolussnooze":0,"activity":-5.0E-4,"lastBolusTime":1703375486000,"time":"2023-12-24T03:26:26.991Z","iobWithZeroTemp":{"iob":-0.478,"basaliob":-0.49,"bolussnooze":0,"activity":-0.0044,"lastBolusTime":1703375486000,"time":"2023-12-24T03:26:26.991Z"}},{"iob":-0.027,"basaliob":-0.038,"bolussnooze":0,"activity":-4.0E-4,"lastBolusTime":1703375486000,"time":"2023-12-24T03:31:26.991Z","iobWithZeroTemp":{"iob":-0.481,"basaliob":-0.492,"bolussnooze":0,"activity":-0.0043,"lastBolusTime":1703375486000,"time":"2023-12-24T03:31:26.991Z"}},{"iob":-0.025,"basaliob":-0.035,"bolussnooze":0,"activity":-4.0E-4,"lastBolusTime":1703375486000,"time":"2023-12-24T03:36:26.991Z","iobWithZeroTemp":{"iob":-0.484,"basaliob":-0.494,"bolussnooze":0,"activity":-0.0044,"lastBolusTime":1703375486000,"time":"2023-12-24T03:36:26.991Z"}},{"iob":-0.023,"basaliob":-0.032,"bolussnooze":0,"activity":-4.0E-4,"lastBolusTime":1703375486000,"time":"2023-12-24T03:41:26.991Z","iobWithZeroTemp":{"iob":-0.487,"basaliob":-0.496,"bolussnooze":0,"activity":-0.0045,"lastBolusTime":1703375486000,"time":"2023-12-24T03:41:26.991Z"}},{"iob":-0.022,"basaliob":-0.03,"bolussnooze":0,"activity":-3.0E-4,"lastBolusTime":1703375486000,"time":"2023-12-24T03:46:26.991Z","iobWithZeroTemp":{"iob":-0.49,"basaliob":-0.498,"bolussnooze":0,"activity":-0.0044,"lastBolusTime":1703375486000,"time":"2023-12-24T03:46:26.991Z"}},{"iob":-0.019,"basaliob":-0.027,"bolussnooze":0,"activity":-4.0E-4,"lastBolusTime":1703375486000,"time":"2023-12-24T03:51:26.991Z","iobWithZeroTemp":{"iob":-0.492,"basaliob":-0.5,"bolussnooze":0,"activity":-0.0046,"lastBolusTime":1703375486000,"time":"2023-12-24T03:51:26.991Z"}},{"iob":-0.018,"basaliob":-0.025,"bolussnooze":0,"activity":-3.0E-4,"lastBolusTime":1703375486000,"time":"2023-12-24T03:56:26.991Z","iobWithZeroTemp":{"iob":-0.495,"basaliob":-0.502,"bolussnooze":0,"activity":-0.0045,"lastBolusTime":1703375486000,"time":"2023-12-24T03:56:26.991Z"}},{"iob":-0.017,"basaliob":-0.023,"bolussnooze":0,"activity":-3.0E-4,"lastBolusTime":1703375486000,"time":"2023-12-24T04:01:26.991Z","iobWithZeroTemp":{"iob":-0.498,"basaliob":-0.504,"bolussnooze":0,"activity":-0.0046,"lastBolusTime":1703375486000,"time":"2023-12-24T04:01:26.991Z"}},{"iob":-0.015,"basaliob":-0.021,"bolussnooze":0,"activity":-3.0E-4,"lastBolusTime":1703375486000,"time":"2023-12-24T04:06:26.991Z","iobWithZeroTemp":{"iob":-0.507,"basaliob":-0.513,"bolussnooze":0,"activity":-0.0046,"lastBolusTime":1703375486000,"time":"2023-12-24T04:06:26.991Z"}},{"iob":-0.014,"basaliob":-0.019,"bolussnooze":0,"activity":-2.0E-4,"lastBolusTime":1703375486000,"time":"2023-12-24T04:11:26.991Z","iobWithZeroTemp":{"iob":-0.518,"basaliob":-0.523,"bolussnooze":0,"activity":-0.0046,"lastBolusTime":1703375486000,"time":"2023-12-24T04:11:26.991Z"}},{"iob":-0.012,"basaliob":-0.017,"bolussnooze":0,"activity":-2.0E-4,"lastBolusTime":1703375486000,"time":"2023-12-24T04:16:26.991Z","iobWithZeroTemp":{"iob":-0.527,"basaliob":-0.532,"bolussnooze":0,"activity":-0.0047,"lastBolusTime":1703375486000,"time":"2023-12-24T04:16:26.991Z"}},{"iob":-0.012,"basaliob":-0.016,"bolussnooze":0,"activity":-2.0E-4,"lastBolusTime":1703375486000,"time":"2023-12-24T04:21:26.991Z","iobWithZeroTemp":{"iob":-0.538,"basaliob":-0.542,"bolussnooze":0,"activity":-0.0047,"lastBolusTime":1703375486000,"time":"2023-12-24T04:21:26.991Z"}},{"iob":-0.01,"basaliob":-0.014,"bolussnooze":0,"activity":-2.0E-4,"lastBolusTime":1703375486000,"time":"2023-12-24T04:26:26.991Z","iobWithZeroTemp":{"iob":-0.547,"basaliob":-0.551,"bolussnooze":0,"activity":-0.0048,"lastBolusTime":1703375486000,"time":"2023-12-24T04:26:26.991Z"}},{"iob":-0.009,"basaliob":-0.013,"bolussnooze":0,"activity":-1.0E-4,"lastBolusTime":1703375486000,"time":"2023-12-24T04:31:26.991Z","iobWithZeroTemp":{"iob":-0.556,"basaliob":-0.56,"bolussnooze":0,"activity":-0.0048,"lastBolusTime":1703375486000,"time":"2023-12-24T04:31:26.991Z"}}],"profile":{"max_iob":7,"type":"current","max_daily_basal":0.45,"max_basal":1.35,"min_bg":144,"max_bg":144,"target_bg":144,"carb_ratio":11,"sens":369,"max_daily_safety_multiplier":3,"current_basal_safety_multiplier":4,"lgsThreshold":65,"high_temptarget_raises_sensitivity":false,"low_temptarget_lowers_sensitivity":false,"sensitivity_raises_target":true,"resistance_lowers_target":true,"adv_target_adjustments":false,"exercise_mode":false,"half_basal_exercise_target":160,"maxCOB":120,"skip_neutral_temps":false,"remainingCarbsCap":90,"enableUAM":true,"A52_risk_enable":false,"SMBInterval":4,"enableSMB_with_COB":true,"enableSMB_with_temptarget":false,"allowSMB_with_high_temptarget":true,"enableSMB_always":true,"enableSMB_after_carbs":false,"maxSMBBasalMinutes":60,"maxUAMSMBBasalMinutes":60,"bolus_increment":0.05,"carbsReqThreshold":10,"current_basal":0.35,"temptargetSet":true,"autosens_max":1.2,"autosens_min":0.8,"out_units":"mmol\/L","variable_sens":253.7,"insulinDivisor":65,"TDD":10.470525728571426},"autosens_data":{"ratio":1.1396188930797222},"meal_data":{"carbs":0,"mealCOB":0,"slopeFromMaxDeviation":-1.5084146341463414,"slopeFromMinDeviation":0,"lastBolusTime":1703375486000,"lastCarbTime":0},"microBolusAllowed":true,"currentTime":1703378188991,"flatBGsDetected":false,"tdd1D":36.190166666666634,"tdd7D":31.004297619047623,"tddLast24H":35.33308333333332,"tddLast4H":0.73375,"tddLast8to4H":9.4},"output":{"temp":"absolute","bg":63,"tick":-3,"eventualBG":93,"targetBG":144,"insulinReq":0,"deliverAt":"2023-12-24T00:36:28.991Z","sensitivityRatio":1.1396188930797222,"variable_sens":253.7,"predBGs":{"IOB":[63,60,58,56,55,55,55,55,56,57,59,61,63,65,67,69,71,72,74,75,77,78,79,80,81,82,83,84,85,86,86,87,88,88,89,89,90,90,90,91,91,91,92,92,92,92,92,93],"ZT":[63,65,67,69,72,74,77,80,82,85,88,91,94,97,101,104,107,110,113,116,120,123,126,129,132,135,138,141,144]},"reason":"COB: 0, Dev: -1.8, BGI: 0.1, ISF: 14.1, CR: 11, Target: 8.0, minPredBG 4.1, minGuardBG 3.1, IOBpredBG 5.2; minGuardBG 3.1<5.1","COB":0,"IOB":-0.249,"duration":60,"rate":0,"timestamp":"2023-12-24T00:36:29.016Z"}}