{"algorithm":"OpenAPSSMBDynamicISFPlugin","input":{"glucoseStatus":{"glucose":201,"noise":0,"delta":1,"short_avgdelta":1,"long_avgdelta":4.85,"date":1703608916938},"currenttemp":{"temp":"absolute","duration":105,"rate":0,"minutesrunning":15},"iob_data":[{"iob":1.876,"basaliob":-0.564,"bolussnooze":0.4727,"activity":0.0194,"lastBolusTime":1703607903000,"time":"2023-12-26T16:42:13.178Z","iobWithZeroTemp":{"iob":1.876,"basaliob":-0.564,"bolussnooze":0.4727,"activity":0.0194,"lastBolusTime":1703607903000,"time":"2023-12-26T16:42:13.178Z"}},{"iob":1.78,"basaliob":-0.535,"bolussnooze":0.4332,"activity":0.0191,"lastBolusTime":1703607903000,"time":"2023-12-26T16:47:13.178Z","iobWithZeroTemp":{"iob":1.753,"basaliob":-0.562,"bolussnooze":0.4332,"activity":0.0191,"lastBolusTime":1703607903000,"time":"2023-12-26T16:47:13.178Z"}},{"iob":1.686,"basaliob":-0.506,"bolussnooze":0.3933,"activity":0.0186,"lastBolusTime":1703607903000,"time":"2023-12-26T16:52:13.178Z","iobWithZeroTemp":{"iob":1.626,"basaliob":-0.566,"bolussnooze":0.3933,"activity":0.0185,"lastBolusTime":1703607903000,"time":"2023-12-26T16:52:13.178Z"}},{"iob":1.594,"basaliob":-0.478,"bolussnooze":0.3542,"activity":0.0181,"lastBolusTime":1703607903000,"time":"2023-12-26T16:57:13.178Z","iobWithZeroTemp":{"iob":1.502,"basaliob":-0.57,"bolussnooze":0.3542,"activity":0.0179,"lastBolusTime":1703607903000,"time":"2023-12-26T16:57:13.178Z"}},{"iob":1.504,"basaliob":-0.451,"bolussnooze":0.3169,"activity":0.0176,"lastBolusTime":1703607903000,"time":"2023-12-26T17:02:13.178Z","iobWithZeroTemp":{"iob":1.379,"basaliob":-0.576,"bolussnooze":0.3169,"activity":0.0173,"lastBolusTime":1703607903000,"time":"2023-12-26T17:02:13.178Z"}},{"iob":1.418,"basaliob":-0.425,"bolussnooze":0.2818,"activity":0.017,"lastBolusTime":1703607903000,"time":"2023-12-26T17:07:13.178Z","iobWithZeroTemp":{"iob":1.262,"basaliob":-0.581,"bolussnooze":0.2818,"activity":0.0165,"lastBolusTime":1703607903000,"time":"2023-12-26T17:07:13.178Z"}},{"iob":1.334,"basaliob":-0.4,"bolussnooze":0.2492,"activity":0.0164,"lastBolusTime":1703607903000,"time":"2023-12-26T17:12:13.178Z","iobWithZeroTemp":{"iob":1.148,"basaliob":-0.586,"bolussnooze":0.2492,"activity":0.0157,"lastBolusTime":1703607903000,"time":"2023-12-26T17:12:13.178Z"}},{"iob":1.254,"basaliob":-0.376,"bolussnooze":0.2193,"activity":0.0157,"lastBolusTime":1703607903000,"time":"2023-12-26T17:17:13.178Z","iobWithZeroTemp":{"iob":1.038,"basaliob":-0.592,"bolussnooze":0.2193,"activity":0.0148,"lastBolusTime":1703607903000,"time":"2023-12-26T17:17:13.178Z"}},{"iob":1.179,"basaliob":-0.352,"bolussnooze":0.1922,"activity":0.015,"lastBolusTime":1703607903000,"time":"2023-12-26T17:22:13.178Z","iobWithZeroTemp":{"iob":0.935,"basaliob":-0.596,"bolussnooze":0.1922,"activity":0.0139,"lastBolusTime":1703607903000,"time":"2023-12-26T17:22:13.178Z"}},{"iob":1.105,"basaliob":-0.33,"bolussnooze":0.1678,"activity":0.0143,"lastBolusTime":1703607903000,"time":"2023-12-26T17:27:13.178Z","iobWithZeroTemp":{"iob":0.833,"basaliob":-0.602,"bolussnooze":0.1678,"activity":0.013,"lastBolusTime":1703607903000,"time":"2023-12-26T17:27:13.178Z"}},{"iob":1.035,"basaliob":-0.309,"bolussnooze":0.1459,"activity":0.0136,"lastBolusTime":1703607903000,"time":"2023-12-26T17:32:13.178Z","iobWithZeroTemp":{"iob":0.737,"basaliob":-0.607,"bolussnooze":0.1459,"activity":0.0121,"lastBolusTime":1703607903000,"time":"2023-12-26T17:32:13.178Z"}},{"iob":0.969,"basaliob":-0.289,"bolussnooze":0.1265,"activity":0.013,"lastBolusTime":1703607903000,"time":"2023-12-26T17:37:13.178Z","iobWithZeroTemp":{"iob":0.646,"basaliob":-0.612,"bolussnooze":0.1265,"activity":0.0112,"lastBolusTime":1703607903000,"time":"2023-12-26T17:37:13.178Z"}},{"iob":0.906,"basaliob":-0.27,"bolussnooze":0.1093,"activity":0.0123,"lastBolusTime":1703607903000,"time":"2023-12-26T17:42:13.178Z","iobWithZeroTemp":{"iob":0.559,"basaliob":-0.617,"bolussnooze":0.1093,"activity":0.0103,"lastBolusTime":1703607903000,"time":"2023-12-26T17:42:13.178Z"}},{"iob":0.846,"basaliob":-0.252,"bolussnooze":0.0941,"activity":0.0117,"lastBolusTime":1703607903000,"time":"2023-12-26T17:47:13.178Z","iobWithZeroTemp":{"iob":0.476,"basaliob":-0.622,"bolussnooze":0.0941,"activity":0.0095,"lastBolusTime":1703607903000,"time":"2023-12-26T17:47:13.178Z"}},{"iob":0.789,"basaliob":-0.235,"bolussnooze":0.0808,"activity":0.011,"lastBolusTime":1703607903000,"time":"2023-12-26T17:52:13.178Z","iobWithZeroTemp":{"iob":0.398,"basaliob":-0.626,"bolussnooze":0.0808,"activity":0.0086,"lastBolusTime":1703607903000,"time":"2023-12-26T17:52:13.178Z"}},{"iob":0.736,"basaliob":-0.219,"bolussnooze":0.0692,"activity":0.0104,"lastBolusTime":1703607903000,"time":"2023-12-26T17:57:13.178Z","iobWithZeroTemp":{"iob":0.324,"basaliob":-0.631,"bolussnooze":0.0692,"activity":0.0077,"lastBolusTime":1703607903000,"time":"2023-12-26T17:57:13.178Z"}},{"iob":0.685,"basaliob":-0.204,"bolussnooze":0.0591,"activity":0.0099,"lastBolusTime":1703607903000,"time":"2023-12-26T18:02:13.178Z","iobWithZeroTemp":{"iob":0.254,"basaliob":-0.635,"bolussnooze":0.0591,"activity":0.007,"lastBolusTime":1703607903000,"time":"2023-12-26T18:02:13.178Z"}},{"iob":0.637,"basaliob":-0.19,"bolussnooze":0.0503,"activity":0.0092,"lastBolusTime":1703607903000,"time":"2023-12-26T18:07:13.178Z","iobWithZeroTemp":{"iob":0.187,"basaliob":-0.64,"bolussnooze":0.0503,"activity":0.0061,"lastBolusTime":1703607903000,"time":"2023-12-26T18:07:13.178Z"}},{"iob":0.592,"basaliob":-0.177,"bolussnooze":0.0427,"activity":0.0087,"lastBolusTime":1703607903000,"time":"2023-12-26T18:12:13.178Z","iobWithZeroTemp":{"iob":0.125,"basaliob":-0.644,"bolussnooze":0.0427,"activity":0.0054,"lastBolusTime":1703607903000,"time":"2023-12-26T18:12:13.178Z"}},{"iob":0.55,"basaliob":-0.164,"bolussnooze":0.0362,"activity":0.0082,"lastBolusTime":1703607903000,"time":"2023-12-26T18:17:13.178Z","iobWithZeroTemp":{"iob":0.066,"basaliob":-0.648,"bolussnooze":0.0362,"activity":0.0047,"lastBolusTime":1703607903000,"time":"2023-12-26T18:17:13.178Z"}},{"iob":0.511,"basaliob":-0.152,"bolussnooze":0.0306,"activity":0.0076,"lastBolusTime":1703607903000,"time":"2023-12-26T18:22:13.178Z","iobWithZeroTemp":{"iob":0.012,"basaliob":-0.651,"bolussnooze":0.0306,"activity":0.0039,"lastBolusTime":1703607903000,"time":"2023-12-26T18:22:13.178Z"}},{"iob":0.474,"basaliob":-0.141,"bolussnooze":0.0258,"activity":0.0072,"lastBolusTime":1703607903000,"time":"2023-12-26T18:27:13.178Z","iobWithZeroTemp":{"iob":-0.04,"basaliob":-0.655,"bolussnooze":0.0258,"activity":0.0033,"lastBolusTime":1703607903000,"time":"2023-12-26T18:27:13.178Z"}},{"iob":0.438,"basaliob":-0.131,"bolussnooze":0.0216,"activity":0.0067,"lastBolusTime":1703607903000,"time":"2023-12-26T18:32:13.178Z","iobWithZeroTemp":{"iob":-0.089,"basaliob":-0.658,"bolussnooze":0.0216,"activity":0.0027,"lastBolusTime":1703607903000,"time":"2023-12-26T18:32:13.178Z"}},{"iob":0.406,"basaliob":-0.121,"bolussnooze":0.0182,"activity":0.0063,"lastBolusTime":1703607903000,"time":"2023-12-26T18:37:13.178Z","iobWithZeroTemp":{"iob":-0.134,"basaliob":-0.661,"bolussnooze":0.0182,"activity":0.0021,"lastBolusTime":1703607903000,"time":"2023-12-26T18:37:13.178Z"}},{"iob":0.376,"basaliob":-0.112,"bolussnooze":0.0152,"activity":0.0058,"lastBolusTime":1703607903000,"time":"2023-12-26T18:42:13.178Z","iobWithZeroTemp":{"iob":-0.176,"basaliob":-0.664,"bolussnooze":0.0152,"activity":0.0015,"lastBolusTime":1703607903000,"time":"2023-12-26T18:42:13.178Z"}},{"iob":0.347,"basaliob":-0.104,"bolussnooze":0.0126,"activity":0.0055,"lastBolusTime":1703607903000,"time":"2023-12-26T18:47:13.178Z","iobWithZeroTemp":{"iob":-0.216,"basaliob":-0.667,"bolussnooze":0.0126,"activity":0.001,"lastBolusTime":1703607903000,"time":"2023-12-26T18:47:13.178Z"}},{"iob":0.321,"basaliob":-0.096,"bolussnooze":0.0105,"activity":0.0051,"lastBolusTime":1703607903000,"time":"2023-12-26T18:52:13.178Z","iobWithZeroTemp":{"iob":-0.253,"basaliob":-0.67,"bolussnooze":0.0105,"activity":5.0E-4,"lastBolusTime":1703607903000,"time":"2023-12-26T18:52:13.178Z"}},{"iob":0.297,"basaliob":-0.088,"bolussnooze":0.0087,"activity":0.0048,"lastBolusTime":1703607903000,"time":"2023-12-26T18:57:13.178Z","iobWithZeroTemp":{"iob":-0.287,"basaliob":-0.672,"bolussnooze":0.0087,"activity":0,"lastBolusTime":1703607903000,"time":"2023-12-26T18:57:13.178Z"}},{"iob":0.274,"basaliob":-0.081,"bolussnooze":0.0072,"activity":0.0045,"lastBolusTime":1703607903000,"time":"2023-12-26T19:02:13.178Z","iobWithZeroTemp":{"iob":-0.319,"basaliob":-0.674,"bolussnooze":0.0072,"activity":-4.0E-4,"lastBolusTime":1703607903000,"time":"2023-12-26T19:02:13.178Z"}},{"iob":0.252,"basaliob":-0.075,"bolussnooze":0.0059,"activity":0.0041,"lastBolusTime":1703607903000,"time":"2023-12-26T19:07:13.178Z","iobWithZeroTemp":{"iob":-0.349,"basaliob":-0.676,"bolussnooze":0.0059,"activity":-9.0E-4,"lastBolusTime":1703607903000,"time":"2023-12-26T19:07:13.178Z"}},{"iob":0.232,"basaliob":-0.069,"bolussnooze":0.0048,"activity":0.0039,"lastBolusTime":1703607903000,"time":"2023-12-26T19:12:13.178Z","iobWithZeroTemp":{"iob":-0.377,"basaliob":-0.678,"bolussnooze":0.0048,"activity":-0.0012,"lastBolusTime":1703607903000,"time":"2023-12-26T19:12:13.178Z"}},{"iob":0.213,"basaliob":-0.064,"bolussnooze":0.0039,"activity":0.0035,"lastBolusTime":1703607903000,"time":"2023-12-26T19:17:13.178Z","iobWithZeroTemp":{"iob":-0.404,"basaliob":-0.681,"bolussnooze":0.0039,"activity":-0.0017,"lastBolusTime":1703607903000,"time":"2023-12-26T19:17:13.178Z"}},{"iob":0.196,"basaliob":-0.059,"bolussnooze":0.0032,"activity":0.0033,"lastBolusTime":1703607903000,"time":"2023-12-26T19:22:13.178Z","iobWithZeroTemp":{"iob":-0.428,"basaliob":-0.683,"bolussnooze":0.0032,"activity":-0.002,"lastBolusTime":1703607903000,"time":"2023-12-26T19:22:13.178Z"}},{"iob":0.18,"basaliob":-0.054,"bolussnooze":0.0026,"activity":0.0031,"lastBolusTime":1703607903000,"time":"2023-12-26T19:27:13.178Z","iobWithZeroTemp":{"iob":-0.45,"basaliob":-0.684,"bolussnooze":0.0026,"activity":-0.0023,"lastBolusTime":1703607903000,"time":"2023-12-26T19:27:13.178Z"}},{"iob":0.166,"basaliob":-0.049,"bolussnooze":0.0021,"activity":0.0029,"lastBolusTime":1703607903000,"time":"2023-12-26T19:32:13.178Z","iobWithZeroTemp":{"iob":-0.47,"basaliob":-0.685,"bolussnooze":0.0021,"activity":-0.0026,"lastBolusTime":1703607903000,"time":"2023-12-26T19:32:13.178Z"}},{"iob":0.153,"basaliob":-0.045,"bolussnooze":0.0016,"activity":0.0026,"lastBolusTime":1703607903000,"time":"2023-12-26T19:37:13.178Z","iobWithZeroTemp":{"iob":-0.489,"basaliob":-0.687,"bolussnooze":0.0016,"activity":-0.003,"lastBolusTime":1703607903000,"time":"2023-12-26T19:37:13.178Z"}},{"iob":0.139,"basaliob":-0.042,"bolussnooze":0.0013,"activity":0.0024,"lastBolusTime":1703607903000,"time":"2023-12-26T19:42:13.178Z","iobWithZeroTemp":{"iob":-0.508,"basaliob":-0.689,"bolussnooze":0.0013,"activity":-0.0033,"lastBolusTime":1703607903000,"time":"2023-12-26T19:42:13.178Z"}},{"iob":0.128,"basaliob":-0.038,"bolussnooze":0.001,"activity":0.0022,"lastBolusTime":1703607903000,"time":"2023-12-26T19:47:13.178Z","iobWithZeroTemp":{"iob":-0.523,"basaliob":-0.689,"bolussnooze":0.001,"activity":-0.0036,"lastBolusTime":1703607903000,"time":"2023-12-26T19:47:13.178Z"}},{"iob":0.117,"basaliob":-0.035,"bolussnooze":8.0E-4,"activity":0.0021,"lastBolusTime":1703607903000,"time":"2023-12-26T19:52:13.178Z","iobWithZeroTemp":{"iob":-0.539,"basaliob":-0.691,"bolussnooze":8.0E-4,"activity":-0.0037,"lastBolusTime":1703607903000,"time":"2023-12-26T19:52:13.178Z"}},{"iob":0.107,"basaliob":-0.032,"bolussnooze":6.0E-4,"activity":0.0019,"lastBolusTime":1703607903000,"time":"2023-12-26T19:57:13.178Z","iobWithZeroTemp":{"iob":-0.553,"basaliob":-0.692,"bolussnooze":6.0E-4,"activity":-0.004,"lastBolusTime":1703607903000,"time":"2023-12-26T19:57:13.178Z"}},{"iob":0.098,"basaliob":-0.029,"bolussnooze":4.0E-4,"activity":0.0018,"lastBolusTime":1703607903000,"time":"2023-12-26T20:02:13.178Z","iobWithZeroTemp":{"iob":-0.566,"basaliob":-0.693,"bolussnooze":4.0E-4,"activity":-0.0041,"lastBolusTime":1703607903000,"time":"2023-12-26T20:02:13.178Z"}},{"iob":0.089,"basaliob":-0.027,"bolussnooze":3.0E-4,"activity":0.0016,"lastBolusTime":1703607903000,"time":"2023-12-26T20:07:13.178Z","iobWithZeroTemp":{"iob":-0.578,"basaliob":-0.694,"bolussnooze":3.0E-4,"activity":-0.0044,"lastBolusTime":1703607903000,"time":"2023-12-26T20:07:13.178Z"}},{"iob":0.082,"basaliob":-0.024,"bolussnooze":2.0E-4,"activity":0.0015,"lastBolusTime":1703607903000,"time":"2023-12-26T20:12:13.178Z","iobWithZeroTemp":{"iob":-0.588,"basaliob":-0.694,"bolussnooze":2.0E-4,"activity":-0.0046,"lastBolusTime":1703607903000,"time":"2023-12-26T20:12:13.178Z"}},{"iob":0.075,"basaliob":-0.022,"bolussnooze":2.0E-4,"activity":0.0014,"lastBolusTime":1703607903000,"time":"2023-12-26T20:17:13.178Z","iobWithZeroTemp":{"iob":-0.598,"basaliob":-0.695,"bolussnooze":2.0E-4,"activity":-0.0047,"lastBolusTime":1703607903000,"time":"2023-12-26T20:17:13.178Z"}},{"iob":0.068,"basaliob":-0.02,"bolussnooze":1.0E-4,"activity":0.0012,"lastBolusTime":1703607903000,"time":"2023-12-26T20:22:13.178Z","iobWithZeroTemp":{"iob":-0.608,"basaliob":-0.696,"bolussnooze":1.0E-4,"activity":-0.0049,"lastBolusTime":1703607903000,"time":"2023-12-26T20:22:13.178Z"}},{"iob":0.062,"basaliob":-0.018,"bolussnooze":1.0E-4,"activity":0.0012,"lastBolusTime":1703607903000,"time":"2023-12-26T20:27:13.178Z","iobWithZeroTemp":{"iob":-0.616,"basaliob":-0.696,"bolussnooze":1.0E-4,"activity":-0.005,"lastBolusTime":1703607903000,"time":"2023-12-26T20:27:13.178Z"}},{"iob":0.056,"basaliob":-0.017,"bolussnooze":0,"activity":0.0011,"lastBolusTime":1703607903000,"time":"2023-12-26T20:32:13.178Z","iobWithZeroTemp":{"iob":-0.625,"basaliob":-0.698,"bolussnooze":0,"activity":-0.0051,"lastBolusTime":1703607903000,"time":"2023-12-26T20:32:13.178Z"}},{"iob":0.052,"basaliob":-0.015,"bolussnooze":0,"activity":0.001,"lastBolusTime":1703607903000,"time":"2023-12-26T20:37:13.178Z","iobWithZeroTemp":{"iob":-0.631,"basaliob":-0.698,"bolussnooze":0,"activity":-0.0053,"lastBolusTime":1703607903000,"time":"2023-12-26T20:37:13.178Z"}}],"profile":{"max_iob":7,"type":"current","max_daily_basal":0.45,"max_basal":1.35,"min_bg":81.0000000000001,"max_bg":81.0000000000001,"target_bg":81.0000000000001,"carb_ratio":11,"sens":352.8,"max_daily_safety_multiplier":3,"current_basal_safety_multiplier":4,"lgsThreshold":65,"high_temptarget_raises_sensitivity":false,"low_temptarget_lowers_sensitivity":false,"sensitivity_raises_target":true,"resistance_lowers_target":true,"adv_target_adjustments":false,"exercise_mode":false,"half_basal_exercise_target":160,"maxCOB":120,"skip_neutral_temps":false,"remainingCarbsCap":90,"enableUAM":true,"A52_risk_enable":false,"SMBInterval":4,"enableSMB_with_COB":true,"enableSMB_with_temptarget":false,"allowSMB_with_high_temptarget":true,"enableSMB_always":true,"enableSMB_after_carbs":false,"maxSMBBasalMinutes":60,"maxUAMSMBBasalMinutes":60,"bolus_increment":0.05,"carbsReqThreshold":10,"current_basal":0.4,"temptargetSet":true,"autosens_max":1.2,"autosens_min":0.8,"out_units":"mmol\/L","variable_sens":94.3,"insulinDivisor":65,"TDD":13.551893625000002},"autosens_data":{"ratio":1.1880786215708297},"meal_data":{"carbs":75,"mealCOB":23.968671201814054,"slopeFromMaxDeviation":-1.4400847457627113,"slopeFromMinDeviation":0,"lastBolusTime":1703607903000,"lastCarbTime":1703605833000},"microBolusAllowed":true,"currentTime":1703608935240,"flatBGsDetected":false,"tdd1D":33.75158333333334,"tdd7D":31.95839285714286,"tddLast24H":37.96908333333334,"tddLast4H":8.803333333333336,"tddLast8to4H":7.6000000000000005},"output":{"temp":"absolute","bg":201,"tick":"+1","eventualBG":225,"targetBG":81.0000000000001,"insulinReq":0,"deliverAt":"2023-12-26T16:42:15.240Z","sensitivityRatio":1.1880786215708297,"variable_sens":94.3,"predBGs":{"IOB":[201,201,201,200,198,195,192,189,184,180,174,168,161,155,148,142,136,130,125,119,114,109,104,100,95,91,87,83,79,75,72,68,65,62,59,56,53,50,48,45,43,40,39],"ZT":[201,192,183,173,164,155,146,137,129,120,112,104,96,89,81,74,68,61,55,49,44,39,39,39,39,39,39,39,39,39,39,39,39,39,39,39,43,47,51,56,60,64,68,73,77,81],"COB":[201,202,202,203,204,204,205,206,207,207,208,209,210,212,213,214,215,216,218,219,220,221,223,224,225,226,227,228,229,230,230,231,231,232,232,232,232,231,231,230,229,229,228,227,226,226,225],"UAM":[201,201,199,196,192,186,179,171,163,155,148,140,132,125,118,111,104,97,90,84,77,71,64,58,51,44,39]},"reason":"COB: 24, Dev: 3.4, BGI: -0.5, ISF: 5.2, CR: 11, Target: 4.5, minPredBG 2.3, minGuardBG 1.9, IOBpredBG 2.2, COBpredBG 12.5, UAMpredBG 2.2; minGuardBG 1.9<3.6 105m left and 0 ~ req 0U\/hr: no temp required","COB":23.968671201814054,"IOB":1.876,"timestamp":"2023-12-26T16:42:15.266Z"}}