{"algorithm":"OpenAPSSMBDynamicISFPlugin","input":{"glucoseStatus":{"glucose":256,"noise":0,"delta":0,"short_avgdelta":0.06,"long_avgdelta":6.63,"date":1703533911473},"currenttemp":{"temp":"absolute","duration":50,"rate":0,"minutesrunning":70},"iob_data":[{"iob":4.023,"basaliob":-0.702,"bolussnooze":1.0196,"activity":0.0387,"lastBolusTime":1703533360000,"time":"2023-12-25T19:52:09.383Z","iobWithZeroTemp":{"iob":4.023,"basaliob":-0.702,"bolussnooze":1.0196,"activity":0.0387,"lastBolusTime":1703533360000,"time":"2023-12-25T19:52:09.383Z"}},{"iob":3.83,"basaliob":-0.669,"bolussnooze":0.907,"activity":0.0384,"lastBolusTime":1703533360000,"time":"2023-12-25T19:57:09.383Z","iobWithZeroTemp":{"iob":3.803,"basaliob":-0.696,"bolussnooze":0.907,"activity":0.0384,"lastBolusTime":1703533360000,"time":"2023-12-25T19:57:09.383Z"}},{"iob":3.64,"basaliob":-0.636,"bolussnooze":0.8024,"activity":0.0379,"lastBolusTime":1703533360000,"time":"2023-12-25T20:02:09.383Z","iobWithZeroTemp":{"iob":3.58,"basaliob":-0.696,"bolussnooze":0.8024,"activity":0.0378,"lastBolusTime":1703533360000,"time":"2023-12-25T20:02:09.383Z"}},{"iob":3.451,"basaliob":-0.604,"bolussnooze":0.7064,"activity":0.0372,"lastBolusTime":1703533360000,"time":"2023-12-25T20:07:09.383Z","iobWithZeroTemp":{"iob":3.359,"basaliob":-0.696,"bolussnooze":0.7064,"activity":0.037,"lastBolusTime":1703533360000,"time":"2023-12-25T20:07:09.383Z"}},{"iob":3.268,"basaliob":-0.572,"bolussnooze":0.6192,"activity":0.0363,"lastBolusTime":1703533360000,"time":"2023-12-25T20:12:09.383Z","iobWithZeroTemp":{"iob":3.143,"basaliob":-0.697,"bolussnooze":0.6192,"activity":0.036,"lastBolusTime":1703533360000,"time":"2023-12-25T20:12:09.383Z"}},{"iob":3.089,"basaliob":-0.541,"bolussnooze":0.5405,"activity":0.0353,"lastBolusTime":1703533360000,"time":"2023-12-25T20:17:09.383Z","iobWithZeroTemp":{"iob":2.933,"basaliob":-0.697,"bolussnooze":0.5405,"activity":0.0348,"lastBolusTime":1703533360000,"time":"2023-12-25T20:17:09.383Z"}},{"iob":2.915,"basaliob":-0.511,"bolussnooze":0.47,"activity":0.0342,"lastBolusTime":1703533360000,"time":"2023-12-25T20:22:09.383Z","iobWithZeroTemp":{"iob":2.729,"basaliob":-0.697,"bolussnooze":0.47,"activity":0.0335,"lastBolusTime":1703533360000,"time":"2023-12-25T20:22:09.383Z"}},{"iob":2.747,"basaliob":-0.482,"bolussnooze":0.4073,"activity":0.033,"lastBolusTime":1703533360000,"time":"2023-12-25T20:27:09.383Z","iobWithZeroTemp":{"iob":2.531,"basaliob":-0.698,"bolussnooze":0.4073,"activity":0.0321,"lastBolusTime":1703533360000,"time":"2023-12-25T20:27:09.383Z"}},{"iob":2.586,"basaliob":-0.454,"bolussnooze":0.3518,"activity":0.0317,"lastBolusTime":1703533360000,"time":"2023-12-25T20:32:09.383Z","iobWithZeroTemp":{"iob":2.342,"basaliob":-0.698,"bolussnooze":0.3518,"activity":0.0306,"lastBolusTime":1703533360000,"time":"2023-12-25T20:32:09.383Z"}},{"iob":2.43,"basaliob":-0.427,"bolussnooze":0.3028,"activity":0.0304,"lastBolusTime":1703533360000,"time":"2023-12-25T20:37:09.383Z","iobWithZeroTemp":{"iob":2.158,"basaliob":-0.699,"bolussnooze":0.3028,"activity":0.0291,"lastBolusTime":1703533360000,"time":"2023-12-25T20:37:09.383Z"}},{"iob":2.282,"basaliob":-0.401,"bolussnooze":0.2599,"activity":0.029,"lastBolusTime":1703533360000,"time":"2023-12-25T20:42:09.383Z","iobWithZeroTemp":{"iob":1.984,"basaliob":-0.699,"bolussnooze":0.2599,"activity":0.0275,"lastBolusTime":1703533360000,"time":"2023-12-25T20:42:09.383Z"}},{"iob":2.14,"basaliob":-0.376,"bolussnooze":0.2224,"activity":0.0278,"lastBolusTime":1703533360000,"time":"2023-12-25T20:47:09.383Z","iobWithZeroTemp":{"iob":1.817,"basaliob":-0.699,"bolussnooze":0.2224,"activity":0.026,"lastBolusTime":1703533360000,"time":"2023-12-25T20:47:09.383Z"}},{"iob":2.004,"basaliob":-0.353,"bolussnooze":0.1898,"activity":0.0264,"lastBolusTime":1703533360000,"time":"2023-12-25T20:52:09.383Z","iobWithZeroTemp":{"iob":1.657,"basaliob":-0.7,"bolussnooze":0.1898,"activity":0.0244,"lastBolusTime":1703533360000,"time":"2023-12-25T20:52:09.383Z"}},{"iob":1.876,"basaliob":-0.33,"bolussnooze":0.1615,"activity":0.0251,"lastBolusTime":1703533360000,"time":"2023-12-25T20:57:09.383Z","iobWithZeroTemp":{"iob":1.506,"basaliob":-0.7,"bolussnooze":0.1615,"activity":0.0229,"lastBolusTime":1703533360000,"time":"2023-12-25T20:57:09.383Z"}},{"iob":1.753,"basaliob":-0.309,"bolussnooze":0.137,"activity":0.0238,"lastBolusTime":1703533360000,"time":"2023-12-25T21:02:09.383Z","iobWithZeroTemp":{"iob":1.362,"basaliob":-0.7,"bolussnooze":0.137,"activity":0.0214,"lastBolusTime":1703533360000,"time":"2023-12-25T21:02:09.383Z"}},{"iob":1.638,"basaliob":-0.288,"bolussnooze":0.1159,"activity":0.0226,"lastBolusTime":1703533360000,"time":"2023-12-25T21:07:09.383Z","iobWithZeroTemp":{"iob":1.226,"basaliob":-0.7,"bolussnooze":0.1159,"activity":0.0199,"lastBolusTime":1703533360000,"time":"2023-12-25T21:07:09.383Z"}},{"iob":1.528,"basaliob":-0.269,"bolussnooze":0.0978,"activity":0.0214,"lastBolusTime":1703533360000,"time":"2023-12-25T21:12:09.383Z","iobWithZeroTemp":{"iob":1.097,"basaliob":-0.7,"bolussnooze":0.0978,"activity":0.0185,"lastBolusTime":1703533360000,"time":"2023-12-25T21:12:09.383Z"}},{"iob":1.424,"basaliob":-0.251,"bolussnooze":0.0823,"activity":0.0202,"lastBolusTime":1703533360000,"time":"2023-12-25T21:17:09.383Z","iobWithZeroTemp":{"iob":0.974,"basaliob":-0.701,"bolussnooze":0.0823,"activity":0.0171,"lastBolusTime":1703533360000,"time":"2023-12-25T21:17:09.383Z"}},{"iob":1.326,"basaliob":-0.234,"bolussnooze":0.069,"activity":0.019,"lastBolusTime":1703533360000,"time":"2023-12-25T21:22:09.383Z","iobWithZeroTemp":{"iob":0.859,"basaliob":-0.701,"bolussnooze":0.069,"activity":0.0157,"lastBolusTime":1703533360000,"time":"2023-12-25T21:22:09.383Z"}},{"iob":1.234,"basaliob":-0.218,"bolussnooze":0.0578,"activity":0.0179,"lastBolusTime":1703533360000,"time":"2023-12-25T21:27:09.383Z","iobWithZeroTemp":{"iob":0.75,"basaliob":-0.702,"bolussnooze":0.0578,"activity":0.0144,"lastBolusTime":1703533360000,"time":"2023-12-25T21:27:09.383Z"}},{"iob":1.148,"basaliob":-0.202,"bolussnooze":0.0482,"activity":0.0168,"lastBolusTime":1703533360000,"time":"2023-12-25T21:32:09.383Z","iobWithZeroTemp":{"iob":0.649,"basaliob":-0.701,"bolussnooze":0.0482,"activity":0.0131,"lastBolusTime":1703533360000,"time":"2023-12-25T21:32:09.383Z"}},{"iob":1.066,"basaliob":-0.188,"bolussnooze":0.04,"activity":0.0158,"lastBolusTime":1703533360000,"time":"2023-12-25T21:37:09.383Z","iobWithZeroTemp":{"iob":0.552,"basaliob":-0.702,"bolussnooze":0.04,"activity":0.0119,"lastBolusTime":1703533360000,"time":"2023-12-25T21:37:09.383Z"}},{"iob":0.989,"basaliob":-0.175,"bolussnooze":0.0332,"activity":0.0148,"lastBolusTime":1703533360000,"time":"2023-12-25T21:42:09.383Z","iobWithZeroTemp":{"iob":0.462,"basaliob":-0.702,"bolussnooze":0.0332,"activity":0.0108,"lastBolusTime":1703533360000,"time":"2023-12-25T21:42:09.383Z"}},{"iob":0.918,"basaliob":-0.162,"bolussnooze":0.0274,"activity":0.0139,"lastBolusTime":1703533360000,"time":"2023-12-25T21:47:09.383Z","iobWithZeroTemp":{"iob":0.378,"basaliob":-0.702,"bolussnooze":0.0274,"activity":0.0097,"lastBolusTime":1703533360000,"time":"2023-12-25T21:47:09.383Z"}},{"iob":0.851,"basaliob":-0.15,"bolussnooze":0.0225,"activity":0.013,"lastBolusTime":1703533360000,"time":"2023-12-25T21:52:09.383Z","iobWithZeroTemp":{"iob":0.299,"basaliob":-0.702,"bolussnooze":0.0225,"activity":0.0087,"lastBolusTime":1703533360000,"time":"2023-12-25T21:52:09.383Z"}},{"iob":0.788,"basaliob":-0.139,"bolussnooze":0.0185,"activity":0.0122,"lastBolusTime":1703533360000,"time":"2023-12-25T21:57:09.383Z","iobWithZeroTemp":{"iob":0.225,"basaliob":-0.702,"bolussnooze":0.0185,"activity":0.0077,"lastBolusTime":1703533360000,"time":"2023-12-25T21:57:09.383Z"}},{"iob":0.729,"basaliob":-0.129,"bolussnooze":0.0151,"activity":0.0114,"lastBolusTime":1703533360000,"time":"2023-12-25T22:02:09.383Z","iobWithZeroTemp":{"iob":0.155,"basaliob":-0.703,"bolussnooze":0.0151,"activity":0.0068,"lastBolusTime":1703533360000,"time":"2023-12-25T22:02:09.383Z"}},{"iob":0.674,"basaliob":-0.119,"bolussnooze":0.0122,"activity":0.0106,"lastBolusTime":1703533360000,"time":"2023-12-25T22:07:09.383Z","iobWithZeroTemp":{"iob":0.086,"basaliob":-0.707,"bolussnooze":0.0122,"activity":0.0058,"lastBolusTime":1703533360000,"time":"2023-12-25T22:07:09.383Z"}},{"iob":0.623,"basaliob":-0.11,"bolussnooze":0.0099,"activity":0.0099,"lastBolusTime":1703533360000,"time":"2023-12-25T22:12:09.383Z","iobWithZeroTemp":{"iob":0.022,"basaliob":-0.711,"bolussnooze":0.0099,"activity":0.005,"lastBolusTime":1703533360000,"time":"2023-12-25T22:12:09.383Z"}},{"iob":0.575,"basaliob":-0.102,"bolussnooze":0.008,"activity":0.0092,"lastBolusTime":1703533360000,"time":"2023-12-25T22:17:09.383Z","iobWithZeroTemp":{"iob":-0.039,"basaliob":-0.716,"bolussnooze":0.008,"activity":0.0042,"lastBolusTime":1703533360000,"time":"2023-12-25T22:17:09.383Z"}},{"iob":0.531,"basaliob":-0.094,"bolussnooze":0.0064,"activity":0.0086,"lastBolusTime":1703533360000,"time":"2023-12-25T22:22:09.383Z","iobWithZeroTemp":{"iob":-0.095,"basaliob":-0.72,"bolussnooze":0.0064,"activity":0.0034,"lastBolusTime":1703533360000,"time":"2023-12-25T22:22:09.383Z"}},{"iob":0.489,"basaliob":-0.087,"bolussnooze":0.0051,"activity":0.008,"lastBolusTime":1703533360000,"time":"2023-12-25T22:27:09.383Z","iobWithZeroTemp":{"iob":-0.148,"basaliob":-0.724,"bolussnooze":0.0051,"activity":0.0027,"lastBolusTime":1703533360000,"time":"2023-12-25T22:27:09.383Z"}},{"iob":0.451,"basaliob":-0.08,"bolussnooze":0.004,"activity":0.0074,"lastBolusTime":1703533360000,"time":"2023-12-25T22:32:09.383Z","iobWithZeroTemp":{"iob":-0.197,"basaliob":-0.728,"bolussnooze":0.004,"activity":0.002,"lastBolusTime":1703533360000,"time":"2023-12-25T22:32:09.383Z"}},{"iob":0.415,"basaliob":-0.074,"bolussnooze":0.0032,"activity":0.0069,"lastBolusTime":1703533360000,"time":"2023-12-25T22:37:09.383Z","iobWithZeroTemp":{"iob":-0.243,"basaliob":-0.732,"bolussnooze":0.0032,"activity":0.0014,"lastBolusTime":1703533360000,"time":"2023-12-25T22:37:09.383Z"}},{"iob":0.382,"basaliob":-0.068,"bolussnooze":0.0025,"activity":0.0064,"lastBolusTime":1703533360000,"time":"2023-12-25T22:42:09.383Z","iobWithZeroTemp":{"iob":-0.285,"basaliob":-0.735,"bolussnooze":0.0025,"activity":7.0E-4,"lastBolusTime":1703533360000,"time":"2023-12-25T22:42:09.383Z"}},{"iob":0.352,"basaliob":-0.062,"bolussnooze":0.0019,"activity":0.006,"lastBolusTime":1703533360000,"time":"2023-12-25T22:47:09.383Z","iobWithZeroTemp":{"iob":-0.324,"basaliob":-0.738,"bolussnooze":0.0019,"activity":2.0E-4,"lastBolusTime":1703533360000,"time":"2023-12-25T22:47:09.383Z"}},{"iob":0.323,"basaliob":-0.057,"bolussnooze":0.0015,"activity":0.0055,"lastBolusTime":1703533360000,"time":"2023-12-25T22:52:09.383Z","iobWithZeroTemp":{"iob":-0.361,"basaliob":-0.741,"bolussnooze":0.0015,"activity":-4.0E-4,"lastBolusTime":1703533360000,"time":"2023-12-25T22:52:09.383Z"}},{"iob":0.296,"basaliob":-0.053,"bolussnooze":0.0011,"activity":0.0051,"lastBolusTime":1703533360000,"time":"2023-12-25T22:57:09.383Z","iobWithZeroTemp":{"iob":-0.396,"basaliob":-0.745,"bolussnooze":0.0011,"activity":-9.0E-4,"lastBolusTime":1703533360000,"time":"2023-12-25T22:57:09.383Z"}},{"iob":0.272,"basaliob":-0.048,"bolussnooze":8.0E-4,"activity":0.0047,"lastBolusTime":1703533360000,"time":"2023-12-25T23:02:09.383Z","iobWithZeroTemp":{"iob":-0.428,"basaliob":-0.748,"bolussnooze":8.0E-4,"activity":-0.0014,"lastBolusTime":1703533360000,"time":"2023-12-25T23:02:09.383Z"}},{"iob":0.25,"basaliob":-0.044,"bolussnooze":6.0E-4,"activity":0.0043,"lastBolusTime":1703533360000,"time":"2023-12-25T23:07:09.383Z","iobWithZeroTemp":{"iob":-0.459,"basaliob":-0.753,"bolussnooze":6.0E-4,"activity":-0.0019,"lastBolusTime":1703533360000,"time":"2023-12-25T23:07:09.383Z"}},{"iob":0.228,"basaliob":-0.041,"bolussnooze":4.0E-4,"activity":0.004,"lastBolusTime":1703533360000,"time":"2023-12-25T23:12:09.383Z","iobWithZeroTemp":{"iob":-0.487,"basaliob":-0.756,"bolussnooze":4.0E-4,"activity":-0.0023,"lastBolusTime":1703533360000,"time":"2023-12-25T23:12:09.383Z"}},{"iob":0.209,"basaliob":-0.037,"bolussnooze":3.0E-4,"activity":0.0037,"lastBolusTime":1703533360000,"time":"2023-12-25T23:17:09.383Z","iobWithZeroTemp":{"iob":-0.512,"basaliob":-0.758,"bolussnooze":3.0E-4,"activity":-0.0027,"lastBolusTime":1703533360000,"time":"2023-12-25T23:17:09.383Z"}},{"iob":0.191,"basaliob":-0.034,"bolussnooze":2.0E-4,"activity":0.0034,"lastBolusTime":1703533360000,"time":"2023-12-25T23:22:09.383Z","iobWithZeroTemp":{"iob":-0.536,"basaliob":-0.761,"bolussnooze":2.0E-4,"activity":-0.003,"lastBolusTime":1703533360000,"time":"2023-12-25T23:22:09.383Z"}},{"iob":0.175,"basaliob":-0.031,"bolussnooze":1.0E-4,"activity":0.0031,"lastBolusTime":1703533360000,"time":"2023-12-25T23:27:09.383Z","iobWithZeroTemp":{"iob":-0.557,"basaliob":-0.763,"bolussnooze":1.0E-4,"activity":-0.0034,"lastBolusTime":1703533360000,"time":"2023-12-25T23:27:09.383Z"}},{"iob":0.16,"basaliob":-0.028,"bolussnooze":1.0E-4,"activity":0.0029,"lastBolusTime":1703533360000,"time":"2023-12-25T23:32:09.383Z","iobWithZeroTemp":{"iob":-0.577,"basaliob":-0.765,"bolussnooze":1.0E-4,"activity":-0.0037,"lastBolusTime":1703533360000,"time":"2023-12-25T23:32:09.383Z"}},{"iob":0.146,"basaliob":-0.026,"bolussnooze":0,"activity":0.0027,"lastBolusTime":1703533360000,"time":"2023-12-25T23:37:09.383Z","iobWithZeroTemp":{"iob":-0.595,"basaliob":-0.767,"bolussnooze":0,"activity":-0.0039,"lastBolusTime":1703533360000,"time":"2023-12-25T23:37:09.383Z"}},{"iob":0.133,"basaliob":-0.024,"bolussnooze":0,"activity":0.0025,"lastBolusTime":1703533360000,"time":"2023-12-25T23:42:09.383Z","iobWithZeroTemp":{"iob":-0.612,"basaliob":-0.769,"bolussnooze":0,"activity":-0.0042,"lastBolusTime":1703533360000,"time":"2023-12-25T23:42:09.383Z"}},{"iob":0.121,"basaliob":-0.022,"bolussnooze":0,"activity":0.0023,"lastBolusTime":1703533360000,"time":"2023-12-25T23:47:09.383Z","iobWithZeroTemp":{"iob":-0.628,"basaliob":-0.771,"bolussnooze":0,"activity":-0.0045,"lastBolusTime":1703533360000,"time":"2023-12-25T23:47:09.383Z"}}],"profile":{"max_iob":7,"type":"current","max_daily_basal":0.45,"max_basal":1.35,"min_bg":81.0000000000001,"max_bg":81.0000000000001,"target_bg":81.0000000000001,"carb_ratio":11,"sens":352.8,"max_daily_safety_multiplier":3,"current_basal_safety_multiplier":4,"lgsThreshold":65,"high_temptarget_raises_sensitivity":false,"low_temptarget_lowers_sensitivity":false,"sensitivity_raises_target":true,"resistance_lowers_target":true,"adv_target_adjustments":false,"exercise_mode":false,"half_basal_exercise_target":160,"maxCOB":120,"skip_neutral_temps":false,"remainingCarbsCap":90,"enableUAM":true,"A52_risk_enable":false,"SMBInterval":4,"enableSMB_with_COB":true,"enableSMB_with_temptarget":false,"allowSMB_with_high_temptarget":true,"enableSMB_always":true,"enableSMB_after_carbs":false,"maxSMBBasalMinutes":60,"maxUAMSMBBasalMinutes":60,"bolus_increment":0.05,"carbsReqThreshold":10,"current_basal":0.4,"temptargetSet":true,"autosens_max":1.2,"autosens_min":0.8,"out_units":"mmol\/L","variable_sens":83,"insulinDivisor":65,"TDD":13.587115114285718},"autosens_data":{"ratio":1.0492481068927397},"meal_data":{"carbs":75,"mealCOB":31.422540816326528,"slopeFromMaxDeviation":-0.08644067796610137,"slopeFromMinDeviation":1.2241025641025653,"lastBolusTime":1703533360000,"lastCarbTime":1703531845664},"microBolusAllowed":true,"currentTime":1703533932618,"flatBGsDetected":false,"tdd1D":26.494500000000002,"tdd7D":31.37635714285714,"tddLast24H":32.921583333333345,"tddLast4H":10.200000000000001,"tddLast8to4H":7.06},"output":{"temp":"absolute","bg":256,"tick":"+0","eventualBG":196,"targetBG":81.0000000000001,"insulinReq":0.64,"deliverAt":"2023-12-25T19:52:12.618Z","sensitivityRatio":1.0492481068927397,"variable_sens":83,"predBGs":{"IOB":[256,255,252,248,243,237,230,222,213,202,191,178,164,150,136,122,108,94,79,63,45,39],"ZT":[256,240,223,207,190,172,154,136,117,98,76,53,39,39,39,39,39,39,39,39,39,39,39,39,39,39,39,39,39,39,39,39,39,39,39,39,39,39,39,39,39,39,39,39,39,39,39,39],"COB":[256,255,255,253,252,250,248,246,244,242,240,238,236,234,233,231,228,226,224,222,220,218,215,212,210,207,204,200,197,193,189,185,182,179,176,173,171,169,166,165,163,161,160,158,157,156,155,153],"UAM":[256,256,255,254,253,251,250,249,247,246,245,244,243,242,241,240,239,239,238,237,237,236,236,235,234,234,233,232,231,230,228,227,225,223,221,219,216,213,211,209,207,205,203,202,200,199,198,196]},"reason":"COB: 31.4, Dev: 5.3, BGI: -0.9, ISF: 4.6, CR: 11, Target: 4.5, minPredBG 8.5, minGuardBG 9.8, IOBpredBG 2.2, COBpredBG 8.5, UAMpredBG 10.9; Eventual BG 10.9 >= 4.5,  insulinReq 0.64; setting 60m low temp of 0U\/h. Microbolusing 0.3U. ","COB":31.422540816326528,"IOB":4.023,"units":0.3,"rate":0,"duration":60,"timestamp":"2023-12-25T19:52:12.644Z"}}