{"algorithm":"OpenAPSSMBDynamicISFPlugin","input":{"glucoseStatus":{"glucose":138,"noise":0,"delta":-6,"short_avgdelta":-2.5,"long_avgdelta":2.29,"date":1703788918489},"currenttemp":{"temp":"absolute","duration":116,"rate":0,"minutesrunning":64},"iob_data":[{"iob":-0.227,"basaliob":-0.684,"bolussnooze":0.0043,"activity":6.0E-4,"lastBolusTime":1703780537000,"time":"2023-12-28T18:42:14.933Z","iobWithZeroTemp":{"iob":-0.227,"basaliob":-0.684,"bolussnooze":0.0043,"activity":6.0E-4,"lastBolusTime":1703780537000,"time":"2023-12-28T18:42:14.933Z"}},{"iob":-0.229,"basaliob":-0.653,"bolussnooze":0.0034,"activity":2.0E-4,"lastBolusTime":1703780537000,"time":"2023-12-28T18:47:14.933Z","iobWithZeroTemp":{"iob":-0.256,"basaliob":-0.68,"bolussnooze":0.0034,"activity":2.0E-4,"lastBolusTime":1703780537000,"time":"2023-12-28T18:47:14.933Z"}},{"iob":-0.229,"basaliob":-0.621,"bolussnooze":0.0027,"activity":-3.0E-4,"lastBolusTime":1703780537000,"time":"2023-12-28T18:52:14.933Z","iobWithZeroTemp":{"iob":-0.289,"basaliob":-0.681,"bolussnooze":0.0027,"activity":-4.0E-4,"lastBolusTime":1703780537000,"time":"2023-12-28T18:52:14.933Z"}},{"iob":-0.227,"basaliob":-0.59,"bolussnooze":0.0021,"activity":-6.0E-4,"lastBolusTime":1703780537000,"time":"2023-12-28T18:57:14.933Z","iobWithZeroTemp":{"iob":-0.319,"basaliob":-0.682,"bolussnooze":0.0021,"activity":-8.0E-4,"lastBolusTime":1703780537000,"time":"2023-12-28T18:57:14.933Z"}},{"iob":-0.224,"basaliob":-0.56,"bolussnooze":0.0017,"activity":-7.0E-4,"lastBolusTime":1703780537000,"time":"2023-12-28T19:02:14.933Z","iobWithZeroTemp":{"iob":-0.349,"basaliob":-0.685,"bolussnooze":0.0017,"activity":-0.001,"lastBolusTime":1703780537000,"time":"2023-12-28T19:02:14.933Z"}},{"iob":-0.22,"basaliob":-0.53,"bolussnooze":0.0013,"activity":-0.001,"lastBolusTime":1703780537000,"time":"2023-12-28T19:07:14.933Z","iobWithZeroTemp":{"iob":-0.376,"basaliob":-0.686,"bolussnooze":0.0013,"activity":-0.0015,"lastBolusTime":1703780537000,"time":"2023-12-28T19:07:14.933Z"}},{"iob":-0.214,"basaliob":-0.501,"bolussnooze":0.001,"activity":-0.0011,"lastBolusTime":1703780537000,"time":"2023-12-28T19:12:14.933Z","iobWithZeroTemp":{"iob":-0.4,"basaliob":-0.687,"bolussnooze":0.001,"activity":-0.0018,"lastBolusTime":1703780537000,"time":"2023-12-28T19:12:14.933Z"}},{"iob":-0.208,"basaliob":-0.473,"bolussnooze":7.0E-4,"activity":-0.0012,"lastBolusTime":1703780537000,"time":"2023-12-28T19:17:14.933Z","iobWithZeroTemp":{"iob":-0.424,"basaliob":-0.689,"bolussnooze":7.0E-4,"activity":-0.0021,"lastBolusTime":1703780537000,"time":"2023-12-28T19:17:14.933Z"}},{"iob":-0.201,"basaliob":-0.445,"bolussnooze":5.0E-4,"activity":-0.0014,"lastBolusTime":1703780537000,"time":"2023-12-28T19:22:14.933Z","iobWithZeroTemp":{"iob":-0.445,"basaliob":-0.689,"bolussnooze":5.0E-4,"activity":-0.0025,"lastBolusTime":1703780537000,"time":"2023-12-28T19:22:14.933Z"}},{"iob":-0.194,"basaliob":-0.419,"bolussnooze":4.0E-4,"activity":-0.0014,"lastBolusTime":1703780537000,"time":"2023-12-28T19:27:14.933Z","iobWithZeroTemp":{"iob":-0.466,"basaliob":-0.691,"bolussnooze":4.0E-4,"activity":-0.0027,"lastBolusTime":1703780537000,"time":"2023-12-28T19:27:14.933Z"}},{"iob":-0.187,"basaliob":-0.394,"bolussnooze":3.0E-4,"activity":-0.0015,"lastBolusTime":1703780537000,"time":"2023-12-28T19:32:14.933Z","iobWithZeroTemp":{"iob":-0.485,"basaliob":-0.692,"bolussnooze":3.0E-4,"activity":-0.003,"lastBolusTime":1703780537000,"time":"2023-12-28T19:32:14.933Z"}},{"iob":-0.179,"basaliob":-0.37,"bolussnooze":2.0E-4,"activity":-0.0015,"lastBolusTime":1703780537000,"time":"2023-12-28T19:37:14.933Z","iobWithZeroTemp":{"iob":-0.502,"basaliob":-0.693,"bolussnooze":2.0E-4,"activity":-0.0033,"lastBolusTime":1703780537000,"time":"2023-12-28T19:37:14.933Z"}},{"iob":-0.172,"basaliob":-0.347,"bolussnooze":1.0E-4,"activity":-0.0016,"lastBolusTime":1703780537000,"time":"2023-12-28T19:42:14.933Z","iobWithZeroTemp":{"iob":-0.519,"basaliob":-0.694,"bolussnooze":1.0E-4,"activity":-0.0036,"lastBolusTime":1703780537000,"time":"2023-12-28T19:42:14.933Z"}},{"iob":-0.164,"basaliob":-0.325,"bolussnooze":1.0E-4,"activity":-0.0016,"lastBolusTime":1703780537000,"time":"2023-12-28T19:47:14.933Z","iobWithZeroTemp":{"iob":-0.534,"basaliob":-0.695,"bolussnooze":1.0E-4,"activity":-0.0038,"lastBolusTime":1703780537000,"time":"2023-12-28T19:47:14.933Z"}},{"iob":-0.156,"basaliob":-0.304,"bolussnooze":0,"activity":-0.0016,"lastBolusTime":1703780537000,"time":"2023-12-28T19:52:14.933Z","iobWithZeroTemp":{"iob":-0.547,"basaliob":-0.695,"bolussnooze":0,"activity":-0.004,"lastBolusTime":1703780537000,"time":"2023-12-28T19:52:14.933Z"}},{"iob":-0.148,"basaliob":-0.284,"bolussnooze":0,"activity":-0.0016,"lastBolusTime":1703780537000,"time":"2023-12-28T19:57:14.933Z","iobWithZeroTemp":{"iob":-0.56,"basaliob":-0.696,"bolussnooze":0,"activity":-0.0043,"lastBolusTime":1703780537000,"time":"2023-12-28T19:57:14.933Z"}},{"iob":-0.141,"basaliob":-0.265,"bolussnooze":0,"activity":-0.0015,"lastBolusTime":1703780537000,"time":"2023-12-28T20:02:14.933Z","iobWithZeroTemp":{"iob":-0.572,"basaliob":-0.696,"bolussnooze":0,"activity":-0.0044,"lastBolusTime":1703780537000,"time":"2023-12-28T20:02:14.933Z"}},{"iob":-0.133,"basaliob":-0.247,"bolussnooze":0,"activity":-0.0015,"lastBolusTime":1703780537000,"time":"2023-12-28T20:07:14.933Z","iobWithZeroTemp":{"iob":-0.583,"basaliob":-0.697,"bolussnooze":0,"activity":-0.0046,"lastBolusTime":1703780537000,"time":"2023-12-28T20:07:14.933Z"}},{"iob":-0.127,"basaliob":-0.231,"bolussnooze":0,"activity":-0.0015,"lastBolusTime":1703780537000,"time":"2023-12-28T20:12:14.933Z","iobWithZeroTemp":{"iob":-0.594,"basaliob":-0.698,"bolussnooze":0,"activity":-0.0048,"lastBolusTime":1703780537000,"time":"2023-12-28T20:12:14.933Z"}},{"iob":-0.119,"basaliob":-0.215,"bolussnooze":0,"activity":-0.0014,"lastBolusTime":1703780537000,"time":"2023-12-28T20:17:14.933Z","iobWithZeroTemp":{"iob":-0.603,"basaliob":-0.699,"bolussnooze":0,"activity":-0.0049,"lastBolusTime":1703780537000,"time":"2023-12-28T20:17:14.933Z"}},{"iob":-0.113,"basaliob":-0.2,"bolussnooze":0,"activity":-0.0013,"lastBolusTime":1703780537000,"time":"2023-12-28T20:22:14.933Z","iobWithZeroTemp":{"iob":-0.612,"basaliob":-0.699,"bolussnooze":0,"activity":-0.005,"lastBolusTime":1703780537000,"time":"2023-12-28T20:22:14.933Z"}},{"iob":-0.106,"basaliob":-0.186,"bolussnooze":0,"activity":-0.0013,"lastBolusTime":1703780537000,"time":"2023-12-28T20:27:14.933Z","iobWithZeroTemp":{"iob":-0.62,"basaliob":-0.7,"bolussnooze":0,"activity":-0.0052,"lastBolusTime":1703780537000,"time":"2023-12-28T20:27:14.933Z"}},{"iob":-0.1,"basaliob":-0.173,"bolussnooze":0,"activity":-0.0013,"lastBolusTime":1703780537000,"time":"2023-12-28T20:32:14.933Z","iobWithZeroTemp":{"iob":-0.627,"basaliob":-0.7,"bolussnooze":0,"activity":-0.0053,"lastBolusTime":1703780537000,"time":"2023-12-28T20:32:14.933Z"}},{"iob":-0.093,"basaliob":-0.16,"bolussnooze":0,"activity":-0.0012,"lastBolusTime":1703780537000,"time":"2023-12-28T20:37:14.933Z","iobWithZeroTemp":{"iob":-0.633,"basaliob":-0.7,"bolussnooze":0,"activity":-0.0054,"lastBolusTime":1703780537000,"time":"2023-12-28T20:37:14.933Z"}},{"iob":-0.088,"basaliob":-0.149,"bolussnooze":0,"activity":-0.0011,"lastBolusTime":1703780537000,"time":"2023-12-28T20:42:14.933Z","iobWithZeroTemp":{"iob":-0.64,"basaliob":-0.701,"bolussnooze":0,"activity":-0.0054,"lastBolusTime":1703780537000,"time":"2023-12-28T20:42:14.933Z"}},{"iob":-0.083,"basaliob":-0.138,"bolussnooze":0,"activity":-0.0011,"lastBolusTime":1703780537000,"time":"2023-12-28T20:47:14.933Z","iobWithZeroTemp":{"iob":-0.646,"basaliob":-0.701,"bolussnooze":0,"activity":-0.0056,"lastBolusTime":1703780537000,"time":"2023-12-28T20:47:14.933Z"}},{"iob":-0.078,"basaliob":-0.128,"bolussnooze":0,"activity":-0.001,"lastBolusTime":1703780537000,"time":"2023-12-28T20:52:14.933Z","iobWithZeroTemp":{"iob":-0.652,"basaliob":-0.702,"bolussnooze":0,"activity":-0.0056,"lastBolusTime":1703780537000,"time":"2023-12-28T20:52:14.933Z"}},{"iob":-0.072,"basaliob":-0.118,"bolussnooze":0,"activity":-9.0E-4,"lastBolusTime":1703780537000,"time":"2023-12-28T20:57:14.933Z","iobWithZeroTemp":{"iob":-0.656,"basaliob":-0.702,"bolussnooze":0,"activity":-0.0057,"lastBolusTime":1703780537000,"time":"2023-12-28T20:57:14.933Z"}},{"iob":-0.067,"basaliob":-0.109,"bolussnooze":0,"activity":-9.0E-4,"lastBolusTime":1703780537000,"time":"2023-12-28T21:02:14.933Z","iobWithZeroTemp":{"iob":-0.66,"basaliob":-0.702,"bolussnooze":0,"activity":-0.0058,"lastBolusTime":1703780537000,"time":"2023-12-28T21:02:14.933Z"}},{"iob":-0.063,"basaliob":-0.101,"bolussnooze":0,"activity":-9.0E-4,"lastBolusTime":1703780537000,"time":"2023-12-28T21:07:14.933Z","iobWithZeroTemp":{"iob":-0.664,"basaliob":-0.702,"bolussnooze":0,"activity":-0.0059,"lastBolusTime":1703780537000,"time":"2023-12-28T21:07:14.933Z"}},{"iob":-0.059,"basaliob":-0.093,"bolussnooze":0,"activity":-8.0E-4,"lastBolusTime":1703780537000,"time":"2023-12-28T21:12:14.933Z","iobWithZeroTemp":{"iob":-0.668,"basaliob":-0.702,"bolussnooze":0,"activity":-0.0059,"lastBolusTime":1703780537000,"time":"2023-12-28T21:12:14.933Z"}},{"iob":-0.055,"basaliob":-0.086,"bolussnooze":0,"activity":-8.0E-4,"lastBolusTime":1703780537000,"time":"2023-12-28T21:17:14.933Z","iobWithZeroTemp":{"iob":-0.672,"basaliob":-0.703,"bolussnooze":0,"activity":-0.006,"lastBolusTime":1703780537000,"time":"2023-12-28T21:17:14.933Z"}},{"iob":-0.051,"basaliob":-0.079,"bolussnooze":0,"activity":-7.0E-4,"lastBolusTime":1703780537000,"time":"2023-12-28T21:22:14.933Z","iobWithZeroTemp":{"iob":-0.675,"basaliob":-0.703,"bolussnooze":0,"activity":-0.006,"lastBolusTime":1703780537000,"time":"2023-12-28T21:22:14.933Z"}},{"iob":-0.048,"basaliob":-0.073,"bolussnooze":0,"activity":-7.0E-4,"lastBolusTime":1703780537000,"time":"2023-12-28T21:27:14.933Z","iobWithZeroTemp":{"iob":-0.678,"basaliob":-0.703,"bolussnooze":0,"activity":-0.0061,"lastBolusTime":1703780537000,"time":"2023-12-28T21:27:14.933Z"}},{"iob":-0.044,"basaliob":-0.067,"bolussnooze":0,"activity":-6.0E-4,"lastBolusTime":1703780537000,"time":"2023-12-28T21:32:14.933Z","iobWithZeroTemp":{"iob":-0.68,"basaliob":-0.703,"bolussnooze":0,"activity":-0.0061,"lastBolusTime":1703780537000,"time":"2023-12-28T21:32:14.933Z"}},{"iob":-0.041,"basaliob":-0.062,"bolussnooze":0,"activity":-6.0E-4,"lastBolusTime":1703780537000,"time":"2023-12-28T21:37:14.933Z","iobWithZeroTemp":{"iob":-0.683,"basaliob":-0.704,"bolussnooze":0,"activity":-0.0062,"lastBolusTime":1703780537000,"time":"2023-12-28T21:37:14.933Z"}},{"iob":-0.038,"basaliob":-0.057,"bolussnooze":0,"activity":-6.0E-4,"lastBolusTime":1703780537000,"time":"2023-12-28T21:42:14.933Z","iobWithZeroTemp":{"iob":-0.685,"basaliob":-0.704,"bolussnooze":0,"activity":-0.0063,"lastBolusTime":1703780537000,"time":"2023-12-28T21:42:14.933Z"}},{"iob":-0.035,"basaliob":-0.052,"bolussnooze":0,"activity":-5.0E-4,"lastBolusTime":1703780537000,"time":"2023-12-28T21:47:14.933Z","iobWithZeroTemp":{"iob":-0.686,"basaliob":-0.703,"bolussnooze":0,"activity":-0.0063,"lastBolusTime":1703780537000,"time":"2023-12-28T21:47:14.933Z"}},{"iob":-0.033,"basaliob":-0.048,"bolussnooze":0,"activity":-5.0E-4,"lastBolusTime":1703780537000,"time":"2023-12-28T21:52:14.933Z","iobWithZeroTemp":{"iob":-0.689,"basaliob":-0.704,"bolussnooze":0,"activity":-0.0063,"lastBolusTime":1703780537000,"time":"2023-12-28T21:52:14.933Z"}},{"iob":-0.031,"basaliob":-0.044,"bolussnooze":0,"activity":-5.0E-4,"lastBolusTime":1703780537000,"time":"2023-12-28T21:57:14.933Z","iobWithZeroTemp":{"iob":-0.691,"basaliob":-0.704,"bolussnooze":0,"activity":-0.0064,"lastBolusTime":1703780537000,"time":"2023-12-28T21:57:14.933Z"}},{"iob":-0.028,"basaliob":-0.04,"bolussnooze":0,"activity":-4.0E-4,"lastBolusTime":1703780537000,"time":"2023-12-28T22:02:14.933Z","iobWithZeroTemp":{"iob":-0.692,"basaliob":-0.704,"bolussnooze":0,"activity":-0.0063,"lastBolusTime":1703780537000,"time":"2023-12-28T22:02:14.933Z"}},{"iob":-0.026,"basaliob":-0.037,"bolussnooze":0,"activity":-4.0E-4,"lastBolusTime":1703780537000,"time":"2023-12-28T22:07:14.933Z","iobWithZeroTemp":{"iob":-0.693,"basaliob":-0.704,"bolussnooze":0,"activity":-0.0064,"lastBolusTime":1703780537000,"time":"2023-12-28T22:07:14.933Z"}},{"iob":-0.024,"basaliob":-0.034,"bolussnooze":0,"activity":-4.0E-4,"lastBolusTime":1703780537000,"time":"2023-12-28T22:12:14.933Z","iobWithZeroTemp":{"iob":-0.694,"basaliob":-0.704,"bolussnooze":0,"activity":-0.0065,"lastBolusTime":1703780537000,"time":"2023-12-28T22:12:14.933Z"}},{"iob":-0.022,"basaliob":-0.031,"bolussnooze":0,"activity":-4.0E-4,"lastBolusTime":1703780537000,"time":"2023-12-28T22:17:14.933Z","iobWithZeroTemp":{"iob":-0.695,"basaliob":-0.704,"bolussnooze":0,"activity":-0.0065,"lastBolusTime":1703780537000,"time":"2023-12-28T22:17:14.933Z"}},{"iob":-0.02,"basaliob":-0.028,"bolussnooze":0,"activity":-3.0E-4,"lastBolusTime":1703780537000,"time":"2023-12-28T22:22:14.933Z","iobWithZeroTemp":{"iob":-0.696,"basaliob":-0.704,"bolussnooze":0,"activity":-0.0064,"lastBolusTime":1703780537000,"time":"2023-12-28T22:22:14.933Z"}},{"iob":-0.019,"basaliob":-0.026,"bolussnooze":0,"activity":-3.0E-4,"lastBolusTime":1703780537000,"time":"2023-12-28T22:27:14.933Z","iobWithZeroTemp":{"iob":-0.697,"basaliob":-0.704,"bolussnooze":0,"activity":-0.0065,"lastBolusTime":1703780537000,"time":"2023-12-28T22:27:14.933Z"}},{"iob":-0.018,"basaliob":-0.024,"bolussnooze":0,"activity":-3.0E-4,"lastBolusTime":1703780537000,"time":"2023-12-28T22:32:14.933Z","iobWithZeroTemp":{"iob":-0.699,"basaliob":-0.705,"bolussnooze":0,"activity":-0.0065,"lastBolusTime":1703780537000,"time":"2023-12-28T22:32:14.933Z"}},{"iob":-0.017,"basaliob":-0.022,"bolussnooze":0,"activity":-3.0E-4,"lastBolusTime":1703780537000,"time":"2023-12-28T22:37:14.933Z","iobWithZeroTemp":{"iob":-0.7,"basaliob":-0.705,"bolussnooze":0,"activity":-0.0066,"lastBolusTime":1703780537000,"time":"2023-12-28T22:37:14.933Z"}}],"profile":{"max_iob":7,"type":"current","max_daily_basal":0.45,"max_basal":1.35,"min_bg":106.2,"max_bg":106.2,"target_bg":106.2,"carb_ratio":11,"sens":352.8,"max_daily_safety_multiplier":3,"current_basal_safety_multiplier":4,"lgsThreshold":65,"high_temptarget_raises_sensitivity":false,"low_temptarget_lowers_sensitivity":false,"sensitivity_raises_target":true,"resistance_lowers_target":true,"adv_target_adjustments":false,"exercise_mode":false,"half_basal_exercise_target":160,"maxCOB":120,"skip_neutral_temps":false,"remainingCarbsCap":90,"enableUAM":true,"A52_risk_enable":false,"SMBInterval":4,"enableSMB_with_COB":true,"enableSMB_with_temptarget":false,"allowSMB_with_high_temptarget":true,"enableSMB_always":true,"enableSMB_after_carbs":false,"maxSMBBasalMinutes":60,"maxUAMSMBBasalMinutes":60,"bolus_increment":0.05,"carbsReqThreshold":10,"current_basal":0.4,"temptargetSet":false,"autosens_max":1.2,"autosens_min":0.8,"out_units":"mmol\/L","variable_sens":197.9,"insulinDivisor":65,"TDD":7.98678675},"autosens_data":{"ratio":0.5703841268701131},"meal_data":{"carbs":20,"mealCOB":0.8446269841269941,"slopeFromMaxDeviation":-1.7447499999999998,"slopeFromMinDeviation":0,"lastBolusTime":1703780537000,"lastCarbTime":1703775902000},"microBolusAllowed":true,"currentTime":1703788937135,"flatBGsDetected":false,"tdd1D":18.366333333333344,"tdd7D":30.827178571428565,"tddLast24H":17.583333333333343,"tddLast4H":3.083333333333333,"tddLast8to4H":3.373333333333333},"output":{"temp":"absolute","bg":138,"tick":-6,"eventualBG":200,"targetBG":141,"insulinReq":-0.06,"deliverAt":"2023-12-28T18:42:17.135Z","sensitivityRatio":0.5703841268701131,"variable_sens":197.9,"predBGs":{"IOB":[138,132,128,124,121,119,117,116,116,116,116,118,119,121,123,124,126,128,129,131,132,133,135,136,137,138,139,140,141,142,143,144,145,145,146,146,147,148,148,149,149,149,150,150,151],"ZT":[138,137,137,138,138,139,141],"COB":[138,132,128,124,121,119,117,116,115,115,116,117,118,120,122,123,125,126,128,130,131,132,134,135,136,138,139,140,141,142,143,144,145,145,146,147,148,148,149,150,150,151,151,152,153,153,154],"UAM":[138,132,128,124,121,119,117,116,116,116,116,118,119,121,123,124,126,128,129,131,132,133,135,136,137,138,139,140,141,142,143,144,145,145,146,146,147,148,148,149,149,149,150,150,151]},"reason":"COB: 0.8, Dev: 0.9, BGI: 0.0, ISF: 11.0, CR: 11, Target: 7.8, minPredBG 7.2, minGuardBG 6.4, IOBpredBG 8.4, COBpredBG 8.6, UAMpredBG 8.4; Eventual BG 11.1 >= 7.8,  insulinReq -0.06. temp 0.00 < 0.11U\/hr. ","COB":0.8446269841269941,"IOB":-0.227,"duration":30,"rate":0.10815365074804525,"timestamp":"2023-12-28T18:42:17.160Z"}}