{"algorithm":"OpenAPSSMBDynamicISFPlugin","input":{"glucoseStatus":{"glucose":182,"noise":0,"delta":-12,"short_avgdelta":-10.67,"long_avgdelta":0.47,"date":1703843819246},"currenttemp":{"temp":"absolute","duration":110,"rate":0,"minutesrunning":10},"iob_data":[{"iob":3.555,"basaliob":-0.502,"bolussnooze":1.597,"activity":0.0287,"lastBolusTime":1703842654000,"time":"2023-12-29T09:57:18.727Z","iobWithZeroTemp":{"iob":3.555,"basaliob":-0.502,"bolussnooze":1.597,"activity":0.0287,"lastBolusTime":1703842654000,"time":"2023-12-29T09:57:18.727Z"}},{"iob":3.409,"basaliob":-0.483,"bolussnooze":1.4159,"activity":0.0294,"lastBolusTime":1703842654000,"time":"2023-12-29T10:02:18.727Z","iobWithZeroTemp":{"iob":3.382,"basaliob":-0.51,"bolussnooze":1.4159,"activity":0.0294,"lastBolusTime":1703842654000,"time":"2023-12-29T10:02:18.727Z"}},{"iob":3.262,"basaliob":-0.462,"bolussnooze":1.2491,"activity":0.0297,"lastBolusTime":1703842654000,"time":"2023-12-29T10:07:18.727Z","iobWithZeroTemp":{"iob":3.202,"basaliob":-0.522,"bolussnooze":1.2491,"activity":0.0296,"lastBolusTime":1703842654000,"time":"2023-12-29T10:07:18.727Z"}},{"iob":3.112,"basaliob":-0.442,"bolussnooze":1.097,"activity":0.0298,"lastBolusTime":1703842654000,"time":"2023-12-29T10:12:18.727Z","iobWithZeroTemp":{"iob":3.02,"basaliob":-0.534,"bolussnooze":1.097,"activity":0.0296,"lastBolusTime":1703842654000,"time":"2023-12-29T10:12:18.727Z"}},{"iob":2.965,"basaliob":-0.421,"bolussnooze":0.9594,"activity":0.0296,"lastBolusTime":1703842654000,"time":"2023-12-29T10:17:18.727Z","iobWithZeroTemp":{"iob":2.84,"basaliob":-0.546,"bolussnooze":0.9594,"activity":0.0293,"lastBolusTime":1703842654000,"time":"2023-12-29T10:17:18.727Z"}},{"iob":2.817,"basaliob":-0.401,"bolussnooze":0.8359,"activity":0.0291,"lastBolusTime":1703842654000,"time":"2023-12-29T10:22:18.727Z","iobWithZeroTemp":{"iob":2.661,"basaliob":-0.557,"bolussnooze":0.8359,"activity":0.0286,"lastBolusTime":1703842654000,"time":"2023-12-29T10:22:18.727Z"}},{"iob":2.672,"basaliob":-0.381,"bolussnooze":0.7257,"activity":0.0286,"lastBolusTime":1703842654000,"time":"2023-12-29T10:27:18.727Z","iobWithZeroTemp":{"iob":2.486,"basaliob":-0.567,"bolussnooze":0.7257,"activity":0.0279,"lastBolusTime":1703842654000,"time":"2023-12-29T10:27:18.727Z"}},{"iob":2.531,"basaliob":-0.361,"bolussnooze":0.6279,"activity":0.028,"lastBolusTime":1703842654000,"time":"2023-12-29T10:32:18.727Z","iobWithZeroTemp":{"iob":2.315,"basaliob":-0.577,"bolussnooze":0.6279,"activity":0.0271,"lastBolusTime":1703842654000,"time":"2023-12-29T10:32:18.727Z"}},{"iob":2.394,"basaliob":-0.341,"bolussnooze":0.5415,"activity":0.0272,"lastBolusTime":1703842654000,"time":"2023-12-29T10:37:18.727Z","iobWithZeroTemp":{"iob":2.15,"basaliob":-0.585,"bolussnooze":0.5415,"activity":0.0261,"lastBolusTime":1703842654000,"time":"2023-12-29T10:37:18.727Z"}},{"iob":2.259,"basaliob":-0.323,"bolussnooze":0.4656,"activity":0.0263,"lastBolusTime":1703842654000,"time":"2023-12-29T10:42:18.727Z","iobWithZeroTemp":{"iob":1.987,"basaliob":-0.595,"bolussnooze":0.4656,"activity":0.025,"lastBolusTime":1703842654000,"time":"2023-12-29T10:42:18.727Z"}},{"iob":2.131,"basaliob":-0.304,"bolussnooze":0.3991,"activity":0.0254,"lastBolusTime":1703842654000,"time":"2023-12-29T10:47:18.727Z","iobWithZeroTemp":{"iob":1.833,"basaliob":-0.602,"bolussnooze":0.3991,"activity":0.0239,"lastBolusTime":1703842654000,"time":"2023-12-29T10:47:18.727Z"}},{"iob":2.005,"basaliob":-0.287,"bolussnooze":0.3412,"activity":0.0244,"lastBolusTime":1703842654000,"time":"2023-12-29T10:52:18.727Z","iobWithZeroTemp":{"iob":1.682,"basaliob":-0.61,"bolussnooze":0.3412,"activity":0.0226,"lastBolusTime":1703842654000,"time":"2023-12-29T10:52:18.727Z"}},{"iob":1.886,"basaliob":-0.27,"bolussnooze":0.2908,"activity":0.0235,"lastBolusTime":1703842654000,"time":"2023-12-29T10:57:18.727Z","iobWithZeroTemp":{"iob":1.539,"basaliob":-0.617,"bolussnooze":0.2908,"activity":0.0215,"lastBolusTime":1703842654000,"time":"2023-12-29T10:57:18.727Z"}},{"iob":1.771,"basaliob":-0.254,"bolussnooze":0.2471,"activity":0.0224,"lastBolusTime":1703842654000,"time":"2023-12-29T11:02:18.727Z","iobWithZeroTemp":{"iob":1.401,"basaliob":-0.624,"bolussnooze":0.2471,"activity":0.0202,"lastBolusTime":1703842654000,"time":"2023-12-29T11:02:18.727Z"}},{"iob":1.662,"basaliob":-0.238,"bolussnooze":0.2095,"activity":0.0215,"lastBolusTime":1703842654000,"time":"2023-12-29T11:07:18.727Z","iobWithZeroTemp":{"iob":1.271,"basaliob":-0.629,"bolussnooze":0.2095,"activity":0.0191,"lastBolusTime":1703842654000,"time":"2023-12-29T11:07:18.727Z"}},{"iob":1.557,"basaliob":-0.223,"bolussnooze":0.177,"activity":0.0204,"lastBolusTime":1703842654000,"time":"2023-12-29T11:12:18.727Z","iobWithZeroTemp":{"iob":1.145,"basaliob":-0.635,"bolussnooze":0.177,"activity":0.0177,"lastBolusTime":1703842654000,"time":"2023-12-29T11:12:18.727Z"}},{"iob":1.458,"basaliob":-0.209,"bolussnooze":0.1492,"activity":0.0194,"lastBolusTime":1703842654000,"time":"2023-12-29T11:17:18.727Z","iobWithZeroTemp":{"iob":1.027,"basaliob":-0.64,"bolussnooze":0.1492,"activity":0.0165,"lastBolusTime":1703842654000,"time":"2023-12-29T11:17:18.727Z"}},{"iob":1.364,"basaliob":-0.195,"bolussnooze":0.1253,"activity":0.0184,"lastBolusTime":1703842654000,"time":"2023-12-29T11:22:18.727Z","iobWithZeroTemp":{"iob":0.914,"basaliob":-0.645,"bolussnooze":0.1253,"activity":0.0153,"lastBolusTime":1703842654000,"time":"2023-12-29T11:22:18.727Z"}},{"iob":1.273,"basaliob":-0.183,"bolussnooze":0.105,"activity":0.0174,"lastBolusTime":1703842654000,"time":"2023-12-29T11:27:18.727Z","iobWithZeroTemp":{"iob":0.806,"basaliob":-0.65,"bolussnooze":0.105,"activity":0.0141,"lastBolusTime":1703842654000,"time":"2023-12-29T11:27:18.727Z"}},{"iob":1.188,"basaliob":-0.171,"bolussnooze":0.0877,"activity":0.0165,"lastBolusTime":1703842654000,"time":"2023-12-29T11:32:18.727Z","iobWithZeroTemp":{"iob":0.704,"basaliob":-0.655,"bolussnooze":0.0877,"activity":0.013,"lastBolusTime":1703842654000,"time":"2023-12-29T11:32:18.727Z"}},{"iob":1.109,"basaliob":-0.159,"bolussnooze":0.073,"activity":0.0156,"lastBolusTime":1703842654000,"time":"2023-12-29T11:37:18.727Z","iobWithZeroTemp":{"iob":0.61,"basaliob":-0.658,"bolussnooze":0.073,"activity":0.0119,"lastBolusTime":1703842654000,"time":"2023-12-29T11:37:18.727Z"}},{"iob":1.033,"basaliob":-0.148,"bolussnooze":0.0605,"activity":0.0147,"lastBolusTime":1703842654000,"time":"2023-12-29T11:42:18.727Z","iobWithZeroTemp":{"iob":0.519,"basaliob":-0.662,"bolussnooze":0.0605,"activity":0.0108,"lastBolusTime":1703842654000,"time":"2023-12-29T11:42:18.727Z"}},{"iob":0.962,"basaliob":-0.138,"bolussnooze":0.05,"activity":0.0138,"lastBolusTime":1703842654000,"time":"2023-12-29T11:47:18.727Z","iobWithZeroTemp":{"iob":0.435,"basaliob":-0.665,"bolussnooze":0.05,"activity":0.0098,"lastBolusTime":1703842654000,"time":"2023-12-29T11:47:18.727Z"}},{"iob":0.894,"basaliob":-0.129,"bolussnooze":0.0412,"activity":0.013,"lastBolusTime":1703842654000,"time":"2023-12-29T11:52:18.727Z","iobWithZeroTemp":{"iob":0.354,"basaliob":-0.669,"bolussnooze":0.0412,"activity":0.0088,"lastBolusTime":1703842654000,"time":"2023-12-29T11:52:18.727Z"}},{"iob":0.832,"basaliob":-0.119,"bolussnooze":0.0337,"activity":0.0122,"lastBolusTime":1703842654000,"time":"2023-12-29T11:57:18.727Z","iobWithZeroTemp":{"iob":0.28,"basaliob":-0.671,"bolussnooze":0.0337,"activity":0.0079,"lastBolusTime":1703842654000,"time":"2023-12-29T11:57:18.727Z"}},{"iob":0.772,"basaliob":-0.111,"bolussnooze":0.0275,"activity":0.0115,"lastBolusTime":1703842654000,"time":"2023-12-29T12:02:18.727Z","iobWithZeroTemp":{"iob":0.209,"basaliob":-0.674,"bolussnooze":0.0275,"activity":0.007,"lastBolusTime":1703842654000,"time":"2023-12-29T12:02:18.727Z"}},{"iob":0.716,"basaliob":-0.103,"bolussnooze":0.0224,"activity":0.0108,"lastBolusTime":1703842654000,"time":"2023-12-29T12:07:18.727Z","iobWithZeroTemp":{"iob":0.142,"basaliob":-0.677,"bolussnooze":0.0224,"activity":0.0062,"lastBolusTime":1703842654000,"time":"2023-12-29T12:07:18.727Z"}},{"iob":0.664,"basaliob":-0.096,"bolussnooze":0.0181,"activity":0.0101,"lastBolusTime":1703842654000,"time":"2023-12-29T12:12:18.727Z","iobWithZeroTemp":{"iob":0.08,"basaliob":-0.68,"bolussnooze":0.0181,"activity":0.0053,"lastBolusTime":1703842654000,"time":"2023-12-29T12:12:18.727Z"}},{"iob":0.615,"basaliob":-0.089,"bolussnooze":0.0145,"activity":0.0094,"lastBolusTime":1703842654000,"time":"2023-12-29T12:17:18.727Z","iobWithZeroTemp":{"iob":0.022,"basaliob":-0.682,"bolussnooze":0.0145,"activity":0.0045,"lastBolusTime":1703842654000,"time":"2023-12-29T12:17:18.727Z"}},{"iob":0.57,"basaliob":-0.082,"bolussnooze":0.0116,"activity":0.0088,"lastBolusTime":1703842654000,"time":"2023-12-29T12:22:18.727Z","iobWithZeroTemp":{"iob":-0.031,"basaliob":-0.683,"bolussnooze":0.0116,"activity":0.0038,"lastBolusTime":1703842654000,"time":"2023-12-29T12:22:18.727Z"}},{"iob":0.527,"basaliob":-0.076,"bolussnooze":0.0092,"activity":0.0082,"lastBolusTime":1703842654000,"time":"2023-12-29T12:27:18.727Z","iobWithZeroTemp":{"iob":-0.082,"basaliob":-0.685,"bolussnooze":0.0092,"activity":0.0031,"lastBolusTime":1703842654000,"time":"2023-12-29T12:27:18.727Z"}},{"iob":0.488,"basaliob":-0.07,"bolussnooze":0.0072,"activity":0.0077,"lastBolusTime":1703842654000,"time":"2023-12-29T12:32:18.727Z","iobWithZeroTemp":{"iob":-0.129,"basaliob":-0.687,"bolussnooze":0.0072,"activity":0.0025,"lastBolusTime":1703842654000,"time":"2023-12-29T12:32:18.727Z"}},{"iob":0.45,"basaliob":-0.065,"bolussnooze":0.0056,"activity":0.0072,"lastBolusTime":1703842654000,"time":"2023-12-29T12:37:18.727Z","iobWithZeroTemp":{"iob":-0.174,"basaliob":-0.689,"bolussnooze":0.0056,"activity":0.0019,"lastBolusTime":1703842654000,"time":"2023-12-29T12:37:18.727Z"}},{"iob":0.416,"basaliob":-0.06,"bolussnooze":0.0043,"activity":0.0066,"lastBolusTime":1703842654000,"time":"2023-12-29T12:42:18.727Z","iobWithZeroTemp":{"iob":-0.214,"basaliob":-0.69,"bolussnooze":0.0043,"activity":0.0012,"lastBolusTime":1703842654000,"time":"2023-12-29T12:42:18.727Z"}},{"iob":0.384,"basaliob":-0.055,"bolussnooze":0.0033,"activity":0.0062,"lastBolusTime":1703842654000,"time":"2023-12-29T12:47:18.727Z","iobWithZeroTemp":{"iob":-0.252,"basaliob":-0.691,"bolussnooze":0.0033,"activity":7.0E-4,"lastBolusTime":1703842654000,"time":"2023-12-29T12:47:18.727Z"}},{"iob":0.354,"basaliob":-0.051,"bolussnooze":0.0025,"activity":0.0058,"lastBolusTime":1703842654000,"time":"2023-12-29T12:52:18.727Z","iobWithZeroTemp":{"iob":-0.288,"basaliob":-0.693,"bolussnooze":0.0025,"activity":2.0E-4,"lastBolusTime":1703842654000,"time":"2023-12-29T12:52:18.727Z"}},{"iob":0.326,"basaliob":-0.047,"bolussnooze":0.0018,"activity":0.0053,"lastBolusTime":1703842654000,"time":"2023-12-29T12:57:18.727Z","iobWithZeroTemp":{"iob":-0.321,"basaliob":-0.694,"bolussnooze":0.0018,"activity":-4.0E-4,"lastBolusTime":1703842654000,"time":"2023-12-29T12:57:18.727Z"}},{"iob":0.3,"basaliob":-0.043,"bolussnooze":0.0013,"activity":0.005,"lastBolusTime":1703842654000,"time":"2023-12-29T13:02:18.727Z","iobWithZeroTemp":{"iob":-0.351,"basaliob":-0.694,"bolussnooze":0.0013,"activity":-8.0E-4,"lastBolusTime":1703842654000,"time":"2023-12-29T13:02:18.727Z"}},{"iob":0.276,"basaliob":-0.04,"bolussnooze":9.0E-4,"activity":0.0046,"lastBolusTime":1703842654000,"time":"2023-12-29T13:07:18.727Z","iobWithZeroTemp":{"iob":-0.38,"basaliob":-0.696,"bolussnooze":9.0E-4,"activity":-0.0012,"lastBolusTime":1703842654000,"time":"2023-12-29T13:07:18.727Z"}},{"iob":0.253,"basaliob":-0.037,"bolussnooze":6.0E-4,"activity":0.0043,"lastBolusTime":1703842654000,"time":"2023-12-29T13:12:18.727Z","iobWithZeroTemp":{"iob":-0.407,"basaliob":-0.697,"bolussnooze":6.0E-4,"activity":-0.0016,"lastBolusTime":1703842654000,"time":"2023-12-29T13:12:18.727Z"}},{"iob":0.233,"basaliob":-0.034,"bolussnooze":4.0E-4,"activity":0.0039,"lastBolusTime":1703842654000,"time":"2023-12-29T13:17:18.727Z","iobWithZeroTemp":{"iob":-0.431,"basaliob":-0.698,"bolussnooze":4.0E-4,"activity":-0.002,"lastBolusTime":1703842654000,"time":"2023-12-29T13:17:18.727Z"}},{"iob":0.214,"basaliob":-0.031,"bolussnooze":3.0E-4,"activity":0.0037,"lastBolusTime":1703842654000,"time":"2023-12-29T13:22:18.727Z","iobWithZeroTemp":{"iob":-0.453,"basaliob":-0.698,"bolussnooze":3.0E-4,"activity":-0.0023,"lastBolusTime":1703842654000,"time":"2023-12-29T13:22:18.727Z"}},{"iob":0.197,"basaliob":-0.028,"bolussnooze":2.0E-4,"activity":0.0034,"lastBolusTime":1703842654000,"time":"2023-12-29T13:27:18.727Z","iobWithZeroTemp":{"iob":-0.473,"basaliob":-0.698,"bolussnooze":2.0E-4,"activity":-0.0027,"lastBolusTime":1703842654000,"time":"2023-12-29T13:27:18.727Z"}},{"iob":0.18,"basaliob":-0.026,"bolussnooze":1.0E-4,"activity":0.0031,"lastBolusTime":1703842654000,"time":"2023-12-29T13:32:18.727Z","iobWithZeroTemp":{"iob":-0.493,"basaliob":-0.699,"bolussnooze":1.0E-4,"activity":-0.003,"lastBolusTime":1703842654000,"time":"2023-12-29T13:32:18.727Z"}},{"iob":0.165,"basaliob":-0.024,"bolussnooze":0,"activity":0.0029,"lastBolusTime":1703842654000,"time":"2023-12-29T13:37:18.727Z","iobWithZeroTemp":{"iob":-0.511,"basaliob":-0.7,"bolussnooze":0,"activity":-0.0032,"lastBolusTime":1703842654000,"time":"2023-12-29T13:37:18.727Z"}},{"iob":0.151,"basaliob":-0.022,"bolussnooze":0,"activity":0.0027,"lastBolusTime":1703842654000,"time":"2023-12-29T13:42:18.727Z","iobWithZeroTemp":{"iob":-0.527,"basaliob":-0.7,"bolussnooze":0,"activity":-0.0035,"lastBolusTime":1703842654000,"time":"2023-12-29T13:42:18.727Z"}},{"iob":0.138,"basaliob":-0.02,"bolussnooze":0,"activity":0.0024,"lastBolusTime":1703842654000,"time":"2023-12-29T13:47:18.727Z","iobWithZeroTemp":{"iob":-0.543,"basaliob":-0.701,"bolussnooze":0,"activity":-0.0038,"lastBolusTime":1703842654000,"time":"2023-12-29T13:47:18.727Z"}},{"iob":0.126,"basaliob":-0.018,"bolussnooze":0,"activity":0.0023,"lastBolusTime":1703842654000,"time":"2023-12-29T13:52:18.727Z","iobWithZeroTemp":{"iob":-0.557,"basaliob":-0.701,"bolussnooze":0,"activity":-0.004,"lastBolusTime":1703842654000,"time":"2023-12-29T13:52:18.727Z"}}],"profile":{"max_iob":7,"type":"current","max_daily_basal":0.45,"max_basal":1.35,"min_bg":81.0000000000001,"max_bg":81.0000000000001,"target_bg":81.0000000000001,"carb_ratio":9,"sens":352.8,"max_daily_safety_multiplier":3,"current_basal_safety_multiplier":4,"lgsThreshold":65,"high_temptarget_raises_sensitivity":false,"low_temptarget_lowers_sensitivity":false,"sensitivity_raises_target":true,"resistance_lowers_target":true,"adv_target_adjustments":false,"exercise_mode":false,"half_basal_exercise_target":160,"maxCOB":120,"skip_neutral_temps":false,"remainingCarbsCap":90,"enableUAM":true,"A52_risk_enable":false,"SMBInterval":4,"enableSMB_with_COB":true,"enableSMB_with_temptarget":false,"allowSMB_with_high_temptarget":true,"enableSMB_always":true,"enableSMB_after_carbs":false,"maxSMBBasalMinutes":60,"maxUAMSMBBasalMinutes":60,"bolus_increment":0.05,"carbsReqThreshold":10,"current_basal":0.4,"temptargetSet":true,"autosens_max":1.2,"autosens_min":0.8,"out_units":"mmol\/L","variable_sens":150.5,"insulinDivisor":65,"TDD":8.95868195},"autosens_data":{"ratio":0.7415381730253803},"meal_data":{"carbs":45,"mealCOB":34.10591836734694,"slopeFromMaxDeviation":-3.615666666666665,"slopeFromMinDeviation":3.543636363636364,"lastBolusTime":1703842654000,"lastCarbTime":1703842137000},"microBolusAllowed":true,"currentTime":1703843840882,"flatBGsDetected":false,"tdd1D":21.22666666666668,"tdd7D":28.693285714285715,"tddLast24H":21.277166666666673,"tddLast4H":5.9833333333333325,"tddLast8to4H":0.9138333333333333},"output":{"temp":"absolute","bg":182,"tick":-12,"eventualBG":200,"targetBG":81.0000000000001,"insulinReq":0,"deliverAt":"2023-12-29T09:57:20.882Z","sensitivityRatio":0.7415381730253803,"variable_sens":150.5,"predBGs":{"IOB":[182,169,154,137,117,93,65,39,39,39,39,39,39],"ZT":[182,160,137,110,80,44,39,39,39,39,39,39,39,39,39,39,39,39,39,39,39,39,39,39,39,39,39,39,39,39,39,39,39,39,39,39,39,39,39,39,39,39,39,39,39,39,39,39],"COB":[182,170,158,146,134,122,111,101,91,82,74,67,60,55,51,47,45,43,43,43,44,47,50,54,58,64,70,77,85,93,101,109,116,124,131,138,145,151,158,164,169,175,180,185,189,193,197,200],"UAM":[182,166,145,120,91,58,39,39,39,39,39,39,39]},"reason":"COB: 34.1, Dev: 3.2, BGI: -1.2, ISF: 8.4, CR: 9, Target: 4.5, minPredBG -6.4, minGuardBG -13.1, IOBpredBG 2.2, COBpredBG 11.1, UAMpredBG 2.2; minGuardBG -13.1<3.6","COB":34.10591836734694,"IOB":3.555,"duration":120,"rate":0,"timestamp":"2023-12-29T09:57:20.908Z"}}