{"algorithm":"OpenAPSSMBDynamicISFPlugin","input":{"glucoseStatus":{"glucose":61,"noise":0,"delta":2.67,"short_avgdelta":2.67,"long_avgdelta":2.14,"date":1703623619758},"currenttemp":{"temp":"absolute","duration":20,"rate":0,"minutesrunning":100},"iob_data":[{"iob":0.439,"basaliob":-0.693,"bolussnooze":0.0385,"activity":0.0097,"lastBolusTime":1703620345000,"time":"2023-12-26T20:47:18.612Z","iobWithZeroTemp":{"iob":0.439,"basaliob":-0.693,"bolussnooze":0.0385,"activity":0.0097,"lastBolusTime":1703620345000,"time":"2023-12-26T20:47:18.612Z"}},{"iob":0.393,"basaliob":-0.66,"bolussnooze":0.0316,"activity":0.0089,"lastBolusTime":1703620345000,"time":"2023-12-26T20:52:18.612Z","iobWithZeroTemp":{"iob":0.366,"basaliob":-0.687,"bolussnooze":0.0316,"activity":0.0089,"lastBolusTime":1703620345000,"time":"2023-12-26T20:52:18.612Z"}},{"iob":0.351,"basaliob":-0.628,"bolussnooze":0.0258,"activity":0.0079,"lastBolusTime":1703620345000,"time":"2023-12-26T20:57:18.612Z","iobWithZeroTemp":{"iob":0.291,"basaliob":-0.688,"bolussnooze":0.0258,"activity":0.0078,"lastBolusTime":1703620345000,"time":"2023-12-26T20:57:18.612Z"}},{"iob":0.313,"basaliob":-0.596,"bolussnooze":0.021,"activity":0.0072,"lastBolusTime":1703620345000,"time":"2023-12-26T21:02:18.612Z","iobWithZeroTemp":{"iob":0.221,"basaliob":-0.688,"bolussnooze":0.021,"activity":0.007,"lastBolusTime":1703620345000,"time":"2023-12-26T21:02:18.612Z"}},{"iob":0.279,"basaliob":-0.565,"bolussnooze":0.017,"activity":0.0064,"lastBolusTime":1703620345000,"time":"2023-12-26T21:07:18.612Z","iobWithZeroTemp":{"iob":0.154,"basaliob":-0.69,"bolussnooze":0.017,"activity":0.0061,"lastBolusTime":1703620345000,"time":"2023-12-26T21:07:18.612Z"}},{"iob":0.248,"basaliob":-0.535,"bolussnooze":0.0137,"activity":0.0058,"lastBolusTime":1703620345000,"time":"2023-12-26T21:12:18.612Z","iobWithZeroTemp":{"iob":0.092,"basaliob":-0.691,"bolussnooze":0.0137,"activity":0.0053,"lastBolusTime":1703620345000,"time":"2023-12-26T21:12:18.612Z"}},{"iob":0.221,"basaliob":-0.505,"bolussnooze":0.0109,"activity":0.0053,"lastBolusTime":1703620345000,"time":"2023-12-26T21:17:18.612Z","iobWithZeroTemp":{"iob":0.035,"basaliob":-0.691,"bolussnooze":0.0109,"activity":0.0046,"lastBolusTime":1703620345000,"time":"2023-12-26T21:17:18.612Z"}},{"iob":0.195,"basaliob":-0.477,"bolussnooze":0.0087,"activity":0.0048,"lastBolusTime":1703620345000,"time":"2023-12-26T21:22:18.612Z","iobWithZeroTemp":{"iob":-0.021,"basaliob":-0.693,"bolussnooze":0.0087,"activity":0.0039,"lastBolusTime":1703620345000,"time":"2023-12-26T21:22:18.612Z"}},{"iob":0.173,"basaliob":-0.449,"bolussnooze":0.0068,"activity":0.0043,"lastBolusTime":1703620345000,"time":"2023-12-26T21:27:18.612Z","iobWithZeroTemp":{"iob":-0.071,"basaliob":-0.693,"bolussnooze":0.0068,"activity":0.0032,"lastBolusTime":1703620345000,"time":"2023-12-26T21:27:18.612Z"}},{"iob":0.153,"basaliob":-0.422,"bolussnooze":0.0053,"activity":0.0038,"lastBolusTime":1703620345000,"time":"2023-12-26T21:32:18.612Z","iobWithZeroTemp":{"iob":-0.119,"basaliob":-0.694,"bolussnooze":0.0053,"activity":0.0025,"lastBolusTime":1703620345000,"time":"2023-12-26T21:32:18.612Z"}},{"iob":0.134,"basaliob":-0.397,"bolussnooze":0.0041,"activity":0.0034,"lastBolusTime":1703620345000,"time":"2023-12-26T21:37:18.612Z","iobWithZeroTemp":{"iob":-0.164,"basaliob":-0.695,"bolussnooze":0.0041,"activity":0.0019,"lastBolusTime":1703620345000,"time":"2023-12-26T21:37:18.612Z"}},{"iob":0.119,"basaliob":-0.372,"bolussnooze":0.0031,"activity":0.0031,"lastBolusTime":1703620345000,"time":"2023-12-26T21:42:18.612Z","iobWithZeroTemp":{"iob":-0.204,"basaliob":-0.695,"bolussnooze":0.0031,"activity":0.0013,"lastBolusTime":1703620345000,"time":"2023-12-26T21:42:18.612Z"}},{"iob":0.104,"basaliob":-0.349,"bolussnooze":0.0024,"activity":0.0027,"lastBolusTime":1703620345000,"time":"2023-12-26T21:47:18.612Z","iobWithZeroTemp":{"iob":-0.243,"basaliob":-0.696,"bolussnooze":0.0024,"activity":7.0E-4,"lastBolusTime":1703620345000,"time":"2023-12-26T21:47:18.612Z"}},{"iob":0.09,"basaliob":-0.327,"bolussnooze":0.0017,"activity":0.0025,"lastBolusTime":1703620345000,"time":"2023-12-26T21:52:18.612Z","iobWithZeroTemp":{"iob":-0.28,"basaliob":-0.697,"bolussnooze":0.0017,"activity":3.0E-4,"lastBolusTime":1703620345000,"time":"2023-12-26T21:52:18.612Z"}},{"iob":0.079,"basaliob":-0.306,"bolussnooze":0.0013,"activity":0.0022,"lastBolusTime":1703620345000,"time":"2023-12-26T21:57:18.612Z","iobWithZeroTemp":{"iob":-0.312,"basaliob":-0.697,"bolussnooze":0.0013,"activity":-2.0E-4,"lastBolusTime":1703620345000,"time":"2023-12-26T21:57:18.612Z"}},{"iob":0.069,"basaliob":-0.285,"bolussnooze":9.0E-4,"activity":0.002,"lastBolusTime":1703620345000,"time":"2023-12-26T22:02:18.612Z","iobWithZeroTemp":{"iob":-0.343,"basaliob":-0.697,"bolussnooze":9.0E-4,"activity":-7.0E-4,"lastBolusTime":1703620345000,"time":"2023-12-26T22:02:18.612Z"}},{"iob":0.059,"basaliob":-0.267,"bolussnooze":6.0E-4,"activity":0.0017,"lastBolusTime":1703620345000,"time":"2023-12-26T22:07:18.612Z","iobWithZeroTemp":{"iob":-0.377,"basaliob":-0.703,"bolussnooze":6.0E-4,"activity":-0.0012,"lastBolusTime":1703620345000,"time":"2023-12-26T22:07:18.612Z"}},{"iob":0.051,"basaliob":-0.249,"bolussnooze":4.0E-4,"activity":0.0016,"lastBolusTime":1703620345000,"time":"2023-12-26T22:12:18.612Z","iobWithZeroTemp":{"iob":-0.407,"basaliob":-0.707,"bolussnooze":4.0E-4,"activity":-0.0015,"lastBolusTime":1703620345000,"time":"2023-12-26T22:12:18.612Z"}},{"iob":0.043,"basaliob":-0.232,"bolussnooze":3.0E-4,"activity":0.0014,"lastBolusTime":1703620345000,"time":"2023-12-26T22:17:18.612Z","iobWithZeroTemp":{"iob":-0.44,"basaliob":-0.715,"bolussnooze":3.0E-4,"activity":-0.0019,"lastBolusTime":1703620345000,"time":"2023-12-26T22:17:18.612Z"}},{"iob":0.037,"basaliob":-0.216,"bolussnooze":2.0E-4,"activity":0.0012,"lastBolusTime":1703620345000,"time":"2023-12-26T22:22:18.612Z","iobWithZeroTemp":{"iob":-0.467,"basaliob":-0.72,"bolussnooze":2.0E-4,"activity":-0.0023,"lastBolusTime":1703620345000,"time":"2023-12-26T22:22:18.612Z"}},{"iob":0.031,"basaliob":-0.201,"bolussnooze":1.0E-4,"activity":0.0011,"lastBolusTime":1703620345000,"time":"2023-12-26T22:27:18.612Z","iobWithZeroTemp":{"iob":-0.492,"basaliob":-0.724,"bolussnooze":1.0E-4,"activity":-0.0027,"lastBolusTime":1703620345000,"time":"2023-12-26T22:27:18.612Z"}},{"iob":0.026,"basaliob":-0.187,"bolussnooze":0,"activity":0.001,"lastBolusTime":1703620345000,"time":"2023-12-26T22:32:18.612Z","iobWithZeroTemp":{"iob":-0.515,"basaliob":-0.728,"bolussnooze":0,"activity":-0.003,"lastBolusTime":1703620345000,"time":"2023-12-26T22:32:18.612Z"}},{"iob":0.022,"basaliob":-0.173,"bolussnooze":0,"activity":8.0E-4,"lastBolusTime":1703620345000,"time":"2023-12-26T22:37:18.612Z","iobWithZeroTemp":{"iob":-0.536,"basaliob":-0.731,"bolussnooze":0,"activity":-0.0034,"lastBolusTime":1703620345000,"time":"2023-12-26T22:37:18.612Z"}},{"iob":0.017,"basaliob":-0.161,"bolussnooze":0,"activity":8.0E-4,"lastBolusTime":1703620345000,"time":"2023-12-26T22:42:18.612Z","iobWithZeroTemp":{"iob":-0.557,"basaliob":-0.735,"bolussnooze":0,"activity":-0.0036,"lastBolusTime":1703620345000,"time":"2023-12-26T22:42:18.612Z"}},{"iob":0.014,"basaliob":-0.149,"bolussnooze":0,"activity":6.0E-4,"lastBolusTime":1703620345000,"time":"2023-12-26T22:47:18.612Z","iobWithZeroTemp":{"iob":-0.576,"basaliob":-0.739,"bolussnooze":0,"activity":-0.0039,"lastBolusTime":1703620345000,"time":"2023-12-26T22:47:18.612Z"}},{"iob":0.011,"basaliob":-0.138,"bolussnooze":0,"activity":6.0E-4,"lastBolusTime":1703620345000,"time":"2023-12-26T22:52:18.612Z","iobWithZeroTemp":{"iob":-0.593,"basaliob":-0.742,"bolussnooze":0,"activity":-0.0041,"lastBolusTime":1703620345000,"time":"2023-12-26T22:52:18.612Z"}},{"iob":0.008,"basaliob":-0.128,"bolussnooze":0,"activity":5.0E-4,"lastBolusTime":1703620345000,"time":"2023-12-26T22:57:18.612Z","iobWithZeroTemp":{"iob":-0.61,"basaliob":-0.746,"bolussnooze":0,"activity":-0.0044,"lastBolusTime":1703620345000,"time":"2023-12-26T22:57:18.612Z"}},{"iob":0.006,"basaliob":-0.118,"bolussnooze":0,"activity":5.0E-4,"lastBolusTime":1703620345000,"time":"2023-12-26T23:02:18.612Z","iobWithZeroTemp":{"iob":-0.624,"basaliob":-0.748,"bolussnooze":0,"activity":-0.0046,"lastBolusTime":1703620345000,"time":"2023-12-26T23:02:18.612Z"}},{"iob":0.005,"basaliob":-0.109,"bolussnooze":0,"activity":4.0E-4,"lastBolusTime":1703620345000,"time":"2023-12-26T23:07:18.612Z","iobWithZeroTemp":{"iob":-0.637,"basaliob":-0.751,"bolussnooze":0,"activity":-0.0048,"lastBolusTime":1703620345000,"time":"2023-12-26T23:07:18.612Z"}},{"iob":0.002,"basaliob":-0.101,"bolussnooze":0,"activity":3.0E-4,"lastBolusTime":1703620345000,"time":"2023-12-26T23:12:18.612Z","iobWithZeroTemp":{"iob":-0.651,"basaliob":-0.754,"bolussnooze":0,"activity":-0.0051,"lastBolusTime":1703620345000,"time":"2023-12-26T23:12:18.612Z"}},{"iob":0.001,"basaliob":-0.093,"bolussnooze":0,"activity":3.0E-4,"lastBolusTime":1703620345000,"time":"2023-12-26T23:17:18.612Z","iobWithZeroTemp":{"iob":-0.662,"basaliob":-0.756,"bolussnooze":0,"activity":-0.0052,"lastBolusTime":1703620345000,"time":"2023-12-26T23:17:18.612Z"}},{"iob":0,"basaliob":-0.086,"bolussnooze":0,"activity":2.0E-4,"lastBolusTime":1703620345000,"time":"2023-12-26T23:22:18.612Z","iobWithZeroTemp":{"iob":-0.673,"basaliob":-0.759,"bolussnooze":0,"activity":-0.0054,"lastBolusTime":1703620345000,"time":"2023-12-26T23:22:18.612Z"}},{"iob":-0.001,"basaliob":-0.079,"bolussnooze":0,"activity":2.0E-4,"lastBolusTime":1703620345000,"time":"2023-12-26T23:27:18.612Z","iobWithZeroTemp":{"iob":-0.683,"basaliob":-0.761,"bolussnooze":0,"activity":-0.0056,"lastBolusTime":1703620345000,"time":"2023-12-26T23:27:18.612Z"}},{"iob":-0.002,"basaliob":-0.073,"bolussnooze":0,"activity":2.0E-4,"lastBolusTime":1703620345000,"time":"2023-12-26T23:32:18.612Z","iobWithZeroTemp":{"iob":-0.693,"basaliob":-0.764,"bolussnooze":0,"activity":-0.0057,"lastBolusTime":1703620345000,"time":"2023-12-26T23:32:18.612Z"}},{"iob":-0.003,"basaliob":-0.067,"bolussnooze":0,"activity":2.0E-4,"lastBolusTime":1703620345000,"time":"2023-12-26T23:37:18.612Z","iobWithZeroTemp":{"iob":-0.702,"basaliob":-0.766,"bolussnooze":0,"activity":-0.0058,"lastBolusTime":1703620345000,"time":"2023-12-26T23:37:18.612Z"}},{"iob":-0.004,"basaliob":-0.062,"bolussnooze":0,"activity":2.0E-4,"lastBolusTime":1703620345000,"time":"2023-12-26T23:42:18.612Z","iobWithZeroTemp":{"iob":-0.71,"basaliob":-0.768,"bolussnooze":0,"activity":-0.0059,"lastBolusTime":1703620345000,"time":"2023-12-26T23:42:18.612Z"}},{"iob":-0.004,"basaliob":-0.057,"bolussnooze":0,"activity":1.0E-4,"lastBolusTime":1703620345000,"time":"2023-12-26T23:47:18.612Z","iobWithZeroTemp":{"iob":-0.717,"basaliob":-0.77,"bolussnooze":0,"activity":-0.0061,"lastBolusTime":1703620345000,"time":"2023-12-26T23:47:18.612Z"}},{"iob":-0.004,"basaliob":-0.052,"bolussnooze":0,"activity":1.0E-4,"lastBolusTime":1703620345000,"time":"2023-12-26T23:52:18.612Z","iobWithZeroTemp":{"iob":-0.723,"basaliob":-0.771,"bolussnooze":0,"activity":-0.0062,"lastBolusTime":1703620345000,"time":"2023-12-26T23:52:18.612Z"}},{"iob":-0.005,"basaliob":-0.048,"bolussnooze":0,"activity":1.0E-4,"lastBolusTime":1703620345000,"time":"2023-12-26T23:57:18.612Z","iobWithZeroTemp":{"iob":-0.73,"basaliob":-0.773,"bolussnooze":0,"activity":-0.0063,"lastBolusTime":1703620345000,"time":"2023-12-26T23:57:18.612Z"}},{"iob":-0.005,"basaliob":-0.044,"bolussnooze":0,"activity":0,"lastBolusTime":1703620345000,"time":"2023-12-27T00:02:18.612Z","iobWithZeroTemp":{"iob":-0.735,"basaliob":-0.774,"bolussnooze":0,"activity":-0.0065,"lastBolusTime":1703620345000,"time":"2023-12-27T00:02:18.612Z"}},{"iob":-0.005,"basaliob":-0.04,"bolussnooze":0,"activity":0,"lastBolusTime":1703620345000,"time":"2023-12-27T00:07:18.612Z","iobWithZeroTemp":{"iob":-0.732,"basaliob":-0.767,"bolussnooze":0,"activity":-0.0065,"lastBolusTime":1703620345000,"time":"2023-12-27T00:07:18.612Z"}},{"iob":-0.006,"basaliob":-0.037,"bolussnooze":0,"activity":0,"lastBolusTime":1703620345000,"time":"2023-12-27T00:12:18.612Z","iobWithZeroTemp":{"iob":-0.73,"basaliob":-0.761,"bolussnooze":0,"activity":-0.0066,"lastBolusTime":1703620345000,"time":"2023-12-27T00:12:18.612Z"}},{"iob":-0.006,"basaliob":-0.034,"bolussnooze":0,"activity":0,"lastBolusTime":1703620345000,"time":"2023-12-27T00:17:18.612Z","iobWithZeroTemp":{"iob":-0.726,"basaliob":-0.754,"bolussnooze":0,"activity":-0.0066,"lastBolusTime":1703620345000,"time":"2023-12-27T00:17:18.612Z"}},{"iob":-0.006,"basaliob":-0.031,"bolussnooze":0,"activity":0,"lastBolusTime":1703620345000,"time":"2023-12-27T00:22:18.612Z","iobWithZeroTemp":{"iob":-0.722,"basaliob":-0.747,"bolussnooze":0,"activity":-0.0066,"lastBolusTime":1703620345000,"time":"2023-12-27T00:22:18.612Z"}},{"iob":-0.005,"basaliob":-0.028,"bolussnooze":0,"activity":0,"lastBolusTime":1703620345000,"time":"2023-12-27T00:27:18.612Z","iobWithZeroTemp":{"iob":-0.717,"basaliob":-0.74,"bolussnooze":0,"activity":-0.0067,"lastBolusTime":1703620345000,"time":"2023-12-27T00:27:18.612Z"}},{"iob":-0.006,"basaliob":-0.026,"bolussnooze":0,"activity":0,"lastBolusTime":1703620345000,"time":"2023-12-27T00:32:18.612Z","iobWithZeroTemp":{"iob":-0.714,"basaliob":-0.734,"bolussnooze":0,"activity":-0.0067,"lastBolusTime":1703620345000,"time":"2023-12-27T00:32:18.612Z"}},{"iob":-0.006,"basaliob":-0.024,"bolussnooze":0,"activity":0,"lastBolusTime":1703620345000,"time":"2023-12-27T00:37:18.612Z","iobWithZeroTemp":{"iob":-0.71,"basaliob":-0.728,"bolussnooze":0,"activity":-0.0067,"lastBolusTime":1703620345000,"time":"2023-12-27T00:37:18.612Z"}},{"iob":-0.005,"basaliob":-0.021,"bolussnooze":0,"activity":0,"lastBolusTime":1703620345000,"time":"2023-12-27T00:42:18.612Z","iobWithZeroTemp":{"iob":-0.698,"basaliob":-0.714,"bolussnooze":0,"activity":-0.0066,"lastBolusTime":1703620345000,"time":"2023-12-27T00:42:18.612Z"}}],"profile":{"max_iob":7,"type":"current","max_daily_basal":0.45,"max_basal":1.35,"min_bg":144,"max_bg":144,"target_bg":144,"carb_ratio":11,"sens":352.8,"max_daily_safety_multiplier":3,"current_basal_safety_multiplier":4,"lgsThreshold":65,"high_temptarget_raises_sensitivity":false,"low_temptarget_lowers_sensitivity":false,"sensitivity_raises_target":true,"resistance_lowers_target":true,"adv_target_adjustments":false,"exercise_mode":false,"half_basal_exercise_target":160,"maxCOB":120,"skip_neutral_temps":false,"remainingCarbsCap":90,"enableUAM":true,"A52_risk_enable":false,"SMBInterval":4,"enableSMB_with_COB":true,"enableSMB_with_temptarget":false,"allowSMB_with_high_temptarget":true,"enableSMB_always":true,"enableSMB_after_carbs":false,"maxSMBBasalMinutes":60,"maxUAMSMBBasalMinutes":60,"bolus_increment":0.05,"carbsReqThreshold":10,"current_basal":0.4,"temptargetSet":true,"autosens_max":1.2,"autosens_min":0.8,"out_units":"mmol\/L","variable_sens":224.7,"insulinDivisor":65,"TDD":12.102599625000003},"autosens_data":{"ratio":0.9659147589592867},"meal_data":{"carbs":30,"mealCOB":2.957566893424036,"slopeFromMaxDeviation":-2.1992372881355933,"slopeFromMinDeviation":0,"lastBolusTime":1703620345000,"lastCarbTime":1703622476000},"microBolusAllowed":true,"currentTime":1703623640812,"flatBGsDetected":false,"tdd1D":33.75158333333334,"tdd7D":31.95839285714286,"tddLast24H":30.869083333333336,"tddLast4H":5.299999999999999,"tddLast8to4H":8.803333333333336},"output":{"temp":"absolute","bg":61,"tick":"+3","eventualBG":43,"targetBG":144,"insulinReq":0,"deliverAt":"2023-12-26T20:47:20.812Z","sensitivityRatio":0.9659147589592867,"variable_sens":224.7,"predBGs":{"IOB":[61,63,64,66,67,68,69,69,69,68,66,64,60,57,54,52,49,47,45,43,41,39],"ZT":[61,50,39,39,39,39,39,39,39,39,39,39,39,39,39,39,39,39,39,39,39,39,39,39,39,39,39,39,39,39,43,51,58,64,70,76,82,87,93,98,103,108,113,118,123,128,132,137],"COB":[61,62,63,63,62,61,59,56,52,47,43,39,39],"UAM":[61,62,61,59,55,50,43,39,39,39,39,39,39]},"reason":"COB: 3, Dev: 4.5, BGI: -0.6, ISF: 12.5, CR: 11, Target: 8.0, minPredBG -1.6, minGuardBG -1.6, IOBpredBG 2.2, COBpredBG 2.2, UAMpredBG 2.2; minGuardBG -1.6<5.1","COB":2.957566893424036,"IOB":0.439,"duration":120,"rate":0,"timestamp":"2023-12-26T20:47:20.838Z"}}