{"algorithm":"OpenAPSSMBDynamicISFPlugin","input":{"glucoseStatus":{"glucose":177,"noise":0,"delta":15,"short_avgdelta":15.33,"long_avgdelta":13.34,"date":1703183146513},"currenttemp":{"temp":"absolute","duration":5,"rate":1.32,"minutesrunning":10},"iob_data":[{"iob":2.82,"basaliob":-0.395,"bolussnooze":0.187,"activity":0.0272,"lastBolusTime":1703182883000,"time":"2023-12-21T18:26:26.364Z","iobWithZeroTemp":{"iob":2.82,"basaliob":-0.395,"bolussnooze":0.187,"activity":0.0272,"lastBolusTime":1703182883000,"time":"2023-12-21T18:26:26.364Z"}},{"iob":2.684,"basaliob":-0.368,"bolussnooze":0.1587,"activity":0.027,"lastBolusTime":1703182883000,"time":"2023-12-21T18:31:26.364Z","iobWithZeroTemp":{"iob":2.657,"basaliob":-0.395,"bolussnooze":0.1587,"activity":0.027,"lastBolusTime":1703182883000,"time":"2023-12-21T18:31:26.364Z"}},{"iob":2.549,"basaliob":-0.343,"bolussnooze":0.1343,"activity":0.0266,"lastBolusTime":1703182883000,"time":"2023-12-21T18:36:26.364Z","iobWithZeroTemp":{"iob":2.489,"basaliob":-0.403,"bolussnooze":0.1343,"activity":0.0265,"lastBolusTime":1703182883000,"time":"2023-12-21T18:36:26.364Z"}},{"iob":2.417,"basaliob":-0.319,"bolussnooze":0.1133,"activity":0.0261,"lastBolusTime":1703182883000,"time":"2023-12-21T18:41:26.364Z","iobWithZeroTemp":{"iob":2.325,"basaliob":-0.411,"bolussnooze":0.1133,"activity":0.0259,"lastBolusTime":1703182883000,"time":"2023-12-21T18:41:26.364Z"}},{"iob":2.288,"basaliob":-0.296,"bolussnooze":0.0953,"activity":0.0255,"lastBolusTime":1703182883000,"time":"2023-12-21T18:46:26.364Z","iobWithZeroTemp":{"iob":2.163,"basaliob":-0.421,"bolussnooze":0.0953,"activity":0.0252,"lastBolusTime":1703182883000,"time":"2023-12-21T18:46:26.364Z"}},{"iob":2.162,"basaliob":-0.275,"bolussnooze":0.08,"activity":0.0248,"lastBolusTime":1703182883000,"time":"2023-12-21T18:51:26.364Z","iobWithZeroTemp":{"iob":2.006,"basaliob":-0.431,"bolussnooze":0.08,"activity":0.0243,"lastBolusTime":1703182883000,"time":"2023-12-21T18:51:26.364Z"}},{"iob":2.04,"basaliob":-0.255,"bolussnooze":0.0669,"activity":0.024,"lastBolusTime":1703182883000,"time":"2023-12-21T18:56:26.364Z","iobWithZeroTemp":{"iob":1.854,"basaliob":-0.441,"bolussnooze":0.0669,"activity":0.0233,"lastBolusTime":1703182883000,"time":"2023-12-21T18:56:26.364Z"}},{"iob":1.923,"basaliob":-0.236,"bolussnooze":0.0558,"activity":0.0231,"lastBolusTime":1703182883000,"time":"2023-12-21T19:01:26.364Z","iobWithZeroTemp":{"iob":1.707,"basaliob":-0.452,"bolussnooze":0.0558,"activity":0.0222,"lastBolusTime":1703182883000,"time":"2023-12-21T19:01:26.364Z"}},{"iob":1.809,"basaliob":-0.219,"bolussnooze":0.0463,"activity":0.0222,"lastBolusTime":1703182883000,"time":"2023-12-21T19:06:26.364Z","iobWithZeroTemp":{"iob":1.565,"basaliob":-0.463,"bolussnooze":0.0463,"activity":0.0211,"lastBolusTime":1703182883000,"time":"2023-12-21T19:06:26.364Z"}},{"iob":1.7,"basaliob":-0.203,"bolussnooze":0.0384,"activity":0.0214,"lastBolusTime":1703182883000,"time":"2023-12-21T19:11:26.364Z","iobWithZeroTemp":{"iob":1.428,"basaliob":-0.475,"bolussnooze":0.0384,"activity":0.0201,"lastBolusTime":1703182883000,"time":"2023-12-21T19:11:26.364Z"}},{"iob":1.596,"basaliob":-0.187,"bolussnooze":0.0317,"activity":0.0204,"lastBolusTime":1703182883000,"time":"2023-12-21T19:16:26.364Z","iobWithZeroTemp":{"iob":1.298,"basaliob":-0.485,"bolussnooze":0.0317,"activity":0.0189,"lastBolusTime":1703182883000,"time":"2023-12-21T19:16:26.364Z"}},{"iob":1.496,"basaliob":-0.173,"bolussnooze":0.026,"activity":0.0195,"lastBolusTime":1703182883000,"time":"2023-12-21T19:21:26.364Z","iobWithZeroTemp":{"iob":1.173,"basaliob":-0.496,"bolussnooze":0.026,"activity":0.0177,"lastBolusTime":1703182883000,"time":"2023-12-21T19:21:26.364Z"}},{"iob":1.401,"basaliob":-0.16,"bolussnooze":0.0213,"activity":0.0186,"lastBolusTime":1703182883000,"time":"2023-12-21T19:26:26.364Z","iobWithZeroTemp":{"iob":1.054,"basaliob":-0.507,"bolussnooze":0.0213,"activity":0.0166,"lastBolusTime":1703182883000,"time":"2023-12-21T19:26:26.364Z"}},{"iob":1.31,"basaliob":-0.148,"bolussnooze":0.0174,"activity":0.0176,"lastBolusTime":1703182883000,"time":"2023-12-21T19:31:26.364Z","iobWithZeroTemp":{"iob":0.94,"basaliob":-0.518,"bolussnooze":0.0174,"activity":0.0154,"lastBolusTime":1703182883000,"time":"2023-12-21T19:31:26.364Z"}},{"iob":1.225,"basaliob":-0.136,"bolussnooze":0.0141,"activity":0.0167,"lastBolusTime":1703182883000,"time":"2023-12-21T19:36:26.364Z","iobWithZeroTemp":{"iob":0.834,"basaliob":-0.527,"bolussnooze":0.0141,"activity":0.0143,"lastBolusTime":1703182883000,"time":"2023-12-21T19:36:26.364Z"}},{"iob":1.143,"basaliob":-0.126,"bolussnooze":0.0113,"activity":0.0158,"lastBolusTime":1703182883000,"time":"2023-12-21T19:41:26.364Z","iobWithZeroTemp":{"iob":0.731,"basaliob":-0.538,"bolussnooze":0.0113,"activity":0.0131,"lastBolusTime":1703182883000,"time":"2023-12-21T19:41:26.364Z"}},{"iob":1.067,"basaliob":-0.116,"bolussnooze":0.0091,"activity":0.015,"lastBolusTime":1703182883000,"time":"2023-12-21T19:46:26.364Z","iobWithZeroTemp":{"iob":0.636,"basaliob":-0.547,"bolussnooze":0.0091,"activity":0.0121,"lastBolusTime":1703182883000,"time":"2023-12-21T19:46:26.364Z"}},{"iob":0.994,"basaliob":-0.107,"bolussnooze":0.0072,"activity":0.0141,"lastBolusTime":1703182883000,"time":"2023-12-21T19:51:26.364Z","iobWithZeroTemp":{"iob":0.544,"basaliob":-0.557,"bolussnooze":0.0072,"activity":0.011,"lastBolusTime":1703182883000,"time":"2023-12-21T19:51:26.364Z"}},{"iob":0.926,"basaliob":-0.098,"bolussnooze":0.0057,"activity":0.0133,"lastBolusTime":1703182883000,"time":"2023-12-21T19:56:26.364Z","iobWithZeroTemp":{"iob":0.459,"basaliob":-0.565,"bolussnooze":0.0057,"activity":0.01,"lastBolusTime":1703182883000,"time":"2023-12-21T19:56:26.364Z"}},{"iob":0.861,"basaliob":-0.09,"bolussnooze":0.0045,"activity":0.0125,"lastBolusTime":1703182883000,"time":"2023-12-21T20:01:26.364Z","iobWithZeroTemp":{"iob":0.377,"basaliob":-0.574,"bolussnooze":0.0045,"activity":0.009,"lastBolusTime":1703182883000,"time":"2023-12-21T20:01:26.364Z"}},{"iob":0.8,"basaliob":-0.083,"bolussnooze":0.0035,"activity":0.0118,"lastBolusTime":1703182883000,"time":"2023-12-21T20:06:26.364Z","iobWithZeroTemp":{"iob":0.301,"basaliob":-0.582,"bolussnooze":0.0035,"activity":0.0081,"lastBolusTime":1703182883000,"time":"2023-12-21T20:06:26.364Z"}},{"iob":0.743,"basaliob":-0.076,"bolussnooze":0.0026,"activity":0.0111,"lastBolusTime":1703182883000,"time":"2023-12-21T20:11:26.364Z","iobWithZeroTemp":{"iob":0.229,"basaliob":-0.59,"bolussnooze":0.0026,"activity":0.0072,"lastBolusTime":1703182883000,"time":"2023-12-21T20:11:26.364Z"}},{"iob":0.69,"basaliob":-0.07,"bolussnooze":0.002,"activity":0.0104,"lastBolusTime":1703182883000,"time":"2023-12-21T20:16:26.364Z","iobWithZeroTemp":{"iob":0.163,"basaliob":-0.597,"bolussnooze":0.002,"activity":0.0064,"lastBolusTime":1703182883000,"time":"2023-12-21T20:16:26.364Z"}},{"iob":0.64,"basaliob":-0.064,"bolussnooze":0.0015,"activity":0.0097,"lastBolusTime":1703182883000,"time":"2023-12-21T20:21:26.364Z","iobWithZeroTemp":{"iob":0.1,"basaliob":-0.604,"bolussnooze":0.0015,"activity":0.0055,"lastBolusTime":1703182883000,"time":"2023-12-21T20:21:26.364Z"}},{"iob":0.592,"basaliob":-0.059,"bolussnooze":0.0011,"activity":0.0091,"lastBolusTime":1703182883000,"time":"2023-12-21T20:26:26.364Z","iobWithZeroTemp":{"iob":0.04,"basaliob":-0.611,"bolussnooze":0.0011,"activity":0.0048,"lastBolusTime":1703182883000,"time":"2023-12-21T20:26:26.364Z"}},{"iob":0.549,"basaliob":-0.054,"bolussnooze":8.0E-4,"activity":0.0084,"lastBolusTime":1703182883000,"time":"2023-12-21T20:31:26.364Z","iobWithZeroTemp":{"iob":-0.014,"basaliob":-0.617,"bolussnooze":8.0E-4,"activity":0.0039,"lastBolusTime":1703182883000,"time":"2023-12-21T20:31:26.364Z"}},{"iob":0.508,"basaliob":-0.049,"bolussnooze":5.0E-4,"activity":0.0079,"lastBolusTime":1703182883000,"time":"2023-12-21T20:36:26.364Z","iobWithZeroTemp":{"iob":-0.066,"basaliob":-0.623,"bolussnooze":5.0E-4,"activity":0.0033,"lastBolusTime":1703182883000,"time":"2023-12-21T20:36:26.364Z"}},{"iob":0.469,"basaliob":-0.045,"bolussnooze":3.0E-4,"activity":0.0074,"lastBolusTime":1703182883000,"time":"2023-12-21T20:41:26.364Z","iobWithZeroTemp":{"iob":-0.115,"basaliob":-0.629,"bolussnooze":3.0E-4,"activity":0.0026,"lastBolusTime":1703182883000,"time":"2023-12-21T20:41:26.364Z"}},{"iob":0.434,"basaliob":-0.041,"bolussnooze":2.0E-4,"activity":0.0069,"lastBolusTime":1703182883000,"time":"2023-12-21T20:46:26.364Z","iobWithZeroTemp":{"iob":-0.159,"basaliob":-0.634,"bolussnooze":2.0E-4,"activity":0.002,"lastBolusTime":1703182883000,"time":"2023-12-21T20:46:26.364Z"}},{"iob":0.4,"basaliob":-0.038,"bolussnooze":1.0E-4,"activity":0.0064,"lastBolusTime":1703182883000,"time":"2023-12-21T20:51:26.364Z","iobWithZeroTemp":{"iob":-0.201,"basaliob":-0.639,"bolussnooze":1.0E-4,"activity":0.0014,"lastBolusTime":1703182883000,"time":"2023-12-21T20:51:26.364Z"}},{"iob":0.37,"basaliob":-0.034,"bolussnooze":1.0E-4,"activity":0.006,"lastBolusTime":1703182883000,"time":"2023-12-21T20:56:26.364Z","iobWithZeroTemp":{"iob":-0.239,"basaliob":-0.643,"bolussnooze":1.0E-4,"activity":9.0E-4,"lastBolusTime":1703182883000,"time":"2023-12-21T20:56:26.364Z"}},{"iob":0.341,"basaliob":-0.031,"bolussnooze":0,"activity":0.0055,"lastBolusTime":1703182883000,"time":"2023-12-21T21:01:26.364Z","iobWithZeroTemp":{"iob":-0.276,"basaliob":-0.648,"bolussnooze":0,"activity":3.0E-4,"lastBolusTime":1703182883000,"time":"2023-12-21T21:01:26.364Z"}},{"iob":0.314,"basaliob":-0.028,"bolussnooze":0,"activity":0.0052,"lastBolusTime":1703182883000,"time":"2023-12-21T21:06:26.364Z","iobWithZeroTemp":{"iob":-0.31,"basaliob":-0.652,"bolussnooze":0,"activity":-1.0E-4,"lastBolusTime":1703182883000,"time":"2023-12-21T21:06:26.364Z"}},{"iob":0.289,"basaliob":-0.026,"bolussnooze":0,"activity":0.0048,"lastBolusTime":1703182883000,"time":"2023-12-21T21:11:26.364Z","iobWithZeroTemp":{"iob":-0.341,"basaliob":-0.656,"bolussnooze":0,"activity":-6.0E-4,"lastBolusTime":1703182883000,"time":"2023-12-21T21:11:26.364Z"}},{"iob":0.265,"basaliob":-0.024,"bolussnooze":0,"activity":0.0045,"lastBolusTime":1703182883000,"time":"2023-12-21T21:16:26.364Z","iobWithZeroTemp":{"iob":-0.371,"basaliob":-0.66,"bolussnooze":0,"activity":-0.001,"lastBolusTime":1703182883000,"time":"2023-12-21T21:16:26.364Z"}},{"iob":0.244,"basaliob":-0.021,"bolussnooze":0,"activity":0.0041,"lastBolusTime":1703182883000,"time":"2023-12-21T21:21:26.364Z","iobWithZeroTemp":{"iob":-0.398,"basaliob":-0.663,"bolussnooze":0,"activity":-0.0015,"lastBolusTime":1703182883000,"time":"2023-12-21T21:21:26.364Z"}},{"iob":0.225,"basaliob":-0.019,"bolussnooze":0,"activity":0.0038,"lastBolusTime":1703182883000,"time":"2023-12-21T21:26:26.364Z","iobWithZeroTemp":{"iob":-0.422,"basaliob":-0.666,"bolussnooze":0,"activity":-0.0019,"lastBolusTime":1703182883000,"time":"2023-12-21T21:26:26.364Z"}},{"iob":0.205,"basaliob":-0.018,"bolussnooze":0,"activity":0.0036,"lastBolusTime":1703182883000,"time":"2023-12-21T21:31:26.364Z","iobWithZeroTemp":{"iob":-0.446,"basaliob":-0.669,"bolussnooze":0,"activity":-0.0022,"lastBolusTime":1703182883000,"time":"2023-12-21T21:31:26.364Z"}},{"iob":0.189,"basaliob":-0.016,"bolussnooze":0,"activity":0.0033,"lastBolusTime":1703182883000,"time":"2023-12-21T21:36:26.364Z","iobWithZeroTemp":{"iob":-0.467,"basaliob":-0.672,"bolussnooze":0,"activity":-0.0025,"lastBolusTime":1703182883000,"time":"2023-12-21T21:36:26.364Z"}},{"iob":0.173,"basaliob":-0.014,"bolussnooze":0,"activity":0.003,"lastBolusTime":1703182883000,"time":"2023-12-21T21:41:26.364Z","iobWithZeroTemp":{"iob":-0.487,"basaliob":-0.674,"bolussnooze":0,"activity":-0.0029,"lastBolusTime":1703182883000,"time":"2023-12-21T21:41:26.364Z"}},{"iob":0.158,"basaliob":-0.013,"bolussnooze":0,"activity":0.0028,"lastBolusTime":1703182883000,"time":"2023-12-21T21:46:26.364Z","iobWithZeroTemp":{"iob":-0.506,"basaliob":-0.677,"bolussnooze":0,"activity":-0.0031,"lastBolusTime":1703182883000,"time":"2023-12-21T21:46:26.364Z"}},{"iob":0.145,"basaliob":-0.012,"bolussnooze":0,"activity":0.0026,"lastBolusTime":1703182883000,"time":"2023-12-21T21:51:26.364Z","iobWithZeroTemp":{"iob":-0.522,"basaliob":-0.679,"bolussnooze":0,"activity":-0.0034,"lastBolusTime":1703182883000,"time":"2023-12-21T21:51:26.364Z"}},{"iob":0.132,"basaliob":-0.011,"bolussnooze":0,"activity":0.0024,"lastBolusTime":1703182883000,"time":"2023-12-21T21:56:26.364Z","iobWithZeroTemp":{"iob":-0.538,"basaliob":-0.681,"bolussnooze":0,"activity":-0.0037,"lastBolusTime":1703182883000,"time":"2023-12-21T21:56:26.364Z"}},{"iob":0.121,"basaliob":-0.01,"bolussnooze":0,"activity":0.0022,"lastBolusTime":1703182883000,"time":"2023-12-21T22:01:26.364Z","iobWithZeroTemp":{"iob":-0.552,"basaliob":-0.683,"bolussnooze":0,"activity":-0.0039,"lastBolusTime":1703182883000,"time":"2023-12-21T22:01:26.364Z"}},{"iob":0.11,"basaliob":-0.009,"bolussnooze":0,"activity":0.002,"lastBolusTime":1703182883000,"time":"2023-12-21T22:06:26.364Z","iobWithZeroTemp":{"iob":-0.57,"basaliob":-0.689,"bolussnooze":0,"activity":-0.0041,"lastBolusTime":1703182883000,"time":"2023-12-21T22:06:26.364Z"}},{"iob":0.101,"basaliob":-0.008,"bolussnooze":0,"activity":0.0018,"lastBolusTime":1703182883000,"time":"2023-12-21T22:11:26.364Z","iobWithZeroTemp":{"iob":-0.586,"basaliob":-0.695,"bolussnooze":0,"activity":-0.0044,"lastBolusTime":1703182883000,"time":"2023-12-21T22:11:26.364Z"}},{"iob":0.092,"basaliob":-0.007,"bolussnooze":0,"activity":0.0017,"lastBolusTime":1703182883000,"time":"2023-12-21T22:16:26.364Z","iobWithZeroTemp":{"iob":-0.601,"basaliob":-0.7,"bolussnooze":0,"activity":-0.0046,"lastBolusTime":1703182883000,"time":"2023-12-21T22:16:26.364Z"}},{"iob":0.084,"basaliob":-0.006,"bolussnooze":0,"activity":0.0016,"lastBolusTime":1703182883000,"time":"2023-12-21T22:21:26.364Z","iobWithZeroTemp":{"iob":-0.615,"basaliob":-0.705,"bolussnooze":0,"activity":-0.0047,"lastBolusTime":1703182883000,"time":"2023-12-21T22:21:26.364Z"}}],"profile":{"max_iob":7,"type":"current","max_daily_basal":0.45,"max_basal":1.35,"min_bg":81.0000000000001,"max_bg":81.0000000000001,"target_bg":81.0000000000001,"carb_ratio":11,"sens":352.8,"max_daily_safety_multiplier":3,"current_basal_safety_multiplier":4,"lgsThreshold":65,"high_temptarget_raises_sensitivity":false,"low_temptarget_lowers_sensitivity":false,"sensitivity_raises_target":true,"resistance_lowers_target":true,"adv_target_adjustments":false,"exercise_mode":false,"half_basal_exercise_target":160,"maxCOB":120,"skip_neutral_temps":false,"remainingCarbsCap":90,"enableUAM":true,"A52_risk_enable":false,"SMBInterval":4,"enableSMB_with_COB":true,"enableSMB_with_temptarget":false,"allowSMB_with_high_temptarget":true,"enableSMB_always":true,"enableSMB_after_carbs":false,"maxSMBBasalMinutes":60,"maxUAMSMBBasalMinutes":60,"bolus_increment":0.05,"carbsReqThreshold":10,"current_basal":0.4,"temptargetSet":true,"autosens_max":1.2,"autosens_min":0.8,"out_units":"mmol\/L","variable_sens":37.8,"insulinDivisor":65,"TDD":36.24584250000001},"autosens_data":{"ratio":1.2826195808934409},"meal_data":{"carbs":55,"mealCOB":19.173138321995445,"slopeFromMaxDeviation":-1.8061428571428573,"slopeFromMinDeviation":3.0839999999999987,"lastBolusTime":1703182883000,"lastCarbTime":1703177376272},"microBolusAllowed":true,"currentTime":1703183188480,"flatBGsDetected":false,"tdd1D":29.01841666666669,"tdd7D":27.79325000000001,"tddLast24H":35.64816666666664,"tddLast4H":8.820000000000002,"tddLast8to4H":8.41},"output":{"temp":"absolute","bg":177,"tick":"+15","eventualBG":191,"targetBG":81.0000000000001,"insulinReq":2.17,"deliverAt":"2023-12-21T18:26:28.480Z","sensitivityRatio":1.2826195808934409,"variable_sens":37.8,"predBGs":{"IOB":[177,180,182,183,184,185,184,183,182,180,177,174,171,167,164,160,157,154,151,148,146,143,141,139,137,135,133,131,129,128,126,125,124,123,121,120,119,118,118,117,116,115,115,114,114,113,113,112],"ZT":[177,172,167,162,156,151,146,141,137,132,127,123,119,115,111,108,104,101,98,96,93,91,89,87,85,84,83,82,81,80,80,80,80,80,80,80,81,81,82,83,83],"COB":[177,180,182,184,186,187,187,187,187,186,185,184,182,180,177,174,171,168,166,163,161,159,157,155,153,151,149,148,147,145,144,143,142,141,140,139,138,138,137,136,136,135,135,134,134,133],"UAM":[177,190,202,212,220,227,232,236,237,238,236,233,230,227,224,221,218,216,214,211,209,207,205,203,202,200,199,197,196,195,194,192,191,191,190,189,188,187,187,186,186,185,185,184,184,183]},"reason":"COB: 19.2, Dev: 6.7, BGI: -0.3, ISF: 2.1, CR: 11, Target: 4.5, minPredBG 9.1, minGuardBG 9.2, IOBpredBG 6.2, COBpredBG 7.4, UAMpredBG 10.2; Eventual BG 10.6 >= 4.5,  insulinReq 2.17; maxBolus 0.4. Microbolusing 0.4U. adj. req. rate: 4.85 to maxSafeBasal: 1.35, temp 1.32 < 1.35U\/hr. ","COB":19.173138321995445,"IOB":2.82,"units":0.4,"duration":30,"rate":1.35,"timestamp":"2023-12-21T18:26:28.507Z"}}