{"algorithm":"OpenAPSSMBDynamicISFPlugin","input":{"glucoseStatus":{"glucose":92,"noise":0,"delta":-2,"short_avgdelta":-2.39,"long_avgdelta":-2.2,"date":1703641909057},"currenttemp":{"temp":"absolute","duration":20,"rate":0.135,"minutesrunning":10},"iob_data":[{"iob":-0.109,"basaliob":-0.27,"bolussnooze":0,"activity":-4.0E-4,"lastBolusTime":1703638361000,"time":"2023-12-27T01:52:13.610Z","iobWithZeroTemp":{"iob":-0.109,"basaliob":-0.27,"bolussnooze":0,"activity":-4.0E-4,"lastBolusTime":1703638361000,"time":"2023-12-27T01:52:13.610Z"}},{"iob":-0.107,"basaliob":-0.257,"bolussnooze":0,"activity":-5.0E-4,"lastBolusTime":1703638361000,"time":"2023-12-27T01:57:13.610Z","iobWithZeroTemp":{"iob":-0.125,"basaliob":-0.275,"bolussnooze":0,"activity":-5.0E-4,"lastBolusTime":1703638361000,"time":"2023-12-27T01:57:13.610Z"}},{"iob":-0.104,"basaliob":-0.244,"bolussnooze":0,"activity":-5.0E-4,"lastBolusTime":1703638361000,"time":"2023-12-27T02:02:13.610Z","iobWithZeroTemp":{"iob":-0.144,"basaliob":-0.284,"bolussnooze":0,"activity":-6.0E-4,"lastBolusTime":1703638361000,"time":"2023-12-27T02:02:13.610Z"}},{"iob":-0.102,"basaliob":-0.232,"bolussnooze":0,"activity":-6.0E-4,"lastBolusTime":1703638361000,"time":"2023-12-27T02:07:13.610Z","iobWithZeroTemp":{"iob":-0.164,"basaliob":-0.294,"bolussnooze":0,"activity":-7.0E-4,"lastBolusTime":1703638361000,"time":"2023-12-27T02:07:13.610Z"}},{"iob":-0.099,"basaliob":-0.22,"bolussnooze":0,"activity":-6.0E-4,"lastBolusTime":1703638361000,"time":"2023-12-27T02:12:13.610Z","iobWithZeroTemp":{"iob":-0.183,"basaliob":-0.304,"bolussnooze":0,"activity":-8.0E-4,"lastBolusTime":1703638361000,"time":"2023-12-27T02:12:13.610Z"}},{"iob":-0.095,"basaliob":-0.208,"bolussnooze":0,"activity":-7.0E-4,"lastBolusTime":1703638361000,"time":"2023-12-27T02:17:13.610Z","iobWithZeroTemp":{"iob":-0.2,"basaliob":-0.313,"bolussnooze":0,"activity":-0.001,"lastBolusTime":1703638361000,"time":"2023-12-27T02:17:13.610Z"}},{"iob":-0.091,"basaliob":-0.196,"bolussnooze":0,"activity":-7.0E-4,"lastBolusTime":1703638361000,"time":"2023-12-27T02:22:13.610Z","iobWithZeroTemp":{"iob":-0.217,"basaliob":-0.322,"bolussnooze":0,"activity":-0.0012,"lastBolusTime":1703638361000,"time":"2023-12-27T02:22:13.610Z"}},{"iob":-0.088,"basaliob":-0.185,"bolussnooze":0,"activity":-7.0E-4,"lastBolusTime":1703638361000,"time":"2023-12-27T02:27:13.610Z","iobWithZeroTemp":{"iob":-0.234,"basaliob":-0.331,"bolussnooze":0,"activity":-0.0013,"lastBolusTime":1703638361000,"time":"2023-12-27T02:27:13.610Z"}},{"iob":-0.084,"basaliob":-0.174,"bolussnooze":0,"activity":-7.0E-4,"lastBolusTime":1703638361000,"time":"2023-12-27T02:32:13.610Z","iobWithZeroTemp":{"iob":-0.249,"basaliob":-0.339,"bolussnooze":0,"activity":-0.0014,"lastBolusTime":1703638361000,"time":"2023-12-27T02:32:13.610Z"}},{"iob":-0.081,"basaliob":-0.164,"bolussnooze":0,"activity":-7.0E-4,"lastBolusTime":1703638361000,"time":"2023-12-27T02:37:13.610Z","iobWithZeroTemp":{"iob":-0.264,"basaliob":-0.347,"bolussnooze":0,"activity":-0.0016,"lastBolusTime":1703638361000,"time":"2023-12-27T02:37:13.610Z"}},{"iob":-0.077,"basaliob":-0.154,"bolussnooze":0,"activity":-7.0E-4,"lastBolusTime":1703638361000,"time":"2023-12-27T02:42:13.610Z","iobWithZeroTemp":{"iob":-0.278,"basaliob":-0.355,"bolussnooze":0,"activity":-0.0017,"lastBolusTime":1703638361000,"time":"2023-12-27T02:42:13.610Z"}},{"iob":-0.073,"basaliob":-0.144,"bolussnooze":0,"activity":-8.0E-4,"lastBolusTime":1703638361000,"time":"2023-12-27T02:47:13.610Z","iobWithZeroTemp":{"iob":-0.291,"basaliob":-0.362,"bolussnooze":0,"activity":-0.002,"lastBolusTime":1703638361000,"time":"2023-12-27T02:47:13.610Z"}},{"iob":-0.069,"basaliob":-0.135,"bolussnooze":0,"activity":-8.0E-4,"lastBolusTime":1703638361000,"time":"2023-12-27T02:52:13.610Z","iobWithZeroTemp":{"iob":-0.303,"basaliob":-0.369,"bolussnooze":0,"activity":-0.0021,"lastBolusTime":1703638361000,"time":"2023-12-27T02:52:13.610Z"}},{"iob":-0.065,"basaliob":-0.126,"bolussnooze":0,"activity":-7.0E-4,"lastBolusTime":1703638361000,"time":"2023-12-27T02:57:13.610Z","iobWithZeroTemp":{"iob":-0.315,"basaliob":-0.376,"bolussnooze":0,"activity":-0.0022,"lastBolusTime":1703638361000,"time":"2023-12-27T02:57:13.610Z"}},{"iob":-0.062,"basaliob":-0.118,"bolussnooze":0,"activity":-7.0E-4,"lastBolusTime":1703638361000,"time":"2023-12-27T03:02:13.610Z","iobWithZeroTemp":{"iob":-0.326,"basaliob":-0.382,"bolussnooze":0,"activity":-0.0023,"lastBolusTime":1703638361000,"time":"2023-12-27T03:02:13.610Z"}},{"iob":-0.058,"basaliob":-0.11,"bolussnooze":0,"activity":-7.0E-4,"lastBolusTime":1703638361000,"time":"2023-12-27T03:07:13.610Z","iobWithZeroTemp":{"iob":-0.339,"basaliob":-0.391,"bolussnooze":0,"activity":-0.0025,"lastBolusTime":1703638361000,"time":"2023-12-27T03:07:13.610Z"}},{"iob":-0.055,"basaliob":-0.103,"bolussnooze":0,"activity":-6.0E-4,"lastBolusTime":1703638361000,"time":"2023-12-27T03:12:13.610Z","iobWithZeroTemp":{"iob":-0.351,"basaliob":-0.399,"bolussnooze":0,"activity":-0.0025,"lastBolusTime":1703638361000,"time":"2023-12-27T03:12:13.610Z"}},{"iob":-0.052,"basaliob":-0.096,"bolussnooze":0,"activity":-7.0E-4,"lastBolusTime":1703638361000,"time":"2023-12-27T03:17:13.610Z","iobWithZeroTemp":{"iob":-0.363,"basaliob":-0.407,"bolussnooze":0,"activity":-0.0028,"lastBolusTime":1703638361000,"time":"2023-12-27T03:17:13.610Z"}},{"iob":-0.048,"basaliob":-0.089,"bolussnooze":0,"activity":-6.0E-4,"lastBolusTime":1703638361000,"time":"2023-12-27T03:22:13.610Z","iobWithZeroTemp":{"iob":-0.373,"basaliob":-0.414,"bolussnooze":0,"activity":-0.0028,"lastBolusTime":1703638361000,"time":"2023-12-27T03:22:13.610Z"}},{"iob":-0.046,"basaliob":-0.083,"bolussnooze":0,"activity":-6.0E-4,"lastBolusTime":1703638361000,"time":"2023-12-27T03:27:13.610Z","iobWithZeroTemp":{"iob":-0.387,"basaliob":-0.424,"bolussnooze":0,"activity":-0.003,"lastBolusTime":1703638361000,"time":"2023-12-27T03:27:13.610Z"}},{"iob":-0.043,"basaliob":-0.077,"bolussnooze":0,"activity":-5.0E-4,"lastBolusTime":1703638361000,"time":"2023-12-27T03:32:13.610Z","iobWithZeroTemp":{"iob":-0.396,"basaliob":-0.43,"bolussnooze":0,"activity":-0.003,"lastBolusTime":1703638361000,"time":"2023-12-27T03:32:13.610Z"}},{"iob":-0.04,"basaliob":-0.072,"bolussnooze":0,"activity":-6.0E-4,"lastBolusTime":1703638361000,"time":"2023-12-27T03:37:13.610Z","iobWithZeroTemp":{"iob":-0.405,"basaliob":-0.437,"bolussnooze":0,"activity":-0.0033,"lastBolusTime":1703638361000,"time":"2023-12-27T03:37:13.610Z"}},{"iob":-0.038,"basaliob":-0.067,"bolussnooze":0,"activity":-5.0E-4,"lastBolusTime":1703638361000,"time":"2023-12-27T03:42:13.610Z","iobWithZeroTemp":{"iob":-0.415,"basaliob":-0.444,"bolussnooze":0,"activity":-0.0033,"lastBolusTime":1703638361000,"time":"2023-12-27T03:42:13.610Z"}},{"iob":-0.035,"basaliob":-0.062,"bolussnooze":0,"activity":-4.0E-4,"lastBolusTime":1703638361000,"time":"2023-12-27T03:47:13.610Z","iobWithZeroTemp":{"iob":-0.422,"basaliob":-0.449,"bolussnooze":0,"activity":-0.0033,"lastBolusTime":1703638361000,"time":"2023-12-27T03:47:13.610Z"}},{"iob":-0.033,"basaliob":-0.057,"bolussnooze":0,"activity":-5.0E-4,"lastBolusTime":1703638361000,"time":"2023-12-27T03:52:13.610Z","iobWithZeroTemp":{"iob":-0.43,"basaliob":-0.454,"bolussnooze":0,"activity":-0.0036,"lastBolusTime":1703638361000,"time":"2023-12-27T03:52:13.610Z"}},{"iob":-0.031,"basaliob":-0.053,"bolussnooze":0,"activity":-4.0E-4,"lastBolusTime":1703638361000,"time":"2023-12-27T03:57:13.610Z","iobWithZeroTemp":{"iob":-0.437,"basaliob":-0.459,"bolussnooze":0,"activity":-0.0036,"lastBolusTime":1703638361000,"time":"2023-12-27T03:57:13.610Z"}},{"iob":-0.029,"basaliob":-0.049,"bolussnooze":0,"activity":-4.0E-4,"lastBolusTime":1703638361000,"time":"2023-12-27T04:02:13.610Z","iobWithZeroTemp":{"iob":-0.444,"basaliob":-0.464,"bolussnooze":0,"activity":-0.0037,"lastBolusTime":1703638361000,"time":"2023-12-27T04:02:13.610Z"}},{"iob":-0.027,"basaliob":-0.046,"bolussnooze":0,"activity":-4.0E-4,"lastBolusTime":1703638361000,"time":"2023-12-27T04:07:13.610Z","iobWithZeroTemp":{"iob":-0.459,"basaliob":-0.478,"bolussnooze":0,"activity":-0.0038,"lastBolusTime":1703638361000,"time":"2023-12-27T04:07:13.610Z"}},{"iob":-0.025,"basaliob":-0.042,"bolussnooze":0,"activity":-4.0E-4,"lastBolusTime":1703638361000,"time":"2023-12-27T04:12:13.610Z","iobWithZeroTemp":{"iob":-0.473,"basaliob":-0.49,"bolussnooze":0,"activity":-0.0039,"lastBolusTime":1703638361000,"time":"2023-12-27T04:12:13.610Z"}},{"iob":-0.023,"basaliob":-0.039,"bolussnooze":0,"activity":-3.0E-4,"lastBolusTime":1703638361000,"time":"2023-12-27T04:17:13.610Z","iobWithZeroTemp":{"iob":-0.486,"basaliob":-0.502,"bolussnooze":0,"activity":-0.004,"lastBolusTime":1703638361000,"time":"2023-12-27T04:17:13.610Z"}},{"iob":-0.022,"basaliob":-0.036,"bolussnooze":0,"activity":-3.0E-4,"lastBolusTime":1703638361000,"time":"2023-12-27T04:22:13.610Z","iobWithZeroTemp":{"iob":-0.5,"basaliob":-0.514,"bolussnooze":0,"activity":-0.0041,"lastBolusTime":1703638361000,"time":"2023-12-27T04:22:13.610Z"}},{"iob":-0.02,"basaliob":-0.033,"bolussnooze":0,"activity":-3.0E-4,"lastBolusTime":1703638361000,"time":"2023-12-27T04:27:13.610Z","iobWithZeroTemp":{"iob":-0.512,"basaliob":-0.525,"bolussnooze":0,"activity":-0.0042,"lastBolusTime":1703638361000,"time":"2023-12-27T04:27:13.610Z"}},{"iob":-0.018,"basaliob":-0.03,"bolussnooze":0,"activity":-3.0E-4,"lastBolusTime":1703638361000,"time":"2023-12-27T04:32:13.610Z","iobWithZeroTemp":{"iob":-0.523,"basaliob":-0.535,"bolussnooze":0,"activity":-0.0043,"lastBolusTime":1703638361000,"time":"2023-12-27T04:32:13.610Z"}},{"iob":-0.017,"basaliob":-0.028,"bolussnooze":0,"activity":-3.0E-4,"lastBolusTime":1703638361000,"time":"2023-12-27T04:37:13.610Z","iobWithZeroTemp":{"iob":-0.535,"basaliob":-0.546,"bolussnooze":0,"activity":-0.0045,"lastBolusTime":1703638361000,"time":"2023-12-27T04:37:13.610Z"}},{"iob":-0.016,"basaliob":-0.026,"bolussnooze":0,"activity":-2.0E-4,"lastBolusTime":1703638361000,"time":"2023-12-27T04:42:13.610Z","iobWithZeroTemp":{"iob":-0.546,"basaliob":-0.556,"bolussnooze":0,"activity":-0.0045,"lastBolusTime":1703638361000,"time":"2023-12-27T04:42:13.610Z"}},{"iob":-0.015,"basaliob":-0.024,"bolussnooze":0,"activity":-2.0E-4,"lastBolusTime":1703638361000,"time":"2023-12-27T04:47:13.610Z","iobWithZeroTemp":{"iob":-0.563,"basaliob":-0.572,"bolussnooze":0,"activity":-0.0047,"lastBolusTime":1703638361000,"time":"2023-12-27T04:47:13.610Z"}},{"iob":-0.014,"basaliob":-0.022,"bolussnooze":0,"activity":-2.0E-4,"lastBolusTime":1703638361000,"time":"2023-12-27T04:52:13.610Z","iobWithZeroTemp":{"iob":-0.573,"basaliob":-0.581,"bolussnooze":0,"activity":-0.0048,"lastBolusTime":1703638361000,"time":"2023-12-27T04:52:13.610Z"}},{"iob":-0.013,"basaliob":-0.02,"bolussnooze":0,"activity":-2.0E-4,"lastBolusTime":1703638361000,"time":"2023-12-27T04:57:13.610Z","iobWithZeroTemp":{"iob":-0.582,"basaliob":-0.589,"bolussnooze":0,"activity":-0.0049,"lastBolusTime":1703638361000,"time":"2023-12-27T04:57:13.610Z"}},{"iob":-0.011,"basaliob":-0.018,"bolussnooze":0,"activity":-2.0E-4,"lastBolusTime":1703638361000,"time":"2023-12-27T05:02:13.610Z","iobWithZeroTemp":{"iob":-0.589,"basaliob":-0.596,"bolussnooze":0,"activity":-0.005,"lastBolusTime":1703638361000,"time":"2023-12-27T05:02:13.610Z"}},{"iob":-0.011,"basaliob":-0.017,"bolussnooze":0,"activity":-2.0E-4,"lastBolusTime":1703638361000,"time":"2023-12-27T05:07:13.610Z","iobWithZeroTemp":{"iob":-0.598,"basaliob":-0.604,"bolussnooze":0,"activity":-0.0051,"lastBolusTime":1703638361000,"time":"2023-12-27T05:07:13.610Z"}},{"iob":-0.011,"basaliob":-0.016,"bolussnooze":0,"activity":-2.0E-4,"lastBolusTime":1703638361000,"time":"2023-12-27T05:12:13.610Z","iobWithZeroTemp":{"iob":-0.606,"basaliob":-0.611,"bolussnooze":0,"activity":-0.0052,"lastBolusTime":1703638361000,"time":"2023-12-27T05:12:13.610Z"}},{"iob":-0.009,"basaliob":-0.014,"bolussnooze":0,"activity":-2.0E-4,"lastBolusTime":1703638361000,"time":"2023-12-27T05:17:13.610Z","iobWithZeroTemp":{"iob":-0.612,"basaliob":-0.617,"bolussnooze":0,"activity":-0.0053,"lastBolusTime":1703638361000,"time":"2023-12-27T05:17:13.610Z"}},{"iob":-0.009,"basaliob":-0.013,"bolussnooze":0,"activity":-1.0E-4,"lastBolusTime":1703638361000,"time":"2023-12-27T05:22:13.610Z","iobWithZeroTemp":{"iob":-0.62,"basaliob":-0.624,"bolussnooze":0,"activity":-0.0053,"lastBolusTime":1703638361000,"time":"2023-12-27T05:22:13.610Z"}},{"iob":-0.008,"basaliob":-0.012,"bolussnooze":0,"activity":-1.0E-4,"lastBolusTime":1703638361000,"time":"2023-12-27T05:27:13.610Z","iobWithZeroTemp":{"iob":-0.625,"basaliob":-0.629,"bolussnooze":0,"activity":-0.0054,"lastBolusTime":1703638361000,"time":"2023-12-27T05:27:13.610Z"}},{"iob":-0.007,"basaliob":-0.011,"bolussnooze":0,"activity":-1.0E-4,"lastBolusTime":1703638361000,"time":"2023-12-27T05:32:13.610Z","iobWithZeroTemp":{"iob":-0.631,"basaliob":-0.635,"bolussnooze":0,"activity":-0.0055,"lastBolusTime":1703638361000,"time":"2023-12-27T05:32:13.610Z"}},{"iob":-0.007,"basaliob":-0.01,"bolussnooze":0,"activity":-1.0E-4,"lastBolusTime":1703638361000,"time":"2023-12-27T05:37:13.610Z","iobWithZeroTemp":{"iob":-0.637,"basaliob":-0.64,"bolussnooze":0,"activity":-0.0056,"lastBolusTime":1703638361000,"time":"2023-12-27T05:37:13.610Z"}},{"iob":-0.006,"basaliob":-0.009,"bolussnooze":0,"activity":-1.0E-4,"lastBolusTime":1703638361000,"time":"2023-12-27T05:42:13.610Z","iobWithZeroTemp":{"iob":-0.642,"basaliob":-0.645,"bolussnooze":0,"activity":-0.0057,"lastBolusTime":1703638361000,"time":"2023-12-27T05:42:13.610Z"}},{"iob":-0.005,"basaliob":-0.008,"bolussnooze":0,"activity":-1.0E-4,"lastBolusTime":1703638361000,"time":"2023-12-27T05:47:13.610Z","iobWithZeroTemp":{"iob":-0.646,"basaliob":-0.649,"bolussnooze":0,"activity":-0.0058,"lastBolusTime":1703638361000,"time":"2023-12-27T05:47:13.610Z"}}],"profile":{"max_iob":7,"type":"current","max_daily_basal":0.45,"max_basal":1.08,"min_bg":106.2,"max_bg":106.2,"target_bg":106.2,"carb_ratio":11,"sens":369,"max_daily_safety_multiplier":3,"current_basal_safety_multiplier":4,"lgsThreshold":65,"high_temptarget_raises_sensitivity":false,"low_temptarget_lowers_sensitivity":false,"sensitivity_raises_target":true,"resistance_lowers_target":true,"adv_target_adjustments":false,"exercise_mode":false,"half_basal_exercise_target":160,"maxCOB":120,"skip_neutral_temps":false,"remainingCarbsCap":90,"enableUAM":true,"A52_risk_enable":false,"SMBInterval":4,"enableSMB_with_COB":true,"enableSMB_with_temptarget":false,"allowSMB_with_high_temptarget":true,"enableSMB_always":true,"enableSMB_after_carbs":false,"maxSMBBasalMinutes":60,"maxUAMSMBBasalMinutes":60,"bolus_increment":0.05,"carbsReqThreshold":10,"current_basal":0.27,"temptargetSet":false,"autosens_max":1.2,"autosens_min":0.8,"out_units":"mmol\/L","variable_sens":224.1,"insulinDivisor":65,"TDD":9.106425858333335},"autosens_data":{"ratio":0.9256959617018896},"meal_data":{"carbs":0,"mealCOB":0,"slopeFromMaxDeviation":-0.5681818181818182,"slopeFromMinDeviation":0.14900000000000002,"lastBolusTime":1703638361000,"lastCarbTime":0},"microBolusAllowed":true,"currentTime":1703641935683,"flatBGsDetected":false,"tdd1D":30.685750000000006,"tdd7D":32.38752380952381,"tddLast24H":29.980999999999995,"tddLast4H":1.8140000000000005,"tddLast8to4H":3.983333333333333},"output":{"temp":"absolute","bg":92,"tick":-2,"eventualBG":100,"targetBG":110,"insulinReq":0,"deliverAt":"2023-12-27T01:52:15.683Z","sensitivityRatio":0.9256959617018896,"variable_sens":224.1,"predBGs":{"IOB":[92,90,88,87,85,85,84,84,84,84,84,85,86,87,87,88,89,90,90,91,92,92,93,94,94,95,95,95,96,96,97,97,97,98,98,98,98,99,99,99,99,99,100],"ZT":[92,92,93,94,94,95,96,98,99,101,102,104,106,108]},"reason":"COB: 0, Dev: -0.9, BGI: 0.0, ISF: 12.5, CR: 11, Target: 6.1, minPredBG 5.0, minGuardBG 4.7, IOBpredBG 5.6; Eventual BG 5.6 < 6.1, setting 0.07U\/hr. ","COB":0,"IOB":-0.109,"duration":30,"rate":0.06993790965951022,"timestamp":"2023-12-27T01:52:15.707Z"}}