{"algorithm":"OpenAPSSMBDynamicISFPlugin","input":{"glucoseStatus":{"glucose":154,"noise":0,"delta":4,"short_avgdelta":2.72,"long_avgdelta":2.45,"date":1703606212163},"currenttemp":{"temp":"absolute","duration":59,"rate":0,"minutesrunning":61},"iob_data":[{"iob":1.78,"basaliob":-0.691,"bolussnooze":0.1854,"activity":0.0252,"lastBolusTime":1703604443000,"time":"2023-12-26T15:58:51.832Z","iobWithZeroTemp":{"iob":1.78,"basaliob":-0.691,"bolussnooze":0.1854,"activity":0.0252,"lastBolusTime":1703604443000,"time":"2023-12-26T15:58:51.832Z"}},{"iob":1.657,"basaliob":-0.659,"bolussnooze":0.1568,"activity":0.0237,"lastBolusTime":1703604443000,"time":"2023-12-26T16:03:51.832Z","iobWithZeroTemp":{"iob":1.63,"basaliob":-0.686,"bolussnooze":0.1568,"activity":0.0237,"lastBolusTime":1703604443000,"time":"2023-12-26T16:03:51.832Z"}},{"iob":1.542,"basaliob":-0.627,"bolussnooze":0.1323,"activity":0.0223,"lastBolusTime":1703604443000,"time":"2023-12-26T16:08:51.832Z","iobWithZeroTemp":{"iob":1.482,"basaliob":-0.687,"bolussnooze":0.1323,"activity":0.0222,"lastBolusTime":1703604443000,"time":"2023-12-26T16:08:51.832Z"}},{"iob":1.434,"basaliob":-0.595,"bolussnooze":0.1113,"activity":0.021,"lastBolusTime":1703604443000,"time":"2023-12-26T16:13:51.832Z","iobWithZeroTemp":{"iob":1.342,"basaliob":-0.687,"bolussnooze":0.1113,"activity":0.0208,"lastBolusTime":1703604443000,"time":"2023-12-26T16:13:51.832Z"}},{"iob":1.332,"basaliob":-0.564,"bolussnooze":0.0933,"activity":0.0197,"lastBolusTime":1703604443000,"time":"2023-12-26T16:18:51.832Z","iobWithZeroTemp":{"iob":1.207,"basaliob":-0.689,"bolussnooze":0.0933,"activity":0.0194,"lastBolusTime":1703604443000,"time":"2023-12-26T16:18:51.832Z"}},{"iob":1.237,"basaliob":-0.533,"bolussnooze":0.078,"activity":0.0185,"lastBolusTime":1703604443000,"time":"2023-12-26T16:23:51.832Z","iobWithZeroTemp":{"iob":1.081,"basaliob":-0.689,"bolussnooze":0.078,"activity":0.018,"lastBolusTime":1703604443000,"time":"2023-12-26T16:23:51.832Z"}},{"iob":1.148,"basaliob":-0.503,"bolussnooze":0.065,"activity":0.0173,"lastBolusTime":1703604443000,"time":"2023-12-26T16:28:51.832Z","iobWithZeroTemp":{"iob":0.962,"basaliob":-0.689,"bolussnooze":0.065,"activity":0.0166,"lastBolusTime":1703604443000,"time":"2023-12-26T16:28:51.832Z"}},{"iob":1.063,"basaliob":-0.475,"bolussnooze":0.054,"activity":0.0162,"lastBolusTime":1703604443000,"time":"2023-12-26T16:33:51.832Z","iobWithZeroTemp":{"iob":0.847,"basaliob":-0.691,"bolussnooze":0.054,"activity":0.0153,"lastBolusTime":1703604443000,"time":"2023-12-26T16:33:51.832Z"}},{"iob":0.985,"basaliob":-0.447,"bolussnooze":0.0447,"activity":0.0152,"lastBolusTime":1703604443000,"time":"2023-12-26T16:38:51.832Z","iobWithZeroTemp":{"iob":0.741,"basaliob":-0.691,"bolussnooze":0.0447,"activity":0.0141,"lastBolusTime":1703604443000,"time":"2023-12-26T16:38:51.832Z"}},{"iob":0.913,"basaliob":-0.42,"bolussnooze":0.0368,"activity":0.0142,"lastBolusTime":1703604443000,"time":"2023-12-26T16:43:51.832Z","iobWithZeroTemp":{"iob":0.641,"basaliob":-0.692,"bolussnooze":0.0368,"activity":0.0129,"lastBolusTime":1703604443000,"time":"2023-12-26T16:43:51.832Z"}},{"iob":0.844,"basaliob":-0.395,"bolussnooze":0.0303,"activity":0.0132,"lastBolusTime":1703604443000,"time":"2023-12-26T16:48:51.832Z","iobWithZeroTemp":{"iob":0.546,"basaliob":-0.693,"bolussnooze":0.0303,"activity":0.0117,"lastBolusTime":1703604443000,"time":"2023-12-26T16:48:51.832Z"}},{"iob":0.779,"basaliob":-0.371,"bolussnooze":0.0248,"activity":0.0123,"lastBolusTime":1703604443000,"time":"2023-12-26T16:53:51.832Z","iobWithZeroTemp":{"iob":0.456,"basaliob":-0.694,"bolussnooze":0.0248,"activity":0.0105,"lastBolusTime":1703604443000,"time":"2023-12-26T16:53:51.832Z"}},{"iob":0.721,"basaliob":-0.347,"bolussnooze":0.0202,"activity":0.0115,"lastBolusTime":1703604443000,"time":"2023-12-26T16:58:51.832Z","iobWithZeroTemp":{"iob":0.374,"basaliob":-0.694,"bolussnooze":0.0202,"activity":0.0095,"lastBolusTime":1703604443000,"time":"2023-12-26T16:58:51.832Z"}},{"iob":0.665,"basaliob":-0.325,"bolussnooze":0.0163,"activity":0.0107,"lastBolusTime":1703604443000,"time":"2023-12-26T17:03:51.832Z","iobWithZeroTemp":{"iob":0.295,"basaliob":-0.695,"bolussnooze":0.0163,"activity":0.0085,"lastBolusTime":1703604443000,"time":"2023-12-26T17:03:51.832Z"}},{"iob":0.613,"basaliob":-0.304,"bolussnooze":0.0132,"activity":0.0099,"lastBolusTime":1703604443000,"time":"2023-12-26T17:08:51.832Z","iobWithZeroTemp":{"iob":0.222,"basaliob":-0.695,"bolussnooze":0.0132,"activity":0.0075,"lastBolusTime":1703604443000,"time":"2023-12-26T17:08:51.832Z"}},{"iob":0.565,"basaliob":-0.284,"bolussnooze":0.0106,"activity":0.0092,"lastBolusTime":1703604443000,"time":"2023-12-26T17:13:51.832Z","iobWithZeroTemp":{"iob":0.153,"basaliob":-0.696,"bolussnooze":0.0106,"activity":0.0065,"lastBolusTime":1703604443000,"time":"2023-12-26T17:13:51.832Z"}},{"iob":0.521,"basaliob":-0.265,"bolussnooze":0.0084,"activity":0.0086,"lastBolusTime":1703604443000,"time":"2023-12-26T17:18:51.832Z","iobWithZeroTemp":{"iob":0.09,"basaliob":-0.696,"bolussnooze":0.0084,"activity":0.0057,"lastBolusTime":1703604443000,"time":"2023-12-26T17:18:51.832Z"}},{"iob":0.48,"basaliob":-0.247,"bolussnooze":0.0067,"activity":0.0079,"lastBolusTime":1703604443000,"time":"2023-12-26T17:23:51.832Z","iobWithZeroTemp":{"iob":0.03,"basaliob":-0.697,"bolussnooze":0.0067,"activity":0.0048,"lastBolusTime":1703604443000,"time":"2023-12-26T17:23:51.832Z"}},{"iob":0.441,"basaliob":-0.23,"bolussnooze":0.0052,"activity":0.0074,"lastBolusTime":1703604443000,"time":"2023-12-26T17:28:51.832Z","iobWithZeroTemp":{"iob":-0.026,"basaliob":-0.697,"bolussnooze":0.0052,"activity":0.0041,"lastBolusTime":1703604443000,"time":"2023-12-26T17:28:51.832Z"}},{"iob":0.406,"basaliob":-0.214,"bolussnooze":0.0041,"activity":0.0068,"lastBolusTime":1703604443000,"time":"2023-12-26T17:33:51.832Z","iobWithZeroTemp":{"iob":-0.078,"basaliob":-0.698,"bolussnooze":0.0041,"activity":0.0033,"lastBolusTime":1703604443000,"time":"2023-12-26T17:33:51.832Z"}},{"iob":0.373,"basaliob":-0.199,"bolussnooze":0.0031,"activity":0.0064,"lastBolusTime":1703604443000,"time":"2023-12-26T17:38:51.832Z","iobWithZeroTemp":{"iob":-0.126,"basaliob":-0.698,"bolussnooze":0.0031,"activity":0.0027,"lastBolusTime":1703604443000,"time":"2023-12-26T17:38:51.832Z"}},{"iob":0.342,"basaliob":-0.185,"bolussnooze":0.0024,"activity":0.0059,"lastBolusTime":1703604443000,"time":"2023-12-26T17:43:51.832Z","iobWithZeroTemp":{"iob":-0.172,"basaliob":-0.699,"bolussnooze":0.0024,"activity":0.002,"lastBolusTime":1703604443000,"time":"2023-12-26T17:43:51.832Z"}},{"iob":0.314,"basaliob":-0.172,"bolussnooze":0.0018,"activity":0.0054,"lastBolusTime":1703604443000,"time":"2023-12-26T17:48:51.832Z","iobWithZeroTemp":{"iob":-0.213,"basaliob":-0.699,"bolussnooze":0.0018,"activity":0.0014,"lastBolusTime":1703604443000,"time":"2023-12-26T17:48:51.832Z"}},{"iob":0.287,"basaliob":-0.16,"bolussnooze":0.0013,"activity":0.005,"lastBolusTime":1703604443000,"time":"2023-12-26T17:53:51.832Z","iobWithZeroTemp":{"iob":-0.253,"basaliob":-0.7,"bolussnooze":0.0013,"activity":8.0E-4,"lastBolusTime":1703604443000,"time":"2023-12-26T17:53:51.832Z"}},{"iob":0.264,"basaliob":-0.148,"bolussnooze":0.001,"activity":0.0046,"lastBolusTime":1703604443000,"time":"2023-12-26T17:58:51.832Z","iobWithZeroTemp":{"iob":-0.288,"basaliob":-0.7,"bolussnooze":0.001,"activity":3.0E-4,"lastBolusTime":1703604443000,"time":"2023-12-26T17:58:51.832Z"}},{"iob":0.241,"basaliob":-0.137,"bolussnooze":7.0E-4,"activity":0.0043,"lastBolusTime":1703604443000,"time":"2023-12-26T18:03:51.832Z","iobWithZeroTemp":{"iob":-0.322,"basaliob":-0.7,"bolussnooze":7.0E-4,"activity":-2.0E-4,"lastBolusTime":1703604443000,"time":"2023-12-26T18:03:51.832Z"}},{"iob":0.221,"basaliob":-0.127,"bolussnooze":5.0E-4,"activity":0.0039,"lastBolusTime":1703604443000,"time":"2023-12-26T18:08:51.832Z","iobWithZeroTemp":{"iob":-0.353,"basaliob":-0.701,"bolussnooze":5.0E-4,"activity":-7.0E-4,"lastBolusTime":1703604443000,"time":"2023-12-26T18:08:51.832Z"}},{"iob":0.202,"basaliob":-0.117,"bolussnooze":3.0E-4,"activity":0.0037,"lastBolusTime":1703604443000,"time":"2023-12-26T18:13:51.832Z","iobWithZeroTemp":{"iob":-0.382,"basaliob":-0.701,"bolussnooze":3.0E-4,"activity":-0.0011,"lastBolusTime":1703604443000,"time":"2023-12-26T18:13:51.832Z"}},{"iob":0.184,"basaliob":-0.109,"bolussnooze":2.0E-4,"activity":0.0034,"lastBolusTime":1703604443000,"time":"2023-12-26T18:18:51.832Z","iobWithZeroTemp":{"iob":-0.409,"basaliob":-0.702,"bolussnooze":2.0E-4,"activity":-0.0015,"lastBolusTime":1703604443000,"time":"2023-12-26T18:18:51.832Z"}},{"iob":0.168,"basaliob":-0.1,"bolussnooze":1.0E-4,"activity":0.0031,"lastBolusTime":1703604443000,"time":"2023-12-26T18:23:51.832Z","iobWithZeroTemp":{"iob":-0.433,"basaliob":-0.701,"bolussnooze":1.0E-4,"activity":-0.0019,"lastBolusTime":1703604443000,"time":"2023-12-26T18:23:51.832Z"}},{"iob":0.153,"basaliob":-0.093,"bolussnooze":1.0E-4,"activity":0.0028,"lastBolusTime":1703604443000,"time":"2023-12-26T18:28:51.832Z","iobWithZeroTemp":{"iob":-0.456,"basaliob":-0.702,"bolussnooze":1.0E-4,"activity":-0.0023,"lastBolusTime":1703604443000,"time":"2023-12-26T18:28:51.832Z"}},{"iob":0.14,"basaliob":-0.085,"bolussnooze":0,"activity":0.0026,"lastBolusTime":1703604443000,"time":"2023-12-26T18:33:51.832Z","iobWithZeroTemp":{"iob":-0.477,"basaliob":-0.702,"bolussnooze":0,"activity":-0.0026,"lastBolusTime":1703604443000,"time":"2023-12-26T18:33:51.832Z"}},{"iob":0.127,"basaliob":-0.079,"bolussnooze":0,"activity":0.0024,"lastBolusTime":1703604443000,"time":"2023-12-26T18:38:51.832Z","iobWithZeroTemp":{"iob":-0.497,"basaliob":-0.703,"bolussnooze":0,"activity":-0.0029,"lastBolusTime":1703604443000,"time":"2023-12-26T18:38:51.832Z"}},{"iob":0.115,"basaliob":-0.073,"bolussnooze":0,"activity":0.0022,"lastBolusTime":1703604443000,"time":"2023-12-26T18:43:51.832Z","iobWithZeroTemp":{"iob":-0.515,"basaliob":-0.703,"bolussnooze":0,"activity":-0.0032,"lastBolusTime":1703604443000,"time":"2023-12-26T18:43:51.832Z"}},{"iob":0.105,"basaliob":-0.067,"bolussnooze":0,"activity":0.002,"lastBolusTime":1703604443000,"time":"2023-12-26T18:48:51.832Z","iobWithZeroTemp":{"iob":-0.531,"basaliob":-0.703,"bolussnooze":0,"activity":-0.0035,"lastBolusTime":1703604443000,"time":"2023-12-26T18:48:51.832Z"}},{"iob":0.096,"basaliob":-0.061,"bolussnooze":0,"activity":0.0019,"lastBolusTime":1703604443000,"time":"2023-12-26T18:53:51.832Z","iobWithZeroTemp":{"iob":-0.546,"basaliob":-0.703,"bolussnooze":0,"activity":-0.0037,"lastBolusTime":1703604443000,"time":"2023-12-26T18:53:51.832Z"}},{"iob":0.087,"basaliob":-0.056,"bolussnooze":0,"activity":0.0017,"lastBolusTime":1703604443000,"time":"2023-12-26T18:58:51.832Z","iobWithZeroTemp":{"iob":-0.56,"basaliob":-0.703,"bolussnooze":0,"activity":-0.004,"lastBolusTime":1703604443000,"time":"2023-12-26T18:58:51.832Z"}},{"iob":0.078,"basaliob":-0.052,"bolussnooze":0,"activity":0.0015,"lastBolusTime":1703604443000,"time":"2023-12-26T19:03:51.832Z","iobWithZeroTemp":{"iob":-0.573,"basaliob":-0.703,"bolussnooze":0,"activity":-0.0043,"lastBolusTime":1703604443000,"time":"2023-12-26T19:03:51.832Z"}},{"iob":0.07,"basaliob":-0.048,"bolussnooze":0,"activity":0.0014,"lastBolusTime":1703604443000,"time":"2023-12-26T19:08:51.832Z","iobWithZeroTemp":{"iob":-0.586,"basaliob":-0.704,"bolussnooze":0,"activity":-0.0044,"lastBolusTime":1703604443000,"time":"2023-12-26T19:08:51.832Z"}},{"iob":0.064,"basaliob":-0.044,"bolussnooze":0,"activity":0.0013,"lastBolusTime":1703604443000,"time":"2023-12-26T19:13:51.832Z","iobWithZeroTemp":{"iob":-0.596,"basaliob":-0.704,"bolussnooze":0,"activity":-0.0046,"lastBolusTime":1703604443000,"time":"2023-12-26T19:13:51.832Z"}},{"iob":0.058,"basaliob":-0.04,"bolussnooze":0,"activity":0.0012,"lastBolusTime":1703604443000,"time":"2023-12-26T19:18:51.832Z","iobWithZeroTemp":{"iob":-0.606,"basaliob":-0.704,"bolussnooze":0,"activity":-0.0047,"lastBolusTime":1703604443000,"time":"2023-12-26T19:18:51.832Z"}},{"iob":0.053,"basaliob":-0.036,"bolussnooze":0,"activity":0.0011,"lastBolusTime":1703604443000,"time":"2023-12-26T19:23:51.832Z","iobWithZeroTemp":{"iob":-0.614,"basaliob":-0.703,"bolussnooze":0,"activity":-0.0049,"lastBolusTime":1703604443000,"time":"2023-12-26T19:23:51.832Z"}},{"iob":0.048,"basaliob":-0.033,"bolussnooze":0,"activity":0.001,"lastBolusTime":1703604443000,"time":"2023-12-26T19:28:51.832Z","iobWithZeroTemp":{"iob":-0.622,"basaliob":-0.703,"bolussnooze":0,"activity":-0.0051,"lastBolusTime":1703604443000,"time":"2023-12-26T19:28:51.832Z"}},{"iob":0.043,"basaliob":-0.03,"bolussnooze":0,"activity":0.001,"lastBolusTime":1703604443000,"time":"2023-12-26T19:33:51.832Z","iobWithZeroTemp":{"iob":-0.63,"basaliob":-0.703,"bolussnooze":0,"activity":-0.0051,"lastBolusTime":1703604443000,"time":"2023-12-26T19:33:51.832Z"}},{"iob":0.038,"basaliob":-0.028,"bolussnooze":0,"activity":8.0E-4,"lastBolusTime":1703604443000,"time":"2023-12-26T19:38:51.832Z","iobWithZeroTemp":{"iob":-0.638,"basaliob":-0.704,"bolussnooze":0,"activity":-0.0053,"lastBolusTime":1703604443000,"time":"2023-12-26T19:38:51.832Z"}},{"iob":0.035,"basaliob":-0.025,"bolussnooze":0,"activity":7.0E-4,"lastBolusTime":1703604443000,"time":"2023-12-26T19:43:51.832Z","iobWithZeroTemp":{"iob":-0.643,"basaliob":-0.703,"bolussnooze":0,"activity":-0.0055,"lastBolusTime":1703604443000,"time":"2023-12-26T19:43:51.832Z"}},{"iob":0.031,"basaliob":-0.023,"bolussnooze":0,"activity":7.0E-4,"lastBolusTime":1703604443000,"time":"2023-12-26T19:48:51.832Z","iobWithZeroTemp":{"iob":-0.65,"basaliob":-0.704,"bolussnooze":0,"activity":-0.0055,"lastBolusTime":1703604443000,"time":"2023-12-26T19:48:51.832Z"}},{"iob":0.028,"basaliob":-0.021,"bolussnooze":0,"activity":6.0E-4,"lastBolusTime":1703604443000,"time":"2023-12-26T19:53:51.832Z","iobWithZeroTemp":{"iob":-0.655,"basaliob":-0.704,"bolussnooze":0,"activity":-0.0057,"lastBolusTime":1703604443000,"time":"2023-12-26T19:53:51.832Z"}}],"profile":{"max_iob":7,"type":"current","max_daily_basal":0.45,"max_basal":1.35,"min_bg":81.0000000000001,"max_bg":81.0000000000001,"target_bg":81.0000000000001,"carb_ratio":11,"sens":352.8,"max_daily_safety_multiplier":3,"current_basal_safety_multiplier":4,"lgsThreshold":65,"high_temptarget_raises_sensitivity":false,"low_temptarget_lowers_sensitivity":false,"sensitivity_raises_target":true,"resistance_lowers_target":true,"adv_target_adjustments":false,"exercise_mode":false,"half_basal_exercise_target":160,"maxCOB":120,"skip_neutral_temps":false,"remainingCarbsCap":90,"enableUAM":true,"A52_risk_enable":false,"SMBInterval":4,"enableSMB_with_COB":true,"enableSMB_with_temptarget":false,"allowSMB_with_high_temptarget":true,"enableSMB_always":true,"enableSMB_after_carbs":false,"maxSMBBasalMinutes":60,"maxUAMSMBBasalMinutes":60,"bolus_increment":0.05,"carbsReqThreshold":10,"current_basal":0.4,"temptargetSet":true,"autosens_max":1.2,"autosens_min":0.8,"out_units":"mmol\/L","variable_sens":114.7,"insulinDivisor":65,"TDD":12.924497625},"autosens_data":{"ratio":1.1663837467242564},"meal_data":{"carbs":75,"mealCOB":35.691590702947835,"slopeFromMaxDeviation":-3.355333333333333,"slopeFromMinDeviation":0,"lastBolusTime":1703604443000,"lastCarbTime":1703605833000},"microBolusAllowed":true,"currentTime":1703606333458,"flatBGsDetected":false,"tdd1D":33.75158333333334,"tdd7D":31.95839285714286,"tddLast24H":37.27575,"tddLast4H":7.510000000000002,"tddLast8to4H":7.6000000000000005},"output":{"temp":"absolute","bg":154,"tick":"+4","eventualBG":310,"targetBG":81.0000000000001,"insulinReq":0,"deliverAt":"2023-12-26T15:58:53.458Z","sensitivityRatio":1.1663837467242564,"variable_sens":114.7,"predBGs":{"IOB":[154,155,156,156,156,155,153,150,146,142,136,129,121,114,106,99,92,86,79,73,66,60,54,47,41,39],"ZT":[154,140,125,111,96,81,66,49,39,39,39,39,39,39,39,39,39,39,39,39,39,39,39,39,39,39,39,39,39,39,39,39,39,39,39,39,39,39,39,39,39,39,39,39,39,39,39,39],"COB":[154,157,160,163,168,173,178,184,190,196,203,210,218,226,234,242,251,259,267,275,282,288,294,300,304,309,312,315,318,320,321,321,321,320,319,318,317,316,315,314,313,313,312,311,311,310],"UAM":[154,153,150,144,136,124,112,100,88,75,62,49,39]},"reason":"COB: 35.7, Dev: 5.7, BGI: -0.8, ISF: 6.4, CR: 11, Target: 4.5, minPredBG 2.9, minGuardBG -1.1, IOBpredBG 2.2, COBpredBG 17.2, UAMpredBG 2.2; minGuardBG -1.1<3.6","COB":35.691590702947835,"IOB":1.78,"duration":120,"rate":0,"timestamp":"2023-12-26T15:58:53.483Z"}}