{"algorithm":"OpenAPSSMBDynamicISFPlugin","input":{"glucoseStatus":{"glucose":87,"noise":0,"delta":-10,"short_avgdelta":-12.61,"long_avgdelta":-17.67,"date":1703520109073},"currenttemp":{"temp":"absolute","duration":8,"rate":0,"minutesrunning":52},"iob_data":[{"iob":2.278,"basaliob":-0.541,"bolussnooze":0.5441,"activity":0.0241,"lastBolusTime":1703518050000,"time":"2023-12-25T16:02:11.810Z","iobWithZeroTemp":{"iob":2.278,"basaliob":-0.541,"bolussnooze":0.5441,"activity":0.0241,"lastBolusTime":1703518050000,"time":"2023-12-25T16:02:11.810Z"}},{"iob":2.159,"basaliob":-0.519,"bolussnooze":0.4803,"activity":0.0236,"lastBolusTime":1703518050000,"time":"2023-12-25T16:07:11.810Z","iobWithZeroTemp":{"iob":2.132,"basaliob":-0.546,"bolussnooze":0.4803,"activity":0.0236,"lastBolusTime":1703518050000,"time":"2023-12-25T16:07:11.810Z"}},{"iob":2.042,"basaliob":-0.497,"bolussnooze":0.4219,"activity":0.023,"lastBolusTime":1703518050000,"time":"2023-12-25T16:12:11.810Z","iobWithZeroTemp":{"iob":1.982,"basaliob":-0.557,"bolussnooze":0.4219,"activity":0.0229,"lastBolusTime":1703518050000,"time":"2023-12-25T16:12:11.810Z"}},{"iob":1.928,"basaliob":-0.475,"bolussnooze":0.3692,"activity":0.0223,"lastBolusTime":1703518050000,"time":"2023-12-25T16:17:11.810Z","iobWithZeroTemp":{"iob":1.836,"basaliob":-0.567,"bolussnooze":0.3692,"activity":0.0221,"lastBolusTime":1703518050000,"time":"2023-12-25T16:17:11.810Z"}},{"iob":1.819,"basaliob":-0.452,"bolussnooze":0.3217,"activity":0.0215,"lastBolusTime":1703518050000,"time":"2023-12-25T16:22:11.810Z","iobWithZeroTemp":{"iob":1.694,"basaliob":-0.577,"bolussnooze":0.3217,"activity":0.0212,"lastBolusTime":1703518050000,"time":"2023-12-25T16:22:11.810Z"}},{"iob":1.713,"basaliob":-0.43,"bolussnooze":0.2794,"activity":0.0208,"lastBolusTime":1703518050000,"time":"2023-12-25T16:27:11.810Z","iobWithZeroTemp":{"iob":1.557,"basaliob":-0.586,"bolussnooze":0.2794,"activity":0.0203,"lastBolusTime":1703518050000,"time":"2023-12-25T16:27:11.810Z"}},{"iob":1.611,"basaliob":-0.408,"bolussnooze":0.2418,"activity":0.02,"lastBolusTime":1703518050000,"time":"2023-12-25T16:32:11.810Z","iobWithZeroTemp":{"iob":1.425,"basaliob":-0.594,"bolussnooze":0.2418,"activity":0.0193,"lastBolusTime":1703518050000,"time":"2023-12-25T16:32:11.810Z"}},{"iob":1.513,"basaliob":-0.387,"bolussnooze":0.2086,"activity":0.0191,"lastBolusTime":1703518050000,"time":"2023-12-25T16:37:11.810Z","iobWithZeroTemp":{"iob":1.297,"basaliob":-0.603,"bolussnooze":0.2086,"activity":0.0182,"lastBolusTime":1703518050000,"time":"2023-12-25T16:37:11.810Z"}},{"iob":1.42,"basaliob":-0.366,"bolussnooze":0.1794,"activity":0.0183,"lastBolusTime":1703518050000,"time":"2023-12-25T16:42:11.810Z","iobWithZeroTemp":{"iob":1.176,"basaliob":-0.61,"bolussnooze":0.1794,"activity":0.0172,"lastBolusTime":1703518050000,"time":"2023-12-25T16:42:11.810Z"}},{"iob":1.331,"basaliob":-0.345,"bolussnooze":0.1539,"activity":0.0174,"lastBolusTime":1703518050000,"time":"2023-12-25T16:47:11.810Z","iobWithZeroTemp":{"iob":1.059,"basaliob":-0.617,"bolussnooze":0.1539,"activity":0.0161,"lastBolusTime":1703518050000,"time":"2023-12-25T16:47:11.810Z"}},{"iob":1.246,"basaliob":-0.326,"bolussnooze":0.1316,"activity":0.0165,"lastBolusTime":1703518050000,"time":"2023-12-25T16:52:11.810Z","iobWithZeroTemp":{"iob":0.948,"basaliob":-0.624,"bolussnooze":0.1316,"activity":0.015,"lastBolusTime":1703518050000,"time":"2023-12-25T16:52:11.810Z"}},{"iob":1.165,"basaliob":-0.307,"bolussnooze":0.1122,"activity":0.0157,"lastBolusTime":1703518050000,"time":"2023-12-25T16:57:11.810Z","iobWithZeroTemp":{"iob":0.842,"basaliob":-0.63,"bolussnooze":0.1122,"activity":0.0139,"lastBolusTime":1703518050000,"time":"2023-12-25T16:57:11.810Z"}},{"iob":1.089,"basaliob":-0.288,"bolussnooze":0.0954,"activity":0.0149,"lastBolusTime":1703518050000,"time":"2023-12-25T17:02:11.810Z","iobWithZeroTemp":{"iob":0.742,"basaliob":-0.635,"bolussnooze":0.0954,"activity":0.0129,"lastBolusTime":1703518050000,"time":"2023-12-25T17:02:11.810Z"}},{"iob":1.017,"basaliob":-0.271,"bolussnooze":0.0809,"activity":0.0141,"lastBolusTime":1703518050000,"time":"2023-12-25T17:07:11.810Z","iobWithZeroTemp":{"iob":0.647,"basaliob":-0.641,"bolussnooze":0.0809,"activity":0.0119,"lastBolusTime":1703518050000,"time":"2023-12-25T17:07:11.810Z"}},{"iob":0.948,"basaliob":-0.254,"bolussnooze":0.0684,"activity":0.0133,"lastBolusTime":1703518050000,"time":"2023-12-25T17:12:11.810Z","iobWithZeroTemp":{"iob":0.557,"basaliob":-0.645,"bolussnooze":0.0684,"activity":0.0109,"lastBolusTime":1703518050000,"time":"2023-12-25T17:12:11.810Z"}},{"iob":0.884,"basaliob":-0.238,"bolussnooze":0.0576,"activity":0.0126,"lastBolusTime":1703518050000,"time":"2023-12-25T17:17:11.810Z","iobWithZeroTemp":{"iob":0.472,"basaliob":-0.65,"bolussnooze":0.0576,"activity":0.0099,"lastBolusTime":1703518050000,"time":"2023-12-25T17:17:11.810Z"}},{"iob":0.823,"basaliob":-0.223,"bolussnooze":0.0485,"activity":0.0118,"lastBolusTime":1703518050000,"time":"2023-12-25T17:22:11.810Z","iobWithZeroTemp":{"iob":0.392,"basaliob":-0.654,"bolussnooze":0.0485,"activity":0.0089,"lastBolusTime":1703518050000,"time":"2023-12-25T17:22:11.810Z"}},{"iob":0.765,"basaliob":-0.209,"bolussnooze":0.0406,"activity":0.0111,"lastBolusTime":1703518050000,"time":"2023-12-25T17:27:11.810Z","iobWithZeroTemp":{"iob":0.315,"basaliob":-0.659,"bolussnooze":0.0406,"activity":0.008,"lastBolusTime":1703518050000,"time":"2023-12-25T17:27:11.810Z"}},{"iob":0.711,"basaliob":-0.195,"bolussnooze":0.0339,"activity":0.0104,"lastBolusTime":1703518050000,"time":"2023-12-25T17:32:11.810Z","iobWithZeroTemp":{"iob":0.244,"basaliob":-0.662,"bolussnooze":0.0339,"activity":0.0071,"lastBolusTime":1703518050000,"time":"2023-12-25T17:32:11.810Z"}},{"iob":0.66,"basaliob":-0.182,"bolussnooze":0.0283,"activity":0.0098,"lastBolusTime":1703518050000,"time":"2023-12-25T17:37:11.810Z","iobWithZeroTemp":{"iob":0.176,"basaliob":-0.666,"bolussnooze":0.0283,"activity":0.0063,"lastBolusTime":1703518050000,"time":"2023-12-25T17:37:11.810Z"}},{"iob":0.613,"basaliob":-0.17,"bolussnooze":0.0235,"activity":0.0092,"lastBolusTime":1703518050000,"time":"2023-12-25T17:42:11.810Z","iobWithZeroTemp":{"iob":0.114,"basaliob":-0.669,"bolussnooze":0.0235,"activity":0.0055,"lastBolusTime":1703518050000,"time":"2023-12-25T17:42:11.810Z"}},{"iob":0.568,"basaliob":-0.158,"bolussnooze":0.0194,"activity":0.0087,"lastBolusTime":1703518050000,"time":"2023-12-25T17:47:11.810Z","iobWithZeroTemp":{"iob":0.054,"basaliob":-0.672,"bolussnooze":0.0194,"activity":0.0048,"lastBolusTime":1703518050000,"time":"2023-12-25T17:47:11.810Z"}},{"iob":0.527,"basaliob":-0.147,"bolussnooze":0.016,"activity":0.0081,"lastBolusTime":1703518050000,"time":"2023-12-25T17:52:11.810Z","iobWithZeroTemp":{"iob":0,"basaliob":-0.674,"bolussnooze":0.016,"activity":0.0041,"lastBolusTime":1703518050000,"time":"2023-12-25T17:52:11.810Z"}},{"iob":0.487,"basaliob":-0.137,"bolussnooze":0.0132,"activity":0.0075,"lastBolusTime":1703518050000,"time":"2023-12-25T17:57:11.810Z","iobWithZeroTemp":{"iob":-0.053,"basaliob":-0.677,"bolussnooze":0.0132,"activity":0.0033,"lastBolusTime":1703518050000,"time":"2023-12-25T17:57:11.810Z"}},{"iob":0.451,"basaliob":-0.127,"bolussnooze":0.0108,"activity":0.007,"lastBolusTime":1703518050000,"time":"2023-12-25T18:02:11.810Z","iobWithZeroTemp":{"iob":-0.101,"basaliob":-0.679,"bolussnooze":0.0108,"activity":0.0027,"lastBolusTime":1703518050000,"time":"2023-12-25T18:02:11.810Z"}},{"iob":0.417,"basaliob":-0.118,"bolussnooze":0.0088,"activity":0.0065,"lastBolusTime":1703518050000,"time":"2023-12-25T18:07:11.810Z","iobWithZeroTemp":{"iob":-0.146,"basaliob":-0.681,"bolussnooze":0.0088,"activity":0.002,"lastBolusTime":1703518050000,"time":"2023-12-25T18:07:11.810Z"}},{"iob":0.385,"basaliob":-0.11,"bolussnooze":0.0071,"activity":0.0062,"lastBolusTime":1703518050000,"time":"2023-12-25T18:12:11.810Z","iobWithZeroTemp":{"iob":-0.189,"basaliob":-0.684,"bolussnooze":0.0071,"activity":0.0016,"lastBolusTime":1703518050000,"time":"2023-12-25T18:12:11.810Z"}},{"iob":0.355,"basaliob":-0.102,"bolussnooze":0.0057,"activity":0.0057,"lastBolusTime":1703518050000,"time":"2023-12-25T18:17:11.810Z","iobWithZeroTemp":{"iob":-0.229,"basaliob":-0.686,"bolussnooze":0.0057,"activity":9.0E-4,"lastBolusTime":1703518050000,"time":"2023-12-25T18:17:11.810Z"}},{"iob":0.328,"basaliob":-0.094,"bolussnooze":0.0046,"activity":0.0054,"lastBolusTime":1703518050000,"time":"2023-12-25T18:22:11.810Z","iobWithZeroTemp":{"iob":-0.265,"basaliob":-0.687,"bolussnooze":0.0046,"activity":5.0E-4,"lastBolusTime":1703518050000,"time":"2023-12-25T18:22:11.810Z"}},{"iob":0.303,"basaliob":-0.087,"bolussnooze":0.0036,"activity":0.005,"lastBolusTime":1703518050000,"time":"2023-12-25T18:27:11.810Z","iobWithZeroTemp":{"iob":-0.298,"basaliob":-0.688,"bolussnooze":0.0036,"activity":0,"lastBolusTime":1703518050000,"time":"2023-12-25T18:27:11.810Z"}},{"iob":0.279,"basaliob":-0.081,"bolussnooze":0.0029,"activity":0.0045,"lastBolusTime":1703518050000,"time":"2023-12-25T18:32:11.810Z","iobWithZeroTemp":{"iob":-0.33,"basaliob":-0.69,"bolussnooze":0.0029,"activity":-6.0E-4,"lastBolusTime":1703518050000,"time":"2023-12-25T18:32:11.810Z"}},{"iob":0.256,"basaliob":-0.075,"bolussnooze":0.0023,"activity":0.0042,"lastBolusTime":1703518050000,"time":"2023-12-25T18:37:11.810Z","iobWithZeroTemp":{"iob":-0.361,"basaliob":-0.692,"bolussnooze":0.0023,"activity":-0.001,"lastBolusTime":1703518050000,"time":"2023-12-25T18:37:11.810Z"}},{"iob":0.236,"basaliob":-0.069,"bolussnooze":0.0018,"activity":0.0039,"lastBolusTime":1703518050000,"time":"2023-12-25T18:42:11.810Z","iobWithZeroTemp":{"iob":-0.388,"basaliob":-0.693,"bolussnooze":0.0018,"activity":-0.0014,"lastBolusTime":1703518050000,"time":"2023-12-25T18:42:11.810Z"}},{"iob":0.217,"basaliob":-0.064,"bolussnooze":0.0013,"activity":0.0037,"lastBolusTime":1703518050000,"time":"2023-12-25T18:47:11.810Z","iobWithZeroTemp":{"iob":-0.413,"basaliob":-0.694,"bolussnooze":0.0013,"activity":-0.0017,"lastBolusTime":1703518050000,"time":"2023-12-25T18:47:11.810Z"}},{"iob":0.199,"basaliob":-0.059,"bolussnooze":0.001,"activity":0.0033,"lastBolusTime":1703518050000,"time":"2023-12-25T18:52:11.810Z","iobWithZeroTemp":{"iob":-0.437,"basaliob":-0.695,"bolussnooze":0.001,"activity":-0.0022,"lastBolusTime":1703518050000,"time":"2023-12-25T18:52:11.810Z"}},{"iob":0.183,"basaliob":-0.054,"bolussnooze":8.0E-4,"activity":0.0031,"lastBolusTime":1703518050000,"time":"2023-12-25T18:57:11.810Z","iobWithZeroTemp":{"iob":-0.459,"basaliob":-0.696,"bolussnooze":8.0E-4,"activity":-0.0025,"lastBolusTime":1703518050000,"time":"2023-12-25T18:57:11.810Z"}},{"iob":0.168,"basaliob":-0.05,"bolussnooze":6.0E-4,"activity":0.0029,"lastBolusTime":1703518050000,"time":"2023-12-25T19:02:11.810Z","iobWithZeroTemp":{"iob":-0.479,"basaliob":-0.697,"bolussnooze":6.0E-4,"activity":-0.0028,"lastBolusTime":1703518050000,"time":"2023-12-25T19:02:11.810Z"}},{"iob":0.154,"basaliob":-0.046,"bolussnooze":4.0E-4,"activity":0.0026,"lastBolusTime":1703518050000,"time":"2023-12-25T19:07:11.810Z","iobWithZeroTemp":{"iob":-0.497,"basaliob":-0.697,"bolussnooze":4.0E-4,"activity":-0.0032,"lastBolusTime":1703518050000,"time":"2023-12-25T19:07:11.810Z"}},{"iob":0.141,"basaliob":-0.042,"bolussnooze":3.0E-4,"activity":0.0025,"lastBolusTime":1703518050000,"time":"2023-12-25T19:12:11.810Z","iobWithZeroTemp":{"iob":-0.515,"basaliob":-0.698,"bolussnooze":3.0E-4,"activity":-0.0033,"lastBolusTime":1703518050000,"time":"2023-12-25T19:12:11.810Z"}},{"iob":0.129,"basaliob":-0.039,"bolussnooze":2.0E-4,"activity":0.0022,"lastBolusTime":1703518050000,"time":"2023-12-25T19:17:11.810Z","iobWithZeroTemp":{"iob":-0.531,"basaliob":-0.699,"bolussnooze":2.0E-4,"activity":-0.0037,"lastBolusTime":1703518050000,"time":"2023-12-25T19:17:11.810Z"}},{"iob":0.118,"basaliob":-0.036,"bolussnooze":1.0E-4,"activity":0.0021,"lastBolusTime":1703518050000,"time":"2023-12-25T19:22:11.810Z","iobWithZeroTemp":{"iob":-0.546,"basaliob":-0.7,"bolussnooze":1.0E-4,"activity":-0.0038,"lastBolusTime":1703518050000,"time":"2023-12-25T19:22:11.810Z"}},{"iob":0.108,"basaliob":-0.033,"bolussnooze":1.0E-4,"activity":0.0019,"lastBolusTime":1703518050000,"time":"2023-12-25T19:27:11.810Z","iobWithZeroTemp":{"iob":-0.559,"basaliob":-0.7,"bolussnooze":1.0E-4,"activity":-0.0041,"lastBolusTime":1703518050000,"time":"2023-12-25T19:27:11.810Z"}},{"iob":0.099,"basaliob":-0.03,"bolussnooze":0,"activity":0.0018,"lastBolusTime":1703518050000,"time":"2023-12-25T19:32:11.810Z","iobWithZeroTemp":{"iob":-0.571,"basaliob":-0.7,"bolussnooze":0,"activity":-0.0043,"lastBolusTime":1703518050000,"time":"2023-12-25T19:32:11.810Z"}},{"iob":0.09,"basaliob":-0.028,"bolussnooze":0,"activity":0.0016,"lastBolusTime":1703518050000,"time":"2023-12-25T19:37:11.810Z","iobWithZeroTemp":{"iob":-0.583,"basaliob":-0.701,"bolussnooze":0,"activity":-0.0045,"lastBolusTime":1703518050000,"time":"2023-12-25T19:37:11.810Z"}},{"iob":0.082,"basaliob":-0.025,"bolussnooze":0,"activity":0.0016,"lastBolusTime":1703518050000,"time":"2023-12-25T19:42:11.810Z","iobWithZeroTemp":{"iob":-0.594,"basaliob":-0.701,"bolussnooze":0,"activity":-0.0045,"lastBolusTime":1703518050000,"time":"2023-12-25T19:42:11.810Z"}},{"iob":0.075,"basaliob":-0.023,"bolussnooze":0,"activity":0.0014,"lastBolusTime":1703518050000,"time":"2023-12-25T19:47:11.810Z","iobWithZeroTemp":{"iob":-0.603,"basaliob":-0.701,"bolussnooze":0,"activity":-0.0048,"lastBolusTime":1703518050000,"time":"2023-12-25T19:47:11.810Z"}},{"iob":0.068,"basaliob":-0.021,"bolussnooze":0,"activity":0.0013,"lastBolusTime":1703518050000,"time":"2023-12-25T19:52:11.810Z","iobWithZeroTemp":{"iob":-0.613,"basaliob":-0.702,"bolussnooze":0,"activity":-0.0049,"lastBolusTime":1703518050000,"time":"2023-12-25T19:52:11.810Z"}},{"iob":0.062,"basaliob":-0.019,"bolussnooze":0,"activity":0.0012,"lastBolusTime":1703518050000,"time":"2023-12-25T19:57:11.810Z","iobWithZeroTemp":{"iob":-0.621,"basaliob":-0.702,"bolussnooze":0,"activity":-0.0051,"lastBolusTime":1703518050000,"time":"2023-12-25T19:57:11.810Z"}}],"profile":{"max_iob":7,"type":"current","max_daily_basal":0.45,"max_basal":1.35,"min_bg":143.99999999999991,"max_bg":143.99999999999991,"target_bg":143.99999999999991,"carb_ratio":11,"sens":352.8,"max_daily_safety_multiplier":3,"current_basal_safety_multiplier":4,"lgsThreshold":65,"high_temptarget_raises_sensitivity":false,"low_temptarget_lowers_sensitivity":false,"sensitivity_raises_target":true,"resistance_lowers_target":true,"adv_target_adjustments":false,"exercise_mode":false,"half_basal_exercise_target":160,"maxCOB":120,"skip_neutral_temps":false,"remainingCarbsCap":90,"enableUAM":true,"A52_risk_enable":false,"SMBInterval":4,"enableSMB_with_COB":true,"enableSMB_with_temptarget":false,"allowSMB_with_high_temptarget":true,"enableSMB_always":true,"enableSMB_after_carbs":false,"maxSMBBasalMinutes":60,"maxUAMSMBBasalMinutes":60,"bolus_increment":0.05,"carbsReqThreshold":10,"current_basal":0.4,"temptargetSet":true,"autosens_max":1.2,"autosens_min":0.8,"out_units":"mmol\/L","variable_sens":177.3,"insulinDivisor":65,"TDD":11.952902314285712},"autosens_data":{"ratio":0.9193201280612412},"meal_data":{"carbs":60,"mealCOB":38.16931519274376,"slopeFromMaxDeviation":-1.5712000000000002,"slopeFromMinDeviation":3.320333333333334,"lastBolusTime":1703518050000,"lastCarbTime":1703517707000},"microBolusAllowed":true,"currentTime":1703520133938,"flatBGsDetected":false,"tdd1D":26.494500000000002,"tdd7D":31.37635714285714,"tddLast24H":28.844916666666666,"tddLast4H":6.993333333333333,"tddLast8to4H":6.8999999999999995},"output":{"temp":"absolute","bg":87,"tick":-10,"eventualBG":289,"targetBG":143.99999999999991,"insulinReq":0,"deliverAt":"2023-12-25T16:02:13.938Z","sensitivityRatio":0.9193201280612412,"variable_sens":177.3,"predBGs":{"IOB":[87,74,58,39,39,39,39,39,39,39,39,39,39],"ZT":[87,66,40,39,39,39,39,39,39,39,39,39,39,39,39,39,39,39,39,39,39,39,39,39,39,39,39,39,39,39,39,39,39,39,39,39,39,39,39,39,39,39,39,39,39,39,39,39],"COB":[87,75,64,53,44,39,39,39,39,39,39,39,39,39,39,39,39,39,39,40,48,57,67,79,91,104,117,130,143,155,167,178,190,200,210,220,229,237,245,252,259,265,271,276,280,284,287,289],"UAM":[87,73,55,39,39,39,39,39,39,39,39,39,39]},"reason":"COB: 38.2, Dev: 2.9, BGI: -1.2, ISF: 9.9, CR: 11, Target: 8.0, minPredBG -1.5, minGuardBG -11.4, IOBpredBG 2.2, COBpredBG 16.1, UAMpredBG 2.2; minGuardBG -11.4<5.1","COB":38.16931519274376,"IOB":2.278,"duration":120,"rate":0,"timestamp":"2023-12-25T16:02:13.961Z"}}