{"algorithm":"OpenAPSSMBDynamicISFPlugin","input":{"glucoseStatus":{"glucose":72,"noise":0,"delta":-9,"short_avgdelta":-7.83,"long_avgdelta":-0.58,"date":1703371855303},"currenttemp":{"temp":"absolute","duration":50,"rate":0,"minutesrunning":10},"iob_data":[{"iob":0.022,"basaliob":-0.58,"bolussnooze":0.0055,"activity":0.0022,"lastBolusTime":1703370988000,"time":"2023-12-23T22:51:25.307Z","iobWithZeroTemp":{"iob":0.022,"basaliob":-0.58,"bolussnooze":0.0055,"activity":0.0022,"lastBolusTime":1703370988000,"time":"2023-12-23T22:51:25.307Z"}},{"iob":0.012,"basaliob":-0.549,"bolussnooze":0.0045,"activity":0.0019,"lastBolusTime":1703370988000,"time":"2023-12-23T22:56:25.307Z","iobWithZeroTemp":{"iob":-0.018,"basaliob":-0.579,"bolussnooze":0.0045,"activity":0.0019,"lastBolusTime":1703370988000,"time":"2023-12-23T22:56:25.307Z"}},{"iob":0.003,"basaliob":-0.52,"bolussnooze":0.0036,"activity":0.0016,"lastBolusTime":1703370988000,"time":"2023-12-23T23:01:25.307Z","iobWithZeroTemp":{"iob":-0.064,"basaliob":-0.587,"bolussnooze":0.0036,"activity":0.0015,"lastBolusTime":1703370988000,"time":"2023-12-23T23:01:25.307Z"}},{"iob":-0.004,"basaliob":-0.491,"bolussnooze":0.0029,"activity":0.0013,"lastBolusTime":1703370988000,"time":"2023-12-23T23:06:25.307Z","iobWithZeroTemp":{"iob":-0.108,"basaliob":-0.595,"bolussnooze":0.0029,"activity":0.0011,"lastBolusTime":1703370988000,"time":"2023-12-23T23:06:25.307Z"}},{"iob":-0.011,"basaliob":-0.463,"bolussnooze":0.0023,"activity":0.0011,"lastBolusTime":1703370988000,"time":"2023-12-23T23:11:25.307Z","iobWithZeroTemp":{"iob":-0.151,"basaliob":-0.603,"bolussnooze":0.0023,"activity":7.0E-4,"lastBolusTime":1703370988000,"time":"2023-12-23T23:11:25.307Z"}},{"iob":-0.016,"basaliob":-0.436,"bolussnooze":0.0018,"activity":9.0E-4,"lastBolusTime":1703370988000,"time":"2023-12-23T23:16:25.307Z","iobWithZeroTemp":{"iob":-0.191,"basaliob":-0.611,"bolussnooze":0.0018,"activity":3.0E-4,"lastBolusTime":1703370988000,"time":"2023-12-23T23:16:25.307Z"}},{"iob":-0.02,"basaliob":-0.41,"bolussnooze":0.0014,"activity":8.0E-4,"lastBolusTime":1703370988000,"time":"2023-12-23T23:21:25.307Z","iobWithZeroTemp":{"iob":-0.23,"basaliob":-0.62,"bolussnooze":0.0014,"activity":0,"lastBolusTime":1703370988000,"time":"2023-12-23T23:21:25.307Z"}},{"iob":-0.023,"basaliob":-0.385,"bolussnooze":0.0011,"activity":6.0E-4,"lastBolusTime":1703370988000,"time":"2023-12-23T23:26:25.307Z","iobWithZeroTemp":{"iob":-0.266,"basaliob":-0.628,"bolussnooze":0.0011,"activity":-4.0E-4,"lastBolusTime":1703370988000,"time":"2023-12-23T23:26:25.307Z"}},{"iob":-0.026,"basaliob":-0.361,"bolussnooze":9.0E-4,"activity":4.0E-4,"lastBolusTime":1703370988000,"time":"2023-12-23T23:31:25.307Z","iobWithZeroTemp":{"iob":-0.301,"basaliob":-0.636,"bolussnooze":9.0E-4,"activity":-8.0E-4,"lastBolusTime":1703370988000,"time":"2023-12-23T23:31:25.307Z"}},{"iob":-0.029,"basaliob":-0.339,"bolussnooze":6.0E-4,"activity":4.0E-4,"lastBolusTime":1703370988000,"time":"2023-12-23T23:36:25.307Z","iobWithZeroTemp":{"iob":-0.335,"basaliob":-0.645,"bolussnooze":6.0E-4,"activity":-0.0011,"lastBolusTime":1703370988000,"time":"2023-12-23T23:36:25.307Z"}},{"iob":-0.03,"basaliob":-0.317,"bolussnooze":5.0E-4,"activity":3.0E-4,"lastBolusTime":1703370988000,"time":"2023-12-23T23:41:25.307Z","iobWithZeroTemp":{"iob":-0.365,"basaliob":-0.652,"bolussnooze":5.0E-4,"activity":-0.0014,"lastBolusTime":1703370988000,"time":"2023-12-23T23:41:25.307Z"}},{"iob":-0.031,"basaliob":-0.296,"bolussnooze":4.0E-4,"activity":2.0E-4,"lastBolusTime":1703370988000,"time":"2023-12-23T23:46:25.307Z","iobWithZeroTemp":{"iob":-0.394,"basaliob":-0.659,"bolussnooze":4.0E-4,"activity":-0.0018,"lastBolusTime":1703370988000,"time":"2023-12-23T23:46:25.307Z"}},{"iob":-0.032,"basaliob":-0.277,"bolussnooze":3.0E-4,"activity":1.0E-4,"lastBolusTime":1703370988000,"time":"2023-12-23T23:51:25.307Z","iobWithZeroTemp":{"iob":-0.422,"basaliob":-0.667,"bolussnooze":3.0E-4,"activity":-0.0021,"lastBolusTime":1703370988000,"time":"2023-12-23T23:51:25.307Z"}},{"iob":-0.032,"basaliob":-0.258,"bolussnooze":2.0E-4,"activity":0,"lastBolusTime":1703370988000,"time":"2023-12-23T23:56:25.307Z","iobWithZeroTemp":{"iob":-0.448,"basaliob":-0.674,"bolussnooze":2.0E-4,"activity":-0.0025,"lastBolusTime":1703370988000,"time":"2023-12-23T23:56:25.307Z"}},{"iob":-0.033,"basaliob":-0.241,"bolussnooze":1.0E-4,"activity":0,"lastBolusTime":1703370988000,"time":"2023-12-24T00:01:25.307Z","iobWithZeroTemp":{"iob":-0.473,"basaliob":-0.681,"bolussnooze":1.0E-4,"activity":-0.0027,"lastBolusTime":1703370988000,"time":"2023-12-24T00:01:25.307Z"}},{"iob":-0.032,"basaliob":-0.224,"bolussnooze":1.0E-4,"activity":0,"lastBolusTime":1703370988000,"time":"2023-12-24T00:06:25.307Z","iobWithZeroTemp":{"iob":-0.487,"basaliob":-0.679,"bolussnooze":1.0E-4,"activity":-0.003,"lastBolusTime":1703370988000,"time":"2023-12-24T00:06:25.307Z"}},{"iob":-0.032,"basaliob":-0.209,"bolussnooze":0,"activity":-1.0E-4,"lastBolusTime":1703370988000,"time":"2023-12-24T00:11:25.307Z","iobWithZeroTemp":{"iob":-0.501,"basaliob":-0.678,"bolussnooze":0,"activity":-0.0033,"lastBolusTime":1703370988000,"time":"2023-12-24T00:11:25.307Z"}},{"iob":-0.031,"basaliob":-0.194,"bolussnooze":0,"activity":-1.0E-4,"lastBolusTime":1703370988000,"time":"2023-12-24T00:16:25.307Z","iobWithZeroTemp":{"iob":-0.513,"basaliob":-0.676,"bolussnooze":0,"activity":-0.0035,"lastBolusTime":1703370988000,"time":"2023-12-24T00:16:25.307Z"}},{"iob":-0.031,"basaliob":-0.181,"bolussnooze":0,"activity":-2.0E-4,"lastBolusTime":1703370988000,"time":"2023-12-24T00:21:25.307Z","iobWithZeroTemp":{"iob":-0.524,"basaliob":-0.674,"bolussnooze":0,"activity":-0.0038,"lastBolusTime":1703370988000,"time":"2023-12-24T00:21:25.307Z"}},{"iob":-0.031,"basaliob":-0.168,"bolussnooze":0,"activity":-2.0E-4,"lastBolusTime":1703370988000,"time":"2023-12-24T00:26:25.307Z","iobWithZeroTemp":{"iob":-0.535,"basaliob":-0.672,"bolussnooze":0,"activity":-0.004,"lastBolusTime":1703370988000,"time":"2023-12-24T00:26:25.307Z"}},{"iob":-0.03,"basaliob":-0.156,"bolussnooze":0,"activity":-1.0E-4,"lastBolusTime":1703370988000,"time":"2023-12-24T00:31:25.307Z","iobWithZeroTemp":{"iob":-0.544,"basaliob":-0.67,"bolussnooze":0,"activity":-0.0041,"lastBolusTime":1703370988000,"time":"2023-12-24T00:31:25.307Z"}},{"iob":-0.028,"basaliob":-0.144,"bolussnooze":0,"activity":-2.0E-4,"lastBolusTime":1703370988000,"time":"2023-12-24T00:36:25.307Z","iobWithZeroTemp":{"iob":-0.551,"basaliob":-0.667,"bolussnooze":0,"activity":-0.0043,"lastBolusTime":1703370988000,"time":"2023-12-24T00:36:25.307Z"}},{"iob":-0.028,"basaliob":-0.134,"bolussnooze":0,"activity":-2.0E-4,"lastBolusTime":1703370988000,"time":"2023-12-24T00:41:25.307Z","iobWithZeroTemp":{"iob":-0.559,"basaliob":-0.665,"bolussnooze":0,"activity":-0.0045,"lastBolusTime":1703370988000,"time":"2023-12-24T00:41:25.307Z"}},{"iob":-0.027,"basaliob":-0.124,"bolussnooze":0,"activity":-2.0E-4,"lastBolusTime":1703370988000,"time":"2023-12-24T00:46:25.307Z","iobWithZeroTemp":{"iob":-0.566,"basaliob":-0.663,"bolussnooze":0,"activity":-0.0046,"lastBolusTime":1703370988000,"time":"2023-12-24T00:46:25.307Z"}},{"iob":-0.025,"basaliob":-0.114,"bolussnooze":0,"activity":-2.0E-4,"lastBolusTime":1703370988000,"time":"2023-12-24T00:51:25.307Z","iobWithZeroTemp":{"iob":-0.571,"basaliob":-0.66,"bolussnooze":0,"activity":-0.0047,"lastBolusTime":1703370988000,"time":"2023-12-24T00:51:25.307Z"}},{"iob":-0.025,"basaliob":-0.106,"bolussnooze":0,"activity":-2.0E-4,"lastBolusTime":1703370988000,"time":"2023-12-24T00:56:25.307Z","iobWithZeroTemp":{"iob":-0.577,"basaliob":-0.658,"bolussnooze":0,"activity":-0.0048,"lastBolusTime":1703370988000,"time":"2023-12-24T00:56:25.307Z"}},{"iob":-0.024,"basaliob":-0.098,"bolussnooze":0,"activity":-3.0E-4,"lastBolusTime":1703370988000,"time":"2023-12-24T01:01:25.307Z","iobWithZeroTemp":{"iob":-0.582,"basaliob":-0.656,"bolussnooze":0,"activity":-0.005,"lastBolusTime":1703370988000,"time":"2023-12-24T01:01:25.307Z"}},{"iob":-0.022,"basaliob":-0.09,"bolussnooze":0,"activity":-3.0E-4,"lastBolusTime":1703370988000,"time":"2023-12-24T01:06:25.307Z","iobWithZeroTemp":{"iob":-0.579,"basaliob":-0.647,"bolussnooze":0,"activity":-0.0051,"lastBolusTime":1703370988000,"time":"2023-12-24T01:06:25.307Z"}},{"iob":-0.021,"basaliob":-0.083,"bolussnooze":0,"activity":-3.0E-4,"lastBolusTime":1703370988000,"time":"2023-12-24T01:11:25.307Z","iobWithZeroTemp":{"iob":-0.576,"basaliob":-0.638,"bolussnooze":0,"activity":-0.0052,"lastBolusTime":1703370988000,"time":"2023-12-24T01:11:25.307Z"}},{"iob":-0.021,"basaliob":-0.077,"bolussnooze":0,"activity":-3.0E-4,"lastBolusTime":1703370988000,"time":"2023-12-24T01:16:25.307Z","iobWithZeroTemp":{"iob":-0.574,"basaliob":-0.63,"bolussnooze":0,"activity":-0.0052,"lastBolusTime":1703370988000,"time":"2023-12-24T01:16:25.307Z"}},{"iob":-0.02,"basaliob":-0.071,"bolussnooze":0,"activity":-2.0E-4,"lastBolusTime":1703370988000,"time":"2023-12-24T01:21:25.307Z","iobWithZeroTemp":{"iob":-0.571,"basaliob":-0.622,"bolussnooze":0,"activity":-0.0052,"lastBolusTime":1703370988000,"time":"2023-12-24T01:21:25.307Z"}},{"iob":-0.018,"basaliob":-0.065,"bolussnooze":0,"activity":-2.0E-4,"lastBolusTime":1703370988000,"time":"2023-12-24T01:26:25.307Z","iobWithZeroTemp":{"iob":-0.567,"basaliob":-0.614,"bolussnooze":0,"activity":-0.0052,"lastBolusTime":1703370988000,"time":"2023-12-24T01:26:25.307Z"}},{"iob":-0.018,"basaliob":-0.06,"bolussnooze":0,"activity":-2.0E-4,"lastBolusTime":1703370988000,"time":"2023-12-24T01:31:25.307Z","iobWithZeroTemp":{"iob":-0.564,"basaliob":-0.606,"bolussnooze":0,"activity":-0.0052,"lastBolusTime":1703370988000,"time":"2023-12-24T01:31:25.307Z"}},{"iob":-0.016,"basaliob":-0.055,"bolussnooze":0,"activity":-2.0E-4,"lastBolusTime":1703370988000,"time":"2023-12-24T01:36:25.307Z","iobWithZeroTemp":{"iob":-0.559,"basaliob":-0.598,"bolussnooze":0,"activity":-0.0053,"lastBolusTime":1703370988000,"time":"2023-12-24T01:36:25.307Z"}},{"iob":-0.015,"basaliob":-0.05,"bolussnooze":0,"activity":-2.0E-4,"lastBolusTime":1703370988000,"time":"2023-12-24T01:41:25.307Z","iobWithZeroTemp":{"iob":-0.556,"basaliob":-0.591,"bolussnooze":0,"activity":-0.0053,"lastBolusTime":1703370988000,"time":"2023-12-24T01:41:25.307Z"}},{"iob":-0.014,"basaliob":-0.046,"bolussnooze":0,"activity":-2.0E-4,"lastBolusTime":1703370988000,"time":"2023-12-24T01:46:25.307Z","iobWithZeroTemp":{"iob":-0.552,"basaliob":-0.584,"bolussnooze":0,"activity":-0.0053,"lastBolusTime":1703370988000,"time":"2023-12-24T01:46:25.307Z"}},{"iob":-0.013,"basaliob":-0.042,"bolussnooze":0,"activity":-1.0E-4,"lastBolusTime":1703370988000,"time":"2023-12-24T01:51:25.307Z","iobWithZeroTemp":{"iob":-0.548,"basaliob":-0.577,"bolussnooze":0,"activity":-0.0052,"lastBolusTime":1703370988000,"time":"2023-12-24T01:51:25.307Z"}},{"iob":-0.013,"basaliob":-0.039,"bolussnooze":0,"activity":-2.0E-4,"lastBolusTime":1703370988000,"time":"2023-12-24T01:56:25.307Z","iobWithZeroTemp":{"iob":-0.545,"basaliob":-0.571,"bolussnooze":0,"activity":-0.0053,"lastBolusTime":1703370988000,"time":"2023-12-24T01:56:25.307Z"}},{"iob":-0.012,"basaliob":-0.036,"bolussnooze":0,"activity":-1.0E-4,"lastBolusTime":1703370988000,"time":"2023-12-24T02:01:25.307Z","iobWithZeroTemp":{"iob":-0.541,"basaliob":-0.565,"bolussnooze":0,"activity":-0.0052,"lastBolusTime":1703370988000,"time":"2023-12-24T02:01:25.307Z"}},{"iob":-0.012,"basaliob":-0.033,"bolussnooze":0,"activity":-2.0E-4,"lastBolusTime":1703370988000,"time":"2023-12-24T02:06:25.307Z","iobWithZeroTemp":{"iob":-0.539,"basaliob":-0.56,"bolussnooze":0,"activity":-0.0052,"lastBolusTime":1703370988000,"time":"2023-12-24T02:06:25.307Z"}},{"iob":-0.011,"basaliob":-0.03,"bolussnooze":0,"activity":-1.0E-4,"lastBolusTime":1703370988000,"time":"2023-12-24T02:11:25.307Z","iobWithZeroTemp":{"iob":-0.535,"basaliob":-0.554,"bolussnooze":0,"activity":-0.0051,"lastBolusTime":1703370988000,"time":"2023-12-24T02:11:25.307Z"}},{"iob":-0.01,"basaliob":-0.027,"bolussnooze":0,"activity":-1.0E-4,"lastBolusTime":1703370988000,"time":"2023-12-24T02:16:25.307Z","iobWithZeroTemp":{"iob":-0.531,"basaliob":-0.548,"bolussnooze":0,"activity":-0.0051,"lastBolusTime":1703370988000,"time":"2023-12-24T02:16:25.307Z"}},{"iob":-0.009,"basaliob":-0.025,"bolussnooze":0,"activity":-1.0E-4,"lastBolusTime":1703370988000,"time":"2023-12-24T02:21:25.307Z","iobWithZeroTemp":{"iob":-0.528,"basaliob":-0.544,"bolussnooze":0,"activity":-0.0051,"lastBolusTime":1703370988000,"time":"2023-12-24T02:21:25.307Z"}},{"iob":-0.009,"basaliob":-0.023,"bolussnooze":0,"activity":-1.0E-4,"lastBolusTime":1703370988000,"time":"2023-12-24T02:26:25.307Z","iobWithZeroTemp":{"iob":-0.525,"basaliob":-0.539,"bolussnooze":0,"activity":-0.0051,"lastBolusTime":1703370988000,"time":"2023-12-24T02:26:25.307Z"}},{"iob":-0.008,"basaliob":-0.021,"bolussnooze":0,"activity":-1.0E-4,"lastBolusTime":1703370988000,"time":"2023-12-24T02:31:25.307Z","iobWithZeroTemp":{"iob":-0.522,"basaliob":-0.535,"bolussnooze":0,"activity":-0.0051,"lastBolusTime":1703370988000,"time":"2023-12-24T02:31:25.307Z"}},{"iob":-0.008,"basaliob":-0.019,"bolussnooze":0,"activity":-1.0E-4,"lastBolusTime":1703370988000,"time":"2023-12-24T02:36:25.307Z","iobWithZeroTemp":{"iob":-0.52,"basaliob":-0.531,"bolussnooze":0,"activity":-0.005,"lastBolusTime":1703370988000,"time":"2023-12-24T02:36:25.307Z"}},{"iob":-0.007,"basaliob":-0.017,"bolussnooze":0,"activity":-1.0E-4,"lastBolusTime":1703370988000,"time":"2023-12-24T02:41:25.307Z","iobWithZeroTemp":{"iob":-0.517,"basaliob":-0.527,"bolussnooze":0,"activity":-0.005,"lastBolusTime":1703370988000,"time":"2023-12-24T02:41:25.307Z"}},{"iob":-0.007,"basaliob":-0.016,"bolussnooze":0,"activity":-1.0E-4,"lastBolusTime":1703370988000,"time":"2023-12-24T02:46:25.307Z","iobWithZeroTemp":{"iob":-0.515,"basaliob":-0.524,"bolussnooze":0,"activity":-0.005,"lastBolusTime":1703370988000,"time":"2023-12-24T02:46:25.307Z"}}],"profile":{"max_iob":7,"type":"current","max_daily_basal":0.45,"max_basal":1.35,"min_bg":143.99999999999991,"max_bg":143.99999999999991,"target_bg":143.99999999999991,"carb_ratio":11,"sens":369,"max_daily_safety_multiplier":3,"current_basal_safety_multiplier":4,"lgsThreshold":65,"high_temptarget_raises_sensitivity":false,"low_temptarget_lowers_sensitivity":false,"sensitivity_raises_target":true,"resistance_lowers_target":true,"adv_target_adjustments":false,"exercise_mode":false,"half_basal_exercise_target":160,"maxCOB":120,"skip_neutral_temps":false,"remainingCarbsCap":90,"enableUAM":true,"A52_risk_enable":false,"SMBInterval":4,"enableSMB_with_COB":true,"enableSMB_with_temptarget":false,"allowSMB_with_high_temptarget":true,"enableSMB_always":true,"enableSMB_after_carbs":false,"maxSMBBasalMinutes":60,"maxUAMSMBBasalMinutes":60,"bolus_increment":0.05,"carbsReqThreshold":10,"current_basal":0.45,"temptargetSet":true,"autosens_max":1.2,"autosens_min":0.8,"out_units":"mmol\/L","variable_sens":203.6,"insulinDivisor":65,"TDD":11.857545428571427},"autosens_data":{"ratio":1.165408328568888},"meal_data":{"carbs":20,"mealCOB":6.568727614623099,"slopeFromMaxDeviation":-1.8820338983050846,"slopeFromMinDeviation":0,"lastBolusTime":1703370988000,"lastCarbTime":1703358152209},"microBolusAllowed":true,"currentTime":1703371887318,"flatBGsDetected":false,"tdd1D":36.190166666666634,"tdd7D":31.004297619047623,"tddLast24H":36.132666666666644,"tddLast4H":3.015,"tddLast8to4H":10.563333333333334},"output":{"temp":"absolute","bg":72,"tick":-9,"eventualBG":83,"targetBG":143.99999999999991,"insulinReq":0,"deliverAt":"2023-12-23T22:51:27.318Z","sensitivityRatio":1.165408328568888,"variable_sens":203.6,"predBGs":{"IOB":[72,64,56,49,42,39,39,39,39,39,39,39,39],"ZT":[72,70,68,66,65,64,64,64,64,65,66,68,70,72,75,77,80,83,86,90,93,97,100,104,108,111,115,119,123,126,130,134,137,141],"COB":[72,64,56,49,44,39,39,39,39,39,39,39,39,39,39,39,39,39,39,39,39,39,39,39,39,40,41,43,45,47,48,50,52,54,55,57,59,61,63,65,68,70,72,74,76,79,81,83],"UAM":[72,64,56,49,42,39,39,39,39,39,39,39,39]},"reason":"COB: 6.6, Dev: 0.6, BGI: -0.1, ISF: 11.3, CR: 11, Target: 8.0, minPredBG 2.7, minGuardBG 1.2, IOBpredBG 2.2, COBpredBG 4.6, UAMpredBG 2.2; minGuardBG 1.2<5.1","COB":6.568727614623099,"IOB":0.022,"duration":90,"rate":0,"timestamp":"2023-12-23T22:51:27.344Z"}}