{"algorithm":"OpenAPSSMBDynamicISFPlugin","input":{"glucoseStatus":{"glucose":66,"noise":0,"delta":3,"short_avgdelta":0.5,"long_avgdelta":-3.48,"date":1703627211126},"currenttemp":{"temp":"absolute","duration":34,"rate":0,"minutesrunning":26},"iob_data":[{"iob":-0.097,"basaliob":-0.626,"bolussnooze":0.0022,"activity":0.0017,"lastBolusTime":1703625164000,"time":"2023-12-26T21:48:34.800Z","iobWithZeroTemp":{"iob":-0.097,"basaliob":-0.626,"bolussnooze":0.0022,"activity":0.0017,"lastBolusTime":1703625164000,"time":"2023-12-26T21:48:34.800Z"}},{"iob":-0.105,"basaliob":-0.596,"bolussnooze":0.0016,"activity":0.0013,"lastBolusTime":1703625164000,"time":"2023-12-26T21:53:34.800Z","iobWithZeroTemp":{"iob":-0.132,"basaliob":-0.623,"bolussnooze":0.0016,"activity":0.0013,"lastBolusTime":1703625164000,"time":"2023-12-26T21:53:34.800Z"}},{"iob":-0.11,"basaliob":-0.566,"bolussnooze":0.0012,"activity":0.001,"lastBolusTime":1703625164000,"time":"2023-12-26T21:58:34.800Z","iobWithZeroTemp":{"iob":-0.17,"basaliob":-0.626,"bolussnooze":0.0012,"activity":9.0E-4,"lastBolusTime":1703625164000,"time":"2023-12-26T21:58:34.800Z"}},{"iob":-0.113,"basaliob":-0.536,"bolussnooze":8.0E-4,"activity":6.0E-4,"lastBolusTime":1703625164000,"time":"2023-12-26T22:03:34.800Z","iobWithZeroTemp":{"iob":-0.209,"basaliob":-0.632,"bolussnooze":8.0E-4,"activity":4.0E-4,"lastBolusTime":1703625164000,"time":"2023-12-26T22:03:34.800Z"}},{"iob":-0.116,"basaliob":-0.507,"bolussnooze":6.0E-4,"activity":3.0E-4,"lastBolusTime":1703625164000,"time":"2023-12-26T22:08:34.800Z","iobWithZeroTemp":{"iob":-0.248,"basaliob":-0.639,"bolussnooze":6.0E-4,"activity":0,"lastBolusTime":1703625164000,"time":"2023-12-26T22:08:34.800Z"}},{"iob":-0.118,"basaliob":-0.48,"bolussnooze":4.0E-4,"activity":1.0E-4,"lastBolusTime":1703625164000,"time":"2023-12-26T22:13:34.800Z","iobWithZeroTemp":{"iob":-0.286,"basaliob":-0.648,"bolussnooze":4.0E-4,"activity":-4.0E-4,"lastBolusTime":1703625164000,"time":"2023-12-26T22:13:34.800Z"}},{"iob":-0.117,"basaliob":-0.452,"bolussnooze":2.0E-4,"activity":0,"lastBolusTime":1703625164000,"time":"2023-12-26T22:18:34.800Z","iobWithZeroTemp":{"iob":-0.319,"basaliob":-0.654,"bolussnooze":2.0E-4,"activity":-7.0E-4,"lastBolusTime":1703625164000,"time":"2023-12-26T22:18:34.800Z"}},{"iob":-0.116,"basaliob":-0.426,"bolussnooze":1.0E-4,"activity":-2.0E-4,"lastBolusTime":1703625164000,"time":"2023-12-26T22:23:34.800Z","iobWithZeroTemp":{"iob":-0.351,"basaliob":-0.661,"bolussnooze":1.0E-4,"activity":-0.0011,"lastBolusTime":1703625164000,"time":"2023-12-26T22:23:34.800Z"}},{"iob":-0.115,"basaliob":-0.401,"bolussnooze":1.0E-4,"activity":-3.0E-4,"lastBolusTime":1703625164000,"time":"2023-12-26T22:28:34.800Z","iobWithZeroTemp":{"iob":-0.383,"basaliob":-0.669,"bolussnooze":1.0E-4,"activity":-0.0015,"lastBolusTime":1703625164000,"time":"2023-12-26T22:28:34.800Z"}},{"iob":-0.113,"basaliob":-0.377,"bolussnooze":0,"activity":-4.0E-4,"lastBolusTime":1703625164000,"time":"2023-12-26T22:33:34.800Z","iobWithZeroTemp":{"iob":-0.412,"basaliob":-0.676,"bolussnooze":0,"activity":-0.0018,"lastBolusTime":1703625164000,"time":"2023-12-26T22:33:34.800Z"}},{"iob":-0.111,"basaliob":-0.354,"bolussnooze":0,"activity":-5.0E-4,"lastBolusTime":1703625164000,"time":"2023-12-26T22:38:34.800Z","iobWithZeroTemp":{"iob":-0.439,"basaliob":-0.682,"bolussnooze":0,"activity":-0.0022,"lastBolusTime":1703625164000,"time":"2023-12-26T22:38:34.800Z"}},{"iob":-0.108,"basaliob":-0.332,"bolussnooze":0,"activity":-6.0E-4,"lastBolusTime":1703625164000,"time":"2023-12-26T22:43:34.800Z","iobWithZeroTemp":{"iob":-0.465,"basaliob":-0.689,"bolussnooze":0,"activity":-0.0025,"lastBolusTime":1703625164000,"time":"2023-12-26T22:43:34.800Z"}},{"iob":-0.105,"basaliob":-0.311,"bolussnooze":0,"activity":-7.0E-4,"lastBolusTime":1703625164000,"time":"2023-12-26T22:48:34.800Z","iobWithZeroTemp":{"iob":-0.489,"basaliob":-0.695,"bolussnooze":0,"activity":-0.0029,"lastBolusTime":1703625164000,"time":"2023-12-26T22:48:34.800Z"}},{"iob":-0.101,"basaliob":-0.291,"bolussnooze":0,"activity":-7.0E-4,"lastBolusTime":1703625164000,"time":"2023-12-26T22:53:34.800Z","iobWithZeroTemp":{"iob":-0.511,"basaliob":-0.701,"bolussnooze":0,"activity":-0.0031,"lastBolusTime":1703625164000,"time":"2023-12-26T22:53:34.800Z"}},{"iob":-0.098,"basaliob":-0.272,"bolussnooze":0,"activity":-8.0E-4,"lastBolusTime":1703625164000,"time":"2023-12-26T22:58:34.800Z","iobWithZeroTemp":{"iob":-0.533,"basaliob":-0.707,"bolussnooze":0,"activity":-0.0035,"lastBolusTime":1703625164000,"time":"2023-12-26T22:58:34.800Z"}},{"iob":-0.094,"basaliob":-0.254,"bolussnooze":0,"activity":-8.0E-4,"lastBolusTime":1703625164000,"time":"2023-12-26T23:03:34.800Z","iobWithZeroTemp":{"iob":-0.552,"basaliob":-0.712,"bolussnooze":0,"activity":-0.0037,"lastBolusTime":1703625164000,"time":"2023-12-26T23:03:34.800Z"}},{"iob":-0.089,"basaliob":-0.236,"bolussnooze":0,"activity":-8.0E-4,"lastBolusTime":1703625164000,"time":"2023-12-26T23:08:34.800Z","iobWithZeroTemp":{"iob":-0.569,"basaliob":-0.716,"bolussnooze":0,"activity":-0.004,"lastBolusTime":1703625164000,"time":"2023-12-26T23:08:34.800Z"}},{"iob":-0.085,"basaliob":-0.22,"bolussnooze":0,"activity":-8.0E-4,"lastBolusTime":1703625164000,"time":"2023-12-26T23:13:34.800Z","iobWithZeroTemp":{"iob":-0.586,"basaliob":-0.721,"bolussnooze":0,"activity":-0.0042,"lastBolusTime":1703625164000,"time":"2023-12-26T23:13:34.800Z"}},{"iob":-0.081,"basaliob":-0.205,"bolussnooze":0,"activity":-7.0E-4,"lastBolusTime":1703625164000,"time":"2023-12-26T23:18:34.800Z","iobWithZeroTemp":{"iob":-0.602,"basaliob":-0.726,"bolussnooze":0,"activity":-0.0043,"lastBolusTime":1703625164000,"time":"2023-12-26T23:18:34.800Z"}},{"iob":-0.078,"basaliob":-0.191,"bolussnooze":0,"activity":-8.0E-4,"lastBolusTime":1703625164000,"time":"2023-12-26T23:23:34.800Z","iobWithZeroTemp":{"iob":-0.618,"basaliob":-0.731,"bolussnooze":0,"activity":-0.0047,"lastBolusTime":1703625164000,"time":"2023-12-26T23:23:34.800Z"}},{"iob":-0.073,"basaliob":-0.177,"bolussnooze":0,"activity":-8.0E-4,"lastBolusTime":1703625164000,"time":"2023-12-26T23:28:34.800Z","iobWithZeroTemp":{"iob":-0.631,"basaliob":-0.735,"bolussnooze":0,"activity":-0.0049,"lastBolusTime":1703625164000,"time":"2023-12-26T23:28:34.800Z"}},{"iob":-0.07,"basaliob":-0.165,"bolussnooze":0,"activity":-7.0E-4,"lastBolusTime":1703625164000,"time":"2023-12-26T23:33:34.800Z","iobWithZeroTemp":{"iob":-0.644,"basaliob":-0.739,"bolussnooze":0,"activity":-0.005,"lastBolusTime":1703625164000,"time":"2023-12-26T23:33:34.800Z"}},{"iob":-0.066,"basaliob":-0.153,"bolussnooze":0,"activity":-7.0E-4,"lastBolusTime":1703625164000,"time":"2023-12-26T23:38:34.800Z","iobWithZeroTemp":{"iob":-0.656,"basaliob":-0.743,"bolussnooze":0,"activity":-0.0052,"lastBolusTime":1703625164000,"time":"2023-12-26T23:38:34.800Z"}},{"iob":-0.063,"basaliob":-0.142,"bolussnooze":0,"activity":-8.0E-4,"lastBolusTime":1703625164000,"time":"2023-12-26T23:43:34.800Z","iobWithZeroTemp":{"iob":-0.667,"basaliob":-0.746,"bolussnooze":0,"activity":-0.0055,"lastBolusTime":1703625164000,"time":"2023-12-26T23:43:34.800Z"}},{"iob":-0.059,"basaliob":-0.131,"bolussnooze":0,"activity":-7.0E-4,"lastBolusTime":1703625164000,"time":"2023-12-26T23:48:34.800Z","iobWithZeroTemp":{"iob":-0.677,"basaliob":-0.749,"bolussnooze":0,"activity":-0.0056,"lastBolusTime":1703625164000,"time":"2023-12-26T23:48:34.800Z"}},{"iob":-0.056,"basaliob":-0.122,"bolussnooze":0,"activity":-7.0E-4,"lastBolusTime":1703625164000,"time":"2023-12-26T23:53:34.800Z","iobWithZeroTemp":{"iob":-0.687,"basaliob":-0.753,"bolussnooze":0,"activity":-0.0057,"lastBolusTime":1703625164000,"time":"2023-12-26T23:53:34.800Z"}},{"iob":-0.053,"basaliob":-0.113,"bolussnooze":0,"activity":-7.0E-4,"lastBolusTime":1703625164000,"time":"2023-12-26T23:58:34.800Z","iobWithZeroTemp":{"iob":-0.696,"basaliob":-0.756,"bolussnooze":0,"activity":-0.0059,"lastBolusTime":1703625164000,"time":"2023-12-26T23:58:34.800Z"}},{"iob":-0.05,"basaliob":-0.104,"bolussnooze":0,"activity":-6.0E-4,"lastBolusTime":1703625164000,"time":"2023-12-27T00:03:34.800Z","iobWithZeroTemp":{"iob":-0.696,"basaliob":-0.75,"bolussnooze":0,"activity":-0.0059,"lastBolusTime":1703625164000,"time":"2023-12-27T00:03:34.800Z"}},{"iob":-0.046,"basaliob":-0.096,"bolussnooze":0,"activity":-6.0E-4,"lastBolusTime":1703625164000,"time":"2023-12-27T00:08:34.800Z","iobWithZeroTemp":{"iob":-0.694,"basaliob":-0.744,"bolussnooze":0,"activity":-0.0061,"lastBolusTime":1703625164000,"time":"2023-12-27T00:08:34.800Z"}},{"iob":-0.044,"basaliob":-0.089,"bolussnooze":0,"activity":-5.0E-4,"lastBolusTime":1703625164000,"time":"2023-12-27T00:13:34.800Z","iobWithZeroTemp":{"iob":-0.694,"basaliob":-0.739,"bolussnooze":0,"activity":-0.0061,"lastBolusTime":1703625164000,"time":"2023-12-27T00:13:34.800Z"}},{"iob":-0.041,"basaliob":-0.082,"bolussnooze":0,"activity":-5.0E-4,"lastBolusTime":1703625164000,"time":"2023-12-27T00:18:34.800Z","iobWithZeroTemp":{"iob":-0.692,"basaliob":-0.733,"bolussnooze":0,"activity":-0.0062,"lastBolusTime":1703625164000,"time":"2023-12-27T00:18:34.800Z"}},{"iob":-0.038,"basaliob":-0.075,"bolussnooze":0,"activity":-5.0E-4,"lastBolusTime":1703625164000,"time":"2023-12-27T00:23:34.800Z","iobWithZeroTemp":{"iob":-0.69,"basaliob":-0.727,"bolussnooze":0,"activity":-0.0062,"lastBolusTime":1703625164000,"time":"2023-12-27T00:23:34.800Z"}},{"iob":-0.037,"basaliob":-0.07,"bolussnooze":0,"activity":-4.0E-4,"lastBolusTime":1703625164000,"time":"2023-12-27T00:28:34.800Z","iobWithZeroTemp":{"iob":-0.689,"basaliob":-0.722,"bolussnooze":0,"activity":-0.0062,"lastBolusTime":1703625164000,"time":"2023-12-27T00:28:34.800Z"}},{"iob":-0.034,"basaliob":-0.064,"bolussnooze":0,"activity":-5.0E-4,"lastBolusTime":1703625164000,"time":"2023-12-27T00:33:34.800Z","iobWithZeroTemp":{"iob":-0.686,"basaliob":-0.716,"bolussnooze":0,"activity":-0.0064,"lastBolusTime":1703625164000,"time":"2023-12-27T00:33:34.800Z"}},{"iob":-0.032,"basaliob":-0.059,"bolussnooze":0,"activity":-4.0E-4,"lastBolusTime":1703625164000,"time":"2023-12-27T00:38:34.800Z","iobWithZeroTemp":{"iob":-0.684,"basaliob":-0.711,"bolussnooze":0,"activity":-0.0063,"lastBolusTime":1703625164000,"time":"2023-12-27T00:38:34.800Z"}},{"iob":-0.029,"basaliob":-0.054,"bolussnooze":0,"activity":-4.0E-4,"lastBolusTime":1703625164000,"time":"2023-12-27T00:43:34.800Z","iobWithZeroTemp":{"iob":-0.68,"basaliob":-0.705,"bolussnooze":0,"activity":-0.0064,"lastBolusTime":1703625164000,"time":"2023-12-27T00:43:34.800Z"}},{"iob":-0.028,"basaliob":-0.05,"bolussnooze":0,"activity":-3.0E-4,"lastBolusTime":1703625164000,"time":"2023-12-27T00:48:34.800Z","iobWithZeroTemp":{"iob":-0.679,"basaliob":-0.701,"bolussnooze":0,"activity":-0.0063,"lastBolusTime":1703625164000,"time":"2023-12-27T00:48:34.800Z"}},{"iob":-0.026,"basaliob":-0.046,"bolussnooze":0,"activity":-4.0E-4,"lastBolusTime":1703625164000,"time":"2023-12-27T00:53:34.800Z","iobWithZeroTemp":{"iob":-0.676,"basaliob":-0.696,"bolussnooze":0,"activity":-0.0064,"lastBolusTime":1703625164000,"time":"2023-12-27T00:53:34.800Z"}},{"iob":-0.024,"basaliob":-0.042,"bolussnooze":0,"activity":-3.0E-4,"lastBolusTime":1703625164000,"time":"2023-12-27T00:58:34.800Z","iobWithZeroTemp":{"iob":-0.673,"basaliob":-0.691,"bolussnooze":0,"activity":-0.0063,"lastBolusTime":1703625164000,"time":"2023-12-27T00:58:34.800Z"}},{"iob":-0.022,"basaliob":-0.038,"bolussnooze":0,"activity":-4.0E-4,"lastBolusTime":1703625164000,"time":"2023-12-27T01:03:34.800Z","iobWithZeroTemp":{"iob":-0.663,"basaliob":-0.679,"bolussnooze":0,"activity":-0.0064,"lastBolusTime":1703625164000,"time":"2023-12-27T01:03:34.800Z"}},{"iob":-0.02,"basaliob":-0.035,"bolussnooze":0,"activity":-3.0E-4,"lastBolusTime":1703625164000,"time":"2023-12-27T01:08:34.800Z","iobWithZeroTemp":{"iob":-0.654,"basaliob":-0.669,"bolussnooze":0,"activity":-0.0063,"lastBolusTime":1703625164000,"time":"2023-12-27T01:08:34.800Z"}},{"iob":-0.019,"basaliob":-0.032,"bolussnooze":0,"activity":-3.0E-4,"lastBolusTime":1703625164000,"time":"2023-12-27T01:13:34.800Z","iobWithZeroTemp":{"iob":-0.645,"basaliob":-0.658,"bolussnooze":0,"activity":-0.0063,"lastBolusTime":1703625164000,"time":"2023-12-27T01:13:34.800Z"}},{"iob":-0.017,"basaliob":-0.029,"bolussnooze":0,"activity":-2.0E-4,"lastBolusTime":1703625164000,"time":"2023-12-27T01:18:34.800Z","iobWithZeroTemp":{"iob":-0.636,"basaliob":-0.648,"bolussnooze":0,"activity":-0.0062,"lastBolusTime":1703625164000,"time":"2023-12-27T01:18:34.800Z"}},{"iob":-0.017,"basaliob":-0.027,"bolussnooze":0,"activity":-3.0E-4,"lastBolusTime":1703625164000,"time":"2023-12-27T01:23:34.800Z","iobWithZeroTemp":{"iob":-0.628,"basaliob":-0.638,"bolussnooze":0,"activity":-0.0063,"lastBolusTime":1703625164000,"time":"2023-12-27T01:23:34.800Z"}},{"iob":-0.016,"basaliob":-0.025,"bolussnooze":0,"activity":-2.0E-4,"lastBolusTime":1703625164000,"time":"2023-12-27T01:28:34.800Z","iobWithZeroTemp":{"iob":-0.62,"basaliob":-0.629,"bolussnooze":0,"activity":-0.0061,"lastBolusTime":1703625164000,"time":"2023-12-27T01:28:34.800Z"}},{"iob":-0.014,"basaliob":-0.022,"bolussnooze":0,"activity":-2.0E-4,"lastBolusTime":1703625164000,"time":"2023-12-27T01:33:34.800Z","iobWithZeroTemp":{"iob":-0.611,"basaliob":-0.619,"bolussnooze":0,"activity":-0.0061,"lastBolusTime":1703625164000,"time":"2023-12-27T01:33:34.800Z"}},{"iob":-0.013,"basaliob":-0.02,"bolussnooze":0,"activity":-2.0E-4,"lastBolusTime":1703625164000,"time":"2023-12-27T01:38:34.800Z","iobWithZeroTemp":{"iob":-0.603,"basaliob":-0.61,"bolussnooze":0,"activity":-0.006,"lastBolusTime":1703625164000,"time":"2023-12-27T01:38:34.800Z"}},{"iob":-0.012,"basaliob":-0.019,"bolussnooze":0,"activity":-1.0E-4,"lastBolusTime":1703625164000,"time":"2023-12-27T01:43:34.800Z","iobWithZeroTemp":{"iob":-0.596,"basaliob":-0.603,"bolussnooze":0,"activity":-0.0059,"lastBolusTime":1703625164000,"time":"2023-12-27T01:43:34.800Z"}}],"profile":{"max_iob":7,"type":"current","max_daily_basal":0.45,"max_basal":1.35,"min_bg":144,"max_bg":144,"target_bg":144,"carb_ratio":11,"sens":352.8,"max_daily_safety_multiplier":3,"current_basal_safety_multiplier":4,"lgsThreshold":65,"high_temptarget_raises_sensitivity":false,"low_temptarget_lowers_sensitivity":false,"sensitivity_raises_target":true,"resistance_lowers_target":true,"adv_target_adjustments":false,"exercise_mode":false,"half_basal_exercise_target":160,"maxCOB":120,"skip_neutral_temps":false,"remainingCarbsCap":90,"enableUAM":true,"A52_risk_enable":false,"SMBInterval":4,"enableSMB_with_COB":true,"enableSMB_with_temptarget":false,"allowSMB_with_high_temptarget":true,"enableSMB_always":true,"enableSMB_after_carbs":false,"maxSMBBasalMinutes":60,"maxUAMSMBBasalMinutes":60,"bolus_increment":0.05,"carbsReqThreshold":10,"current_basal":0.4,"temptargetSet":true,"autosens_max":1.2,"autosens_min":0.8,"out_units":"mmol\/L","variable_sens":231.2,"insulinDivisor":65,"TDD":11.108375625000003},"autosens_data":{"ratio":0.9591351105697327},"meal_data":{"carbs":25,"mealCOB":0,"slopeFromMaxDeviation":-1.7125454545454546,"slopeFromMinDeviation":2.2065,"lastBolusTime":1703625164000,"lastCarbTime":1703622476000},"microBolusAllowed":true,"currentTime":1703627316423,"flatBGsDetected":false,"tdd1D":33.75158333333334,"tdd7D":31.95839285714286,"tddLast24H":30.652416666666674,"tddLast4H":3.983333333333333,"tddLast8to4H":7.0933333333333355},"output":{"temp":"absolute","bg":66,"tick":"+3","eventualBG":103,"targetBG":144,"insulinReq":0,"deliverAt":"2023-12-26T21:48:36.423Z","sensitivityRatio":0.9591351105697327,"variable_sens":231.2,"predBGs":{"IOB":[66,66,67,68,69,70,71,72,73,74,75,76,76,77,78,78,79,80,81,82,82,83,84,85,85,86,87,87,88,88,89,89,90,90,91,91,91,92,92,92,93,93,93,93,94],"ZT":[66,64,62,61,61,61,61,62,64,65,67,70,73,76,79,83,86,90,94,98,102,106,110,115,119,123,128,132,137,141],"UAM":[66,65,63,62,61,61,61,61,61,62,62,63,63,64,65,66,67,68,69,69,70,71,72,73,74,74,75,76,77,77,78,78,79,79,80,80,80,81,81,81,82,82,82,83,83,83,83,84]},"reason":"COB: 0, Dev: 0.8, BGI: -0.1, ISF: 12.8, CR: 11, Target: 8.0, minPredBG 3.4, minGuardBG 3.4, IOBpredBG 5.2, UAMpredBG 4.7; minGuardBG 3.4<5.1","COB":0,"IOB":-0.097,"duration":60,"rate":0,"timestamp":"2023-12-26T21:48:36.448Z"}}