{"algorithm":"OpenAPSSMBDynamicISFPlugin","input":{"glucoseStatus":{"glucose":111,"noise":0,"delta":6,"short_avgdelta":5.56,"long_avgdelta":4.08,"date":1703693814808},"currenttemp":{"temp":"absolute","duration":55,"rate":0,"minutesrunning":5},"iob_data":[{"iob":0.748,"basaliob":-0.571,"bolussnooze":0.1233,"activity":0.0079,"lastBolusTime":1703693560000,"time":"2023-12-27T16:17:14.431Z","iobWithZeroTemp":{"iob":0.748,"basaliob":-0.571,"bolussnooze":0.1233,"activity":0.0079,"lastBolusTime":1703693560000,"time":"2023-12-27T16:17:14.431Z"}},{"iob":0.708,"basaliob":-0.545,"bolussnooze":0.1046,"activity":0.0077,"lastBolusTime":1703693560000,"time":"2023-12-27T16:22:14.431Z","iobWithZeroTemp":{"iob":0.681,"basaliob":-0.572,"bolussnooze":0.1046,"activity":0.0077,"lastBolusTime":1703693560000,"time":"2023-12-27T16:22:14.431Z"}},{"iob":0.671,"basaliob":-0.518,"bolussnooze":0.0884,"activity":0.0075,"lastBolusTime":1703693560000,"time":"2023-12-27T16:27:14.431Z","iobWithZeroTemp":{"iob":0.611,"basaliob":-0.578,"bolussnooze":0.0884,"activity":0.0074,"lastBolusTime":1703693560000,"time":"2023-12-27T16:27:14.431Z"}},{"iob":0.634,"basaliob":-0.492,"bolussnooze":0.0745,"activity":0.0073,"lastBolusTime":1703693560000,"time":"2023-12-27T16:32:14.431Z","iobWithZeroTemp":{"iob":0.542,"basaliob":-0.584,"bolussnooze":0.0745,"activity":0.0071,"lastBolusTime":1703693560000,"time":"2023-12-27T16:32:14.431Z"}},{"iob":0.598,"basaliob":-0.466,"bolussnooze":0.0627,"activity":0.007,"lastBolusTime":1703693560000,"time":"2023-12-27T16:37:14.431Z","iobWithZeroTemp":{"iob":0.473,"basaliob":-0.591,"bolussnooze":0.0627,"activity":0.0067,"lastBolusTime":1703693560000,"time":"2023-12-27T16:37:14.431Z"}},{"iob":0.563,"basaliob":-0.441,"bolussnooze":0.0525,"activity":0.0069,"lastBolusTime":1703693560000,"time":"2023-12-27T16:42:14.431Z","iobWithZeroTemp":{"iob":0.407,"basaliob":-0.597,"bolussnooze":0.0525,"activity":0.0064,"lastBolusTime":1703693560000,"time":"2023-12-27T16:42:14.431Z"}},{"iob":0.529,"basaliob":-0.417,"bolussnooze":0.0439,"activity":0.0066,"lastBolusTime":1703693560000,"time":"2023-12-27T16:47:14.431Z","iobWithZeroTemp":{"iob":0.343,"basaliob":-0.603,"bolussnooze":0.0439,"activity":0.0059,"lastBolusTime":1703693560000,"time":"2023-12-27T16:47:14.431Z"}},{"iob":0.498,"basaliob":-0.393,"bolussnooze":0.0365,"activity":0.0063,"lastBolusTime":1703693560000,"time":"2023-12-27T16:52:14.431Z","iobWithZeroTemp":{"iob":0.282,"basaliob":-0.609,"bolussnooze":0.0365,"activity":0.0054,"lastBolusTime":1703693560000,"time":"2023-12-27T16:52:14.431Z"}},{"iob":0.467,"basaliob":-0.37,"bolussnooze":0.0303,"activity":0.006,"lastBolusTime":1703693560000,"time":"2023-12-27T16:57:14.431Z","iobWithZeroTemp":{"iob":0.223,"basaliob":-0.614,"bolussnooze":0.0303,"activity":0.0049,"lastBolusTime":1703693560000,"time":"2023-12-27T16:57:14.431Z"}},{"iob":0.438,"basaliob":-0.348,"bolussnooze":0.0251,"activity":0.0057,"lastBolusTime":1703693560000,"time":"2023-12-27T17:02:14.431Z","iobWithZeroTemp":{"iob":0.166,"basaliob":-0.62,"bolussnooze":0.0251,"activity":0.0044,"lastBolusTime":1703693560000,"time":"2023-12-27T17:02:14.431Z"}},{"iob":0.41,"basaliob":-0.327,"bolussnooze":0.0207,"activity":0.0055,"lastBolusTime":1703693560000,"time":"2023-12-27T17:07:14.431Z","iobWithZeroTemp":{"iob":0.112,"basaliob":-0.625,"bolussnooze":0.0207,"activity":0.004,"lastBolusTime":1703693560000,"time":"2023-12-27T17:07:14.431Z"}},{"iob":0.383,"basaliob":-0.307,"bolussnooze":0.0169,"activity":0.0052,"lastBolusTime":1703693560000,"time":"2023-12-27T17:12:14.431Z","iobWithZeroTemp":{"iob":0.06,"basaliob":-0.63,"bolussnooze":0.0169,"activity":0.0034,"lastBolusTime":1703693560000,"time":"2023-12-27T17:12:14.431Z"}},{"iob":0.358,"basaliob":-0.288,"bolussnooze":0.0138,"activity":0.0049,"lastBolusTime":1703693560000,"time":"2023-12-27T17:17:14.431Z","iobWithZeroTemp":{"iob":0.011,"basaliob":-0.635,"bolussnooze":0.0138,"activity":0.0029,"lastBolusTime":1703693560000,"time":"2023-12-27T17:17:14.431Z"}},{"iob":0.334,"basaliob":-0.27,"bolussnooze":0.0113,"activity":0.0046,"lastBolusTime":1703693560000,"time":"2023-12-27T17:22:14.431Z","iobWithZeroTemp":{"iob":-0.036,"basaliob":-0.64,"bolussnooze":0.0113,"activity":0.0024,"lastBolusTime":1703693560000,"time":"2023-12-27T17:22:14.431Z"}},{"iob":0.312,"basaliob":-0.252,"bolussnooze":0.0091,"activity":0.0044,"lastBolusTime":1703693560000,"time":"2023-12-27T17:27:14.431Z","iobWithZeroTemp":{"iob":-0.079,"basaliob":-0.643,"bolussnooze":0.0091,"activity":0.002,"lastBolusTime":1703693560000,"time":"2023-12-27T17:27:14.431Z"}},{"iob":0.29,"basaliob":-0.236,"bolussnooze":0.0073,"activity":0.0042,"lastBolusTime":1703693560000,"time":"2023-12-27T17:32:14.431Z","iobWithZeroTemp":{"iob":-0.122,"basaliob":-0.648,"bolussnooze":0.0073,"activity":0.0015,"lastBolusTime":1703693560000,"time":"2023-12-27T17:32:14.431Z"}},{"iob":0.27,"basaliob":-0.22,"bolussnooze":0.0059,"activity":0.0039,"lastBolusTime":1703693560000,"time":"2023-12-27T17:37:14.431Z","iobWithZeroTemp":{"iob":-0.161,"basaliob":-0.651,"bolussnooze":0.0059,"activity":0.001,"lastBolusTime":1703693560000,"time":"2023-12-27T17:37:14.431Z"}},{"iob":0.251,"basaliob":-0.205,"bolussnooze":0.0047,"activity":0.0036,"lastBolusTime":1703693560000,"time":"2023-12-27T17:42:14.431Z","iobWithZeroTemp":{"iob":-0.199,"basaliob":-0.655,"bolussnooze":0.0047,"activity":5.0E-4,"lastBolusTime":1703693560000,"time":"2023-12-27T17:42:14.431Z"}},{"iob":0.234,"basaliob":-0.191,"bolussnooze":0.0037,"activity":0.0035,"lastBolusTime":1703693560000,"time":"2023-12-27T17:47:14.431Z","iobWithZeroTemp":{"iob":-0.233,"basaliob":-0.658,"bolussnooze":0.0037,"activity":2.0E-4,"lastBolusTime":1703693560000,"time":"2023-12-27T17:47:14.431Z"}},{"iob":0.217,"basaliob":-0.178,"bolussnooze":0.0029,"activity":0.0032,"lastBolusTime":1703693560000,"time":"2023-12-27T17:52:14.431Z","iobWithZeroTemp":{"iob":-0.267,"basaliob":-0.662,"bolussnooze":0.0029,"activity":-3.0E-4,"lastBolusTime":1703693560000,"time":"2023-12-27T17:52:14.431Z"}},{"iob":0.201,"basaliob":-0.166,"bolussnooze":0.0022,"activity":0.003,"lastBolusTime":1703693560000,"time":"2023-12-27T17:57:14.431Z","iobWithZeroTemp":{"iob":-0.298,"basaliob":-0.665,"bolussnooze":0.0022,"activity":-7.0E-4,"lastBolusTime":1703693560000,"time":"2023-12-27T17:57:14.431Z"}},{"iob":0.186,"basaliob":-0.154,"bolussnooze":0.0017,"activity":0.0028,"lastBolusTime":1703693560000,"time":"2023-12-27T18:02:14.431Z","iobWithZeroTemp":{"iob":-0.328,"basaliob":-0.668,"bolussnooze":0.0017,"activity":-0.0011,"lastBolusTime":1703693560000,"time":"2023-12-27T18:02:14.431Z"}},{"iob":0.173,"basaliob":-0.143,"bolussnooze":0.0013,"activity":0.0027,"lastBolusTime":1703693560000,"time":"2023-12-27T18:07:14.431Z","iobWithZeroTemp":{"iob":-0.354,"basaliob":-0.67,"bolussnooze":0.0013,"activity":-0.0013,"lastBolusTime":1703693560000,"time":"2023-12-27T18:07:14.431Z"}},{"iob":0.159,"basaliob":-0.133,"bolussnooze":0.001,"activity":0.0025,"lastBolusTime":1703693560000,"time":"2023-12-27T18:12:14.431Z","iobWithZeroTemp":{"iob":-0.381,"basaliob":-0.673,"bolussnooze":0.001,"activity":-0.0017,"lastBolusTime":1703693560000,"time":"2023-12-27T18:12:14.431Z"}},{"iob":0.148,"basaliob":-0.123,"bolussnooze":7.0E-4,"activity":0.0023,"lastBolusTime":1703693560000,"time":"2023-12-27T18:17:14.431Z","iobWithZeroTemp":{"iob":-0.404,"basaliob":-0.675,"bolussnooze":7.0E-4,"activity":-0.002,"lastBolusTime":1703693560000,"time":"2023-12-27T18:17:14.431Z"}},{"iob":0.137,"basaliob":-0.114,"bolussnooze":5.0E-4,"activity":0.0022,"lastBolusTime":1703693560000,"time":"2023-12-27T18:22:14.431Z","iobWithZeroTemp":{"iob":-0.426,"basaliob":-0.677,"bolussnooze":5.0E-4,"activity":-0.0023,"lastBolusTime":1703693560000,"time":"2023-12-27T18:22:14.431Z"}},{"iob":0.126,"basaliob":-0.106,"bolussnooze":4.0E-4,"activity":0.0021,"lastBolusTime":1703693560000,"time":"2023-12-27T18:27:14.431Z","iobWithZeroTemp":{"iob":-0.448,"basaliob":-0.68,"bolussnooze":4.0E-4,"activity":-0.0025,"lastBolusTime":1703693560000,"time":"2023-12-27T18:27:14.431Z"}},{"iob":0.116,"basaliob":-0.098,"bolussnooze":3.0E-4,"activity":0.0019,"lastBolusTime":1703693560000,"time":"2023-12-27T18:32:14.431Z","iobWithZeroTemp":{"iob":-0.468,"basaliob":-0.682,"bolussnooze":3.0E-4,"activity":-0.0029,"lastBolusTime":1703693560000,"time":"2023-12-27T18:32:14.431Z"}},{"iob":0.108,"basaliob":-0.09,"bolussnooze":2.0E-4,"activity":0.0018,"lastBolusTime":1703693560000,"time":"2023-12-27T18:37:14.431Z","iobWithZeroTemp":{"iob":-0.485,"basaliob":-0.683,"bolussnooze":2.0E-4,"activity":-0.0031,"lastBolusTime":1703693560000,"time":"2023-12-27T18:37:14.431Z"}},{"iob":0.099,"basaliob":-0.083,"bolussnooze":1.0E-4,"activity":0.0017,"lastBolusTime":1703693560000,"time":"2023-12-27T18:42:14.431Z","iobWithZeroTemp":{"iob":-0.502,"basaliob":-0.684,"bolussnooze":1.0E-4,"activity":-0.0033,"lastBolusTime":1703693560000,"time":"2023-12-27T18:42:14.431Z"}},{"iob":0.091,"basaliob":-0.077,"bolussnooze":1.0E-4,"activity":0.0015,"lastBolusTime":1703693560000,"time":"2023-12-27T18:47:14.431Z","iobWithZeroTemp":{"iob":-0.518,"basaliob":-0.686,"bolussnooze":1.0E-4,"activity":-0.0036,"lastBolusTime":1703693560000,"time":"2023-12-27T18:47:14.431Z"}},{"iob":0.084,"basaliob":-0.071,"bolussnooze":0,"activity":0.0015,"lastBolusTime":1703693560000,"time":"2023-12-27T18:52:14.431Z","iobWithZeroTemp":{"iob":-0.533,"basaliob":-0.688,"bolussnooze":0,"activity":-0.0037,"lastBolusTime":1703693560000,"time":"2023-12-27T18:52:14.431Z"}},{"iob":0.078,"basaliob":-0.065,"bolussnooze":0,"activity":0.0013,"lastBolusTime":1703693560000,"time":"2023-12-27T18:57:14.431Z","iobWithZeroTemp":{"iob":-0.546,"basaliob":-0.689,"bolussnooze":0,"activity":-0.004,"lastBolusTime":1703693560000,"time":"2023-12-27T18:57:14.431Z"}},{"iob":0.071,"basaliob":-0.06,"bolussnooze":0,"activity":0.0012,"lastBolusTime":1703693560000,"time":"2023-12-27T19:02:14.431Z","iobWithZeroTemp":{"iob":-0.559,"basaliob":-0.69,"bolussnooze":0,"activity":-0.0042,"lastBolusTime":1703693560000,"time":"2023-12-27T19:02:14.431Z"}},{"iob":0.066,"basaliob":-0.055,"bolussnooze":0,"activity":0.0011,"lastBolusTime":1703693560000,"time":"2023-12-27T19:07:14.431Z","iobWithZeroTemp":{"iob":-0.57,"basaliob":-0.691,"bolussnooze":0,"activity":-0.0044,"lastBolusTime":1703693560000,"time":"2023-12-27T19:07:14.431Z"}},{"iob":0.06,"basaliob":-0.051,"bolussnooze":0,"activity":0.001,"lastBolusTime":1703693560000,"time":"2023-12-27T19:12:14.431Z","iobWithZeroTemp":{"iob":-0.582,"basaliob":-0.693,"bolussnooze":0,"activity":-0.0046,"lastBolusTime":1703693560000,"time":"2023-12-27T19:12:14.431Z"}},{"iob":0.055,"basaliob":-0.047,"bolussnooze":0,"activity":9.0E-4,"lastBolusTime":1703693560000,"time":"2023-12-27T19:17:14.431Z","iobWithZeroTemp":{"iob":-0.592,"basaliob":-0.694,"bolussnooze":0,"activity":-0.0048,"lastBolusTime":1703693560000,"time":"2023-12-27T19:17:14.431Z"}},{"iob":0.05,"basaliob":-0.043,"bolussnooze":0,"activity":9.0E-4,"lastBolusTime":1703693560000,"time":"2023-12-27T19:22:14.431Z","iobWithZeroTemp":{"iob":-0.601,"basaliob":-0.694,"bolussnooze":0,"activity":-0.0049,"lastBolusTime":1703693560000,"time":"2023-12-27T19:22:14.431Z"}},{"iob":0.045,"basaliob":-0.04,"bolussnooze":0,"activity":8.0E-4,"lastBolusTime":1703693560000,"time":"2023-12-27T19:27:14.431Z","iobWithZeroTemp":{"iob":-0.611,"basaliob":-0.696,"bolussnooze":0,"activity":-0.005,"lastBolusTime":1703693560000,"time":"2023-12-27T19:27:14.431Z"}},{"iob":0.042,"basaliob":-0.036,"bolussnooze":0,"activity":8.0E-4,"lastBolusTime":1703693560000,"time":"2023-12-27T19:32:14.431Z","iobWithZeroTemp":{"iob":-0.618,"basaliob":-0.696,"bolussnooze":0,"activity":-0.0051,"lastBolusTime":1703693560000,"time":"2023-12-27T19:32:14.431Z"}},{"iob":0.039,"basaliob":-0.033,"bolussnooze":0,"activity":7.0E-4,"lastBolusTime":1703693560000,"time":"2023-12-27T19:37:14.431Z","iobWithZeroTemp":{"iob":-0.625,"basaliob":-0.697,"bolussnooze":0,"activity":-0.0052,"lastBolusTime":1703693560000,"time":"2023-12-27T19:37:14.431Z"}},{"iob":0.034,"basaliob":-0.031,"bolussnooze":0,"activity":7.0E-4,"lastBolusTime":1703693560000,"time":"2023-12-27T19:42:14.431Z","iobWithZeroTemp":{"iob":-0.633,"basaliob":-0.698,"bolussnooze":0,"activity":-0.0053,"lastBolusTime":1703693560000,"time":"2023-12-27T19:42:14.431Z"}},{"iob":0.032,"basaliob":-0.028,"bolussnooze":0,"activity":6.0E-4,"lastBolusTime":1703693560000,"time":"2023-12-27T19:47:14.431Z","iobWithZeroTemp":{"iob":-0.638,"basaliob":-0.698,"bolussnooze":0,"activity":-0.0055,"lastBolusTime":1703693560000,"time":"2023-12-27T19:47:14.431Z"}},{"iob":0.029,"basaliob":-0.026,"bolussnooze":0,"activity":5.0E-4,"lastBolusTime":1703693560000,"time":"2023-12-27T19:52:14.431Z","iobWithZeroTemp":{"iob":-0.644,"basaliob":-0.699,"bolussnooze":0,"activity":-0.0056,"lastBolusTime":1703693560000,"time":"2023-12-27T19:52:14.431Z"}},{"iob":0.027,"basaliob":-0.023,"bolussnooze":0,"activity":5.0E-4,"lastBolusTime":1703693560000,"time":"2023-12-27T19:57:14.431Z","iobWithZeroTemp":{"iob":-0.649,"basaliob":-0.699,"bolussnooze":0,"activity":-0.0056,"lastBolusTime":1703693560000,"time":"2023-12-27T19:57:14.431Z"}},{"iob":0.024,"basaliob":-0.021,"bolussnooze":0,"activity":4.0E-4,"lastBolusTime":1703693560000,"time":"2023-12-27T20:02:14.431Z","iobWithZeroTemp":{"iob":-0.654,"basaliob":-0.699,"bolussnooze":0,"activity":-0.0058,"lastBolusTime":1703693560000,"time":"2023-12-27T20:02:14.431Z"}},{"iob":0.022,"basaliob":-0.019,"bolussnooze":0,"activity":4.0E-4,"lastBolusTime":1703693560000,"time":"2023-12-27T20:07:14.431Z","iobWithZeroTemp":{"iob":-0.659,"basaliob":-0.7,"bolussnooze":0,"activity":-0.0058,"lastBolusTime":1703693560000,"time":"2023-12-27T20:07:14.431Z"}},{"iob":0.02,"basaliob":-0.018,"bolussnooze":0,"activity":4.0E-4,"lastBolusTime":1703693560000,"time":"2023-12-27T20:12:14.431Z","iobWithZeroTemp":{"iob":-0.663,"basaliob":-0.701,"bolussnooze":0,"activity":-0.0059,"lastBolusTime":1703693560000,"time":"2023-12-27T20:12:14.431Z"}}],"profile":{"max_iob":7,"type":"current","max_daily_basal":0.45,"max_basal":1.35,"min_bg":106.2,"max_bg":106.2,"target_bg":106.2,"carb_ratio":11,"sens":352.8,"max_daily_safety_multiplier":3,"current_basal_safety_multiplier":4,"lgsThreshold":65,"high_temptarget_raises_sensitivity":false,"low_temptarget_lowers_sensitivity":false,"sensitivity_raises_target":true,"resistance_lowers_target":true,"adv_target_adjustments":false,"exercise_mode":false,"half_basal_exercise_target":160,"maxCOB":120,"skip_neutral_temps":false,"remainingCarbsCap":90,"enableUAM":true,"A52_risk_enable":false,"SMBInterval":4,"enableSMB_with_COB":true,"enableSMB_with_temptarget":false,"allowSMB_with_high_temptarget":true,"enableSMB_always":true,"enableSMB_after_carbs":false,"maxSMBBasalMinutes":60,"maxUAMSMBBasalMinutes":60,"bolus_increment":0.05,"carbsReqThreshold":10,"current_basal":0.4,"temptargetSet":false,"autosens_max":1.2,"autosens_min":0.8,"out_units":"mmol\/L","variable_sens":180.7,"insulinDivisor":65,"TDD":10.002708458333332},"autosens_data":{"ratio":0.6749857729771014},"meal_data":{"carbs":15,"mealCOB":12.002200680272098,"slopeFromMaxDeviation":-0.12433333333333371,"slopeFromMinDeviation":0.8334999999999999,"lastBolusTime":1703693560000,"lastCarbTime":1703687928000},"microBolusAllowed":true,"currentTime":1703693836823,"flatBGsDetected":false,"tdd1D":31.16008333333334,"tdd7D":32.424880952380946,"tddLast24H":21.886333333333344,"tddLast4H":3.316666666666667,"tddLast8to4H":4.503333333333334},"output":{"temp":"absolute","bg":111,"tick":"+6","eventualBG":225,"targetBG":128,"insulinReq":0.21,"deliverAt":"2023-12-27T16:17:16.823Z","sensitivityRatio":0.6749857729771014,"variable_sens":180.7,"predBGs":{"IOB":[111,116,119,122,125,126,127,127,126,124,121,117,113,108,104,100,96,92,88,85,81,78,75,72,69,66,63,60,58,55,52,50,48,46,44,42,40,39],"ZT":[111,104,97,89,82,75,67,59,52,44,39,39,39,39,39,39,39,39,39,39,39,39,39,39,39,39,39,39,39,39,43,50,55,61,67,73,78,84,89,94,99,104,109,114,119,124],"COB":[111,116,121,126,130,135,139,142,146,150,153,156,160,163,165,168,170,173,175,176,178,179,181,181,182,182,183,182,182,181,180,179,177,176,175,174,173,172,171,171,170,169,169,168,168,167],"UAM":[111,116,121,127,132,137,142,147,152,158,163,167,172,177,182,186,190,194,198,202,206,209,212,215,218,220,223,224,226,228,229,229,230,230,230,230,229,229,228,228,227,227,227,226,226,226,225]},"reason":"COB: 12, Dev: 4.2, BGI: -0.4, ISF: 10.0, CR: 11, Target: 7.1, minPredBG 9.2, minGuardBG 6.4, IOBpredBG 2.2, COBpredBG 9.3, UAMpredBG 12.5; Eventual BG 12.5 >= 7.1,  insulinReq 0.21; setting 60m low temp of 0U\/h. Microbolusing 0.1U. ","COB":12.002200680272098,"IOB":0.748,"units":0.1,"rate":0,"duration":60,"timestamp":"2023-12-27T16:17:16.864Z"}}