{"algorithm":"OpenAPSSMBDynamicISFPlugin","input":{"glucoseStatus":{"glucose":48,"noise":0,"delta":-10,"short_avgdelta":-21.67,"long_avgdelta":-16.57,"date":1703447759500},"currenttemp":{"temp":"absolute","duration":20,"rate":0,"minutesrunning":40},"iob_data":[{"iob":1.663,"basaliob":-0.68,"bolussnooze":0.46,"activity":0.0191,"lastBolusTime":1703445694000,"time":"2023-12-24T19:56:23.275Z","iobWithZeroTemp":{"iob":1.663,"basaliob":-0.68,"bolussnooze":0.46,"activity":0.0191,"lastBolusTime":1703445694000,"time":"2023-12-24T19:56:23.275Z"}},{"iob":1.569,"basaliob":-0.648,"bolussnooze":0.4019,"activity":0.0184,"lastBolusTime":1703445694000,"time":"2023-12-24T20:01:23.275Z","iobWithZeroTemp":{"iob":1.542,"basaliob":-0.675,"bolussnooze":0.4019,"activity":0.0184,"lastBolusTime":1703445694000,"time":"2023-12-24T20:01:23.275Z"}},{"iob":1.479,"basaliob":-0.616,"bolussnooze":0.3498,"activity":0.0178,"lastBolusTime":1703445694000,"time":"2023-12-24T20:06:23.275Z","iobWithZeroTemp":{"iob":1.419,"basaliob":-0.676,"bolussnooze":0.3498,"activity":0.0177,"lastBolusTime":1703445694000,"time":"2023-12-24T20:06:23.275Z"}},{"iob":1.391,"basaliob":-0.585,"bolussnooze":0.3034,"activity":0.0171,"lastBolusTime":1703445694000,"time":"2023-12-24T20:11:23.275Z","iobWithZeroTemp":{"iob":1.299,"basaliob":-0.677,"bolussnooze":0.3034,"activity":0.0169,"lastBolusTime":1703445694000,"time":"2023-12-24T20:11:23.275Z"}},{"iob":1.308,"basaliob":-0.554,"bolussnooze":0.2622,"activity":0.0164,"lastBolusTime":1703445694000,"time":"2023-12-24T20:16:23.275Z","iobWithZeroTemp":{"iob":1.183,"basaliob":-0.679,"bolussnooze":0.2622,"activity":0.0161,"lastBolusTime":1703445694000,"time":"2023-12-24T20:16:23.275Z"}},{"iob":1.227,"basaliob":-0.524,"bolussnooze":0.2259,"activity":0.0157,"lastBolusTime":1703445694000,"time":"2023-12-24T20:21:23.275Z","iobWithZeroTemp":{"iob":1.071,"basaliob":-0.68,"bolussnooze":0.2259,"activity":0.0152,"lastBolusTime":1703445694000,"time":"2023-12-24T20:21:23.275Z"}},{"iob":1.151,"basaliob":-0.495,"bolussnooze":0.1941,"activity":0.015,"lastBolusTime":1703445694000,"time":"2023-12-24T20:26:23.275Z","iobWithZeroTemp":{"iob":0.965,"basaliob":-0.681,"bolussnooze":0.1941,"activity":0.0143,"lastBolusTime":1703445694000,"time":"2023-12-24T20:26:23.275Z"}},{"iob":1.078,"basaliob":-0.467,"bolussnooze":0.1662,"activity":0.0143,"lastBolusTime":1703445694000,"time":"2023-12-24T20:31:23.275Z","iobWithZeroTemp":{"iob":0.862,"basaliob":-0.683,"bolussnooze":0.1662,"activity":0.0134,"lastBolusTime":1703445694000,"time":"2023-12-24T20:31:23.275Z"}},{"iob":1.009,"basaliob":-0.439,"bolussnooze":0.1419,"activity":0.0136,"lastBolusTime":1703445694000,"time":"2023-12-24T20:36:23.275Z","iobWithZeroTemp":{"iob":0.765,"basaliob":-0.683,"bolussnooze":0.1419,"activity":0.0125,"lastBolusTime":1703445694000,"time":"2023-12-24T20:36:23.275Z"}},{"iob":0.943,"basaliob":-0.413,"bolussnooze":0.1208,"activity":0.0128,"lastBolusTime":1703445694000,"time":"2023-12-24T20:41:23.275Z","iobWithZeroTemp":{"iob":0.671,"basaliob":-0.685,"bolussnooze":0.1208,"activity":0.0115,"lastBolusTime":1703445694000,"time":"2023-12-24T20:41:23.275Z"}},{"iob":0.88,"basaliob":-0.388,"bolussnooze":0.1026,"activity":0.0121,"lastBolusTime":1703445694000,"time":"2023-12-24T20:46:23.275Z","iobWithZeroTemp":{"iob":0.582,"basaliob":-0.686,"bolussnooze":0.1026,"activity":0.0106,"lastBolusTime":1703445694000,"time":"2023-12-24T20:46:23.275Z"}},{"iob":0.821,"basaliob":-0.364,"bolussnooze":0.0869,"activity":0.0115,"lastBolusTime":1703445694000,"time":"2023-12-24T20:51:23.275Z","iobWithZeroTemp":{"iob":0.498,"basaliob":-0.687,"bolussnooze":0.0869,"activity":0.0097,"lastBolusTime":1703445694000,"time":"2023-12-24T20:51:23.275Z"}},{"iob":0.766,"basaliob":-0.341,"bolussnooze":0.0733,"activity":0.0108,"lastBolusTime":1703445694000,"time":"2023-12-24T20:56:23.275Z","iobWithZeroTemp":{"iob":0.419,"basaliob":-0.688,"bolussnooze":0.0733,"activity":0.0088,"lastBolusTime":1703445694000,"time":"2023-12-24T20:56:23.275Z"}},{"iob":0.712,"basaliob":-0.32,"bolussnooze":0.0617,"activity":0.0102,"lastBolusTime":1703445694000,"time":"2023-12-24T21:01:23.275Z","iobWithZeroTemp":{"iob":0.342,"basaliob":-0.69,"bolussnooze":0.0617,"activity":0.008,"lastBolusTime":1703445694000,"time":"2023-12-24T21:01:23.275Z"}},{"iob":0.663,"basaliob":-0.299,"bolussnooze":0.0518,"activity":0.0096,"lastBolusTime":1703445694000,"time":"2023-12-24T21:06:23.275Z","iobWithZeroTemp":{"iob":0.272,"basaliob":-0.69,"bolussnooze":0.0518,"activity":0.0072,"lastBolusTime":1703445694000,"time":"2023-12-24T21:06:23.275Z"}},{"iob":0.617,"basaliob":-0.279,"bolussnooze":0.0434,"activity":0.0091,"lastBolusTime":1703445694000,"time":"2023-12-24T21:11:23.275Z","iobWithZeroTemp":{"iob":0.205,"basaliob":-0.691,"bolussnooze":0.0434,"activity":0.0064,"lastBolusTime":1703445694000,"time":"2023-12-24T21:11:23.275Z"}},{"iob":0.572,"basaliob":-0.261,"bolussnooze":0.0362,"activity":0.0085,"lastBolusTime":1703445694000,"time":"2023-12-24T21:16:23.275Z","iobWithZeroTemp":{"iob":0.141,"basaliob":-0.692,"bolussnooze":0.0362,"activity":0.0056,"lastBolusTime":1703445694000,"time":"2023-12-24T21:16:23.275Z"}},{"iob":0.532,"basaliob":-0.243,"bolussnooze":0.0301,"activity":0.008,"lastBolusTime":1703445694000,"time":"2023-12-24T21:21:23.275Z","iobWithZeroTemp":{"iob":0.082,"basaliob":-0.693,"bolussnooze":0.0301,"activity":0.0049,"lastBolusTime":1703445694000,"time":"2023-12-24T21:21:23.275Z"}},{"iob":0.494,"basaliob":-0.226,"bolussnooze":0.0249,"activity":0.0075,"lastBolusTime":1703445694000,"time":"2023-12-24T21:26:23.275Z","iobWithZeroTemp":{"iob":0.027,"basaliob":-0.693,"bolussnooze":0.0249,"activity":0.0042,"lastBolusTime":1703445694000,"time":"2023-12-24T21:26:23.275Z"}},{"iob":0.457,"basaliob":-0.211,"bolussnooze":0.0206,"activity":0.007,"lastBolusTime":1703445694000,"time":"2023-12-24T21:31:23.275Z","iobWithZeroTemp":{"iob":-0.027,"basaliob":-0.695,"bolussnooze":0.0206,"activity":0.0035,"lastBolusTime":1703445694000,"time":"2023-12-24T21:31:23.275Z"}},{"iob":0.423,"basaliob":-0.196,"bolussnooze":0.0169,"activity":0.0065,"lastBolusTime":1703445694000,"time":"2023-12-24T21:36:23.275Z","iobWithZeroTemp":{"iob":-0.076,"basaliob":-0.695,"bolussnooze":0.0169,"activity":0.0028,"lastBolusTime":1703445694000,"time":"2023-12-24T21:36:23.275Z"}},{"iob":0.392,"basaliob":-0.182,"bolussnooze":0.0138,"activity":0.0061,"lastBolusTime":1703445694000,"time":"2023-12-24T21:41:23.275Z","iobWithZeroTemp":{"iob":-0.122,"basaliob":-0.696,"bolussnooze":0.0138,"activity":0.0022,"lastBolusTime":1703445694000,"time":"2023-12-24T21:41:23.275Z"}},{"iob":0.362,"basaliob":-0.169,"bolussnooze":0.0113,"activity":0.0057,"lastBolusTime":1703445694000,"time":"2023-12-24T21:46:23.275Z","iobWithZeroTemp":{"iob":-0.165,"basaliob":-0.696,"bolussnooze":0.0113,"activity":0.0017,"lastBolusTime":1703445694000,"time":"2023-12-24T21:46:23.275Z"}},{"iob":0.335,"basaliob":-0.157,"bolussnooze":0.0091,"activity":0.0053,"lastBolusTime":1703445694000,"time":"2023-12-24T21:51:23.275Z","iobWithZeroTemp":{"iob":-0.205,"basaliob":-0.697,"bolussnooze":0.0091,"activity":0.0011,"lastBolusTime":1703445694000,"time":"2023-12-24T21:51:23.275Z"}},{"iob":0.31,"basaliob":-0.145,"bolussnooze":0.0074,"activity":0.005,"lastBolusTime":1703445694000,"time":"2023-12-24T21:56:23.275Z","iobWithZeroTemp":{"iob":-0.242,"basaliob":-0.697,"bolussnooze":0.0074,"activity":7.0E-4,"lastBolusTime":1703445694000,"time":"2023-12-24T21:56:23.275Z"}},{"iob":0.285,"basaliob":-0.135,"bolussnooze":0.0059,"activity":0.0046,"lastBolusTime":1703445694000,"time":"2023-12-24T22:01:23.275Z","iobWithZeroTemp":{"iob":-0.278,"basaliob":-0.698,"bolussnooze":0.0059,"activity":1.0E-4,"lastBolusTime":1703445694000,"time":"2023-12-24T22:01:23.275Z"}},{"iob":0.263,"basaliob":-0.125,"bolussnooze":0.0047,"activity":0.0043,"lastBolusTime":1703445694000,"time":"2023-12-24T22:06:23.275Z","iobWithZeroTemp":{"iob":-0.315,"basaliob":-0.703,"bolussnooze":0.0047,"activity":-3.0E-4,"lastBolusTime":1703445694000,"time":"2023-12-24T22:06:23.275Z"}},{"iob":0.243,"basaliob":-0.115,"bolussnooze":0.0037,"activity":0.004,"lastBolusTime":1703445694000,"time":"2023-12-24T22:11:23.275Z","iobWithZeroTemp":{"iob":-0.349,"basaliob":-0.707,"bolussnooze":0.0037,"activity":-8.0E-4,"lastBolusTime":1703445694000,"time":"2023-12-24T22:11:23.275Z"}},{"iob":0.223,"basaliob":-0.107,"bolussnooze":0.0029,"activity":0.0037,"lastBolusTime":1703445694000,"time":"2023-12-24T22:16:23.275Z","iobWithZeroTemp":{"iob":-0.382,"basaliob":-0.712,"bolussnooze":0.0029,"activity":-0.0012,"lastBolusTime":1703445694000,"time":"2023-12-24T22:16:23.275Z"}},{"iob":0.205,"basaliob":-0.099,"bolussnooze":0.0023,"activity":0.0034,"lastBolusTime":1703445694000,"time":"2023-12-24T22:21:23.275Z","iobWithZeroTemp":{"iob":-0.413,"basaliob":-0.717,"bolussnooze":0.0023,"activity":-0.0017,"lastBolusTime":1703445694000,"time":"2023-12-24T22:21:23.275Z"}},{"iob":0.189,"basaliob":-0.091,"bolussnooze":0.0018,"activity":0.0031,"lastBolusTime":1703445694000,"time":"2023-12-24T22:26:23.275Z","iobWithZeroTemp":{"iob":-0.44,"basaliob":-0.72,"bolussnooze":0.0018,"activity":-0.0021,"lastBolusTime":1703445694000,"time":"2023-12-24T22:26:23.275Z"}},{"iob":0.174,"basaliob":-0.084,"bolussnooze":0.0014,"activity":0.0029,"lastBolusTime":1703445694000,"time":"2023-12-24T22:31:23.275Z","iobWithZeroTemp":{"iob":-0.467,"basaliob":-0.725,"bolussnooze":0.0014,"activity":-0.0024,"lastBolusTime":1703445694000,"time":"2023-12-24T22:31:23.275Z"}},{"iob":0.16,"basaliob":-0.077,"bolussnooze":0.001,"activity":0.0027,"lastBolusTime":1703445694000,"time":"2023-12-24T22:36:23.275Z","iobWithZeroTemp":{"iob":-0.491,"basaliob":-0.728,"bolussnooze":0.001,"activity":-0.0028,"lastBolusTime":1703445694000,"time":"2023-12-24T22:36:23.275Z"}},{"iob":0.147,"basaliob":-0.071,"bolussnooze":8.0E-4,"activity":0.0025,"lastBolusTime":1703445694000,"time":"2023-12-24T22:41:23.275Z","iobWithZeroTemp":{"iob":-0.514,"basaliob":-0.732,"bolussnooze":8.0E-4,"activity":-0.0031,"lastBolusTime":1703445694000,"time":"2023-12-24T22:41:23.275Z"}},{"iob":0.134,"basaliob":-0.066,"bolussnooze":6.0E-4,"activity":0.0023,"lastBolusTime":1703445694000,"time":"2023-12-24T22:46:23.275Z","iobWithZeroTemp":{"iob":-0.536,"basaliob":-0.736,"bolussnooze":6.0E-4,"activity":-0.0034,"lastBolusTime":1703445694000,"time":"2023-12-24T22:46:23.275Z"}},{"iob":0.123,"basaliob":-0.06,"bolussnooze":4.0E-4,"activity":0.0022,"lastBolusTime":1703445694000,"time":"2023-12-24T22:51:23.275Z","iobWithZeroTemp":{"iob":-0.556,"basaliob":-0.739,"bolussnooze":4.0E-4,"activity":-0.0036,"lastBolusTime":1703445694000,"time":"2023-12-24T22:51:23.275Z"}},{"iob":0.113,"basaliob":-0.055,"bolussnooze":3.0E-4,"activity":0.002,"lastBolusTime":1703445694000,"time":"2023-12-24T22:56:23.275Z","iobWithZeroTemp":{"iob":-0.574,"basaliob":-0.742,"bolussnooze":3.0E-4,"activity":-0.0039,"lastBolusTime":1703445694000,"time":"2023-12-24T22:56:23.275Z"}},{"iob":0.103,"basaliob":-0.051,"bolussnooze":2.0E-4,"activity":0.0018,"lastBolusTime":1703445694000,"time":"2023-12-24T23:01:23.275Z","iobWithZeroTemp":{"iob":-0.592,"basaliob":-0.746,"bolussnooze":2.0E-4,"activity":-0.0042,"lastBolusTime":1703445694000,"time":"2023-12-24T23:01:23.275Z"}},{"iob":0.094,"basaliob":-0.047,"bolussnooze":2.0E-4,"activity":0.0017,"lastBolusTime":1703445694000,"time":"2023-12-24T23:06:23.275Z","iobWithZeroTemp":{"iob":-0.608,"basaliob":-0.749,"bolussnooze":2.0E-4,"activity":-0.0044,"lastBolusTime":1703445694000,"time":"2023-12-24T23:06:23.275Z"}},{"iob":0.086,"basaliob":-0.043,"bolussnooze":1.0E-4,"activity":0.0016,"lastBolusTime":1703445694000,"time":"2023-12-24T23:11:23.275Z","iobWithZeroTemp":{"iob":-0.623,"basaliob":-0.752,"bolussnooze":1.0E-4,"activity":-0.0046,"lastBolusTime":1703445694000,"time":"2023-12-24T23:11:23.275Z"}},{"iob":0.079,"basaliob":-0.039,"bolussnooze":1.0E-4,"activity":0.0014,"lastBolusTime":1703445694000,"time":"2023-12-24T23:16:23.275Z","iobWithZeroTemp":{"iob":-0.636,"basaliob":-0.754,"bolussnooze":1.0E-4,"activity":-0.0049,"lastBolusTime":1703445694000,"time":"2023-12-24T23:16:23.275Z"}},{"iob":0.072,"basaliob":-0.036,"bolussnooze":0,"activity":0.0014,"lastBolusTime":1703445694000,"time":"2023-12-24T23:21:23.275Z","iobWithZeroTemp":{"iob":-0.649,"basaliob":-0.757,"bolussnooze":0,"activity":-0.005,"lastBolusTime":1703445694000,"time":"2023-12-24T23:21:23.275Z"}},{"iob":0.065,"basaliob":-0.033,"bolussnooze":0,"activity":0.0012,"lastBolusTime":1703445694000,"time":"2023-12-24T23:26:23.275Z","iobWithZeroTemp":{"iob":-0.662,"basaliob":-0.76,"bolussnooze":0,"activity":-0.0052,"lastBolusTime":1703445694000,"time":"2023-12-24T23:26:23.275Z"}},{"iob":0.06,"basaliob":-0.03,"bolussnooze":0,"activity":0.0012,"lastBolusTime":1703445694000,"time":"2023-12-24T23:31:23.275Z","iobWithZeroTemp":{"iob":-0.672,"basaliob":-0.762,"bolussnooze":0,"activity":-0.0053,"lastBolusTime":1703445694000,"time":"2023-12-24T23:31:23.275Z"}},{"iob":0.055,"basaliob":-0.027,"bolussnooze":0,"activity":0.001,"lastBolusTime":1703445694000,"time":"2023-12-24T23:36:23.275Z","iobWithZeroTemp":{"iob":-0.682,"basaliob":-0.764,"bolussnooze":0,"activity":-0.0056,"lastBolusTime":1703445694000,"time":"2023-12-24T23:36:23.275Z"}},{"iob":0.049,"basaliob":-0.025,"bolussnooze":0,"activity":9.0E-4,"lastBolusTime":1703445694000,"time":"2023-12-24T23:41:23.275Z","iobWithZeroTemp":{"iob":-0.692,"basaliob":-0.766,"bolussnooze":0,"activity":-0.0057,"lastBolusTime":1703445694000,"time":"2023-12-24T23:41:23.275Z"}},{"iob":0.045,"basaliob":-0.023,"bolussnooze":0,"activity":9.0E-4,"lastBolusTime":1703445694000,"time":"2023-12-24T23:46:23.275Z","iobWithZeroTemp":{"iob":-0.7,"basaliob":-0.768,"bolussnooze":0,"activity":-0.0058,"lastBolusTime":1703445694000,"time":"2023-12-24T23:46:23.275Z"}},{"iob":0.04,"basaliob":-0.021,"bolussnooze":0,"activity":8.0E-4,"lastBolusTime":1703445694000,"time":"2023-12-24T23:51:23.275Z","iobWithZeroTemp":{"iob":-0.709,"basaliob":-0.77,"bolussnooze":0,"activity":-0.006,"lastBolusTime":1703445694000,"time":"2023-12-24T23:51:23.275Z"}}],"profile":{"max_iob":7,"type":"current","max_daily_basal":0.45,"max_basal":1.35,"min_bg":81.0000000000001,"max_bg":81.0000000000001,"target_bg":81.0000000000001,"carb_ratio":11,"sens":352.8,"max_daily_safety_multiplier":3,"current_basal_safety_multiplier":4,"lgsThreshold":65,"high_temptarget_raises_sensitivity":false,"low_temptarget_lowers_sensitivity":false,"sensitivity_raises_target":true,"resistance_lowers_target":true,"adv_target_adjustments":false,"exercise_mode":false,"half_basal_exercise_target":160,"maxCOB":120,"skip_neutral_temps":false,"remainingCarbsCap":90,"enableUAM":true,"A52_risk_enable":false,"SMBInterval":4,"enableSMB_with_COB":true,"enableSMB_with_temptarget":false,"allowSMB_with_high_temptarget":true,"enableSMB_always":true,"enableSMB_after_carbs":false,"maxSMBBasalMinutes":60,"maxUAMSMBBasalMinutes":60,"bolus_increment":0.05,"carbsReqThreshold":10,"current_basal":0.4,"temptargetSet":true,"autosens_max":1.2,"autosens_min":0.8,"out_units":"mmol\/L","variable_sens":261.6,"insulinDivisor":65,"TDD":12.443348228571427},"autosens_data":{"ratio":0.7974539627954804},"meal_data":{"carbs":35,"mealCOB":19.149776643990904,"slopeFromMaxDeviation":-6.026617647058824,"slopeFromMinDeviation":0,"lastBolusTime":1703445694000,"lastCarbTime":1703441765000},"microBolusAllowed":true,"currentTime":1703447785555,"flatBGsDetected":false,"tdd1D":36.190166666666634,"tdd7D":31.004297619047623,"tddLast24H":24.724500000000006,"tddLast4H":6.123333333333334,"tddLast8to4H":6.050000000000001},"output":{"temp":"absolute","bg":48,"tick":-10,"eventualBG":39,"targetBG":81.0000000000001,"insulinReq":0,"deliverAt":"2023-12-24T19:56:25.555Z","sensitivityRatio":0.7974539627954804,"variable_sens":261.6,"predBGs":{"IOB":[48,39,39,39,39,39,39,39,39,39,39,39,39],"ZT":[48,39,39,39,39,39,39,39,39,39,39,39,39,39,39,39,39,39,39,39,39,39,39,39,39,39,39,39,39,39,39,39,39,39,39,39,39,39,39,39,39,39,39,39,39,39,39,39],"COB":[48,39,39,39,39,39,39,39,39,39,39,39,39],"UAM":[48,39,39,39,39,39,39,39,39,39,39,39,39]},"reason":"COB: 19.1, Dev: 1.1, BGI: -1.4, ISF: 14.5, CR: 11, Target: 4.5, minPredBG -12.8, minGuardBG -17.2, IOBpredBG 2.2, COBpredBG 2.2, UAMpredBG 2.2; minGuardBG -17.2<3.6","COB":19.149776643990904,"IOB":1.663,"duration":120,"rate":0,"timestamp":"2023-12-24T19:56:25.581Z"}}