{"algorithm":"OpenAPSSMBDynamicISFPlugin","input":{"glucoseStatus":{"glucose":136,"noise":0,"delta":-3,"short_avgdelta":-2.33,"long_avgdelta":-3.89,"date":1703574110489},"currenttemp":{"temp":"absolute","duration":50,"rate":0,"minutesrunning":10},"iob_data":[{"iob":0.364,"basaliob":-0.428,"bolussnooze":0,"activity":0.0064,"lastBolusTime":1703570533000,"time":"2023-12-26T07:02:08.704Z","iobWithZeroTemp":{"iob":0.364,"basaliob":-0.428,"bolussnooze":0,"activity":0.0064,"lastBolusTime":1703570533000,"time":"2023-12-26T07:02:08.704Z"}},{"iob":0.333,"basaliob":-0.411,"bolussnooze":0,"activity":0.0059,"lastBolusTime":1703570533000,"time":"2023-12-26T07:07:08.704Z","iobWithZeroTemp":{"iob":0.306,"basaliob":-0.438,"bolussnooze":0,"activity":0.0059,"lastBolusTime":1703570533000,"time":"2023-12-26T07:07:08.704Z"}},{"iob":0.305,"basaliob":-0.393,"bolussnooze":0,"activity":0.0055,"lastBolusTime":1703570533000,"time":"2023-12-26T07:12:08.704Z","iobWithZeroTemp":{"iob":0.245,"basaliob":-0.453,"bolussnooze":0,"activity":0.0054,"lastBolusTime":1703570533000,"time":"2023-12-26T07:12:08.704Z"}},{"iob":0.278,"basaliob":-0.376,"bolussnooze":0,"activity":0.0051,"lastBolusTime":1703570533000,"time":"2023-12-26T07:17:08.704Z","iobWithZeroTemp":{"iob":0.186,"basaliob":-0.468,"bolussnooze":0,"activity":0.0049,"lastBolusTime":1703570533000,"time":"2023-12-26T07:17:08.704Z"}},{"iob":0.254,"basaliob":-0.358,"bolussnooze":0,"activity":0.0046,"lastBolusTime":1703570533000,"time":"2023-12-26T07:22:08.704Z","iobWithZeroTemp":{"iob":0.129,"basaliob":-0.483,"bolussnooze":0,"activity":0.0043,"lastBolusTime":1703570533000,"time":"2023-12-26T07:22:08.704Z"}},{"iob":0.232,"basaliob":-0.341,"bolussnooze":0,"activity":0.0042,"lastBolusTime":1703570533000,"time":"2023-12-26T07:27:08.704Z","iobWithZeroTemp":{"iob":0.076,"basaliob":-0.497,"bolussnooze":0,"activity":0.0037,"lastBolusTime":1703570533000,"time":"2023-12-26T07:27:08.704Z"}},{"iob":0.212,"basaliob":-0.323,"bolussnooze":0,"activity":0.0039,"lastBolusTime":1703570533000,"time":"2023-12-26T07:32:08.704Z","iobWithZeroTemp":{"iob":0.026,"basaliob":-0.509,"bolussnooze":0,"activity":0.0032,"lastBolusTime":1703570533000,"time":"2023-12-26T07:32:08.704Z"}},{"iob":0.193,"basaliob":-0.306,"bolussnooze":0,"activity":0.0035,"lastBolusTime":1703570533000,"time":"2023-12-26T07:37:08.704Z","iobWithZeroTemp":{"iob":-0.023,"basaliob":-0.522,"bolussnooze":0,"activity":0.0026,"lastBolusTime":1703570533000,"time":"2023-12-26T07:37:08.704Z"}},{"iob":0.176,"basaliob":-0.29,"bolussnooze":0,"activity":0.0033,"lastBolusTime":1703570533000,"time":"2023-12-26T07:42:08.704Z","iobWithZeroTemp":{"iob":-0.068,"basaliob":-0.534,"bolussnooze":0,"activity":0.0022,"lastBolusTime":1703570533000,"time":"2023-12-26T07:42:08.704Z"}},{"iob":0.16,"basaliob":-0.274,"bolussnooze":0,"activity":0.003,"lastBolusTime":1703570533000,"time":"2023-12-26T07:47:08.704Z","iobWithZeroTemp":{"iob":-0.112,"basaliob":-0.546,"bolussnooze":0,"activity":0.0017,"lastBolusTime":1703570533000,"time":"2023-12-26T07:47:08.704Z"}},{"iob":0.146,"basaliob":-0.258,"bolussnooze":0,"activity":0.0027,"lastBolusTime":1703570533000,"time":"2023-12-26T07:52:08.704Z","iobWithZeroTemp":{"iob":-0.152,"basaliob":-0.556,"bolussnooze":0,"activity":0.0012,"lastBolusTime":1703570533000,"time":"2023-12-26T07:52:08.704Z"}},{"iob":0.132,"basaliob":-0.243,"bolussnooze":0,"activity":0.0025,"lastBolusTime":1703570533000,"time":"2023-12-26T07:57:08.704Z","iobWithZeroTemp":{"iob":-0.191,"basaliob":-0.566,"bolussnooze":0,"activity":7.0E-4,"lastBolusTime":1703570533000,"time":"2023-12-26T07:57:08.704Z"}},{"iob":0.121,"basaliob":-0.228,"bolussnooze":0,"activity":0.0023,"lastBolusTime":1703570533000,"time":"2023-12-26T08:02:08.704Z","iobWithZeroTemp":{"iob":-0.226,"basaliob":-0.575,"bolussnooze":0,"activity":3.0E-4,"lastBolusTime":1703570533000,"time":"2023-12-26T08:02:08.704Z"}},{"iob":0.109,"basaliob":-0.215,"bolussnooze":0,"activity":0.0021,"lastBolusTime":1703570533000,"time":"2023-12-26T08:07:08.704Z","iobWithZeroTemp":{"iob":-0.261,"basaliob":-0.585,"bolussnooze":0,"activity":-1.0E-4,"lastBolusTime":1703570533000,"time":"2023-12-26T08:07:08.704Z"}},{"iob":0.1,"basaliob":-0.201,"bolussnooze":0,"activity":0.0019,"lastBolusTime":1703570533000,"time":"2023-12-26T08:12:08.704Z","iobWithZeroTemp":{"iob":-0.291,"basaliob":-0.592,"bolussnooze":0,"activity":-5.0E-4,"lastBolusTime":1703570533000,"time":"2023-12-26T08:12:08.704Z"}},{"iob":0.09,"basaliob":-0.189,"bolussnooze":0,"activity":0.0017,"lastBolusTime":1703570533000,"time":"2023-12-26T08:17:08.704Z","iobWithZeroTemp":{"iob":-0.322,"basaliob":-0.601,"bolussnooze":0,"activity":-0.001,"lastBolusTime":1703570533000,"time":"2023-12-26T08:17:08.704Z"}},{"iob":0.081,"basaliob":-0.177,"bolussnooze":0,"activity":0.0017,"lastBolusTime":1703570533000,"time":"2023-12-26T08:22:08.704Z","iobWithZeroTemp":{"iob":-0.35,"basaliob":-0.608,"bolussnooze":0,"activity":-0.0012,"lastBolusTime":1703570533000,"time":"2023-12-26T08:22:08.704Z"}},{"iob":0.074,"basaliob":-0.165,"bolussnooze":0,"activity":0.0015,"lastBolusTime":1703570533000,"time":"2023-12-26T08:27:08.704Z","iobWithZeroTemp":{"iob":-0.376,"basaliob":-0.615,"bolussnooze":0,"activity":-0.0016,"lastBolusTime":1703570533000,"time":"2023-12-26T08:27:08.704Z"}},{"iob":0.067,"basaliob":-0.154,"bolussnooze":0,"activity":0.0014,"lastBolusTime":1703570533000,"time":"2023-12-26T08:32:08.704Z","iobWithZeroTemp":{"iob":-0.4,"basaliob":-0.621,"bolussnooze":0,"activity":-0.0019,"lastBolusTime":1703570533000,"time":"2023-12-26T08:32:08.704Z"}},{"iob":0.06,"basaliob":-0.144,"bolussnooze":0,"activity":0.0012,"lastBolusTime":1703570533000,"time":"2023-12-26T08:37:08.704Z","iobWithZeroTemp":{"iob":-0.424,"basaliob":-0.628,"bolussnooze":0,"activity":-0.0023,"lastBolusTime":1703570533000,"time":"2023-12-26T08:37:08.704Z"}},{"iob":0.055,"basaliob":-0.134,"bolussnooze":0,"activity":0.0011,"lastBolusTime":1703570533000,"time":"2023-12-26T08:42:08.704Z","iobWithZeroTemp":{"iob":-0.444,"basaliob":-0.633,"bolussnooze":0,"activity":-0.0026,"lastBolusTime":1703570533000,"time":"2023-12-26T08:42:08.704Z"}},{"iob":0.049,"basaliob":-0.125,"bolussnooze":0,"activity":0.001,"lastBolusTime":1703570533000,"time":"2023-12-26T08:47:08.704Z","iobWithZeroTemp":{"iob":-0.465,"basaliob":-0.639,"bolussnooze":0,"activity":-0.0029,"lastBolusTime":1703570533000,"time":"2023-12-26T08:47:08.704Z"}},{"iob":0.045,"basaliob":-0.116,"bolussnooze":0,"activity":9.0E-4,"lastBolusTime":1703570533000,"time":"2023-12-26T08:52:08.704Z","iobWithZeroTemp":{"iob":-0.482,"basaliob":-0.643,"bolussnooze":0,"activity":-0.0031,"lastBolusTime":1703570533000,"time":"2023-12-26T08:52:08.704Z"}},{"iob":0.04,"basaliob":-0.108,"bolussnooze":0,"activity":8.0E-4,"lastBolusTime":1703570533000,"time":"2023-12-26T08:57:08.704Z","iobWithZeroTemp":{"iob":-0.5,"basaliob":-0.648,"bolussnooze":0,"activity":-0.0034,"lastBolusTime":1703570533000,"time":"2023-12-26T08:57:08.704Z"}},{"iob":0.035,"basaliob":-0.101,"bolussnooze":0,"activity":8.0E-4,"lastBolusTime":1703570533000,"time":"2023-12-26T09:02:08.704Z","iobWithZeroTemp":{"iob":-0.517,"basaliob":-0.653,"bolussnooze":0,"activity":-0.0035,"lastBolusTime":1703570533000,"time":"2023-12-26T09:02:08.704Z"}},{"iob":0.033,"basaliob":-0.093,"bolussnooze":0,"activity":7.0E-4,"lastBolusTime":1703570533000,"time":"2023-12-26T09:07:08.704Z","iobWithZeroTemp":{"iob":-0.53,"basaliob":-0.656,"bolussnooze":0,"activity":-0.0038,"lastBolusTime":1703570533000,"time":"2023-12-26T09:07:08.704Z"}},{"iob":0.028,"basaliob":-0.087,"bolussnooze":0,"activity":6.0E-4,"lastBolusTime":1703570533000,"time":"2023-12-26T09:12:08.704Z","iobWithZeroTemp":{"iob":-0.546,"basaliob":-0.661,"bolussnooze":0,"activity":-0.004,"lastBolusTime":1703570533000,"time":"2023-12-26T09:12:08.704Z"}},{"iob":0.026,"basaliob":-0.08,"bolussnooze":0,"activity":6.0E-4,"lastBolusTime":1703570533000,"time":"2023-12-26T09:17:08.704Z","iobWithZeroTemp":{"iob":-0.558,"basaliob":-0.664,"bolussnooze":0,"activity":-0.0042,"lastBolusTime":1703570533000,"time":"2023-12-26T09:17:08.704Z"}},{"iob":0.023,"basaliob":-0.074,"bolussnooze":0,"activity":6.0E-4,"lastBolusTime":1703570533000,"time":"2023-12-26T09:22:08.704Z","iobWithZeroTemp":{"iob":-0.57,"basaliob":-0.667,"bolussnooze":0,"activity":-0.0043,"lastBolusTime":1703570533000,"time":"2023-12-26T09:22:08.704Z"}},{"iob":0.02,"basaliob":-0.069,"bolussnooze":0,"activity":4.0E-4,"lastBolusTime":1703570533000,"time":"2023-12-26T09:27:08.704Z","iobWithZeroTemp":{"iob":-0.581,"basaliob":-0.67,"bolussnooze":0,"activity":-0.0046,"lastBolusTime":1703570533000,"time":"2023-12-26T09:27:08.704Z"}},{"iob":0.018,"basaliob":-0.064,"bolussnooze":0,"activity":4.0E-4,"lastBolusTime":1703570533000,"time":"2023-12-26T09:32:08.704Z","iobWithZeroTemp":{"iob":-0.591,"basaliob":-0.673,"bolussnooze":0,"activity":-0.0047,"lastBolusTime":1703570533000,"time":"2023-12-26T09:32:08.704Z"}},{"iob":0.016,"basaliob":-0.059,"bolussnooze":0,"activity":4.0E-4,"lastBolusTime":1703570533000,"time":"2023-12-26T09:37:08.704Z","iobWithZeroTemp":{"iob":-0.601,"basaliob":-0.676,"bolussnooze":0,"activity":-0.0048,"lastBolusTime":1703570533000,"time":"2023-12-26T09:37:08.704Z"}},{"iob":0.015,"basaliob":-0.054,"bolussnooze":0,"activity":3.0E-4,"lastBolusTime":1703570533000,"time":"2023-12-26T09:42:08.704Z","iobWithZeroTemp":{"iob":-0.609,"basaliob":-0.678,"bolussnooze":0,"activity":-0.005,"lastBolusTime":1703570533000,"time":"2023-12-26T09:42:08.704Z"}},{"iob":0.013,"basaliob":-0.05,"bolussnooze":0,"activity":3.0E-4,"lastBolusTime":1703570533000,"time":"2023-12-26T09:47:08.704Z","iobWithZeroTemp":{"iob":-0.617,"basaliob":-0.68,"bolussnooze":0,"activity":-0.0051,"lastBolusTime":1703570533000,"time":"2023-12-26T09:47:08.704Z"}},{"iob":0.012,"basaliob":-0.046,"bolussnooze":0,"activity":2.0E-4,"lastBolusTime":1703570533000,"time":"2023-12-26T09:52:08.704Z","iobWithZeroTemp":{"iob":-0.624,"basaliob":-0.682,"bolussnooze":0,"activity":-0.0053,"lastBolusTime":1703570533000,"time":"2023-12-26T09:52:08.704Z"}},{"iob":0.01,"basaliob":-0.043,"bolussnooze":0,"activity":3.0E-4,"lastBolusTime":1703570533000,"time":"2023-12-26T09:57:08.704Z","iobWithZeroTemp":{"iob":-0.632,"basaliob":-0.685,"bolussnooze":0,"activity":-0.0053,"lastBolusTime":1703570533000,"time":"2023-12-26T09:57:08.704Z"}},{"iob":0.009,"basaliob":-0.039,"bolussnooze":0,"activity":3.0E-4,"lastBolusTime":1703570533000,"time":"2023-12-26T10:02:08.704Z","iobWithZeroTemp":{"iob":-0.638,"basaliob":-0.686,"bolussnooze":0,"activity":-0.0054,"lastBolusTime":1703570533000,"time":"2023-12-26T10:02:08.704Z"}},{"iob":0.008,"basaliob":-0.036,"bolussnooze":0,"activity":2.0E-4,"lastBolusTime":1703570533000,"time":"2023-12-26T10:07:08.704Z","iobWithZeroTemp":{"iob":-0.643,"basaliob":-0.687,"bolussnooze":0,"activity":-0.0056,"lastBolusTime":1703570533000,"time":"2023-12-26T10:07:08.704Z"}},{"iob":0.007,"basaliob":-0.033,"bolussnooze":0,"activity":1.0E-4,"lastBolusTime":1703570533000,"time":"2023-12-26T10:12:08.704Z","iobWithZeroTemp":{"iob":-0.649,"basaliob":-0.689,"bolussnooze":0,"activity":-0.0057,"lastBolusTime":1703570533000,"time":"2023-12-26T10:12:08.704Z"}},{"iob":0.005,"basaliob":-0.031,"bolussnooze":0,"activity":2.0E-4,"lastBolusTime":1703570533000,"time":"2023-12-26T10:17:08.704Z","iobWithZeroTemp":{"iob":-0.655,"basaliob":-0.691,"bolussnooze":0,"activity":-0.0057,"lastBolusTime":1703570533000,"time":"2023-12-26T10:17:08.704Z"}},{"iob":0.005,"basaliob":-0.028,"bolussnooze":0,"activity":1.0E-4,"lastBolusTime":1703570533000,"time":"2023-12-26T10:22:08.704Z","iobWithZeroTemp":{"iob":-0.659,"basaliob":-0.692,"bolussnooze":0,"activity":-0.0058,"lastBolusTime":1703570533000,"time":"2023-12-26T10:22:08.704Z"}},{"iob":0.004,"basaliob":-0.026,"bolussnooze":0,"activity":2.0E-4,"lastBolusTime":1703570533000,"time":"2023-12-26T10:27:08.704Z","iobWithZeroTemp":{"iob":-0.663,"basaliob":-0.693,"bolussnooze":0,"activity":-0.0058,"lastBolusTime":1703570533000,"time":"2023-12-26T10:27:08.704Z"}},{"iob":0.003,"basaliob":-0.024,"bolussnooze":0,"activity":1.0E-4,"lastBolusTime":1703570533000,"time":"2023-12-26T10:32:08.704Z","iobWithZeroTemp":{"iob":-0.667,"basaliob":-0.694,"bolussnooze":0,"activity":-0.006,"lastBolusTime":1703570533000,"time":"2023-12-26T10:32:08.704Z"}},{"iob":0.003,"basaliob":-0.022,"bolussnooze":0,"activity":1.0E-4,"lastBolusTime":1703570533000,"time":"2023-12-26T10:37:08.704Z","iobWithZeroTemp":{"iob":-0.67,"basaliob":-0.695,"bolussnooze":0,"activity":-0.006,"lastBolusTime":1703570533000,"time":"2023-12-26T10:37:08.704Z"}},{"iob":0.003,"basaliob":-0.02,"bolussnooze":0,"activity":0,"lastBolusTime":1703570533000,"time":"2023-12-26T10:42:08.704Z","iobWithZeroTemp":{"iob":-0.673,"basaliob":-0.696,"bolussnooze":0,"activity":-0.0061,"lastBolusTime":1703570533000,"time":"2023-12-26T10:42:08.704Z"}},{"iob":0.002,"basaliob":-0.018,"bolussnooze":0,"activity":1.0E-4,"lastBolusTime":1703570533000,"time":"2023-12-26T10:47:08.704Z","iobWithZeroTemp":{"iob":-0.676,"basaliob":-0.696,"bolussnooze":0,"activity":-0.0061,"lastBolusTime":1703570533000,"time":"2023-12-26T10:47:08.704Z"}},{"iob":0.001,"basaliob":-0.017,"bolussnooze":0,"activity":1.0E-4,"lastBolusTime":1703570533000,"time":"2023-12-26T10:52:08.704Z","iobWithZeroTemp":{"iob":-0.68,"basaliob":-0.698,"bolussnooze":0,"activity":-0.0061,"lastBolusTime":1703570533000,"time":"2023-12-26T10:52:08.704Z"}},{"iob":0.002,"basaliob":-0.015,"bolussnooze":0,"activity":0,"lastBolusTime":1703570533000,"time":"2023-12-26T10:57:08.704Z","iobWithZeroTemp":{"iob":-0.681,"basaliob":-0.698,"bolussnooze":0,"activity":-0.0063,"lastBolusTime":1703570533000,"time":"2023-12-26T10:57:08.704Z"}}],"profile":{"max_iob":7,"type":"current","max_daily_basal":0.45,"max_basal":1.35,"min_bg":106.2,"max_bg":106.2,"target_bg":106.2,"carb_ratio":9,"sens":352.8,"max_daily_safety_multiplier":3,"current_basal_safety_multiplier":4,"lgsThreshold":65,"high_temptarget_raises_sensitivity":false,"low_temptarget_lowers_sensitivity":false,"sensitivity_raises_target":true,"resistance_lowers_target":true,"adv_target_adjustments":false,"exercise_mode":false,"half_basal_exercise_target":160,"maxCOB":120,"skip_neutral_temps":false,"remainingCarbsCap":90,"enableUAM":true,"A52_risk_enable":false,"SMBInterval":4,"enableSMB_with_COB":true,"enableSMB_with_temptarget":false,"allowSMB_with_high_temptarget":true,"enableSMB_always":true,"enableSMB_after_carbs":false,"maxSMBBasalMinutes":60,"maxUAMSMBBasalMinutes":60,"bolus_increment":0.05,"carbsReqThreshold":10,"current_basal":0.4,"temptargetSet":false,"autosens_max":1.2,"autosens_min":0.8,"out_units":"mmol\/L","variable_sens":157.1,"insulinDivisor":65,"TDD":10.147154965714288},"autosens_data":{"ratio":1.1261230655185963},"meal_data":{"carbs":0,"mealCOB":0,"slopeFromMaxDeviation":-0.8090909090909093,"slopeFromMinDeviation":0.32199999999999995,"lastBolusTime":1703570533000,"lastCarbTime":0},"microBolusAllowed":true,"currentTime":1703574131774,"flatBGsDetected":false,"tdd1D":33.75158333333334,"tdd7D":31.95839285714286,"tddLast24H":35.98908333333333,"tddLast4H":2.893333333333333,"tddLast8to4H":3.657416666666667},"output":{"temp":"absolute","bg":136,"tick":-3,"eventualBG":91,"targetBG":101,"insulinReq":0,"deliverAt":"2023-12-26T07:02:11.774Z","sensitivityRatio":1.1261230655185963,"variable_sens":157.1,"predBGs":{"IOB":[136,133,130,127,124,121,119,116,114,112,109,107,105,103,101,99,97,95,94,93,91,90,89,88,88,87,86,85,85,84,84,83,83,82,82,82,82,81,81,81,81,81,80],"ZT":[136,131,126,122,118,114,111,108,106,104,102,101,100,100,100,100,101],"UAM":[136,132,128,123,119,115,112,108,105,102,99,96,94,92,90,88,86,84,82,81,80,78,77,76,75,74,74,73,72,72,71,71,70,70,69,69,69,68,68,68,68,68,67]},"reason":"COB: 0, Dev: 0.7, BGI: -0.3, ISF: 8.7, CR: 9, Target: 5.6, minPredBG 4.4, minGuardBG 3.7, IOBpredBG 4.4, UAMpredBG 3.7; minGuardBG 3.7<3.9 50m left and 0 ~ req 0U\/hr: no temp required","COB":0,"IOB":0.364,"timestamp":"2023-12-26T07:02:11.799Z"}}