{"algorithm":"OpenAPSSMBDynamicISFPlugin","input":{"glucoseStatus":{"glucose":191,"noise":0,"delta":8,"short_avgdelta":7.72,"long_avgdelta":7.31,"date":1703357155462},"currenttemp":{"temp":"absolute","duration":30,"rate":0,"minutesrunning":90},"iob_data":[{"iob":4.156,"basaliob":-0.68,"bolussnooze":1.7192,"activity":0.0349,"lastBolusTime":1703356897000,"time":"2023-12-23T18:46:23.557Z","iobWithZeroTemp":{"iob":4.156,"basaliob":-0.68,"bolussnooze":1.7192,"activity":0.0349,"lastBolusTime":1703356897000,"time":"2023-12-23T18:46:23.557Z"}},{"iob":3.98,"basaliob":-0.649,"bolussnooze":1.5288,"activity":0.0355,"lastBolusTime":1703356897000,"time":"2023-12-23T18:51:23.557Z","iobWithZeroTemp":{"iob":3.953,"basaliob":-0.676,"bolussnooze":1.5288,"activity":0.0355,"lastBolusTime":1703356897000,"time":"2023-12-23T18:51:23.557Z"}},{"iob":3.801,"basaliob":-0.618,"bolussnooze":1.3522,"activity":0.0357,"lastBolusTime":1703356897000,"time":"2023-12-23T18:56:23.557Z","iobWithZeroTemp":{"iob":3.741,"basaliob":-0.678,"bolussnooze":1.3522,"activity":0.0356,"lastBolusTime":1703356897000,"time":"2023-12-23T18:56:23.557Z"}},{"iob":3.624,"basaliob":-0.586,"bolussnooze":1.1903,"activity":0.0356,"lastBolusTime":1703356897000,"time":"2023-12-23T19:01:23.557Z","iobWithZeroTemp":{"iob":3.532,"basaliob":-0.678,"bolussnooze":1.1903,"activity":0.0354,"lastBolusTime":1703356897000,"time":"2023-12-23T19:01:23.557Z"}},{"iob":3.446,"basaliob":-0.556,"bolussnooze":1.0432,"activity":0.0352,"lastBolusTime":1703356897000,"time":"2023-12-23T19:06:23.557Z","iobWithZeroTemp":{"iob":3.321,"basaliob":-0.681,"bolussnooze":1.0432,"activity":0.0349,"lastBolusTime":1703356897000,"time":"2023-12-23T19:06:23.557Z"}},{"iob":3.272,"basaliob":-0.526,"bolussnooze":0.9105,"activity":0.0346,"lastBolusTime":1703356897000,"time":"2023-12-23T19:11:23.557Z","iobWithZeroTemp":{"iob":3.116,"basaliob":-0.682,"bolussnooze":0.9105,"activity":0.0341,"lastBolusTime":1703356897000,"time":"2023-12-23T19:11:23.557Z"}},{"iob":3.101,"basaliob":-0.497,"bolussnooze":0.7918,"activity":0.0339,"lastBolusTime":1703356897000,"time":"2023-12-23T19:16:23.557Z","iobWithZeroTemp":{"iob":2.915,"basaliob":-0.683,"bolussnooze":0.7918,"activity":0.0332,"lastBolusTime":1703356897000,"time":"2023-12-23T19:16:23.557Z"}},{"iob":2.933,"basaliob":-0.469,"bolussnooze":0.6862,"activity":0.033,"lastBolusTime":1703356897000,"time":"2023-12-23T19:21:23.557Z","iobWithZeroTemp":{"iob":2.717,"basaliob":-0.685,"bolussnooze":0.6862,"activity":0.0321,"lastBolusTime":1703356897000,"time":"2023-12-23T19:21:23.557Z"}},{"iob":2.771,"basaliob":-0.442,"bolussnooze":0.5926,"activity":0.032,"lastBolusTime":1703356897000,"time":"2023-12-23T19:26:23.557Z","iobWithZeroTemp":{"iob":2.527,"basaliob":-0.686,"bolussnooze":0.5926,"activity":0.0309,"lastBolusTime":1703356897000,"time":"2023-12-23T19:26:23.557Z"}},{"iob":2.613,"basaliob":-0.416,"bolussnooze":0.5102,"activity":0.031,"lastBolusTime":1703356897000,"time":"2023-12-23T19:31:23.557Z","iobWithZeroTemp":{"iob":2.341,"basaliob":-0.688,"bolussnooze":0.5102,"activity":0.0297,"lastBolusTime":1703356897000,"time":"2023-12-23T19:31:23.557Z"}},{"iob":2.461,"basaliob":-0.391,"bolussnooze":0.438,"activity":0.0298,"lastBolusTime":1703356897000,"time":"2023-12-23T19:36:23.557Z","iobWithZeroTemp":{"iob":2.163,"basaliob":-0.689,"bolussnooze":0.438,"activity":0.0283,"lastBolusTime":1703356897000,"time":"2023-12-23T19:36:23.557Z"}},{"iob":2.315,"basaliob":-0.367,"bolussnooze":0.3748,"activity":0.0286,"lastBolusTime":1703356897000,"time":"2023-12-23T19:41:23.557Z","iobWithZeroTemp":{"iob":1.992,"basaliob":-0.69,"bolussnooze":0.3748,"activity":0.0268,"lastBolusTime":1703356897000,"time":"2023-12-23T19:41:23.557Z"}},{"iob":2.175,"basaliob":-0.344,"bolussnooze":0.3199,"activity":0.0274,"lastBolusTime":1703356897000,"time":"2023-12-23T19:46:23.557Z","iobWithZeroTemp":{"iob":1.828,"basaliob":-0.691,"bolussnooze":0.3199,"activity":0.0254,"lastBolusTime":1703356897000,"time":"2023-12-23T19:46:23.557Z"}},{"iob":2.04,"basaliob":-0.323,"bolussnooze":0.2722,"activity":0.0261,"lastBolusTime":1703356897000,"time":"2023-12-23T19:51:23.557Z","iobWithZeroTemp":{"iob":1.67,"basaliob":-0.693,"bolussnooze":0.2722,"activity":0.0239,"lastBolusTime":1703356897000,"time":"2023-12-23T19:51:23.557Z"}},{"iob":1.913,"basaliob":-0.302,"bolussnooze":0.231,"activity":0.025,"lastBolusTime":1703356897000,"time":"2023-12-23T19:56:23.557Z","iobWithZeroTemp":{"iob":1.522,"basaliob":-0.693,"bolussnooze":0.231,"activity":0.0226,"lastBolusTime":1703356897000,"time":"2023-12-23T19:56:23.557Z"}},{"iob":1.791,"basaliob":-0.282,"bolussnooze":0.1954,"activity":0.0238,"lastBolusTime":1703356897000,"time":"2023-12-23T20:01:23.557Z","iobWithZeroTemp":{"iob":1.379,"basaliob":-0.694,"bolussnooze":0.1954,"activity":0.0211,"lastBolusTime":1703356897000,"time":"2023-12-23T20:01:23.557Z"}},{"iob":1.676,"basaliob":-0.263,"bolussnooze":0.1649,"activity":0.0226,"lastBolusTime":1703356897000,"time":"2023-12-23T20:06:23.557Z","iobWithZeroTemp":{"iob":1.245,"basaliob":-0.694,"bolussnooze":0.1649,"activity":0.0197,"lastBolusTime":1703356897000,"time":"2023-12-23T20:06:23.557Z"}},{"iob":1.565,"basaliob":-0.246,"bolussnooze":0.1387,"activity":0.0214,"lastBolusTime":1703356897000,"time":"2023-12-23T20:11:23.557Z","iobWithZeroTemp":{"iob":1.115,"basaliob":-0.696,"bolussnooze":0.1387,"activity":0.0183,"lastBolusTime":1703356897000,"time":"2023-12-23T20:11:23.557Z"}},{"iob":1.462,"basaliob":-0.229,"bolussnooze":0.1164,"activity":0.0203,"lastBolusTime":1703356897000,"time":"2023-12-23T20:16:23.557Z","iobWithZeroTemp":{"iob":0.995,"basaliob":-0.696,"bolussnooze":0.1164,"activity":0.017,"lastBolusTime":1703356897000,"time":"2023-12-23T20:16:23.557Z"}},{"iob":1.363,"basaliob":-0.213,"bolussnooze":0.0973,"activity":0.0191,"lastBolusTime":1703356897000,"time":"2023-12-23T20:21:23.557Z","iobWithZeroTemp":{"iob":0.879,"basaliob":-0.697,"bolussnooze":0.0973,"activity":0.0156,"lastBolusTime":1703356897000,"time":"2023-12-23T20:21:23.557Z"}},{"iob":1.271,"basaliob":-0.198,"bolussnooze":0.0811,"activity":0.018,"lastBolusTime":1703356897000,"time":"2023-12-23T20:26:23.557Z","iobWithZeroTemp":{"iob":0.772,"basaliob":-0.697,"bolussnooze":0.0811,"activity":0.0143,"lastBolusTime":1703356897000,"time":"2023-12-23T20:26:23.557Z"}},{"iob":1.182,"basaliob":-0.185,"bolussnooze":0.0674,"activity":0.017,"lastBolusTime":1703356897000,"time":"2023-12-23T20:31:23.557Z","iobWithZeroTemp":{"iob":0.668,"basaliob":-0.699,"bolussnooze":0.0674,"activity":0.0131,"lastBolusTime":1703356897000,"time":"2023-12-23T20:31:23.557Z"}},{"iob":1.101,"basaliob":-0.171,"bolussnooze":0.0558,"activity":0.016,"lastBolusTime":1703356897000,"time":"2023-12-23T20:36:23.557Z","iobWithZeroTemp":{"iob":0.574,"basaliob":-0.698,"bolussnooze":0.0558,"activity":0.012,"lastBolusTime":1703356897000,"time":"2023-12-23T20:36:23.557Z"}},{"iob":1.023,"basaliob":-0.159,"bolussnooze":0.0461,"activity":0.015,"lastBolusTime":1703356897000,"time":"2023-12-23T20:41:23.557Z","iobWithZeroTemp":{"iob":0.483,"basaliob":-0.699,"bolussnooze":0.0461,"activity":0.0108,"lastBolusTime":1703356897000,"time":"2023-12-23T20:41:23.557Z"}},{"iob":0.949,"basaliob":-0.148,"bolussnooze":0.0379,"activity":0.0141,"lastBolusTime":1703356897000,"time":"2023-12-23T20:46:23.557Z","iobWithZeroTemp":{"iob":0.397,"basaliob":-0.7,"bolussnooze":0.0379,"activity":0.0098,"lastBolusTime":1703356897000,"time":"2023-12-23T20:46:23.557Z"}},{"iob":0.881,"basaliob":-0.137,"bolussnooze":0.031,"activity":0.0132,"lastBolusTime":1703356897000,"time":"2023-12-23T20:51:23.557Z","iobWithZeroTemp":{"iob":0.318,"basaliob":-0.7,"bolussnooze":0.031,"activity":0.0087,"lastBolusTime":1703356897000,"time":"2023-12-23T20:51:23.557Z"}},{"iob":0.817,"basaliob":-0.127,"bolussnooze":0.0253,"activity":0.0124,"lastBolusTime":1703356897000,"time":"2023-12-23T20:56:23.557Z","iobWithZeroTemp":{"iob":0.243,"basaliob":-0.701,"bolussnooze":0.0253,"activity":0.0078,"lastBolusTime":1703356897000,"time":"2023-12-23T20:56:23.557Z"}},{"iob":0.758,"basaliob":-0.117,"bolussnooze":0.0205,"activity":0.0116,"lastBolusTime":1703356897000,"time":"2023-12-23T21:01:23.557Z","iobWithZeroTemp":{"iob":0.174,"basaliob":-0.701,"bolussnooze":0.0205,"activity":0.0068,"lastBolusTime":1703356897000,"time":"2023-12-23T21:01:23.557Z"}},{"iob":0.702,"basaliob":-0.108,"bolussnooze":0.0166,"activity":0.0108,"lastBolusTime":1703356897000,"time":"2023-12-23T21:06:23.557Z","iobWithZeroTemp":{"iob":0.109,"basaliob":-0.701,"bolussnooze":0.0166,"activity":0.0059,"lastBolusTime":1703356897000,"time":"2023-12-23T21:06:23.557Z"}},{"iob":0.649,"basaliob":-0.1,"bolussnooze":0.0133,"activity":0.0101,"lastBolusTime":1703356897000,"time":"2023-12-23T21:11:23.557Z","iobWithZeroTemp":{"iob":0.048,"basaliob":-0.701,"bolussnooze":0.0133,"activity":0.0051,"lastBolusTime":1703356897000,"time":"2023-12-23T21:11:23.557Z"}},{"iob":0.6,"basaliob":-0.092,"bolussnooze":0.0106,"activity":0.0094,"lastBolusTime":1703356897000,"time":"2023-12-23T21:16:23.557Z","iobWithZeroTemp":{"iob":-0.009,"basaliob":-0.701,"bolussnooze":0.0106,"activity":0.0043,"lastBolusTime":1703356897000,"time":"2023-12-23T21:16:23.557Z"}},{"iob":0.555,"basaliob":-0.085,"bolussnooze":0.0084,"activity":0.0088,"lastBolusTime":1703356897000,"time":"2023-12-23T21:21:23.557Z","iobWithZeroTemp":{"iob":-0.062,"basaliob":-0.702,"bolussnooze":0.0084,"activity":0.0036,"lastBolusTime":1703356897000,"time":"2023-12-23T21:21:23.557Z"}},{"iob":0.511,"basaliob":-0.079,"bolussnooze":0.0066,"activity":0.0082,"lastBolusTime":1703356897000,"time":"2023-12-23T21:26:23.557Z","iobWithZeroTemp":{"iob":-0.113,"basaliob":-0.703,"bolussnooze":0.0066,"activity":0.0029,"lastBolusTime":1703356897000,"time":"2023-12-23T21:26:23.557Z"}},{"iob":0.473,"basaliob":-0.072,"bolussnooze":0.0052,"activity":0.0076,"lastBolusTime":1703356897000,"time":"2023-12-23T21:31:23.557Z","iobWithZeroTemp":{"iob":-0.157,"basaliob":-0.702,"bolussnooze":0.0052,"activity":0.0022,"lastBolusTime":1703356897000,"time":"2023-12-23T21:31:23.557Z"}},{"iob":0.435,"basaliob":-0.067,"bolussnooze":0.004,"activity":0.0071,"lastBolusTime":1703356897000,"time":"2023-12-23T21:36:23.557Z","iobWithZeroTemp":{"iob":-0.201,"basaliob":-0.703,"bolussnooze":0.004,"activity":0.0016,"lastBolusTime":1703356897000,"time":"2023-12-23T21:36:23.557Z"}},{"iob":0.401,"basaliob":-0.061,"bolussnooze":0.003,"activity":0.0066,"lastBolusTime":1703356897000,"time":"2023-12-23T21:41:23.557Z","iobWithZeroTemp":{"iob":-0.241,"basaliob":-0.703,"bolussnooze":0.003,"activity":0.001,"lastBolusTime":1703356897000,"time":"2023-12-23T21:41:23.557Z"}},{"iob":0.37,"basaliob":-0.056,"bolussnooze":0.0023,"activity":0.0061,"lastBolusTime":1703356897000,"time":"2023-12-23T21:46:23.557Z","iobWithZeroTemp":{"iob":-0.277,"basaliob":-0.703,"bolussnooze":0.0023,"activity":4.0E-4,"lastBolusTime":1703356897000,"time":"2023-12-23T21:46:23.557Z"}},{"iob":0.34,"basaliob":-0.052,"bolussnooze":0.0017,"activity":0.0057,"lastBolusTime":1703356897000,"time":"2023-12-23T21:51:23.557Z","iobWithZeroTemp":{"iob":-0.311,"basaliob":-0.703,"bolussnooze":0.0017,"activity":-1.0E-4,"lastBolusTime":1703356897000,"time":"2023-12-23T21:51:23.557Z"}},{"iob":0.312,"basaliob":-0.048,"bolussnooze":0.0012,"activity":0.0053,"lastBolusTime":1703356897000,"time":"2023-12-23T21:56:23.557Z","iobWithZeroTemp":{"iob":-0.344,"basaliob":-0.704,"bolussnooze":0.0012,"activity":-5.0E-4,"lastBolusTime":1703356897000,"time":"2023-12-23T21:56:23.557Z"}},{"iob":0.287,"basaliob":-0.044,"bolussnooze":9.0E-4,"activity":0.0048,"lastBolusTime":1703356897000,"time":"2023-12-23T22:01:23.557Z","iobWithZeroTemp":{"iob":-0.373,"basaliob":-0.704,"bolussnooze":9.0E-4,"activity":-0.0011,"lastBolusTime":1703356897000,"time":"2023-12-23T22:01:23.557Z"}},{"iob":0.263,"basaliob":-0.04,"bolussnooze":6.0E-4,"activity":0.0045,"lastBolusTime":1703356897000,"time":"2023-12-23T22:06:23.557Z","iobWithZeroTemp":{"iob":-0.405,"basaliob":-0.708,"bolussnooze":6.0E-4,"activity":-0.0015,"lastBolusTime":1703356897000,"time":"2023-12-23T22:06:23.557Z"}},{"iob":0.241,"basaliob":-0.037,"bolussnooze":4.0E-4,"activity":0.0042,"lastBolusTime":1703356897000,"time":"2023-12-23T22:11:23.557Z","iobWithZeroTemp":{"iob":-0.434,"basaliob":-0.712,"bolussnooze":4.0E-4,"activity":-0.0018,"lastBolusTime":1703356897000,"time":"2023-12-23T22:11:23.557Z"}},{"iob":0.221,"basaliob":-0.034,"bolussnooze":3.0E-4,"activity":0.0039,"lastBolusTime":1703356897000,"time":"2023-12-23T22:16:23.557Z","iobWithZeroTemp":{"iob":-0.462,"basaliob":-0.717,"bolussnooze":3.0E-4,"activity":-0.0022,"lastBolusTime":1703356897000,"time":"2023-12-23T22:16:23.557Z"}},{"iob":0.203,"basaliob":-0.031,"bolussnooze":2.0E-4,"activity":0.0036,"lastBolusTime":1703356897000,"time":"2023-12-23T22:21:23.557Z","iobWithZeroTemp":{"iob":-0.487,"basaliob":-0.721,"bolussnooze":2.0E-4,"activity":-0.0025,"lastBolusTime":1703356897000,"time":"2023-12-23T22:21:23.557Z"}},{"iob":0.186,"basaliob":-0.028,"bolussnooze":1.0E-4,"activity":0.0033,"lastBolusTime":1703356897000,"time":"2023-12-23T22:26:23.557Z","iobWithZeroTemp":{"iob":-0.51,"basaliob":-0.724,"bolussnooze":1.0E-4,"activity":-0.0029,"lastBolusTime":1703356897000,"time":"2023-12-23T22:26:23.557Z"}},{"iob":0.169,"basaliob":-0.026,"bolussnooze":1.0E-4,"activity":0.003,"lastBolusTime":1703356897000,"time":"2023-12-23T22:31:23.557Z","iobWithZeroTemp":{"iob":-0.533,"basaliob":-0.728,"bolussnooze":1.0E-4,"activity":-0.0033,"lastBolusTime":1703356897000,"time":"2023-12-23T22:31:23.557Z"}},{"iob":0.156,"basaliob":-0.023,"bolussnooze":0,"activity":0.0028,"lastBolusTime":1703356897000,"time":"2023-12-23T22:36:23.557Z","iobWithZeroTemp":{"iob":-0.552,"basaliob":-0.731,"bolussnooze":0,"activity":-0.0035,"lastBolusTime":1703356897000,"time":"2023-12-23T22:36:23.557Z"}},{"iob":0.142,"basaliob":-0.021,"bolussnooze":0,"activity":0.0026,"lastBolusTime":1703356897000,"time":"2023-12-23T22:41:23.557Z","iobWithZeroTemp":{"iob":-0.572,"basaliob":-0.735,"bolussnooze":0,"activity":-0.0038,"lastBolusTime":1703356897000,"time":"2023-12-23T22:41:23.557Z"}}],"profile":{"max_iob":7,"type":"current","max_daily_basal":0.45,"max_basal":1.35,"min_bg":81.0000000000001,"max_bg":81.0000000000001,"target_bg":81.0000000000001,"carb_ratio":11,"sens":352.8,"max_daily_safety_multiplier":3,"current_basal_safety_multiplier":4,"lgsThreshold":65,"high_temptarget_raises_sensitivity":false,"low_temptarget_lowers_sensitivity":false,"sensitivity_raises_target":true,"resistance_lowers_target":true,"adv_target_adjustments":false,"exercise_mode":false,"half_basal_exercise_target":160,"maxCOB":120,"skip_neutral_temps":false,"remainingCarbsCap":90,"enableUAM":true,"A52_risk_enable":false,"SMBInterval":4,"enableSMB_with_COB":true,"enableSMB_with_temptarget":false,"allowSMB_with_high_temptarget":true,"enableSMB_always":true,"enableSMB_after_carbs":false,"maxSMBBasalMinutes":60,"maxUAMSMBBasalMinutes":60,"bolus_increment":0.05,"carbsReqThreshold":10,"current_basal":0.4,"temptargetSet":true,"autosens_max":1.2,"autosens_min":0.8,"out_units":"mmol\/L","variable_sens":100.3,"insulinDivisor":65,"TDD":13.096134541666668},"autosens_data":{"ratio":1.287048970456615},"meal_data":{"carbs":100,"mealCOB":54.43627891156464,"slopeFromMaxDeviation":0,"slopeFromMinDeviation":2.8539830508474573,"lastBolusTime":1703356897000,"lastCarbTime":1703356676000},"microBolusAllowed":true,"currentTime":1703357185642,"flatBGsDetected":false,"tdd1D":34.144083333333334,"tdd7D":30.47294047619048,"tddLast24H":39.22016666666667,"tddLast4H":9.563333333333334,"tddLast8to4H":4.266666666666667},"output":{"temp":"absolute","bg":191,"tick":"+8","eventualBG":265,"targetBG":81.0000000000001,"insulinReq":1.16,"deliverAt":"2023-12-23T18:46:25.642Z","sensitivityRatio":1.287048970456615,"variable_sens":100.3,"predBGs":{"IOB":[191,194,196,195,193,189,182,175,165,153,139,123,105,85,64,39],"ZT":[191,174,155,135,113,89,62,39,39,39,39,39,39,39,39,39,39,39,39,39,39,39,39,39,39,39,39,39,39,39,39,39,39,39,39,39,39,39,39,39,39,39,39,39,39,39,39,39],"COB":[191,196,200,204,208,211,215,218,222,226,230,234,239,244,249,254,260,266,271,277,282,286,290,294,297,300,302,303,304,304,304,303,301,299,296,292,289,286,283,281,278,276,274,272,270,268,267,265],"UAM":[191,198,204,209,213,217,220,223,225,227,229,230,231,231,231,231,230,229,227,225,222,219,216,212,207,202,196,189,184,178,173,168,163,159,154,150,147,143,140,137,134,131,128,126,123,121,119,117]},"reason":"COB: 54.4, Dev: 8.4, BGI: -1.0, ISF: 5.6, CR: 11, Target: 4.5, minPredBG 10.9, minGuardBG 8.9, IOBpredBG 2.2, COBpredBG 14.7, UAMpredBG 6.5; Eventual BG 14.7 >= 4.5,  insulinReq 1.16; maxBolus 0.4; setting 60m low temp of 0U\/h. Microbolusing 0.4U. ","COB":54.43627891156464,"IOB":4.156,"units":0.4,"rate":0,"duration":60,"timestamp":"2023-12-23T18:46:25.684Z"}}