{"algorithm":"OpenAPSSMBDynamicISFPlugin","input":{"glucoseStatus":{"glucose":179,"noise":0,"delta":14,"short_avgdelta":13.61,"long_avgdelta":4.33,"date":1703235351026},"currenttemp":{"temp":"absolute","duration":30,"rate":0,"minutesrunning":30},"iob_data":[{"iob":3.205,"basaliob":-0.427,"bolussnooze":2.2293,"activity":0.0158,"lastBolusTime":1703235338000,"time":"2023-12-22T08:56:27.099Z","iobWithZeroTemp":{"iob":3.205,"basaliob":-0.427,"bolussnooze":2.2293,"activity":0.0158,"lastBolusTime":1703235338000,"time":"2023-12-22T08:56:27.099Z"}},{"iob":3.12,"basaliob":-0.41,"bolussnooze":2.1095,"activity":0.0181,"lastBolusTime":1703235338000,"time":"2023-12-22T09:01:27.099Z","iobWithZeroTemp":{"iob":3.093,"basaliob":-0.437,"bolussnooze":2.1095,"activity":0.0181,"lastBolusTime":1703235338000,"time":"2023-12-22T09:01:27.099Z"}},{"iob":3.025,"basaliob":-0.392,"bolussnooze":1.9661,"activity":0.0198,"lastBolusTime":1703235338000,"time":"2023-12-22T09:06:27.099Z","iobWithZeroTemp":{"iob":2.965,"basaliob":-0.452,"bolussnooze":1.9661,"activity":0.0197,"lastBolusTime":1703235338000,"time":"2023-12-22T09:06:27.099Z"}},{"iob":2.922,"basaliob":-0.374,"bolussnooze":1.8101,"activity":0.0212,"lastBolusTime":1703235338000,"time":"2023-12-22T09:11:27.099Z","iobWithZeroTemp":{"iob":2.83,"basaliob":-0.466,"bolussnooze":1.8101,"activity":0.021,"lastBolusTime":1703235338000,"time":"2023-12-22T09:11:27.099Z"}},{"iob":2.814,"basaliob":-0.356,"bolussnooze":1.6498,"activity":0.0221,"lastBolusTime":1703235338000,"time":"2023-12-22T09:16:27.099Z","iobWithZeroTemp":{"iob":2.689,"basaliob":-0.481,"bolussnooze":1.6498,"activity":0.0218,"lastBolusTime":1703235338000,"time":"2023-12-22T09:16:27.099Z"}},{"iob":2.702,"basaliob":-0.338,"bolussnooze":1.491,"activity":0.0228,"lastBolusTime":1703235338000,"time":"2023-12-22T09:21:27.099Z","iobWithZeroTemp":{"iob":2.546,"basaliob":-0.494,"bolussnooze":1.491,"activity":0.0223,"lastBolusTime":1703235338000,"time":"2023-12-22T09:21:27.099Z"}},{"iob":2.586,"basaliob":-0.321,"bolussnooze":1.3378,"activity":0.0232,"lastBolusTime":1703235338000,"time":"2023-12-22T09:26:27.099Z","iobWithZeroTemp":{"iob":2.4,"basaliob":-0.507,"bolussnooze":1.3378,"activity":0.0225,"lastBolusTime":1703235338000,"time":"2023-12-22T09:26:27.099Z"}},{"iob":2.47,"basaliob":-0.304,"bolussnooze":1.1927,"activity":0.0232,"lastBolusTime":1703235338000,"time":"2023-12-22T09:31:27.099Z","iobWithZeroTemp":{"iob":2.254,"basaliob":-0.52,"bolussnooze":1.1927,"activity":0.0223,"lastBolusTime":1703235338000,"time":"2023-12-22T09:31:27.099Z"}},{"iob":2.355,"basaliob":-0.287,"bolussnooze":1.0574,"activity":0.0231,"lastBolusTime":1703235338000,"time":"2023-12-22T09:36:27.099Z","iobWithZeroTemp":{"iob":2.111,"basaliob":-0.531,"bolussnooze":1.0574,"activity":0.022,"lastBolusTime":1703235338000,"time":"2023-12-22T09:36:27.099Z"}},{"iob":2.239,"basaliob":-0.271,"bolussnooze":0.9327,"activity":0.0229,"lastBolusTime":1703235338000,"time":"2023-12-22T09:41:27.099Z","iobWithZeroTemp":{"iob":1.967,"basaliob":-0.543,"bolussnooze":0.9327,"activity":0.0216,"lastBolusTime":1703235338000,"time":"2023-12-22T09:41:27.099Z"}},{"iob":2.125,"basaliob":-0.256,"bolussnooze":0.819,"activity":0.0225,"lastBolusTime":1703235338000,"time":"2023-12-22T09:46:27.099Z","iobWithZeroTemp":{"iob":1.827,"basaliob":-0.554,"bolussnooze":0.819,"activity":0.021,"lastBolusTime":1703235338000,"time":"2023-12-22T09:46:27.099Z"}},{"iob":2.013,"basaliob":-0.241,"bolussnooze":0.7162,"activity":0.0221,"lastBolusTime":1703235338000,"time":"2023-12-22T09:51:27.099Z","iobWithZeroTemp":{"iob":1.69,"basaliob":-0.564,"bolussnooze":0.7162,"activity":0.0203,"lastBolusTime":1703235338000,"time":"2023-12-22T09:51:27.099Z"}},{"iob":1.905,"basaliob":-0.226,"bolussnooze":0.6239,"activity":0.0215,"lastBolusTime":1703235338000,"time":"2023-12-22T09:56:27.099Z","iobWithZeroTemp":{"iob":1.558,"basaliob":-0.573,"bolussnooze":0.6239,"activity":0.0195,"lastBolusTime":1703235338000,"time":"2023-12-22T09:56:27.099Z"}},{"iob":1.8,"basaliob":-0.212,"bolussnooze":0.5415,"activity":0.0208,"lastBolusTime":1703235338000,"time":"2023-12-22T10:01:27.099Z","iobWithZeroTemp":{"iob":1.43,"basaliob":-0.582,"bolussnooze":0.5415,"activity":0.0186,"lastBolusTime":1703235338000,"time":"2023-12-22T10:01:27.099Z"}},{"iob":1.697,"basaliob":-0.199,"bolussnooze":0.4684,"activity":0.0201,"lastBolusTime":1703235338000,"time":"2023-12-22T10:06:27.099Z","iobWithZeroTemp":{"iob":1.306,"basaliob":-0.59,"bolussnooze":0.4684,"activity":0.0177,"lastBolusTime":1703235338000,"time":"2023-12-22T10:06:27.099Z"}},{"iob":1.598,"basaliob":-0.187,"bolussnooze":0.4038,"activity":0.0193,"lastBolusTime":1703235338000,"time":"2023-12-22T10:11:27.099Z","iobWithZeroTemp":{"iob":1.186,"basaliob":-0.599,"bolussnooze":0.4038,"activity":0.0166,"lastBolusTime":1703235338000,"time":"2023-12-22T10:11:27.099Z"}},{"iob":1.503,"basaliob":-0.175,"bolussnooze":0.3471,"activity":0.0186,"lastBolusTime":1703235338000,"time":"2023-12-22T10:16:27.099Z","iobWithZeroTemp":{"iob":1.072,"basaliob":-0.606,"bolussnooze":0.3471,"activity":0.0157,"lastBolusTime":1703235338000,"time":"2023-12-22T10:16:27.099Z"}},{"iob":1.413,"basaliob":-0.163,"bolussnooze":0.2975,"activity":0.0178,"lastBolusTime":1703235338000,"time":"2023-12-22T10:21:27.099Z","iobWithZeroTemp":{"iob":0.963,"basaliob":-0.613,"bolussnooze":0.2975,"activity":0.0147,"lastBolusTime":1703235338000,"time":"2023-12-22T10:21:27.099Z"}},{"iob":1.325,"basaliob":-0.153,"bolussnooze":0.2542,"activity":0.017,"lastBolusTime":1703235338000,"time":"2023-12-22T10:26:27.099Z","iobWithZeroTemp":{"iob":0.858,"basaliob":-0.62,"bolussnooze":0.2542,"activity":0.0137,"lastBolusTime":1703235338000,"time":"2023-12-22T10:26:27.099Z"}},{"iob":1.243,"basaliob":-0.142,"bolussnooze":0.2166,"activity":0.0162,"lastBolusTime":1703235338000,"time":"2023-12-22T10:31:27.099Z","iobWithZeroTemp":{"iob":0.759,"basaliob":-0.626,"bolussnooze":0.2166,"activity":0.0127,"lastBolusTime":1703235338000,"time":"2023-12-22T10:31:27.099Z"}},{"iob":1.163,"basaliob":-0.133,"bolussnooze":0.184,"activity":0.0154,"lastBolusTime":1703235338000,"time":"2023-12-22T10:36:27.099Z","iobWithZeroTemp":{"iob":0.664,"basaliob":-0.632,"bolussnooze":0.184,"activity":0.0117,"lastBolusTime":1703235338000,"time":"2023-12-22T10:36:27.099Z"}},{"iob":1.088,"basaliob":-0.124,"bolussnooze":0.1559,"activity":0.0146,"lastBolusTime":1703235338000,"time":"2023-12-22T10:41:27.099Z","iobWithZeroTemp":{"iob":0.574,"basaliob":-0.638,"bolussnooze":0.1559,"activity":0.0107,"lastBolusTime":1703235338000,"time":"2023-12-22T10:41:27.099Z"}},{"iob":1.017,"basaliob":-0.115,"bolussnooze":0.1317,"activity":0.0138,"lastBolusTime":1703235338000,"time":"2023-12-22T10:46:27.099Z","iobWithZeroTemp":{"iob":0.49,"basaliob":-0.642,"bolussnooze":0.1317,"activity":0.0098,"lastBolusTime":1703235338000,"time":"2023-12-22T10:46:27.099Z"}},{"iob":0.949,"basaliob":-0.107,"bolussnooze":0.1109,"activity":0.0131,"lastBolusTime":1703235338000,"time":"2023-12-22T10:51:27.099Z","iobWithZeroTemp":{"iob":0.409,"basaliob":-0.647,"bolussnooze":0.1109,"activity":0.0089,"lastBolusTime":1703235338000,"time":"2023-12-22T10:51:27.099Z"}},{"iob":0.886,"basaliob":-0.099,"bolussnooze":0.0931,"activity":0.0124,"lastBolusTime":1703235338000,"time":"2023-12-22T10:56:27.099Z","iobWithZeroTemp":{"iob":0.334,"basaliob":-0.651,"bolussnooze":0.0931,"activity":0.0081,"lastBolusTime":1703235338000,"time":"2023-12-22T10:56:27.099Z"}},{"iob":0.825,"basaliob":-0.092,"bolussnooze":0.078,"activity":0.0117,"lastBolusTime":1703235338000,"time":"2023-12-22T11:01:27.099Z","iobWithZeroTemp":{"iob":0.262,"basaliob":-0.655,"bolussnooze":0.078,"activity":0.0072,"lastBolusTime":1703235338000,"time":"2023-12-22T11:01:27.099Z"}},{"iob":0.768,"basaliob":-0.086,"bolussnooze":0.0651,"activity":0.011,"lastBolusTime":1703235338000,"time":"2023-12-22T11:06:27.099Z","iobWithZeroTemp":{"iob":0.194,"basaliob":-0.66,"bolussnooze":0.0651,"activity":0.0064,"lastBolusTime":1703235338000,"time":"2023-12-22T11:06:27.099Z"}},{"iob":0.715,"basaliob":-0.079,"bolussnooze":0.0541,"activity":0.0104,"lastBolusTime":1703235338000,"time":"2023-12-22T11:11:27.099Z","iobWithZeroTemp":{"iob":0.131,"basaliob":-0.663,"bolussnooze":0.0541,"activity":0.0056,"lastBolusTime":1703235338000,"time":"2023-12-22T11:11:27.099Z"}},{"iob":0.665,"basaliob":-0.073,"bolussnooze":0.0449,"activity":0.0098,"lastBolusTime":1703235338000,"time":"2023-12-22T11:16:27.099Z","iobWithZeroTemp":{"iob":0.072,"basaliob":-0.666,"bolussnooze":0.0449,"activity":0.0049,"lastBolusTime":1703235338000,"time":"2023-12-22T11:16:27.099Z"}},{"iob":0.617,"basaliob":-0.068,"bolussnooze":0.0371,"activity":0.0091,"lastBolusTime":1703235338000,"time":"2023-12-22T11:21:27.099Z","iobWithZeroTemp":{"iob":0.016,"basaliob":-0.669,"bolussnooze":0.0371,"activity":0.0041,"lastBolusTime":1703235338000,"time":"2023-12-22T11:21:27.099Z"}},{"iob":0.572,"basaliob":-0.063,"bolussnooze":0.0305,"activity":0.0086,"lastBolusTime":1703235338000,"time":"2023-12-22T11:26:27.099Z","iobWithZeroTemp":{"iob":-0.037,"basaliob":-0.672,"bolussnooze":0.0305,"activity":0.0035,"lastBolusTime":1703235338000,"time":"2023-12-22T11:26:27.099Z"}},{"iob":0.531,"basaliob":-0.058,"bolussnooze":0.025,"activity":0.0081,"lastBolusTime":1703235338000,"time":"2023-12-22T11:31:27.099Z","iobWithZeroTemp":{"iob":-0.086,"basaliob":-0.675,"bolussnooze":0.025,"activity":0.0029,"lastBolusTime":1703235338000,"time":"2023-12-22T11:31:27.099Z"}},{"iob":0.492,"basaliob":-0.054,"bolussnooze":0.0204,"activity":0.0075,"lastBolusTime":1703235338000,"time":"2023-12-22T11:36:27.099Z","iobWithZeroTemp":{"iob":-0.132,"basaliob":-0.678,"bolussnooze":0.0204,"activity":0.0022,"lastBolusTime":1703235338000,"time":"2023-12-22T11:36:27.099Z"}},{"iob":0.456,"basaliob":-0.049,"bolussnooze":0.0166,"activity":0.007,"lastBolusTime":1703235338000,"time":"2023-12-22T11:41:27.099Z","iobWithZeroTemp":{"iob":-0.174,"basaliob":-0.679,"bolussnooze":0.0166,"activity":0.0016,"lastBolusTime":1703235338000,"time":"2023-12-22T11:41:27.099Z"}},{"iob":0.421,"basaliob":-0.046,"bolussnooze":0.0134,"activity":0.0066,"lastBolusTime":1703235338000,"time":"2023-12-22T11:46:27.099Z","iobWithZeroTemp":{"iob":-0.215,"basaliob":-0.682,"bolussnooze":0.0134,"activity":0.0011,"lastBolusTime":1703235338000,"time":"2023-12-22T11:46:27.099Z"}},{"iob":0.39,"basaliob":-0.042,"bolussnooze":0.0108,"activity":0.0061,"lastBolusTime":1703235338000,"time":"2023-12-22T11:51:27.099Z","iobWithZeroTemp":{"iob":-0.252,"basaliob":-0.684,"bolussnooze":0.0108,"activity":5.0E-4,"lastBolusTime":1703235338000,"time":"2023-12-22T11:51:27.099Z"}},{"iob":0.36,"basaliob":-0.039,"bolussnooze":0.0086,"activity":0.0058,"lastBolusTime":1703235338000,"time":"2023-12-22T11:56:27.099Z","iobWithZeroTemp":{"iob":-0.287,"basaliob":-0.686,"bolussnooze":0.0086,"activity":1.0E-4,"lastBolusTime":1703235338000,"time":"2023-12-22T11:56:27.099Z"}},{"iob":0.332,"basaliob":-0.036,"bolussnooze":0.0068,"activity":0.0053,"lastBolusTime":1703235338000,"time":"2023-12-22T12:01:27.099Z","iobWithZeroTemp":{"iob":-0.319,"basaliob":-0.687,"bolussnooze":0.0068,"activity":-5.0E-4,"lastBolusTime":1703235338000,"time":"2023-12-22T12:01:27.099Z"}},{"iob":0.307,"basaliob":-0.033,"bolussnooze":0.0054,"activity":0.0049,"lastBolusTime":1703235338000,"time":"2023-12-22T12:06:27.099Z","iobWithZeroTemp":{"iob":-0.349,"basaliob":-0.689,"bolussnooze":0.0054,"activity":-9.0E-4,"lastBolusTime":1703235338000,"time":"2023-12-22T12:06:27.099Z"}},{"iob":0.283,"basaliob":-0.03,"bolussnooze":0.0042,"activity":0.0046,"lastBolusTime":1703235338000,"time":"2023-12-22T12:11:27.099Z","iobWithZeroTemp":{"iob":-0.377,"basaliob":-0.69,"bolussnooze":0.0042,"activity":-0.0013,"lastBolusTime":1703235338000,"time":"2023-12-22T12:11:27.099Z"}},{"iob":0.26,"basaliob":-0.028,"bolussnooze":0.0033,"activity":0.0043,"lastBolusTime":1703235338000,"time":"2023-12-22T12:16:27.099Z","iobWithZeroTemp":{"iob":-0.404,"basaliob":-0.692,"bolussnooze":0.0033,"activity":-0.0016,"lastBolusTime":1703235338000,"time":"2023-12-22T12:16:27.099Z"}},{"iob":0.24,"basaliob":-0.025,"bolussnooze":0.0025,"activity":0.004,"lastBolusTime":1703235338000,"time":"2023-12-22T12:21:27.099Z","iobWithZeroTemp":{"iob":-0.427,"basaliob":-0.692,"bolussnooze":0.0025,"activity":-0.002,"lastBolusTime":1703235338000,"time":"2023-12-22T12:21:27.099Z"}},{"iob":0.221,"basaliob":-0.023,"bolussnooze":0.0019,"activity":0.0037,"lastBolusTime":1703235338000,"time":"2023-12-22T12:26:27.099Z","iobWithZeroTemp":{"iob":-0.449,"basaliob":-0.693,"bolussnooze":0.0019,"activity":-0.0024,"lastBolusTime":1703235338000,"time":"2023-12-22T12:26:27.099Z"}},{"iob":0.203,"basaliob":-0.021,"bolussnooze":0.0014,"activity":0.0034,"lastBolusTime":1703235338000,"time":"2023-12-22T12:31:27.099Z","iobWithZeroTemp":{"iob":-0.47,"basaliob":-0.694,"bolussnooze":0.0014,"activity":-0.0027,"lastBolusTime":1703235338000,"time":"2023-12-22T12:31:27.099Z"}},{"iob":0.186,"basaliob":-0.02,"bolussnooze":0.0011,"activity":0.0032,"lastBolusTime":1703235338000,"time":"2023-12-22T12:36:27.099Z","iobWithZeroTemp":{"iob":-0.49,"basaliob":-0.696,"bolussnooze":0.0011,"activity":-0.0029,"lastBolusTime":1703235338000,"time":"2023-12-22T12:36:27.099Z"}},{"iob":0.171,"basaliob":-0.018,"bolussnooze":8.0E-4,"activity":0.003,"lastBolusTime":1703235338000,"time":"2023-12-22T12:41:27.099Z","iobWithZeroTemp":{"iob":-0.507,"basaliob":-0.696,"bolussnooze":8.0E-4,"activity":-0.0032,"lastBolusTime":1703235338000,"time":"2023-12-22T12:41:27.099Z"}},{"iob":0.157,"basaliob":-0.016,"bolussnooze":6.0E-4,"activity":0.0027,"lastBolusTime":1703235338000,"time":"2023-12-22T12:46:27.099Z","iobWithZeroTemp":{"iob":-0.524,"basaliob":-0.697,"bolussnooze":6.0E-4,"activity":-0.0035,"lastBolusTime":1703235338000,"time":"2023-12-22T12:46:27.099Z"}},{"iob":0.144,"basaliob":-0.015,"bolussnooze":4.0E-4,"activity":0.0025,"lastBolusTime":1703235338000,"time":"2023-12-22T12:51:27.099Z","iobWithZeroTemp":{"iob":-0.539,"basaliob":-0.698,"bolussnooze":4.0E-4,"activity":-0.0038,"lastBolusTime":1703235338000,"time":"2023-12-22T12:51:27.099Z"}}],"profile":{"max_iob":7,"type":"current","max_daily_basal":0.45,"max_basal":1.35,"min_bg":81.0000000000001,"max_bg":81.0000000000001,"target_bg":81.0000000000001,"carb_ratio":9,"sens":352.8,"max_daily_safety_multiplier":3,"current_basal_safety_multiplier":4,"lgsThreshold":65,"high_temptarget_raises_sensitivity":false,"low_temptarget_lowers_sensitivity":false,"sensitivity_raises_target":true,"resistance_lowers_target":true,"adv_target_adjustments":false,"exercise_mode":false,"half_basal_exercise_target":160,"maxCOB":120,"skip_neutral_temps":false,"remainingCarbsCap":90,"enableUAM":true,"A52_risk_enable":false,"SMBInterval":4,"enableSMB_with_COB":true,"enableSMB_with_temptarget":false,"allowSMB_with_high_temptarget":true,"enableSMB_always":true,"enableSMB_after_carbs":false,"maxSMBBasalMinutes":60,"maxUAMSMBBasalMinutes":60,"bolus_increment":0.05,"carbsReqThreshold":10,"current_basal":0.4,"temptargetSet":true,"autosens_max":1.2,"autosens_min":0.8,"out_units":"mmol\/L","variable_sens":122.1,"insulinDivisor":65,"TDD":11.145064008333332},"autosens_data":{"ratio":1.197148092861023},"meal_data":{"carbs":70,"mealCOB":54.82651020408163,"slopeFromMaxDeviation":0,"slopeFromMinDeviation":2.2988181818181816,"lastBolusTime":1703235338000,"lastCarbTime":1703235340120},"microBolusAllowed":true,"currentTime":1703235389184,"flatBGsDetected":false,"tdd1D":36.428166666666655,"tdd7D":29.994130952380967,"tddLast24H":35.907416666666656,"tddLast4H":6.07,"tddLast8to4H":2.03825},"output":{"temp":"absolute","bg":179,"tick":"+14","eventualBG":401,"targetBG":81.0000000000001,"insulinReq":2.62,"deliverAt":"2023-12-22T08:56:29.184Z","sensitivityRatio":1.197148092861023,"variable_sens":122.1,"predBGs":{"IOB":[179,191,199,206,209,210,209,206,200,193,184,172,158,144,130,115,100,83,66,46,39],"ZT":[179,169,158,145,131,115,97,77,54,39,39,39,39,39,39,39,39,39,39,39,39,39,39,39,39,39,39,39,39,39,39,39,39,39,39,39,39,39,39,39,39,39,39,39,39,39,39,39],"COB":[179,193,207,219,232,245,257,270,284,298,313,329,345,363,381,400,401],"UAM":[179,192,203,213,221,229,235,241,246,250,254,258,261,263,265,267,269,270,271,271,271,271,270,269,267,265,263,260,256,252,248,244,240,236,232,228,225,222,219,216,214,212,209,207,205,203,202,200]},"reason":"COB: 54.8, Dev: 7.8, BGI: -0.5, ISF: 6.8, CR: 9, Target: 4.5, minPredBG 25.6, minGuardBG 10.7, IOBpredBG 2.2, COBpredBG 22.3, UAMpredBG 11.1; Eventual BG 22.3 >= 4.5,  insulinReq 2.62; maxBolus 0.4; setting 60m low temp of 0U\/h. Waiting 3m 6s to microbolus again. ","COB":54.82651020408163,"IOB":3.205,"rate":0,"duration":60,"timestamp":"2023-12-22T08:56:29.212Z"}}