{"algorithm":"OpenAPSSMBDynamicISFPlugin","input":{"glucoseStatus":{"glucose":108,"noise":0,"delta":1,"short_avgdelta":1.17,"long_avgdelta":-0.86,"date":1703204147753},"currenttemp":{"temp":"absolute","duration":25,"rate":0.14,"minutesrunning":5},"iob_data":[{"iob":0.299,"basaliob":-0.315,"bolussnooze":3.0E-4,"activity":0.0061,"lastBolusTime":1703199978000,"time":"2023-12-22T00:16:10.380Z","iobWithZeroTemp":{"iob":0.299,"basaliob":-0.315,"bolussnooze":3.0E-4,"activity":0.0061,"lastBolusTime":1703199978000,"time":"2023-12-22T00:16:10.380Z"}},{"iob":0.27,"basaliob":-0.304,"bolussnooze":2.0E-4,"activity":0.0056,"lastBolusTime":1703199978000,"time":"2023-12-22T00:21:10.380Z","iobWithZeroTemp":{"iob":0.247,"basaliob":-0.327,"bolussnooze":2.0E-4,"activity":0.0056,"lastBolusTime":1703199978000,"time":"2023-12-22T00:21:10.380Z"}},{"iob":0.244,"basaliob":-0.292,"bolussnooze":1.0E-4,"activity":0.0051,"lastBolusTime":1703199978000,"time":"2023-12-22T00:26:10.380Z","iobWithZeroTemp":{"iob":0.192,"basaliob":-0.344,"bolussnooze":1.0E-4,"activity":0.005,"lastBolusTime":1703199978000,"time":"2023-12-22T00:26:10.380Z"}},{"iob":0.219,"basaliob":-0.28,"bolussnooze":1.0E-4,"activity":0.0046,"lastBolusTime":1703199978000,"time":"2023-12-22T00:31:10.380Z","iobWithZeroTemp":{"iob":0.138,"basaliob":-0.361,"bolussnooze":1.0E-4,"activity":0.0044,"lastBolusTime":1703199978000,"time":"2023-12-22T00:31:10.380Z"}},{"iob":0.197,"basaliob":-0.268,"bolussnooze":0,"activity":0.0042,"lastBolusTime":1703199978000,"time":"2023-12-22T00:36:10.380Z","iobWithZeroTemp":{"iob":0.088,"basaliob":-0.377,"bolussnooze":0,"activity":0.0039,"lastBolusTime":1703199978000,"time":"2023-12-22T00:36:10.380Z"}},{"iob":0.177,"basaliob":-0.256,"bolussnooze":0,"activity":0.0038,"lastBolusTime":1703199978000,"time":"2023-12-22T00:41:10.380Z","iobWithZeroTemp":{"iob":0.041,"basaliob":-0.392,"bolussnooze":0,"activity":0.0034,"lastBolusTime":1703199978000,"time":"2023-12-22T00:41:10.380Z"}},{"iob":0.159,"basaliob":-0.243,"bolussnooze":0,"activity":0.0035,"lastBolusTime":1703199978000,"time":"2023-12-22T00:46:10.380Z","iobWithZeroTemp":{"iob":-0.004,"basaliob":-0.406,"bolussnooze":0,"activity":0.0029,"lastBolusTime":1703199978000,"time":"2023-12-22T00:46:10.380Z"}},{"iob":0.143,"basaliob":-0.231,"bolussnooze":0,"activity":0.0031,"lastBolusTime":1703199978000,"time":"2023-12-22T00:51:10.380Z","iobWithZeroTemp":{"iob":-0.046,"basaliob":-0.42,"bolussnooze":0,"activity":0.0023,"lastBolusTime":1703199978000,"time":"2023-12-22T00:51:10.380Z"}},{"iob":0.128,"basaliob":-0.219,"bolussnooze":0,"activity":0.0028,"lastBolusTime":1703199978000,"time":"2023-12-22T00:56:10.380Z","iobWithZeroTemp":{"iob":-0.086,"basaliob":-0.433,"bolussnooze":0,"activity":0.0018,"lastBolusTime":1703199978000,"time":"2023-12-22T00:56:10.380Z"}},{"iob":0.114,"basaliob":-0.208,"bolussnooze":0,"activity":0.0026,"lastBolusTime":1703199978000,"time":"2023-12-22T01:01:10.380Z","iobWithZeroTemp":{"iob":-0.124,"basaliob":-0.446,"bolussnooze":0,"activity":0.0015,"lastBolusTime":1703199978000,"time":"2023-12-22T01:01:10.380Z"}},{"iob":0.102,"basaliob":-0.196,"bolussnooze":0,"activity":0.0024,"lastBolusTime":1703199978000,"time":"2023-12-22T01:06:10.380Z","iobWithZeroTemp":{"iob":-0.152,"basaliob":-0.45,"bolussnooze":0,"activity":0.0011,"lastBolusTime":1703199978000,"time":"2023-12-22T01:06:10.380Z"}},{"iob":0.091,"basaliob":-0.185,"bolussnooze":0,"activity":0.0021,"lastBolusTime":1703199978000,"time":"2023-12-22T01:11:10.380Z","iobWithZeroTemp":{"iob":-0.179,"basaliob":-0.455,"bolussnooze":0,"activity":6.0E-4,"lastBolusTime":1703199978000,"time":"2023-12-22T01:11:10.380Z"}},{"iob":0.081,"basaliob":-0.175,"bolussnooze":0,"activity":0.0019,"lastBolusTime":1703199978000,"time":"2023-12-22T01:16:10.380Z","iobWithZeroTemp":{"iob":-0.203,"basaliob":-0.459,"bolussnooze":0,"activity":2.0E-4,"lastBolusTime":1703199978000,"time":"2023-12-22T01:16:10.380Z"}},{"iob":0.073,"basaliob":-0.164,"bolussnooze":0,"activity":0.0017,"lastBolusTime":1703199978000,"time":"2023-12-22T01:21:10.380Z","iobWithZeroTemp":{"iob":-0.225,"basaliob":-0.462,"bolussnooze":0,"activity":-2.0E-4,"lastBolusTime":1703199978000,"time":"2023-12-22T01:21:10.380Z"}},{"iob":0.064,"basaliob":-0.155,"bolussnooze":0,"activity":0.0016,"lastBolusTime":1703199978000,"time":"2023-12-22T01:26:10.380Z","iobWithZeroTemp":{"iob":-0.247,"basaliob":-0.466,"bolussnooze":0,"activity":-4.0E-4,"lastBolusTime":1703199978000,"time":"2023-12-22T01:26:10.380Z"}},{"iob":0.057,"basaliob":-0.145,"bolussnooze":0,"activity":0.0014,"lastBolusTime":1703199978000,"time":"2023-12-22T01:31:10.380Z","iobWithZeroTemp":{"iob":-0.266,"basaliob":-0.468,"bolussnooze":0,"activity":-8.0E-4,"lastBolusTime":1703199978000,"time":"2023-12-22T01:31:10.380Z"}},{"iob":0.05,"basaliob":-0.136,"bolussnooze":0,"activity":0.0012,"lastBolusTime":1703199978000,"time":"2023-12-22T01:36:10.380Z","iobWithZeroTemp":{"iob":-0.284,"basaliob":-0.47,"bolussnooze":0,"activity":-0.0011,"lastBolusTime":1703199978000,"time":"2023-12-22T01:36:10.380Z"}},{"iob":0.044,"basaliob":-0.128,"bolussnooze":0,"activity":0.0011,"lastBolusTime":1703199978000,"time":"2023-12-22T01:41:10.380Z","iobWithZeroTemp":{"iob":-0.3,"basaliob":-0.472,"bolussnooze":0,"activity":-0.0014,"lastBolusTime":1703199978000,"time":"2023-12-22T01:41:10.380Z"}},{"iob":0.039,"basaliob":-0.119,"bolussnooze":0,"activity":0.001,"lastBolusTime":1703199978000,"time":"2023-12-22T01:46:10.380Z","iobWithZeroTemp":{"iob":-0.315,"basaliob":-0.473,"bolussnooze":0,"activity":-0.0016,"lastBolusTime":1703199978000,"time":"2023-12-22T01:46:10.380Z"}},{"iob":0.034,"basaliob":-0.112,"bolussnooze":0,"activity":9.0E-4,"lastBolusTime":1703199978000,"time":"2023-12-22T01:51:10.380Z","iobWithZeroTemp":{"iob":-0.329,"basaliob":-0.475,"bolussnooze":0,"activity":-0.0018,"lastBolusTime":1703199978000,"time":"2023-12-22T01:51:10.380Z"}},{"iob":0.03,"basaliob":-0.104,"bolussnooze":0,"activity":8.0E-4,"lastBolusTime":1703199978000,"time":"2023-12-22T01:56:10.380Z","iobWithZeroTemp":{"iob":-0.342,"basaliob":-0.476,"bolussnooze":0,"activity":-0.0021,"lastBolusTime":1703199978000,"time":"2023-12-22T01:56:10.380Z"}},{"iob":0.026,"basaliob":-0.097,"bolussnooze":0,"activity":7.0E-4,"lastBolusTime":1703199978000,"time":"2023-12-22T02:01:10.380Z","iobWithZeroTemp":{"iob":-0.354,"basaliob":-0.477,"bolussnooze":0,"activity":-0.0023,"lastBolusTime":1703199978000,"time":"2023-12-22T02:01:10.380Z"}},{"iob":0.022,"basaliob":-0.091,"bolussnooze":0,"activity":6.0E-4,"lastBolusTime":1703199978000,"time":"2023-12-22T02:06:10.380Z","iobWithZeroTemp":{"iob":-0.365,"basaliob":-0.478,"bolussnooze":0,"activity":-0.0025,"lastBolusTime":1703199978000,"time":"2023-12-22T02:06:10.380Z"}},{"iob":0.02,"basaliob":-0.084,"bolussnooze":0,"activity":6.0E-4,"lastBolusTime":1703199978000,"time":"2023-12-22T02:11:10.380Z","iobWithZeroTemp":{"iob":-0.374,"basaliob":-0.478,"bolussnooze":0,"activity":-0.0026,"lastBolusTime":1703199978000,"time":"2023-12-22T02:11:10.380Z"}},{"iob":0.016,"basaliob":-0.079,"bolussnooze":0,"activity":6.0E-4,"lastBolusTime":1703199978000,"time":"2023-12-22T02:16:10.380Z","iobWithZeroTemp":{"iob":-0.384,"basaliob":-0.479,"bolussnooze":0,"activity":-0.0027,"lastBolusTime":1703199978000,"time":"2023-12-22T02:16:10.380Z"}},{"iob":0.015,"basaliob":-0.073,"bolussnooze":0,"activity":4.0E-4,"lastBolusTime":1703199978000,"time":"2023-12-22T02:21:10.380Z","iobWithZeroTemp":{"iob":-0.391,"basaliob":-0.479,"bolussnooze":0,"activity":-0.003,"lastBolusTime":1703199978000,"time":"2023-12-22T02:21:10.380Z"}},{"iob":0.012,"basaliob":-0.068,"bolussnooze":0,"activity":4.0E-4,"lastBolusTime":1703199978000,"time":"2023-12-22T02:26:10.380Z","iobWithZeroTemp":{"iob":-0.4,"basaliob":-0.48,"bolussnooze":0,"activity":-0.003,"lastBolusTime":1703199978000,"time":"2023-12-22T02:26:10.380Z"}},{"iob":0.01,"basaliob":-0.063,"bolussnooze":0,"activity":4.0E-4,"lastBolusTime":1703199978000,"time":"2023-12-22T02:31:10.380Z","iobWithZeroTemp":{"iob":-0.407,"basaliob":-0.48,"bolussnooze":0,"activity":-0.0031,"lastBolusTime":1703199978000,"time":"2023-12-22T02:31:10.380Z"}},{"iob":0.009,"basaliob":-0.058,"bolussnooze":0,"activity":3.0E-4,"lastBolusTime":1703199978000,"time":"2023-12-22T02:36:10.380Z","iobWithZeroTemp":{"iob":-0.413,"basaliob":-0.48,"bolussnooze":0,"activity":-0.0033,"lastBolusTime":1703199978000,"time":"2023-12-22T02:36:10.380Z"}},{"iob":0.007,"basaliob":-0.054,"bolussnooze":0,"activity":3.0E-4,"lastBolusTime":1703199978000,"time":"2023-12-22T02:41:10.380Z","iobWithZeroTemp":{"iob":-0.419,"basaliob":-0.48,"bolussnooze":0,"activity":-0.0034,"lastBolusTime":1703199978000,"time":"2023-12-22T02:41:10.380Z"}},{"iob":0.006,"basaliob":-0.05,"bolussnooze":0,"activity":2.0E-4,"lastBolusTime":1703199978000,"time":"2023-12-22T02:46:10.380Z","iobWithZeroTemp":{"iob":-0.424,"basaliob":-0.48,"bolussnooze":0,"activity":-0.0035,"lastBolusTime":1703199978000,"time":"2023-12-22T02:46:10.380Z"}},{"iob":0.005,"basaliob":-0.046,"bolussnooze":0,"activity":2.0E-4,"lastBolusTime":1703199978000,"time":"2023-12-22T02:51:10.380Z","iobWithZeroTemp":{"iob":-0.429,"basaliob":-0.48,"bolussnooze":0,"activity":-0.0036,"lastBolusTime":1703199978000,"time":"2023-12-22T02:51:10.380Z"}},{"iob":0.004,"basaliob":-0.043,"bolussnooze":0,"activity":2.0E-4,"lastBolusTime":1703199978000,"time":"2023-12-22T02:56:10.380Z","iobWithZeroTemp":{"iob":-0.434,"basaliob":-0.481,"bolussnooze":0,"activity":-0.0036,"lastBolusTime":1703199978000,"time":"2023-12-22T02:56:10.380Z"}},{"iob":0.003,"basaliob":-0.04,"bolussnooze":0,"activity":2.0E-4,"lastBolusTime":1703199978000,"time":"2023-12-22T03:01:10.380Z","iobWithZeroTemp":{"iob":-0.438,"basaliob":-0.481,"bolussnooze":0,"activity":-0.0037,"lastBolusTime":1703199978000,"time":"2023-12-22T03:01:10.380Z"}},{"iob":0.002,"basaliob":-0.037,"bolussnooze":0,"activity":1.0E-4,"lastBolusTime":1703199978000,"time":"2023-12-22T03:06:10.380Z","iobWithZeroTemp":{"iob":-0.444,"basaliob":-0.483,"bolussnooze":0,"activity":-0.0038,"lastBolusTime":1703199978000,"time":"2023-12-22T03:06:10.380Z"}},{"iob":0.001,"basaliob":-0.034,"bolussnooze":0,"activity":2.0E-4,"lastBolusTime":1703199978000,"time":"2023-12-22T03:11:10.380Z","iobWithZeroTemp":{"iob":-0.45,"basaliob":-0.485,"bolussnooze":0,"activity":-0.0038,"lastBolusTime":1703199978000,"time":"2023-12-22T03:11:10.380Z"}},{"iob":0.001,"basaliob":-0.031,"bolussnooze":0,"activity":1.0E-4,"lastBolusTime":1703199978000,"time":"2023-12-22T03:16:10.380Z","iobWithZeroTemp":{"iob":-0.455,"basaliob":-0.487,"bolussnooze":0,"activity":-0.0039,"lastBolusTime":1703199978000,"time":"2023-12-22T03:16:10.380Z"}},{"iob":0,"basaliob":-0.029,"bolussnooze":0,"activity":1.0E-4,"lastBolusTime":1703199978000,"time":"2023-12-22T03:21:10.380Z","iobWithZeroTemp":{"iob":-0.461,"basaliob":-0.49,"bolussnooze":0,"activity":-0.004,"lastBolusTime":1703199978000,"time":"2023-12-22T03:21:10.380Z"}},{"iob":0,"basaliob":-0.026,"bolussnooze":0,"activity":1.0E-4,"lastBolusTime":1703199978000,"time":"2023-12-22T03:26:10.380Z","iobWithZeroTemp":{"iob":-0.466,"basaliob":-0.492,"bolussnooze":0,"activity":-0.004,"lastBolusTime":1703199978000,"time":"2023-12-22T03:26:10.380Z"}},{"iob":0,"basaliob":-0.024,"bolussnooze":0,"activity":1.0E-4,"lastBolusTime":1703199978000,"time":"2023-12-22T03:31:10.380Z","iobWithZeroTemp":{"iob":-0.47,"basaliob":-0.494,"bolussnooze":0,"activity":-0.0041,"lastBolusTime":1703199978000,"time":"2023-12-22T03:31:10.380Z"}},{"iob":0,"basaliob":-0.022,"bolussnooze":0,"activity":0,"lastBolusTime":1703199978000,"time":"2023-12-22T03:36:10.380Z","iobWithZeroTemp":{"iob":-0.474,"basaliob":-0.496,"bolussnooze":0,"activity":-0.0042,"lastBolusTime":1703199978000,"time":"2023-12-22T03:36:10.380Z"}},{"iob":-0.001,"basaliob":-0.021,"bolussnooze":0,"activity":1.0E-4,"lastBolusTime":1703199978000,"time":"2023-12-22T03:41:10.380Z","iobWithZeroTemp":{"iob":-0.479,"basaliob":-0.499,"bolussnooze":0,"activity":-0.0042,"lastBolusTime":1703199978000,"time":"2023-12-22T03:41:10.380Z"}},{"iob":-0.001,"basaliob":-0.019,"bolussnooze":0,"activity":1.0E-4,"lastBolusTime":1703199978000,"time":"2023-12-22T03:46:10.380Z","iobWithZeroTemp":{"iob":-0.482,"basaliob":-0.5,"bolussnooze":0,"activity":-0.0042,"lastBolusTime":1703199978000,"time":"2023-12-22T03:46:10.380Z"}},{"iob":-0.001,"basaliob":-0.017,"bolussnooze":0,"activity":0,"lastBolusTime":1703199978000,"time":"2023-12-22T03:51:10.380Z","iobWithZeroTemp":{"iob":-0.485,"basaliob":-0.501,"bolussnooze":0,"activity":-0.0044,"lastBolusTime":1703199978000,"time":"2023-12-22T03:51:10.380Z"}},{"iob":-0.001,"basaliob":-0.016,"bolussnooze":0,"activity":0,"lastBolusTime":1703199978000,"time":"2023-12-22T03:56:10.380Z","iobWithZeroTemp":{"iob":-0.489,"basaliob":-0.504,"bolussnooze":0,"activity":-0.0044,"lastBolusTime":1703199978000,"time":"2023-12-22T03:56:10.380Z"}},{"iob":-0.002,"basaliob":-0.015,"bolussnooze":0,"activity":0,"lastBolusTime":1703199978000,"time":"2023-12-22T04:01:10.380Z","iobWithZeroTemp":{"iob":-0.493,"basaliob":-0.506,"bolussnooze":0,"activity":-0.0044,"lastBolusTime":1703199978000,"time":"2023-12-22T04:01:10.380Z"}},{"iob":-0.001,"basaliob":-0.013,"bolussnooze":0,"activity":0,"lastBolusTime":1703199978000,"time":"2023-12-22T04:06:10.380Z","iobWithZeroTemp":{"iob":-0.503,"basaliob":-0.515,"bolussnooze":0,"activity":-0.0045,"lastBolusTime":1703199978000,"time":"2023-12-22T04:06:10.380Z"}},{"iob":-0.001,"basaliob":-0.012,"bolussnooze":0,"activity":0,"lastBolusTime":1703199978000,"time":"2023-12-22T04:11:10.380Z","iobWithZeroTemp":{"iob":-0.513,"basaliob":-0.524,"bolussnooze":0,"activity":-0.0045,"lastBolusTime":1703199978000,"time":"2023-12-22T04:11:10.380Z"}}],"profile":{"max_iob":7,"type":"current","max_daily_basal":0.45,"max_basal":1.35,"min_bg":106.2,"max_bg":106.2,"target_bg":106.2,"carb_ratio":11,"sens":369,"max_daily_safety_multiplier":3,"current_basal_safety_multiplier":4,"lgsThreshold":65,"high_temptarget_raises_sensitivity":false,"low_temptarget_lowers_sensitivity":false,"sensitivity_raises_target":true,"resistance_lowers_target":true,"adv_target_adjustments":false,"exercise_mode":false,"half_basal_exercise_target":160,"maxCOB":120,"skip_neutral_temps":false,"remainingCarbsCap":90,"enableUAM":true,"A52_risk_enable":false,"SMBInterval":4,"enableSMB_with_COB":true,"enableSMB_with_temptarget":false,"allowSMB_with_high_temptarget":true,"enableSMB_always":true,"enableSMB_after_carbs":false,"maxSMBBasalMinutes":60,"maxUAMSMBBasalMinutes":60,"bolus_increment":0.05,"carbsReqThreshold":10,"current_basal":0.35,"temptargetSet":false,"autosens_max":1.2,"autosens_min":0.8,"out_units":"mmol\/L","variable_sens":55,"insulinDivisor":65,"TDD":33.44416702380953},"autosens_data":{"ratio":1.2207749373190853},"meal_data":{"carbs":30,"mealCOB":0,"slopeFromMaxDeviation":-0.4549999999999999,"slopeFromMinDeviation":0.22649999999999973,"lastBolusTime":1703199978000,"lastCarbTime":1703190194000},"microBolusAllowed":true,"currentTime":1703204172573,"flatBGsDetected":false,"tdd1D":36.428166666666655,"tdd7D":29.994130952380967,"tddLast24H":36.61608333333331,"tddLast4H":4.628749999999999,"tddLast8to4H":8.096666666666668},"output":{"temp":"absolute","bg":108,"tick":"+1","eventualBG":108,"targetBG":98,"insulinReq":-0.02,"deliverAt":"2023-12-22T00:16:12.573Z","sensitivityRatio":1.2207749373190853,"variable_sens":55,"predBGs":{"IOB":[108,109,110,110,111,111,111,112,112,112,111,111,110,110,109,109,109,108,108,108,107,107,107,107,107,107,106],"ZT":[108,106,105,103,102,101,100,99,99,98,98,97,97,97,97,97,97,98,98,99,99,100,100,101,102,103,104,104],"UAM":[108,109,109,109,108,108,107,106,105,104,103,103,102,102,101,101,100,100,99,99,99,99,99,98,98,98,98,98,98,98,97]},"reason":"COB: 0, Dev: 0.9, BGI: -0.1, ISF: 3.1, CR: 11, Target: 5.4, minPredBG 5.4, minGuardBG 5.4, IOBpredBG 5.9, UAMpredBG 5.4; Eventual BG 6.0 >= 5.4,  insulinReq -0.02. temp 0.14 < 0.39U\/hr. ","COB":0,"IOB":0.299,"duration":30,"rate":0.38727122806167985,"timestamp":"2023-12-22T00:16:12.598Z"}}