{"algorithm":"OpenAPSSMBDynamicISFPlugin","input":{"glucoseStatus":{"glucose":162,"noise":0,"delta":23,"short_avgdelta":15.28,"long_avgdelta":4.14,"date":1703273751194},"currenttemp":{"temp":"absolute","duration":20,"rate":0,"minutesrunning":10},"iob_data":[{"iob":1.186,"basaliob":-0.662,"bolussnooze":0.9631,"activity":0.0084,"lastBolusTime":1703273264000,"time":"2023-12-22T19:36:12.838Z","iobWithZeroTemp":{"iob":1.186,"basaliob":-0.662,"bolussnooze":0.9631,"activity":0.0084,"lastBolusTime":1703273264000,"time":"2023-12-22T19:36:12.838Z"}},{"iob":1.144,"basaliob":-0.629,"bolussnooze":0.9128,"activity":0.0089,"lastBolusTime":1703273264000,"time":"2023-12-22T19:41:12.838Z","iobWithZeroTemp":{"iob":1.117,"basaliob":-0.656,"bolussnooze":0.9128,"activity":0.0089,"lastBolusTime":1703273264000,"time":"2023-12-22T19:41:12.838Z"}},{"iob":1.098,"basaliob":-0.598,"bolussnooze":0.8519,"activity":0.0092,"lastBolusTime":1703273264000,"time":"2023-12-22T19:46:12.838Z","iobWithZeroTemp":{"iob":1.038,"basaliob":-0.658,"bolussnooze":0.8519,"activity":0.0091,"lastBolusTime":1703273264000,"time":"2023-12-22T19:46:12.838Z"}},{"iob":1.052,"basaliob":-0.566,"bolussnooze":0.7853,"activity":0.0093,"lastBolusTime":1703273264000,"time":"2023-12-22T19:51:12.838Z","iobWithZeroTemp":{"iob":0.96,"basaliob":-0.658,"bolussnooze":0.7853,"activity":0.0091,"lastBolusTime":1703273264000,"time":"2023-12-22T19:51:12.838Z"}},{"iob":1.005,"basaliob":-0.536,"bolussnooze":0.7165,"activity":0.0094,"lastBolusTime":1703273264000,"time":"2023-12-22T19:56:12.838Z","iobWithZeroTemp":{"iob":0.88,"basaliob":-0.661,"bolussnooze":0.7165,"activity":0.0091,"lastBolusTime":1703273264000,"time":"2023-12-22T19:56:12.838Z"}},{"iob":0.958,"basaliob":-0.506,"bolussnooze":0.6482,"activity":0.0093,"lastBolusTime":1703273264000,"time":"2023-12-22T20:01:12.838Z","iobWithZeroTemp":{"iob":0.802,"basaliob":-0.662,"bolussnooze":0.6482,"activity":0.0088,"lastBolusTime":1703273264000,"time":"2023-12-22T20:01:12.838Z"}},{"iob":0.911,"basaliob":-0.477,"bolussnooze":0.5821,"activity":0.0092,"lastBolusTime":1703273264000,"time":"2023-12-22T20:06:12.838Z","iobWithZeroTemp":{"iob":0.725,"basaliob":-0.663,"bolussnooze":0.5821,"activity":0.0085,"lastBolusTime":1703273264000,"time":"2023-12-22T20:06:12.838Z"}},{"iob":0.865,"basaliob":-0.449,"bolussnooze":0.5195,"activity":0.0092,"lastBolusTime":1703273264000,"time":"2023-12-22T20:11:12.838Z","iobWithZeroTemp":{"iob":0.649,"basaliob":-0.665,"bolussnooze":0.5195,"activity":0.0083,"lastBolusTime":1703273264000,"time":"2023-12-22T20:11:12.838Z"}},{"iob":0.819,"basaliob":-0.423,"bolussnooze":0.4609,"activity":0.009,"lastBolusTime":1703273264000,"time":"2023-12-22T20:16:12.838Z","iobWithZeroTemp":{"iob":0.575,"basaliob":-0.667,"bolussnooze":0.4609,"activity":0.0079,"lastBolusTime":1703273264000,"time":"2023-12-22T20:16:12.838Z"}},{"iob":0.776,"basaliob":-0.397,"bolussnooze":0.407,"activity":0.0087,"lastBolusTime":1703273264000,"time":"2023-12-22T20:21:12.838Z","iobWithZeroTemp":{"iob":0.504,"basaliob":-0.669,"bolussnooze":0.407,"activity":0.0074,"lastBolusTime":1703273264000,"time":"2023-12-22T20:21:12.838Z"}},{"iob":0.733,"basaliob":-0.372,"bolussnooze":0.3577,"activity":0.0085,"lastBolusTime":1703273264000,"time":"2023-12-22T20:26:12.838Z","iobWithZeroTemp":{"iob":0.435,"basaliob":-0.67,"bolussnooze":0.3577,"activity":0.007,"lastBolusTime":1703273264000,"time":"2023-12-22T20:26:12.838Z"}},{"iob":0.691,"basaliob":-0.349,"bolussnooze":0.313,"activity":0.0082,"lastBolusTime":1703273264000,"time":"2023-12-22T20:31:12.838Z","iobWithZeroTemp":{"iob":0.368,"basaliob":-0.672,"bolussnooze":0.313,"activity":0.0064,"lastBolusTime":1703273264000,"time":"2023-12-22T20:31:12.838Z"}},{"iob":0.651,"basaliob":-0.327,"bolussnooze":0.2729,"activity":0.0079,"lastBolusTime":1703273264000,"time":"2023-12-22T20:36:12.838Z","iobWithZeroTemp":{"iob":0.304,"basaliob":-0.674,"bolussnooze":0.2729,"activity":0.0059,"lastBolusTime":1703273264000,"time":"2023-12-22T20:36:12.838Z"}},{"iob":0.612,"basaliob":-0.306,"bolussnooze":0.2371,"activity":0.0076,"lastBolusTime":1703273264000,"time":"2023-12-22T20:41:12.838Z","iobWithZeroTemp":{"iob":0.242,"basaliob":-0.676,"bolussnooze":0.2371,"activity":0.0054,"lastBolusTime":1703273264000,"time":"2023-12-22T20:41:12.838Z"}},{"iob":0.575,"basaliob":-0.286,"bolussnooze":0.2053,"activity":0.0073,"lastBolusTime":1703273264000,"time":"2023-12-22T20:46:12.838Z","iobWithZeroTemp":{"iob":0.184,"basaliob":-0.677,"bolussnooze":0.2053,"activity":0.0049,"lastBolusTime":1703273264000,"time":"2023-12-22T20:46:12.838Z"}},{"iob":0.539,"basaliob":-0.267,"bolussnooze":0.1772,"activity":0.0069,"lastBolusTime":1703273264000,"time":"2023-12-22T20:51:12.838Z","iobWithZeroTemp":{"iob":0.127,"basaliob":-0.679,"bolussnooze":0.1772,"activity":0.0042,"lastBolusTime":1703273264000,"time":"2023-12-22T20:51:12.838Z"}},{"iob":0.505,"basaliob":-0.249,"bolussnooze":0.1525,"activity":0.0066,"lastBolusTime":1703273264000,"time":"2023-12-22T20:56:12.838Z","iobWithZeroTemp":{"iob":0.074,"basaliob":-0.68,"bolussnooze":0.1525,"activity":0.0037,"lastBolusTime":1703273264000,"time":"2023-12-22T20:56:12.838Z"}},{"iob":0.473,"basaliob":-0.232,"bolussnooze":0.1308,"activity":0.0063,"lastBolusTime":1703273264000,"time":"2023-12-22T21:01:12.838Z","iobWithZeroTemp":{"iob":0.023,"basaliob":-0.682,"bolussnooze":0.1308,"activity":0.0032,"lastBolusTime":1703273264000,"time":"2023-12-22T21:01:12.838Z"}},{"iob":0.442,"basaliob":-0.216,"bolussnooze":0.1119,"activity":0.006,"lastBolusTime":1703273264000,"time":"2023-12-22T21:06:12.838Z","iobWithZeroTemp":{"iob":-0.025,"basaliob":-0.683,"bolussnooze":0.1119,"activity":0.0027,"lastBolusTime":1703273264000,"time":"2023-12-22T21:06:12.838Z"}},{"iob":0.413,"basaliob":-0.201,"bolussnooze":0.0954,"activity":0.0057,"lastBolusTime":1703273264000,"time":"2023-12-22T21:11:12.838Z","iobWithZeroTemp":{"iob":-0.071,"basaliob":-0.685,"bolussnooze":0.0954,"activity":0.0022,"lastBolusTime":1703273264000,"time":"2023-12-22T21:11:12.838Z"}},{"iob":0.386,"basaliob":-0.186,"bolussnooze":0.0812,"activity":0.0054,"lastBolusTime":1703273264000,"time":"2023-12-22T21:16:12.838Z","iobWithZeroTemp":{"iob":-0.113,"basaliob":-0.685,"bolussnooze":0.0812,"activity":0.0017,"lastBolusTime":1703273264000,"time":"2023-12-22T21:16:12.838Z"}},{"iob":0.36,"basaliob":-0.173,"bolussnooze":0.0688,"activity":0.005,"lastBolusTime":1703273264000,"time":"2023-12-22T21:21:12.838Z","iobWithZeroTemp":{"iob":-0.154,"basaliob":-0.687,"bolussnooze":0.0688,"activity":0.0011,"lastBolusTime":1703273264000,"time":"2023-12-22T21:21:12.838Z"}},{"iob":0.335,"basaliob":-0.161,"bolussnooze":0.0582,"activity":0.0048,"lastBolusTime":1703273264000,"time":"2023-12-22T21:26:12.838Z","iobWithZeroTemp":{"iob":-0.192,"basaliob":-0.688,"bolussnooze":0.0582,"activity":8.0E-4,"lastBolusTime":1703273264000,"time":"2023-12-22T21:26:12.838Z"}},{"iob":0.312,"basaliob":-0.149,"bolussnooze":0.0491,"activity":0.0045,"lastBolusTime":1703273264000,"time":"2023-12-22T21:31:12.838Z","iobWithZeroTemp":{"iob":-0.228,"basaliob":-0.689,"bolussnooze":0.0491,"activity":3.0E-4,"lastBolusTime":1703273264000,"time":"2023-12-22T21:31:12.838Z"}},{"iob":0.29,"basaliob":-0.138,"bolussnooze":0.0413,"activity":0.0043,"lastBolusTime":1703273264000,"time":"2023-12-22T21:36:12.838Z","iobWithZeroTemp":{"iob":-0.262,"basaliob":-0.69,"bolussnooze":0.0413,"activity":0,"lastBolusTime":1703273264000,"time":"2023-12-22T21:36:12.838Z"}},{"iob":0.269,"basaliob":-0.128,"bolussnooze":0.0346,"activity":0.004,"lastBolusTime":1703273264000,"time":"2023-12-22T21:41:12.838Z","iobWithZeroTemp":{"iob":-0.294,"basaliob":-0.691,"bolussnooze":0.0346,"activity":-5.0E-4,"lastBolusTime":1703273264000,"time":"2023-12-22T21:41:12.838Z"}},{"iob":0.251,"basaliob":-0.118,"bolussnooze":0.0289,"activity":0.0038,"lastBolusTime":1703273264000,"time":"2023-12-22T21:46:12.838Z","iobWithZeroTemp":{"iob":-0.323,"basaliob":-0.692,"bolussnooze":0.0289,"activity":-8.0E-4,"lastBolusTime":1703273264000,"time":"2023-12-22T21:46:12.838Z"}},{"iob":0.233,"basaliob":-0.109,"bolussnooze":0.0241,"activity":0.0035,"lastBolusTime":1703273264000,"time":"2023-12-22T21:51:12.838Z","iobWithZeroTemp":{"iob":-0.351,"basaliob":-0.693,"bolussnooze":0.0241,"activity":-0.0013,"lastBolusTime":1703273264000,"time":"2023-12-22T21:51:12.838Z"}},{"iob":0.215,"basaliob":-0.101,"bolussnooze":0.02,"activity":0.0033,"lastBolusTime":1703273264000,"time":"2023-12-22T21:56:12.838Z","iobWithZeroTemp":{"iob":-0.378,"basaliob":-0.694,"bolussnooze":0.02,"activity":-0.0016,"lastBolusTime":1703273264000,"time":"2023-12-22T21:56:12.838Z"}},{"iob":0.2,"basaliob":-0.093,"bolussnooze":0.0166,"activity":0.0031,"lastBolusTime":1703273264000,"time":"2023-12-22T22:01:12.838Z","iobWithZeroTemp":{"iob":-0.401,"basaliob":-0.694,"bolussnooze":0.0166,"activity":-0.0019,"lastBolusTime":1703273264000,"time":"2023-12-22T22:01:12.838Z"}},{"iob":0.185,"basaliob":-0.086,"bolussnooze":0.0136,"activity":0.0029,"lastBolusTime":1703273264000,"time":"2023-12-22T22:06:12.838Z","iobWithZeroTemp":{"iob":-0.428,"basaliob":-0.699,"bolussnooze":0.0136,"activity":-0.0022,"lastBolusTime":1703273264000,"time":"2023-12-22T22:06:12.838Z"}},{"iob":0.171,"basaliob":-0.079,"bolussnooze":0.0112,"activity":0.0027,"lastBolusTime":1703273264000,"time":"2023-12-22T22:11:12.838Z","iobWithZeroTemp":{"iob":-0.454,"basaliob":-0.704,"bolussnooze":0.0112,"activity":-0.0026,"lastBolusTime":1703273264000,"time":"2023-12-22T22:11:12.838Z"}},{"iob":0.158,"basaliob":-0.073,"bolussnooze":0.0091,"activity":0.0025,"lastBolusTime":1703273264000,"time":"2023-12-22T22:16:12.838Z","iobWithZeroTemp":{"iob":-0.478,"basaliob":-0.709,"bolussnooze":0.0091,"activity":-0.0029,"lastBolusTime":1703273264000,"time":"2023-12-22T22:16:12.838Z"}},{"iob":0.146,"basaliob":-0.067,"bolussnooze":0.0074,"activity":0.0023,"lastBolusTime":1703273264000,"time":"2023-12-22T22:21:12.838Z","iobWithZeroTemp":{"iob":-0.5,"basaliob":-0.713,"bolussnooze":0.0074,"activity":-0.0032,"lastBolusTime":1703273264000,"time":"2023-12-22T22:21:12.838Z"}},{"iob":0.134,"basaliob":-0.062,"bolussnooze":0.006,"activity":0.0022,"lastBolusTime":1703273264000,"time":"2023-12-22T22:26:12.838Z","iobWithZeroTemp":{"iob":-0.522,"basaliob":-0.718,"bolussnooze":0.006,"activity":-0.0034,"lastBolusTime":1703273264000,"time":"2023-12-22T22:26:12.838Z"}},{"iob":0.124,"basaliob":-0.057,"bolussnooze":0.0048,"activity":0.002,"lastBolusTime":1703273264000,"time":"2023-12-22T22:31:12.838Z","iobWithZeroTemp":{"iob":-0.541,"basaliob":-0.722,"bolussnooze":0.0048,"activity":-0.0037,"lastBolusTime":1703273264000,"time":"2023-12-22T22:31:12.838Z"}},{"iob":0.115,"basaliob":-0.052,"bolussnooze":0.0039,"activity":0.0019,"lastBolusTime":1703273264000,"time":"2023-12-22T22:36:12.838Z","iobWithZeroTemp":{"iob":-0.559,"basaliob":-0.726,"bolussnooze":0.0039,"activity":-0.0039,"lastBolusTime":1703273264000,"time":"2023-12-22T22:36:12.838Z"}},{"iob":0.105,"basaliob":-0.048,"bolussnooze":0.0031,"activity":0.0018,"lastBolusTime":1703273264000,"time":"2023-12-22T22:41:12.838Z","iobWithZeroTemp":{"iob":-0.577,"basaliob":-0.73,"bolussnooze":0.0031,"activity":-0.0041,"lastBolusTime":1703273264000,"time":"2023-12-22T22:41:12.838Z"}},{"iob":0.097,"basaliob":-0.044,"bolussnooze":0.0024,"activity":0.0016,"lastBolusTime":1703273264000,"time":"2023-12-22T22:46:12.838Z","iobWithZeroTemp":{"iob":-0.593,"basaliob":-0.734,"bolussnooze":0.0024,"activity":-0.0044,"lastBolusTime":1703273264000,"time":"2023-12-22T22:46:12.838Z"}},{"iob":0.089,"basaliob":-0.04,"bolussnooze":0.0019,"activity":0.0015,"lastBolusTime":1703273264000,"time":"2023-12-22T22:51:12.838Z","iobWithZeroTemp":{"iob":-0.609,"basaliob":-0.738,"bolussnooze":0.0019,"activity":-0.0046,"lastBolusTime":1703273264000,"time":"2023-12-22T22:51:12.838Z"}},{"iob":0.082,"basaliob":-0.037,"bolussnooze":0.0014,"activity":0.0013,"lastBolusTime":1703273264000,"time":"2023-12-22T22:56:12.838Z","iobWithZeroTemp":{"iob":-0.622,"basaliob":-0.741,"bolussnooze":0.0014,"activity":-0.0049,"lastBolusTime":1703273264000,"time":"2023-12-22T22:56:12.838Z"}},{"iob":0.075,"basaliob":-0.034,"bolussnooze":0.0011,"activity":0.0013,"lastBolusTime":1703273264000,"time":"2023-12-22T23:01:12.838Z","iobWithZeroTemp":{"iob":-0.636,"basaliob":-0.745,"bolussnooze":0.0011,"activity":-0.005,"lastBolusTime":1703273264000,"time":"2023-12-22T23:01:12.838Z"}},{"iob":0.069,"basaliob":-0.031,"bolussnooze":8.0E-4,"activity":0.0011,"lastBolusTime":1703273264000,"time":"2023-12-22T23:06:12.838Z","iobWithZeroTemp":{"iob":-0.648,"basaliob":-0.748,"bolussnooze":8.0E-4,"activity":-0.0052,"lastBolusTime":1703273264000,"time":"2023-12-22T23:06:12.838Z"}},{"iob":0.064,"basaliob":-0.028,"bolussnooze":6.0E-4,"activity":0.0011,"lastBolusTime":1703273264000,"time":"2023-12-22T23:11:12.838Z","iobWithZeroTemp":{"iob":-0.659,"basaliob":-0.751,"bolussnooze":6.0E-4,"activity":-0.0053,"lastBolusTime":1703273264000,"time":"2023-12-22T23:11:12.838Z"}},{"iob":0.058,"basaliob":-0.026,"bolussnooze":4.0E-4,"activity":0.001,"lastBolusTime":1703273264000,"time":"2023-12-22T23:16:12.838Z","iobWithZeroTemp":{"iob":-0.67,"basaliob":-0.754,"bolussnooze":4.0E-4,"activity":-0.0055,"lastBolusTime":1703273264000,"time":"2023-12-22T23:16:12.838Z"}},{"iob":0.054,"basaliob":-0.023,"bolussnooze":3.0E-4,"activity":0.001,"lastBolusTime":1703273264000,"time":"2023-12-22T23:21:12.838Z","iobWithZeroTemp":{"iob":-0.679,"basaliob":-0.756,"bolussnooze":3.0E-4,"activity":-0.0056,"lastBolusTime":1703273264000,"time":"2023-12-22T23:21:12.838Z"}},{"iob":0.049,"basaliob":-0.021,"bolussnooze":2.0E-4,"activity":9.0E-4,"lastBolusTime":1703273264000,"time":"2023-12-22T23:26:12.838Z","iobWithZeroTemp":{"iob":-0.688,"basaliob":-0.758,"bolussnooze":2.0E-4,"activity":-0.0057,"lastBolusTime":1703273264000,"time":"2023-12-22T23:26:12.838Z"}},{"iob":0.045,"basaliob":-0.019,"bolussnooze":1.0E-4,"activity":8.0E-4,"lastBolusTime":1703273264000,"time":"2023-12-22T23:31:12.838Z","iobWithZeroTemp":{"iob":-0.697,"basaliob":-0.761,"bolussnooze":1.0E-4,"activity":-0.0059,"lastBolusTime":1703273264000,"time":"2023-12-22T23:31:12.838Z"}}],"profile":{"max_iob":7,"type":"current","max_daily_basal":0.45,"max_basal":1.35,"min_bg":81.0000000000001,"max_bg":81.0000000000001,"target_bg":81.0000000000001,"carb_ratio":11,"sens":352.8,"max_daily_safety_multiplier":3,"current_basal_safety_multiplier":4,"lgsThreshold":65,"high_temptarget_raises_sensitivity":false,"low_temptarget_lowers_sensitivity":false,"sensitivity_raises_target":true,"resistance_lowers_target":true,"adv_target_adjustments":false,"exercise_mode":false,"half_basal_exercise_target":160,"maxCOB":120,"skip_neutral_temps":false,"remainingCarbsCap":90,"enableUAM":true,"A52_risk_enable":false,"SMBInterval":4,"enableSMB_with_COB":true,"enableSMB_with_temptarget":false,"allowSMB_with_high_temptarget":true,"enableSMB_always":true,"enableSMB_after_carbs":false,"maxSMBBasalMinutes":60,"maxUAMSMBBasalMinutes":60,"bolus_increment":0.05,"carbsReqThreshold":10,"current_basal":0.4,"temptargetSet":true,"autosens_max":1.2,"autosens_min":0.8,"out_units":"mmol\/L","variable_sens":121.3,"insulinDivisor":65,"TDD":11.867302833333333},"autosens_data":{"ratio":1.0811253947696902},"meal_data":{"carbs":45,"mealCOB":18.116933106575953,"slopeFromMaxDeviation":-0.33645454545454545,"slopeFromMinDeviation":5.7940000000000005,"lastBolusTime":1703273264000,"lastCarbTime":1703273265706},"microBolusAllowed":true,"currentTime":1703273774777,"flatBGsDetected":false,"tdd1D":36.428166666666655,"tdd7D":29.994130952380967,"tddLast24H":32.42741666666666,"tddLast4H":4.746666666666666,"tddLast8to4H":8.600000000000001},"output":{"temp":"absolute","bg":162,"tick":"+23","eventualBG":211,"targetBG":81.0000000000001,"insulinReq":0.65,"deliverAt":"2023-12-22T19:36:14.777Z","sensitivityRatio":1.0811253947696902,"variable_sens":121.3,"predBGs":{"IOB":[162,176,187,198,206,213,218,222,224,225,224,221,217,213,209,205,201,198,194,191,188,185,182,179,177,174,172,170,168,166,164,162,161,159,158,156,155,154,153,152,151,150,149,148,148,147,146],"ZT":[162,157,151,146,140,134,128,122,116,110,104,99,94,89,84,79,75,72,68,66,63,61,60,59,59,59,59,60,62,64,66,68,71,74,77,80],"COB":[162,176,189,201,211,221,229,237,243,249,254,258,260,263,264,264,264,262,260,257,254,250,247,244,242,239,237,234,232,230,228,227,225,223,222,221,220,218,217,216,215,215,214,213,213,212,211],"UAM":[162,175,187,196,204,210,213,216,216,214,211,206,202,198,194,189,186,182,178,175,172,168,165,163,160,157,155,152,150,148,146,144,143,141,139,138,137,135,134,133,132,131,130,129,129,128,127]},"reason":"COB: 18.1, Dev: 6.8, BGI: -0.3, ISF: 6.7, CR: 11, Target: 4.5, minPredBG 8.9, minGuardBG 8.1, IOBpredBG 8.1, COBpredBG 11.7, UAMpredBG 7.1; Eventual BG 11.7 >= 4.5,  insulinReq 0.65. Microbolusing 0.3U. adj. req. rate: 1.73 to maxSafeBasal: 1.35, temp 0.00 < 1.35U\/hr. ","COB":18.116933106575953,"IOB":1.186,"units":0.3,"duration":30,"rate":1.35,"timestamp":"2023-12-22T19:36:14.804Z"}}