{"algorithm":"OpenAPSSMBDynamicISFPlugin","input":{"glucoseStatus":{"glucose":97,"noise":0,"delta":-5,"short_avgdelta":-5.56,"long_avgdelta":-6.14,"date":1703690814032},"currenttemp":{"temp":"absolute","duration":15,"rate":0,"minutesrunning":45},"iob_data":[{"iob":0.97,"basaliob":-0.528,"bolussnooze":0.5444,"activity":0.0121,"lastBolusTime":1703687906000,"time":"2023-12-27T15:27:13.769Z","iobWithZeroTemp":{"iob":0.97,"basaliob":-0.528,"bolussnooze":0.5444,"activity":0.0121,"lastBolusTime":1703687906000,"time":"2023-12-27T15:27:13.769Z"}},{"iob":0.911,"basaliob":-0.503,"bolussnooze":0.4765,"activity":0.0115,"lastBolusTime":1703687906000,"time":"2023-12-27T15:32:13.769Z","iobWithZeroTemp":{"iob":0.884,"basaliob":-0.53,"bolussnooze":0.4765,"activity":0.0115,"lastBolusTime":1703687906000,"time":"2023-12-27T15:32:13.769Z"}},{"iob":0.855,"basaliob":-0.478,"bolussnooze":0.4155,"activity":0.0111,"lastBolusTime":1703687906000,"time":"2023-12-27T15:37:13.769Z","iobWithZeroTemp":{"iob":0.795,"basaliob":-0.538,"bolussnooze":0.4155,"activity":0.011,"lastBolusTime":1703687906000,"time":"2023-12-27T15:37:13.769Z"}},{"iob":0.8,"basaliob":-0.454,"bolussnooze":0.3609,"activity":0.0105,"lastBolusTime":1703687906000,"time":"2023-12-27T15:42:13.769Z","iobWithZeroTemp":{"iob":0.708,"basaliob":-0.546,"bolussnooze":0.3609,"activity":0.0103,"lastBolusTime":1703687906000,"time":"2023-12-27T15:42:13.769Z"}},{"iob":0.749,"basaliob":-0.43,"bolussnooze":0.3125,"activity":0.01,"lastBolusTime":1703687906000,"time":"2023-12-27T15:47:13.769Z","iobWithZeroTemp":{"iob":0.624,"basaliob":-0.555,"bolussnooze":0.3125,"activity":0.0097,"lastBolusTime":1703687906000,"time":"2023-12-27T15:47:13.769Z"}},{"iob":0.7,"basaliob":-0.407,"bolussnooze":0.2696,"activity":0.0095,"lastBolusTime":1703687906000,"time":"2023-12-27T15:52:13.769Z","iobWithZeroTemp":{"iob":0.544,"basaliob":-0.563,"bolussnooze":0.2696,"activity":0.009,"lastBolusTime":1703687906000,"time":"2023-12-27T15:52:13.769Z"}},{"iob":0.654,"basaliob":-0.384,"bolussnooze":0.232,"activity":0.0089,"lastBolusTime":1703687906000,"time":"2023-12-27T15:57:13.769Z","iobWithZeroTemp":{"iob":0.468,"basaliob":-0.57,"bolussnooze":0.232,"activity":0.0082,"lastBolusTime":1703687906000,"time":"2023-12-27T15:57:13.769Z"}},{"iob":0.611,"basaliob":-0.362,"bolussnooze":0.199,"activity":0.0085,"lastBolusTime":1703687906000,"time":"2023-12-27T16:02:13.769Z","iobWithZeroTemp":{"iob":0.395,"basaliob":-0.578,"bolussnooze":0.199,"activity":0.0076,"lastBolusTime":1703687906000,"time":"2023-12-27T16:02:13.769Z"}},{"iob":0.569,"basaliob":-0.341,"bolussnooze":0.1701,"activity":0.0081,"lastBolusTime":1703687906000,"time":"2023-12-27T16:07:13.769Z","iobWithZeroTemp":{"iob":0.325,"basaliob":-0.585,"bolussnooze":0.1701,"activity":0.007,"lastBolusTime":1703687906000,"time":"2023-12-27T16:07:13.769Z"}},{"iob":0.53,"basaliob":-0.321,"bolussnooze":0.1451,"activity":0.0075,"lastBolusTime":1703687906000,"time":"2023-12-27T16:12:13.769Z","iobWithZeroTemp":{"iob":0.258,"basaliob":-0.593,"bolussnooze":0.1451,"activity":0.0062,"lastBolusTime":1703687906000,"time":"2023-12-27T16:12:13.769Z"}},{"iob":0.494,"basaliob":-0.301,"bolussnooze":0.1234,"activity":0.0071,"lastBolusTime":1703687906000,"time":"2023-12-27T16:17:13.769Z","iobWithZeroTemp":{"iob":0.196,"basaliob":-0.599,"bolussnooze":0.1234,"activity":0.0056,"lastBolusTime":1703687906000,"time":"2023-12-27T16:17:13.769Z"}},{"iob":0.459,"basaliob":-0.283,"bolussnooze":0.1046,"activity":0.0067,"lastBolusTime":1703687906000,"time":"2023-12-27T16:22:13.769Z","iobWithZeroTemp":{"iob":0.136,"basaliob":-0.606,"bolussnooze":0.1046,"activity":0.0049,"lastBolusTime":1703687906000,"time":"2023-12-27T16:22:13.769Z"}},{"iob":0.426,"basaliob":-0.265,"bolussnooze":0.0885,"activity":0.0063,"lastBolusTime":1703687906000,"time":"2023-12-27T16:27:13.769Z","iobWithZeroTemp":{"iob":0.079,"basaliob":-0.612,"bolussnooze":0.0885,"activity":0.0043,"lastBolusTime":1703687906000,"time":"2023-12-27T16:27:13.769Z"}},{"iob":0.396,"basaliob":-0.248,"bolussnooze":0.0746,"activity":0.0059,"lastBolusTime":1703687906000,"time":"2023-12-27T16:32:13.769Z","iobWithZeroTemp":{"iob":0.026,"basaliob":-0.618,"bolussnooze":0.0746,"activity":0.0037,"lastBolusTime":1703687906000,"time":"2023-12-27T16:32:13.769Z"}},{"iob":0.367,"basaliob":-0.232,"bolussnooze":0.0627,"activity":0.0056,"lastBolusTime":1703687906000,"time":"2023-12-27T16:37:13.769Z","iobWithZeroTemp":{"iob":-0.024,"basaliob":-0.623,"bolussnooze":0.0627,"activity":0.0032,"lastBolusTime":1703687906000,"time":"2023-12-27T16:37:13.769Z"}},{"iob":0.34,"basaliob":-0.217,"bolussnooze":0.0525,"activity":0.0052,"lastBolusTime":1703687906000,"time":"2023-12-27T16:42:13.769Z","iobWithZeroTemp":{"iob":-0.072,"basaliob":-0.629,"bolussnooze":0.0525,"activity":0.0025,"lastBolusTime":1703687906000,"time":"2023-12-27T16:42:13.769Z"}},{"iob":0.316,"basaliob":-0.202,"bolussnooze":0.0439,"activity":0.0049,"lastBolusTime":1703687906000,"time":"2023-12-27T16:47:13.769Z","iobWithZeroTemp":{"iob":-0.115,"basaliob":-0.633,"bolussnooze":0.0439,"activity":0.002,"lastBolusTime":1703687906000,"time":"2023-12-27T16:47:13.769Z"}},{"iob":0.293,"basaliob":-0.188,"bolussnooze":0.0366,"activity":0.0045,"lastBolusTime":1703687906000,"time":"2023-12-27T16:52:13.769Z","iobWithZeroTemp":{"iob":-0.157,"basaliob":-0.638,"bolussnooze":0.0366,"activity":0.0014,"lastBolusTime":1703687906000,"time":"2023-12-27T16:52:13.769Z"}},{"iob":0.27,"basaliob":-0.176,"bolussnooze":0.0303,"activity":0.0042,"lastBolusTime":1703687906000,"time":"2023-12-27T16:57:13.769Z","iobWithZeroTemp":{"iob":-0.197,"basaliob":-0.643,"bolussnooze":0.0303,"activity":9.0E-4,"lastBolusTime":1703687906000,"time":"2023-12-27T16:57:13.769Z"}},{"iob":0.25,"basaliob":-0.163,"bolussnooze":0.0251,"activity":0.0039,"lastBolusTime":1703687906000,"time":"2023-12-27T17:02:13.769Z","iobWithZeroTemp":{"iob":-0.234,"basaliob":-0.647,"bolussnooze":0.0251,"activity":4.0E-4,"lastBolusTime":1703687906000,"time":"2023-12-27T17:02:13.769Z"}},{"iob":0.231,"basaliob":-0.152,"bolussnooze":0.0207,"activity":0.0037,"lastBolusTime":1703687906000,"time":"2023-12-27T17:07:13.769Z","iobWithZeroTemp":{"iob":-0.268,"basaliob":-0.651,"bolussnooze":0.0207,"activity":0,"lastBolusTime":1703687906000,"time":"2023-12-27T17:07:13.769Z"}},{"iob":0.213,"basaliob":-0.141,"bolussnooze":0.017,"activity":0.0034,"lastBolusTime":1703687906000,"time":"2023-12-27T17:12:13.769Z","iobWithZeroTemp":{"iob":-0.301,"basaliob":-0.655,"bolussnooze":0.017,"activity":-5.0E-4,"lastBolusTime":1703687906000,"time":"2023-12-27T17:12:13.769Z"}},{"iob":0.197,"basaliob":-0.131,"bolussnooze":0.0139,"activity":0.0031,"lastBolusTime":1703687906000,"time":"2023-12-27T17:17:13.769Z","iobWithZeroTemp":{"iob":-0.33,"basaliob":-0.658,"bolussnooze":0.0139,"activity":-9.0E-4,"lastBolusTime":1703687906000,"time":"2023-12-27T17:17:13.769Z"}},{"iob":0.181,"basaliob":-0.122,"bolussnooze":0.0113,"activity":0.003,"lastBolusTime":1703687906000,"time":"2023-12-27T17:22:13.769Z","iobWithZeroTemp":{"iob":-0.359,"basaliob":-0.662,"bolussnooze":0.0113,"activity":-0.0012,"lastBolusTime":1703687906000,"time":"2023-12-27T17:22:13.769Z"}},{"iob":0.167,"basaliob":-0.113,"bolussnooze":0.0091,"activity":0.0028,"lastBolusTime":1703687906000,"time":"2023-12-27T17:27:13.769Z","iobWithZeroTemp":{"iob":-0.385,"basaliob":-0.665,"bolussnooze":0.0091,"activity":-0.0015,"lastBolusTime":1703687906000,"time":"2023-12-27T17:27:13.769Z"}},{"iob":0.154,"basaliob":-0.104,"bolussnooze":0.0073,"activity":0.0026,"lastBolusTime":1703687906000,"time":"2023-12-27T17:32:13.769Z","iobWithZeroTemp":{"iob":-0.409,"basaliob":-0.667,"bolussnooze":0.0073,"activity":-0.0019,"lastBolusTime":1703687906000,"time":"2023-12-27T17:32:13.769Z"}},{"iob":0.141,"basaliob":-0.097,"bolussnooze":0.0059,"activity":0.0024,"lastBolusTime":1703687906000,"time":"2023-12-27T17:37:13.769Z","iobWithZeroTemp":{"iob":-0.433,"basaliob":-0.671,"bolussnooze":0.0059,"activity":-0.0022,"lastBolusTime":1703687906000,"time":"2023-12-27T17:37:13.769Z"}},{"iob":0.13,"basaliob":-0.089,"bolussnooze":0.0047,"activity":0.0022,"lastBolusTime":1703687906000,"time":"2023-12-27T17:42:13.769Z","iobWithZeroTemp":{"iob":-0.454,"basaliob":-0.673,"bolussnooze":0.0047,"activity":-0.0026,"lastBolusTime":1703687906000,"time":"2023-12-27T17:42:13.769Z"}},{"iob":0.119,"basaliob":-0.083,"bolussnooze":0.0037,"activity":0.002,"lastBolusTime":1703687906000,"time":"2023-12-27T17:47:13.769Z","iobWithZeroTemp":{"iob":-0.474,"basaliob":-0.676,"bolussnooze":0.0037,"activity":-0.0029,"lastBolusTime":1703687906000,"time":"2023-12-27T17:47:13.769Z"}},{"iob":0.11,"basaliob":-0.076,"bolussnooze":0.0029,"activity":0.0019,"lastBolusTime":1703687906000,"time":"2023-12-27T17:52:13.769Z","iobWithZeroTemp":{"iob":-0.491,"basaliob":-0.677,"bolussnooze":0.0029,"activity":-0.0031,"lastBolusTime":1703687906000,"time":"2023-12-27T17:52:13.769Z"}},{"iob":0.101,"basaliob":-0.07,"bolussnooze":0.0022,"activity":0.0018,"lastBolusTime":1703687906000,"time":"2023-12-27T17:57:13.769Z","iobWithZeroTemp":{"iob":-0.508,"basaliob":-0.679,"bolussnooze":0.0022,"activity":-0.0033,"lastBolusTime":1703687906000,"time":"2023-12-27T17:57:13.769Z"}},{"iob":0.092,"basaliob":-0.065,"bolussnooze":0.0017,"activity":0.0016,"lastBolusTime":1703687906000,"time":"2023-12-27T18:02:13.769Z","iobWithZeroTemp":{"iob":-0.525,"basaliob":-0.682,"bolussnooze":0.0017,"activity":-0.0036,"lastBolusTime":1703687906000,"time":"2023-12-27T18:02:13.769Z"}},{"iob":0.084,"basaliob":-0.06,"bolussnooze":0.0013,"activity":0.0015,"lastBolusTime":1703687906000,"time":"2023-12-27T18:07:13.769Z","iobWithZeroTemp":{"iob":-0.54,"basaliob":-0.684,"bolussnooze":0.0013,"activity":-0.0038,"lastBolusTime":1703687906000,"time":"2023-12-27T18:07:13.769Z"}},{"iob":0.077,"basaliob":-0.055,"bolussnooze":0.001,"activity":0.0014,"lastBolusTime":1703687906000,"time":"2023-12-27T18:12:13.769Z","iobWithZeroTemp":{"iob":-0.553,"basaliob":-0.685,"bolussnooze":0.001,"activity":-0.004,"lastBolusTime":1703687906000,"time":"2023-12-27T18:12:13.769Z"}},{"iob":0.07,"basaliob":-0.051,"bolussnooze":7.0E-4,"activity":0.0013,"lastBolusTime":1703687906000,"time":"2023-12-27T18:17:13.769Z","iobWithZeroTemp":{"iob":-0.566,"basaliob":-0.687,"bolussnooze":7.0E-4,"activity":-0.0042,"lastBolusTime":1703687906000,"time":"2023-12-27T18:17:13.769Z"}},{"iob":0.064,"basaliob":-0.047,"bolussnooze":5.0E-4,"activity":0.0012,"lastBolusTime":1703687906000,"time":"2023-12-27T18:22:13.769Z","iobWithZeroTemp":{"iob":-0.578,"basaliob":-0.689,"bolussnooze":5.0E-4,"activity":-0.0044,"lastBolusTime":1703687906000,"time":"2023-12-27T18:22:13.769Z"}},{"iob":0.059,"basaliob":-0.043,"bolussnooze":4.0E-4,"activity":0.0011,"lastBolusTime":1703687906000,"time":"2023-12-27T18:27:13.769Z","iobWithZeroTemp":{"iob":-0.588,"basaliob":-0.69,"bolussnooze":4.0E-4,"activity":-0.0046,"lastBolusTime":1703687906000,"time":"2023-12-27T18:27:13.769Z"}},{"iob":0.054,"basaliob":-0.039,"bolussnooze":3.0E-4,"activity":0.001,"lastBolusTime":1703687906000,"time":"2023-12-27T18:32:13.769Z","iobWithZeroTemp":{"iob":-0.597,"basaliob":-0.69,"bolussnooze":3.0E-4,"activity":-0.0048,"lastBolusTime":1703687906000,"time":"2023-12-27T18:32:13.769Z"}},{"iob":0.049,"basaliob":-0.036,"bolussnooze":2.0E-4,"activity":9.0E-4,"lastBolusTime":1703687906000,"time":"2023-12-27T18:37:13.769Z","iobWithZeroTemp":{"iob":-0.607,"basaliob":-0.692,"bolussnooze":2.0E-4,"activity":-0.0049,"lastBolusTime":1703687906000,"time":"2023-12-27T18:37:13.769Z"}},{"iob":0.045,"basaliob":-0.033,"bolussnooze":1.0E-4,"activity":8.0E-4,"lastBolusTime":1703687906000,"time":"2023-12-27T18:42:13.769Z","iobWithZeroTemp":{"iob":-0.615,"basaliob":-0.693,"bolussnooze":1.0E-4,"activity":-0.0051,"lastBolusTime":1703687906000,"time":"2023-12-27T18:42:13.769Z"}},{"iob":0.041,"basaliob":-0.03,"bolussnooze":1.0E-4,"activity":8.0E-4,"lastBolusTime":1703687906000,"time":"2023-12-27T18:47:13.769Z","iobWithZeroTemp":{"iob":-0.623,"basaliob":-0.694,"bolussnooze":1.0E-4,"activity":-0.0051,"lastBolusTime":1703687906000,"time":"2023-12-27T18:47:13.769Z"}},{"iob":0.037,"basaliob":-0.028,"bolussnooze":0,"activity":7.0E-4,"lastBolusTime":1703687906000,"time":"2023-12-27T18:52:13.769Z","iobWithZeroTemp":{"iob":-0.63,"basaliob":-0.695,"bolussnooze":0,"activity":-0.0053,"lastBolusTime":1703687906000,"time":"2023-12-27T18:52:13.769Z"}},{"iob":0.034,"basaliob":-0.025,"bolussnooze":0,"activity":7.0E-4,"lastBolusTime":1703687906000,"time":"2023-12-27T18:57:13.769Z","iobWithZeroTemp":{"iob":-0.636,"basaliob":-0.695,"bolussnooze":0,"activity":-0.0054,"lastBolusTime":1703687906000,"time":"2023-12-27T18:57:13.769Z"}},{"iob":0.031,"basaliob":-0.023,"bolussnooze":0,"activity":6.0E-4,"lastBolusTime":1703687906000,"time":"2023-12-27T19:02:13.769Z","iobWithZeroTemp":{"iob":-0.642,"basaliob":-0.696,"bolussnooze":0,"activity":-0.0055,"lastBolusTime":1703687906000,"time":"2023-12-27T19:02:13.769Z"}},{"iob":0.028,"basaliob":-0.021,"bolussnooze":0,"activity":5.0E-4,"lastBolusTime":1703687906000,"time":"2023-12-27T19:07:13.769Z","iobWithZeroTemp":{"iob":-0.648,"basaliob":-0.697,"bolussnooze":0,"activity":-0.0056,"lastBolusTime":1703687906000,"time":"2023-12-27T19:07:13.769Z"}},{"iob":0.025,"basaliob":-0.019,"bolussnooze":0,"activity":5.0E-4,"lastBolusTime":1703687906000,"time":"2023-12-27T19:12:13.769Z","iobWithZeroTemp":{"iob":-0.653,"basaliob":-0.697,"bolussnooze":0,"activity":-0.0057,"lastBolusTime":1703687906000,"time":"2023-12-27T19:12:13.769Z"}},{"iob":0.022,"basaliob":-0.018,"bolussnooze":0,"activity":5.0E-4,"lastBolusTime":1703687906000,"time":"2023-12-27T19:17:13.769Z","iobWithZeroTemp":{"iob":-0.659,"basaliob":-0.699,"bolussnooze":0,"activity":-0.0057,"lastBolusTime":1703687906000,"time":"2023-12-27T19:17:13.769Z"}},{"iob":0.021,"basaliob":-0.016,"bolussnooze":0,"activity":4.0E-4,"lastBolusTime":1703687906000,"time":"2023-12-27T19:22:13.769Z","iobWithZeroTemp":{"iob":-0.662,"basaliob":-0.699,"bolussnooze":0,"activity":-0.0059,"lastBolusTime":1703687906000,"time":"2023-12-27T19:22:13.769Z"}}],"profile":{"max_iob":7,"type":"current","max_daily_basal":0.45,"max_basal":1.35,"min_bg":81.0000000000001,"max_bg":81.0000000000001,"target_bg":81.0000000000001,"carb_ratio":11,"sens":352.8,"max_daily_safety_multiplier":3,"current_basal_safety_multiplier":4,"lgsThreshold":65,"high_temptarget_raises_sensitivity":false,"low_temptarget_lowers_sensitivity":false,"sensitivity_raises_target":true,"resistance_lowers_target":true,"adv_target_adjustments":false,"exercise_mode":false,"half_basal_exercise_target":160,"maxCOB":120,"skip_neutral_temps":false,"remainingCarbsCap":90,"enableUAM":true,"A52_risk_enable":false,"SMBInterval":4,"enableSMB_with_COB":true,"enableSMB_with_temptarget":false,"allowSMB_with_high_temptarget":true,"enableSMB_always":true,"enableSMB_after_carbs":false,"maxSMBBasalMinutes":60,"maxUAMSMBBasalMinutes":60,"bolus_increment":0.05,"carbsReqThreshold":10,"current_basal":0.4,"temptargetSet":true,"autosens_max":1.2,"autosens_min":0.8,"out_units":"mmol\/L","variable_sens":179.5,"insulinDivisor":65,"TDD":10.981917458333333},"autosens_data":{"ratio":0.6693316787152728},"meal_data":{"carbs":55,"mealCOB":29.45447052154194,"slopeFromMaxDeviation":-2.5001000000000007,"slopeFromMinDeviation":0.45199999999999996,"lastBolusTime":1703687906000,"lastCarbTime":1703687928000},"microBolusAllowed":true,"currentTime":1703690836050,"flatBGsDetected":false,"tdd1D":31.16008333333334,"tdd7D":32.424880952380946,"tddLast24H":21.70300000000001,"tddLast4H":5.186666666666667,"tddLast8to4H":4.85},"output":{"temp":"absolute","bg":97,"tick":-5,"eventualBG":326,"targetBG":81.0000000000001,"insulinReq":0,"deliverAt":"2023-12-27T15:27:16.050Z","sensitivityRatio":0.6693316787152728,"variable_sens":179.5,"predBGs":{"IOB":[97,91,85,78,70,62,53,43,39,39,39,39,39],"ZT":[97,86,75,63,51,39,39,39,39,39,39,39,39,39,39,39,39,39,39,39,39,39,39,39,39,39,39,39,39,39,39,39,39,39,39,39,39,39,39,39,39,39,42,51,59,66,73,79],"COB":[97,92,87,83,79,77,74,73,72,72,72,73,74,76,79,82,85,89,94,99,104,110,116,123,129,137,144,152,161,169,178,187,197,207,217,227,237,246,255,264,273,282,290,298,305,313,320,326],"UAM":[97,89,78,67,55,41,39,39,39,39,39,39,39]},"reason":"COB: 29.5, Dev: 1.8, BGI: -0.6, ISF: 10.0, CR: 11, Target: 4.5, minPredBG 4.6, minGuardBG -3.1, IOBpredBG 2.2, COBpredBG 18.1, UAMpredBG 2.2; minGuardBG -3.1<3.6","COB":29.45447052154194,"IOB":0.97,"duration":120,"rate":0,"timestamp":"2023-12-27T15:27:16.076Z"}}