{"algorithm":"OpenAPSSMBDynamicISFPlugin","input":{"glucoseStatus":{"glucose":170,"noise":0,"delta":2,"short_avgdelta":3.11,"long_avgdelta":4.75,"date":1703576511338},"currenttemp":{"temp":"absolute","duration":45,"rate":0,"minutesrunning":15},"iob_data":[{"iob":1.675,"basaliob":-0.337,"bolussnooze":0,"activity":0.009,"lastBolusTime":1703576264000,"time":"2023-12-26T07:42:10.303Z","iobWithZeroTemp":{"iob":1.675,"basaliob":-0.337,"bolussnooze":0,"activity":0.009,"lastBolusTime":1703576264000,"time":"2023-12-26T07:42:10.303Z"}},{"iob":1.627,"basaliob":-0.321,"bolussnooze":0,"activity":0.01,"lastBolusTime":1703576264000,"time":"2023-12-26T07:47:10.303Z","iobWithZeroTemp":{"iob":1.6,"basaliob":-0.348,"bolussnooze":0,"activity":0.01,"lastBolusTime":1703576264000,"time":"2023-12-26T07:47:10.303Z"}},{"iob":1.575,"basaliob":-0.305,"bolussnooze":0,"activity":0.0108,"lastBolusTime":1703576264000,"time":"2023-12-26T07:52:10.303Z","iobWithZeroTemp":{"iob":1.515,"basaliob":-0.365,"bolussnooze":0,"activity":0.0107,"lastBolusTime":1703576264000,"time":"2023-12-26T07:52:10.303Z"}},{"iob":1.519,"basaliob":-0.289,"bolussnooze":0,"activity":0.0115,"lastBolusTime":1703576264000,"time":"2023-12-26T07:57:10.303Z","iobWithZeroTemp":{"iob":1.427,"basaliob":-0.381,"bolussnooze":0,"activity":0.0113,"lastBolusTime":1703576264000,"time":"2023-12-26T07:57:10.303Z"}},{"iob":1.461,"basaliob":-0.274,"bolussnooze":0,"activity":0.0119,"lastBolusTime":1703576264000,"time":"2023-12-26T08:02:10.303Z","iobWithZeroTemp":{"iob":1.336,"basaliob":-0.399,"bolussnooze":0,"activity":0.0116,"lastBolusTime":1703576264000,"time":"2023-12-26T08:02:10.303Z"}},{"iob":1.4,"basaliob":-0.259,"bolussnooze":0,"activity":0.0121,"lastBolusTime":1703576264000,"time":"2023-12-26T08:07:10.303Z","iobWithZeroTemp":{"iob":1.244,"basaliob":-0.415,"bolussnooze":0,"activity":0.0116,"lastBolusTime":1703576264000,"time":"2023-12-26T08:07:10.303Z"}},{"iob":1.339,"basaliob":-0.245,"bolussnooze":0,"activity":0.0122,"lastBolusTime":1703576264000,"time":"2023-12-26T08:12:10.303Z","iobWithZeroTemp":{"iob":1.153,"basaliob":-0.431,"bolussnooze":0,"activity":0.0115,"lastBolusTime":1703576264000,"time":"2023-12-26T08:12:10.303Z"}},{"iob":1.278,"basaliob":-0.23,"bolussnooze":0,"activity":0.0123,"lastBolusTime":1703576264000,"time":"2023-12-26T08:17:10.303Z","iobWithZeroTemp":{"iob":1.062,"basaliob":-0.446,"bolussnooze":0,"activity":0.0114,"lastBolusTime":1703576264000,"time":"2023-12-26T08:17:10.303Z"}},{"iob":1.216,"basaliob":-0.217,"bolussnooze":0,"activity":0.0122,"lastBolusTime":1703576264000,"time":"2023-12-26T08:22:10.303Z","iobWithZeroTemp":{"iob":0.972,"basaliob":-0.461,"bolussnooze":0,"activity":0.0111,"lastBolusTime":1703576264000,"time":"2023-12-26T08:22:10.303Z"}},{"iob":1.156,"basaliob":-0.204,"bolussnooze":0,"activity":0.0121,"lastBolusTime":1703576264000,"time":"2023-12-26T08:27:10.303Z","iobWithZeroTemp":{"iob":0.884,"basaliob":-0.476,"bolussnooze":0,"activity":0.0108,"lastBolusTime":1703576264000,"time":"2023-12-26T08:27:10.303Z"}},{"iob":1.097,"basaliob":-0.191,"bolussnooze":0,"activity":0.0118,"lastBolusTime":1703576264000,"time":"2023-12-26T08:32:10.303Z","iobWithZeroTemp":{"iob":0.799,"basaliob":-0.489,"bolussnooze":0,"activity":0.0103,"lastBolusTime":1703576264000,"time":"2023-12-26T08:32:10.303Z"}},{"iob":1.037,"basaliob":-0.18,"bolussnooze":0,"activity":0.0116,"lastBolusTime":1703576264000,"time":"2023-12-26T08:37:10.303Z","iobWithZeroTemp":{"iob":0.714,"basaliob":-0.503,"bolussnooze":0,"activity":0.0098,"lastBolusTime":1703576264000,"time":"2023-12-26T08:37:10.303Z"}},{"iob":0.981,"basaliob":-0.168,"bolussnooze":0,"activity":0.0112,"lastBolusTime":1703576264000,"time":"2023-12-26T08:42:10.303Z","iobWithZeroTemp":{"iob":0.634,"basaliob":-0.515,"bolussnooze":0,"activity":0.0092,"lastBolusTime":1703576264000,"time":"2023-12-26T08:42:10.303Z"}},{"iob":0.926,"basaliob":-0.157,"bolussnooze":0,"activity":0.0108,"lastBolusTime":1703576264000,"time":"2023-12-26T08:47:10.303Z","iobWithZeroTemp":{"iob":0.556,"basaliob":-0.527,"bolussnooze":0,"activity":0.0086,"lastBolusTime":1703576264000,"time":"2023-12-26T08:47:10.303Z"}},{"iob":0.873,"basaliob":-0.147,"bolussnooze":0,"activity":0.0105,"lastBolusTime":1703576264000,"time":"2023-12-26T08:52:10.303Z","iobWithZeroTemp":{"iob":0.482,"basaliob":-0.538,"bolussnooze":0,"activity":0.0081,"lastBolusTime":1703576264000,"time":"2023-12-26T08:52:10.303Z"}},{"iob":0.822,"basaliob":-0.137,"bolussnooze":0,"activity":0.01,"lastBolusTime":1703576264000,"time":"2023-12-26T08:57:10.303Z","iobWithZeroTemp":{"iob":0.41,"basaliob":-0.549,"bolussnooze":0,"activity":0.0073,"lastBolusTime":1703576264000,"time":"2023-12-26T08:57:10.303Z"}},{"iob":0.772,"basaliob":-0.128,"bolussnooze":0,"activity":0.0096,"lastBolusTime":1703576264000,"time":"2023-12-26T09:02:10.303Z","iobWithZeroTemp":{"iob":0.341,"basaliob":-0.559,"bolussnooze":0,"activity":0.0067,"lastBolusTime":1703576264000,"time":"2023-12-26T09:02:10.303Z"}},{"iob":0.724,"basaliob":-0.12,"bolussnooze":0,"activity":0.0092,"lastBolusTime":1703576264000,"time":"2023-12-26T09:07:10.303Z","iobWithZeroTemp":{"iob":0.274,"basaliob":-0.57,"bolussnooze":0,"activity":0.0061,"lastBolusTime":1703576264000,"time":"2023-12-26T09:07:10.303Z"}},{"iob":0.68,"basaliob":-0.111,"bolussnooze":0,"activity":0.0088,"lastBolusTime":1703576264000,"time":"2023-12-26T09:12:10.303Z","iobWithZeroTemp":{"iob":0.213,"basaliob":-0.578,"bolussnooze":0,"activity":0.0055,"lastBolusTime":1703576264000,"time":"2023-12-26T09:12:10.303Z"}},{"iob":0.636,"basaliob":-0.104,"bolussnooze":0,"activity":0.0084,"lastBolusTime":1703576264000,"time":"2023-12-26T09:17:10.303Z","iobWithZeroTemp":{"iob":0.152,"basaliob":-0.588,"bolussnooze":0,"activity":0.0049,"lastBolusTime":1703576264000,"time":"2023-12-26T09:17:10.303Z"}},{"iob":0.596,"basaliob":-0.096,"bolussnooze":0,"activity":0.008,"lastBolusTime":1703576264000,"time":"2023-12-26T09:22:10.303Z","iobWithZeroTemp":{"iob":0.097,"basaliob":-0.595,"bolussnooze":0,"activity":0.0043,"lastBolusTime":1703576264000,"time":"2023-12-26T09:22:10.303Z"}},{"iob":0.558,"basaliob":-0.089,"bolussnooze":0,"activity":0.0076,"lastBolusTime":1703576264000,"time":"2023-12-26T09:27:10.303Z","iobWithZeroTemp":{"iob":0.044,"basaliob":-0.603,"bolussnooze":0,"activity":0.0037,"lastBolusTime":1703576264000,"time":"2023-12-26T09:27:10.303Z"}},{"iob":0.52,"basaliob":-0.083,"bolussnooze":0,"activity":0.0072,"lastBolusTime":1703576264000,"time":"2023-12-26T09:32:10.303Z","iobWithZeroTemp":{"iob":-0.007,"basaliob":-0.61,"bolussnooze":0,"activity":0.0032,"lastBolusTime":1703576264000,"time":"2023-12-26T09:32:10.303Z"}},{"iob":0.486,"basaliob":-0.077,"bolussnooze":0,"activity":0.0067,"lastBolusTime":1703576264000,"time":"2023-12-26T09:37:10.303Z","iobWithZeroTemp":{"iob":-0.054,"basaliob":-0.617,"bolussnooze":0,"activity":0.0025,"lastBolusTime":1703576264000,"time":"2023-12-26T09:37:10.303Z"}},{"iob":0.453,"basaliob":-0.071,"bolussnooze":0,"activity":0.0064,"lastBolusTime":1703576264000,"time":"2023-12-26T09:42:10.303Z","iobWithZeroTemp":{"iob":-0.099,"basaliob":-0.623,"bolussnooze":0,"activity":0.0021,"lastBolusTime":1703576264000,"time":"2023-12-26T09:42:10.303Z"}},{"iob":0.422,"basaliob":-0.066,"bolussnooze":0,"activity":0.006,"lastBolusTime":1703576264000,"time":"2023-12-26T09:47:10.303Z","iobWithZeroTemp":{"iob":-0.141,"basaliob":-0.629,"bolussnooze":0,"activity":0.0015,"lastBolusTime":1703576264000,"time":"2023-12-26T09:47:10.303Z"}},{"iob":0.393,"basaliob":-0.061,"bolussnooze":0,"activity":0.0056,"lastBolusTime":1703576264000,"time":"2023-12-26T09:52:10.303Z","iobWithZeroTemp":{"iob":-0.181,"basaliob":-0.635,"bolussnooze":0,"activity":0.001,"lastBolusTime":1703576264000,"time":"2023-12-26T09:52:10.303Z"}},{"iob":0.365,"basaliob":-0.057,"bolussnooze":0,"activity":0.0053,"lastBolusTime":1703576264000,"time":"2023-12-26T09:57:10.303Z","iobWithZeroTemp":{"iob":-0.219,"basaliob":-0.641,"bolussnooze":0,"activity":5.0E-4,"lastBolusTime":1703576264000,"time":"2023-12-26T09:57:10.303Z"}},{"iob":0.339,"basaliob":-0.052,"bolussnooze":0,"activity":0.005,"lastBolusTime":1703576264000,"time":"2023-12-26T10:02:10.303Z","iobWithZeroTemp":{"iob":-0.254,"basaliob":-0.645,"bolussnooze":0,"activity":1.0E-4,"lastBolusTime":1703576264000,"time":"2023-12-26T10:02:10.303Z"}},{"iob":0.315,"basaliob":-0.048,"bolussnooze":0,"activity":0.0047,"lastBolusTime":1703576264000,"time":"2023-12-26T10:07:10.303Z","iobWithZeroTemp":{"iob":-0.286,"basaliob":-0.649,"bolussnooze":0,"activity":-3.0E-4,"lastBolusTime":1703576264000,"time":"2023-12-26T10:07:10.303Z"}},{"iob":0.292,"basaliob":-0.045,"bolussnooze":0,"activity":0.0044,"lastBolusTime":1703576264000,"time":"2023-12-26T10:12:10.303Z","iobWithZeroTemp":{"iob":-0.317,"basaliob":-0.654,"bolussnooze":0,"activity":-7.0E-4,"lastBolusTime":1703576264000,"time":"2023-12-26T10:12:10.303Z"}},{"iob":0.271,"basaliob":-0.041,"bolussnooze":0,"activity":0.0041,"lastBolusTime":1703576264000,"time":"2023-12-26T10:17:10.303Z","iobWithZeroTemp":{"iob":-0.346,"basaliob":-0.658,"bolussnooze":0,"activity":-0.0011,"lastBolusTime":1703576264000,"time":"2023-12-26T10:17:10.303Z"}},{"iob":0.251,"basaliob":-0.038,"bolussnooze":0,"activity":0.0039,"lastBolusTime":1703576264000,"time":"2023-12-26T10:22:10.303Z","iobWithZeroTemp":{"iob":-0.373,"basaliob":-0.662,"bolussnooze":0,"activity":-0.0014,"lastBolusTime":1703576264000,"time":"2023-12-26T10:22:10.303Z"}},{"iob":0.232,"basaliob":-0.035,"bolussnooze":0,"activity":0.0036,"lastBolusTime":1703576264000,"time":"2023-12-26T10:27:10.303Z","iobWithZeroTemp":{"iob":-0.398,"basaliob":-0.665,"bolussnooze":0,"activity":-0.0018,"lastBolusTime":1703576264000,"time":"2023-12-26T10:27:10.303Z"}},{"iob":0.215,"basaliob":-0.032,"bolussnooze":0,"activity":0.0034,"lastBolusTime":1703576264000,"time":"2023-12-26T10:32:10.303Z","iobWithZeroTemp":{"iob":-0.421,"basaliob":-0.668,"bolussnooze":0,"activity":-0.0021,"lastBolusTime":1703576264000,"time":"2023-12-26T10:32:10.303Z"}},{"iob":0.199,"basaliob":-0.029,"bolussnooze":0,"activity":0.0031,"lastBolusTime":1703576264000,"time":"2023-12-26T10:37:10.303Z","iobWithZeroTemp":{"iob":-0.443,"basaliob":-0.671,"bolussnooze":0,"activity":-0.0025,"lastBolusTime":1703576264000,"time":"2023-12-26T10:37:10.303Z"}},{"iob":0.183,"basaliob":-0.027,"bolussnooze":0,"activity":0.0029,"lastBolusTime":1703576264000,"time":"2023-12-26T10:42:10.303Z","iobWithZeroTemp":{"iob":-0.464,"basaliob":-0.674,"bolussnooze":0,"activity":-0.0028,"lastBolusTime":1703576264000,"time":"2023-12-26T10:42:10.303Z"}},{"iob":0.169,"basaliob":-0.025,"bolussnooze":0,"activity":0.0027,"lastBolusTime":1703576264000,"time":"2023-12-26T10:47:10.303Z","iobWithZeroTemp":{"iob":-0.482,"basaliob":-0.676,"bolussnooze":0,"activity":-0.0031,"lastBolusTime":1703576264000,"time":"2023-12-26T10:47:10.303Z"}},{"iob":0.156,"basaliob":-0.023,"bolussnooze":0,"activity":0.0025,"lastBolusTime":1703576264000,"time":"2023-12-26T10:52:10.303Z","iobWithZeroTemp":{"iob":-0.5,"basaliob":-0.679,"bolussnooze":0,"activity":-0.0033,"lastBolusTime":1703576264000,"time":"2023-12-26T10:52:10.303Z"}},{"iob":0.144,"basaliob":-0.021,"bolussnooze":0,"activity":0.0023,"lastBolusTime":1703576264000,"time":"2023-12-26T10:57:10.303Z","iobWithZeroTemp":{"iob":-0.516,"basaliob":-0.681,"bolussnooze":0,"activity":-0.0036,"lastBolusTime":1703576264000,"time":"2023-12-26T10:57:10.303Z"}},{"iob":0.133,"basaliob":-0.019,"bolussnooze":0,"activity":0.0022,"lastBolusTime":1703576264000,"time":"2023-12-26T11:02:10.303Z","iobWithZeroTemp":{"iob":-0.531,"basaliob":-0.683,"bolussnooze":0,"activity":-0.0037,"lastBolusTime":1703576264000,"time":"2023-12-26T11:02:10.303Z"}},{"iob":0.121,"basaliob":-0.018,"bolussnooze":0,"activity":0.002,"lastBolusTime":1703576264000,"time":"2023-12-26T11:07:10.303Z","iobWithZeroTemp":{"iob":-0.546,"basaliob":-0.685,"bolussnooze":0,"activity":-0.004,"lastBolusTime":1703576264000,"time":"2023-12-26T11:07:10.303Z"}},{"iob":0.112,"basaliob":-0.016,"bolussnooze":0,"activity":0.0019,"lastBolusTime":1703576264000,"time":"2023-12-26T11:12:10.303Z","iobWithZeroTemp":{"iob":-0.558,"basaliob":-0.686,"bolussnooze":0,"activity":-0.0042,"lastBolusTime":1703576264000,"time":"2023-12-26T11:12:10.303Z"}},{"iob":0.103,"basaliob":-0.015,"bolussnooze":0,"activity":0.0017,"lastBolusTime":1703576264000,"time":"2023-12-26T11:17:10.303Z","iobWithZeroTemp":{"iob":-0.57,"basaliob":-0.688,"bolussnooze":0,"activity":-0.0044,"lastBolusTime":1703576264000,"time":"2023-12-26T11:17:10.303Z"}},{"iob":0.095,"basaliob":-0.013,"bolussnooze":0,"activity":0.0017,"lastBolusTime":1703576264000,"time":"2023-12-26T11:22:10.303Z","iobWithZeroTemp":{"iob":-0.581,"basaliob":-0.689,"bolussnooze":0,"activity":-0.0044,"lastBolusTime":1703576264000,"time":"2023-12-26T11:22:10.303Z"}},{"iob":0.087,"basaliob":-0.012,"bolussnooze":0,"activity":0.0015,"lastBolusTime":1703576264000,"time":"2023-12-26T11:27:10.303Z","iobWithZeroTemp":{"iob":-0.591,"basaliob":-0.69,"bolussnooze":0,"activity":-0.0047,"lastBolusTime":1703576264000,"time":"2023-12-26T11:27:10.303Z"}},{"iob":0.08,"basaliob":-0.011,"bolussnooze":0,"activity":0.0014,"lastBolusTime":1703576264000,"time":"2023-12-26T11:32:10.303Z","iobWithZeroTemp":{"iob":-0.601,"basaliob":-0.692,"bolussnooze":0,"activity":-0.0048,"lastBolusTime":1703576264000,"time":"2023-12-26T11:32:10.303Z"}},{"iob":0.073,"basaliob":-0.01,"bolussnooze":0,"activity":0.0013,"lastBolusTime":1703576264000,"time":"2023-12-26T11:37:10.303Z","iobWithZeroTemp":{"iob":-0.61,"basaliob":-0.693,"bolussnooze":0,"activity":-0.005,"lastBolusTime":1703576264000,"time":"2023-12-26T11:37:10.303Z"}}],"profile":{"max_iob":7,"type":"current","max_daily_basal":0.45,"max_basal":1.35,"min_bg":81,"max_bg":81,"target_bg":81,"carb_ratio":9,"sens":352.8,"max_daily_safety_multiplier":3,"current_basal_safety_multiplier":4,"lgsThreshold":65,"high_temptarget_raises_sensitivity":false,"low_temptarget_lowers_sensitivity":false,"sensitivity_raises_target":true,"resistance_lowers_target":true,"adv_target_adjustments":false,"exercise_mode":false,"half_basal_exercise_target":160,"maxCOB":120,"skip_neutral_temps":false,"remainingCarbsCap":90,"enableUAM":true,"A52_risk_enable":false,"SMBInterval":4,"enableSMB_with_COB":true,"enableSMB_with_temptarget":false,"allowSMB_with_high_temptarget":true,"enableSMB_always":true,"enableSMB_after_carbs":false,"maxSMBBasalMinutes":60,"maxUAMSMBBasalMinutes":60,"bolus_increment":0.05,"carbsReqThreshold":10,"current_basal":0.4,"temptargetSet":true,"autosens_max":1.2,"autosens_min":0.8,"out_units":"mmol\/L","variable_sens":129.3,"insulinDivisor":65,"TDD":10.831888465714288},"autosens_data":{"ratio":1.1830721119908507},"meal_data":{"carbs":15,"mealCOB":13.23730612244898,"slopeFromMaxDeviation":0,"slopeFromMinDeviation":1.8623333333333334,"lastBolusTime":1703576264000,"lastCarbTime":1703575798000},"microBolusAllowed":true,"currentTime":1703576533411,"flatBGsDetected":false,"tdd1D":33.75158333333334,"tdd7D":31.95839285714286,"tddLast24H":37.80908333333333,"tddLast4H":4.695833333333334,"tddLast8to4H":2.653666666666667},"output":{"temp":"absolute","bg":170,"tick":"+2","eventualBG":147,"targetBG":81,"insulinReq":0.24,"deliverAt":"2023-12-26T07:42:13.411Z","sensitivityRatio":1.1830721119908507,"variable_sens":129.3,"predBGs":{"IOB":[170,171,171,170,168,165,161,156,150,144,136,128,119,111,102,92,83,73,63,52,40,39],"ZT":[170,164,158,150,143,134,126,117,108,98,88,78,68,57,46,39,39,39,39,39,39,39,39,39,39,39,39,39,39,39,39,39,39,39,39,39,39,39,39,39,39,39,39,39,39,39,39,40],"COB":[170,172,173,174,174,174,174,174,174,173,173,173,173,173,174,174,175,176,177,178,179,179,179,179,179,179,178,178,177,176,174,172,170,168,166,164,162,160,158,156,155,154,152,151,150,149,148,147],"UAM":[170,171,171,170,168,165,161,157,151,145,138,131,122,113,104,95,86,77,67,57,45,39]},"reason":"COB: 13.2, Dev: 2.6, BGI: -0.3, ISF: 7.2, CR: 9, Target: 4.5, minPredBG 6.2, minGuardBG 6.2, IOBpredBG 2.2, COBpredBG 8.2, UAMpredBG 2.2; Eventual BG 8.2 >= 4.5,  insulinReq 0.24; setting 60m low temp of 0U\/h. Microbolusing 0.1U. ","COB":13.23730612244898,"IOB":1.675,"units":0.1,"rate":0,"duration":60,"timestamp":"2023-12-26T07:42:13.436Z"}}