{"algorithm":"OpenAPSSMBDynamicISFPlugin","input":{"glucoseStatus":{"glucose":152,"noise":0,"delta":7,"short_avgdelta":4.94,"long_avgdelta":3.33,"date":1703232048879},"currenttemp":{"temp":"absolute","duration":10,"rate":0.6,"minutesrunning":5},"iob_data":[{"iob":2.413,"basaliob":-0.236,"bolussnooze":1.991,"activity":0.006,"lastBolusTime":1703231925000,"time":"2023-12-22T08:01:25.262Z","iobWithZeroTemp":{"iob":2.413,"basaliob":-0.236,"bolussnooze":1.991,"activity":0.006,"lastBolusTime":1703231925000,"time":"2023-12-22T08:01:25.262Z"}},{"iob":2.376,"basaliob":-0.219,"bolussnooze":1.9338,"activity":0.0088,"lastBolusTime":1703231925000,"time":"2023-12-22T08:06:25.262Z","iobWithZeroTemp":{"iob":2.349,"basaliob":-0.246,"bolussnooze":1.9338,"activity":0.0088,"lastBolusTime":1703231925000,"time":"2023-12-22T08:06:25.262Z"}},{"iob":2.326,"basaliob":-0.203,"bolussnooze":1.8393,"activity":0.011,"lastBolusTime":1703231925000,"time":"2023-12-22T08:11:25.262Z","iobWithZeroTemp":{"iob":2.266,"basaliob":-0.263,"bolussnooze":1.8393,"activity":0.0109,"lastBolusTime":1703231925000,"time":"2023-12-22T08:11:25.262Z"}},{"iob":2.267,"basaliob":-0.188,"bolussnooze":1.7212,"activity":0.0127,"lastBolusTime":1703231925000,"time":"2023-12-22T08:16:25.262Z","iobWithZeroTemp":{"iob":2.175,"basaliob":-0.28,"bolussnooze":1.7212,"activity":0.0125,"lastBolusTime":1703231925000,"time":"2023-12-22T08:16:25.262Z"}},{"iob":2.2,"basaliob":-0.174,"bolussnooze":1.5901,"activity":0.0141,"lastBolusTime":1703231925000,"time":"2023-12-22T08:21:25.262Z","iobWithZeroTemp":{"iob":2.075,"basaliob":-0.299,"bolussnooze":1.5901,"activity":0.0138,"lastBolusTime":1703231925000,"time":"2023-12-22T08:21:25.262Z"}},{"iob":2.127,"basaliob":-0.161,"bolussnooze":1.4536,"activity":0.0151,"lastBolusTime":1703231925000,"time":"2023-12-22T08:26:25.262Z","iobWithZeroTemp":{"iob":1.971,"basaliob":-0.317,"bolussnooze":1.4536,"activity":0.0146,"lastBolusTime":1703231925000,"time":"2023-12-22T08:26:25.262Z"}},{"iob":2.049,"basaliob":-0.149,"bolussnooze":1.3171,"activity":0.0158,"lastBolusTime":1703231925000,"time":"2023-12-22T08:31:25.262Z","iobWithZeroTemp":{"iob":1.863,"basaliob":-0.335,"bolussnooze":1.3171,"activity":0.0151,"lastBolusTime":1703231925000,"time":"2023-12-22T08:31:25.262Z"}},{"iob":1.969,"basaliob":-0.137,"bolussnooze":1.1844,"activity":0.0163,"lastBolusTime":1703231925000,"time":"2023-12-22T08:36:25.262Z","iobWithZeroTemp":{"iob":1.753,"basaliob":-0.353,"bolussnooze":1.1844,"activity":0.0154,"lastBolusTime":1703231925000,"time":"2023-12-22T08:36:25.262Z"}},{"iob":1.886,"basaliob":-0.127,"bolussnooze":1.0581,"activity":0.0167,"lastBolusTime":1703231925000,"time":"2023-12-22T08:41:25.262Z","iobWithZeroTemp":{"iob":1.642,"basaliob":-0.371,"bolussnooze":1.0581,"activity":0.0156,"lastBolusTime":1703231925000,"time":"2023-12-22T08:41:25.262Z"}},{"iob":1.802,"basaliob":-0.117,"bolussnooze":0.9399,"activity":0.0168,"lastBolusTime":1703231925000,"time":"2023-12-22T08:46:25.262Z","iobWithZeroTemp":{"iob":1.53,"basaliob":-0.389,"bolussnooze":0.9399,"activity":0.0155,"lastBolusTime":1703231925000,"time":"2023-12-22T08:46:25.262Z"}},{"iob":1.718,"basaliob":-0.108,"bolussnooze":0.8305,"activity":0.0167,"lastBolusTime":1703231925000,"time":"2023-12-22T08:51:25.262Z","iobWithZeroTemp":{"iob":1.42,"basaliob":-0.406,"bolussnooze":0.8305,"activity":0.0152,"lastBolusTime":1703231925000,"time":"2023-12-22T08:51:25.262Z"}},{"iob":1.635,"basaliob":-0.099,"bolussnooze":0.7305,"activity":0.0166,"lastBolusTime":1703231925000,"time":"2023-12-22T08:56:25.262Z","iobWithZeroTemp":{"iob":1.312,"basaliob":-0.422,"bolussnooze":0.7305,"activity":0.0148,"lastBolusTime":1703231925000,"time":"2023-12-22T08:56:25.262Z"}},{"iob":1.553,"basaliob":-0.091,"bolussnooze":0.6399,"activity":0.0163,"lastBolusTime":1703231925000,"time":"2023-12-22T09:01:25.262Z","iobWithZeroTemp":{"iob":1.206,"basaliob":-0.438,"bolussnooze":0.6399,"activity":0.0143,"lastBolusTime":1703231925000,"time":"2023-12-22T09:01:25.262Z"}},{"iob":1.472,"basaliob":-0.084,"bolussnooze":0.5583,"activity":0.016,"lastBolusTime":1703231925000,"time":"2023-12-22T09:06:25.262Z","iobWithZeroTemp":{"iob":1.102,"basaliob":-0.454,"bolussnooze":0.5583,"activity":0.0138,"lastBolusTime":1703231925000,"time":"2023-12-22T09:06:25.262Z"}},{"iob":1.393,"basaliob":-0.077,"bolussnooze":0.4853,"activity":0.0156,"lastBolusTime":1703231925000,"time":"2023-12-22T09:11:25.262Z","iobWithZeroTemp":{"iob":1.002,"basaliob":-0.468,"bolussnooze":0.4853,"activity":0.0132,"lastBolusTime":1703231925000,"time":"2023-12-22T09:11:25.262Z"}},{"iob":1.316,"basaliob":-0.071,"bolussnooze":0.4204,"activity":0.0151,"lastBolusTime":1703231925000,"time":"2023-12-22T09:16:25.262Z","iobWithZeroTemp":{"iob":0.904,"basaliob":-0.483,"bolussnooze":0.4204,"activity":0.0124,"lastBolusTime":1703231925000,"time":"2023-12-22T09:16:25.262Z"}},{"iob":1.242,"basaliob":-0.065,"bolussnooze":0.363,"activity":0.0146,"lastBolusTime":1703231925000,"time":"2023-12-22T09:21:25.262Z","iobWithZeroTemp":{"iob":0.811,"basaliob":-0.496,"bolussnooze":0.363,"activity":0.0117,"lastBolusTime":1703231925000,"time":"2023-12-22T09:21:25.262Z"}},{"iob":1.17,"basaliob":-0.06,"bolussnooze":0.3125,"activity":0.0141,"lastBolusTime":1703231925000,"time":"2023-12-22T09:26:25.262Z","iobWithZeroTemp":{"iob":0.72,"basaliob":-0.51,"bolussnooze":0.3125,"activity":0.011,"lastBolusTime":1703231925000,"time":"2023-12-22T09:26:25.262Z"}},{"iob":1.101,"basaliob":-0.055,"bolussnooze":0.2682,"activity":0.0135,"lastBolusTime":1703231925000,"time":"2023-12-22T09:31:25.262Z","iobWithZeroTemp":{"iob":0.634,"basaliob":-0.522,"bolussnooze":0.2682,"activity":0.0102,"lastBolusTime":1703231925000,"time":"2023-12-22T09:31:25.262Z"}},{"iob":1.035,"basaliob":-0.05,"bolussnooze":0.2296,"activity":0.013,"lastBolusTime":1703231925000,"time":"2023-12-22T09:36:25.262Z","iobWithZeroTemp":{"iob":0.551,"basaliob":-0.534,"bolussnooze":0.2296,"activity":0.0095,"lastBolusTime":1703231925000,"time":"2023-12-22T09:36:25.262Z"}},{"iob":0.971,"basaliob":-0.046,"bolussnooze":0.1959,"activity":0.0124,"lastBolusTime":1703231925000,"time":"2023-12-22T09:41:25.262Z","iobWithZeroTemp":{"iob":0.472,"basaliob":-0.545,"bolussnooze":0.1959,"activity":0.0087,"lastBolusTime":1703231925000,"time":"2023-12-22T09:41:25.262Z"}},{"iob":0.911,"basaliob":-0.042,"bolussnooze":0.1667,"activity":0.0119,"lastBolusTime":1703231925000,"time":"2023-12-22T09:46:25.262Z","iobWithZeroTemp":{"iob":0.397,"basaliob":-0.556,"bolussnooze":0.1667,"activity":0.008,"lastBolusTime":1703231925000,"time":"2023-12-22T09:46:25.262Z"}},{"iob":0.853,"basaliob":-0.038,"bolussnooze":0.1414,"activity":0.0113,"lastBolusTime":1703231925000,"time":"2023-12-22T09:51:25.262Z","iobWithZeroTemp":{"iob":0.326,"basaliob":-0.565,"bolussnooze":0.1414,"activity":0.0073,"lastBolusTime":1703231925000,"time":"2023-12-22T09:51:25.262Z"}},{"iob":0.798,"basaliob":-0.035,"bolussnooze":0.1197,"activity":0.0107,"lastBolusTime":1703231925000,"time":"2023-12-22T09:56:25.262Z","iobWithZeroTemp":{"iob":0.258,"basaliob":-0.575,"bolussnooze":0.1197,"activity":0.0065,"lastBolusTime":1703231925000,"time":"2023-12-22T09:56:25.262Z"}},{"iob":0.746,"basaliob":-0.032,"bolussnooze":0.101,"activity":0.0101,"lastBolusTime":1703231925000,"time":"2023-12-22T10:01:25.262Z","iobWithZeroTemp":{"iob":0.194,"basaliob":-0.584,"bolussnooze":0.101,"activity":0.0058,"lastBolusTime":1703231925000,"time":"2023-12-22T10:01:25.262Z"}},{"iob":0.697,"basaliob":-0.029,"bolussnooze":0.085,"activity":0.0096,"lastBolusTime":1703231925000,"time":"2023-12-22T10:06:25.262Z","iobWithZeroTemp":{"iob":0.134,"basaliob":-0.592,"bolussnooze":0.085,"activity":0.0051,"lastBolusTime":1703231925000,"time":"2023-12-22T10:06:25.262Z"}},{"iob":0.65,"basaliob":-0.027,"bolussnooze":0.0713,"activity":0.0091,"lastBolusTime":1703231925000,"time":"2023-12-22T10:11:25.262Z","iobWithZeroTemp":{"iob":0.076,"basaliob":-0.601,"bolussnooze":0.0713,"activity":0.0045,"lastBolusTime":1703231925000,"time":"2023-12-22T10:11:25.262Z"}},{"iob":0.606,"basaliob":-0.024,"bolussnooze":0.0596,"activity":0.0085,"lastBolusTime":1703231925000,"time":"2023-12-22T10:16:25.262Z","iobWithZeroTemp":{"iob":0.022,"basaliob":-0.608,"bolussnooze":0.0596,"activity":0.0037,"lastBolusTime":1703231925000,"time":"2023-12-22T10:16:25.262Z"}},{"iob":0.564,"basaliob":-0.022,"bolussnooze":0.0497,"activity":0.0081,"lastBolusTime":1703231925000,"time":"2023-12-22T10:21:25.262Z","iobWithZeroTemp":{"iob":-0.029,"basaliob":-0.615,"bolussnooze":0.0497,"activity":0.0032,"lastBolusTime":1703231925000,"time":"2023-12-22T10:21:25.262Z"}},{"iob":0.525,"basaliob":-0.02,"bolussnooze":0.0413,"activity":0.0076,"lastBolusTime":1703231925000,"time":"2023-12-22T10:26:25.262Z","iobWithZeroTemp":{"iob":-0.076,"basaliob":-0.621,"bolussnooze":0.0413,"activity":0.0026,"lastBolusTime":1703231925000,"time":"2023-12-22T10:26:25.262Z"}},{"iob":0.488,"basaliob":-0.018,"bolussnooze":0.0342,"activity":0.0071,"lastBolusTime":1703231925000,"time":"2023-12-22T10:31:25.262Z","iobWithZeroTemp":{"iob":-0.121,"basaliob":-0.627,"bolussnooze":0.0342,"activity":0.002,"lastBolusTime":1703231925000,"time":"2023-12-22T10:31:25.262Z"}},{"iob":0.453,"basaliob":-0.017,"bolussnooze":0.0282,"activity":0.0067,"lastBolusTime":1703231925000,"time":"2023-12-22T10:36:25.262Z","iobWithZeroTemp":{"iob":-0.164,"basaliob":-0.634,"bolussnooze":0.0282,"activity":0.0015,"lastBolusTime":1703231925000,"time":"2023-12-22T10:36:25.262Z"}},{"iob":0.421,"basaliob":-0.015,"bolussnooze":0.0231,"activity":0.0063,"lastBolusTime":1703231925000,"time":"2023-12-22T10:41:25.262Z","iobWithZeroTemp":{"iob":-0.203,"basaliob":-0.639,"bolussnooze":0.0231,"activity":0.001,"lastBolusTime":1703231925000,"time":"2023-12-22T10:41:25.262Z"}},{"iob":0.39,"basaliob":-0.014,"bolussnooze":0.0189,"activity":0.0059,"lastBolusTime":1703231925000,"time":"2023-12-22T10:46:25.262Z","iobWithZeroTemp":{"iob":-0.24,"basaliob":-0.644,"bolussnooze":0.0189,"activity":5.0E-4,"lastBolusTime":1703231925000,"time":"2023-12-22T10:46:25.262Z"}},{"iob":0.362,"basaliob":-0.012,"bolussnooze":0.0154,"activity":0.0056,"lastBolusTime":1703231925000,"time":"2023-12-22T10:51:25.262Z","iobWithZeroTemp":{"iob":-0.274,"basaliob":-0.648,"bolussnooze":0.0154,"activity":1.0E-4,"lastBolusTime":1703231925000,"time":"2023-12-22T10:51:25.262Z"}},{"iob":0.335,"basaliob":-0.011,"bolussnooze":0.0125,"activity":0.0052,"lastBolusTime":1703231925000,"time":"2023-12-22T10:56:25.262Z","iobWithZeroTemp":{"iob":-0.307,"basaliob":-0.653,"bolussnooze":0.0125,"activity":-4.0E-4,"lastBolusTime":1703231925000,"time":"2023-12-22T10:56:25.262Z"}},{"iob":0.31,"basaliob":-0.01,"bolussnooze":0.01,"activity":0.0048,"lastBolusTime":1703231925000,"time":"2023-12-22T11:01:25.262Z","iobWithZeroTemp":{"iob":-0.337,"basaliob":-0.657,"bolussnooze":0.01,"activity":-9.0E-4,"lastBolusTime":1703231925000,"time":"2023-12-22T11:01:25.262Z"}},{"iob":0.287,"basaliob":-0.009,"bolussnooze":0.008,"activity":0.0045,"lastBolusTime":1703231925000,"time":"2023-12-22T11:06:25.262Z","iobWithZeroTemp":{"iob":-0.364,"basaliob":-0.66,"bolussnooze":0.008,"activity":-0.0013,"lastBolusTime":1703231925000,"time":"2023-12-22T11:06:25.262Z"}},{"iob":0.265,"basaliob":-0.008,"bolussnooze":0.0064,"activity":0.0042,"lastBolusTime":1703231925000,"time":"2023-12-22T11:11:25.262Z","iobWithZeroTemp":{"iob":-0.391,"basaliob":-0.664,"bolussnooze":0.0064,"activity":-0.0016,"lastBolusTime":1703231925000,"time":"2023-12-22T11:11:25.262Z"}},{"iob":0.245,"basaliob":-0.007,"bolussnooze":0.005,"activity":0.0039,"lastBolusTime":1703231925000,"time":"2023-12-22T11:16:25.262Z","iobWithZeroTemp":{"iob":-0.415,"basaliob":-0.667,"bolussnooze":0.005,"activity":-0.002,"lastBolusTime":1703231925000,"time":"2023-12-22T11:16:25.262Z"}},{"iob":0.226,"basaliob":-0.007,"bolussnooze":0.0039,"activity":0.0037,"lastBolusTime":1703231925000,"time":"2023-12-22T11:21:25.262Z","iobWithZeroTemp":{"iob":-0.438,"basaliob":-0.671,"bolussnooze":0.0039,"activity":-0.0022,"lastBolusTime":1703231925000,"time":"2023-12-22T11:21:25.262Z"}},{"iob":0.208,"basaliob":-0.006,"bolussnooze":0.003,"activity":0.0034,"lastBolusTime":1703231925000,"time":"2023-12-22T11:26:25.262Z","iobWithZeroTemp":{"iob":-0.459,"basaliob":-0.673,"bolussnooze":0.003,"activity":-0.0026,"lastBolusTime":1703231925000,"time":"2023-12-22T11:26:25.262Z"}},{"iob":0.192,"basaliob":-0.005,"bolussnooze":0.0023,"activity":0.0032,"lastBolusTime":1703231925000,"time":"2023-12-22T11:31:25.262Z","iobWithZeroTemp":{"iob":-0.478,"basaliob":-0.675,"bolussnooze":0.0023,"activity":-0.0029,"lastBolusTime":1703231925000,"time":"2023-12-22T11:31:25.262Z"}},{"iob":0.177,"basaliob":-0.005,"bolussnooze":0.0017,"activity":0.0029,"lastBolusTime":1703231925000,"time":"2023-12-22T11:36:25.262Z","iobWithZeroTemp":{"iob":-0.496,"basaliob":-0.678,"bolussnooze":0.0017,"activity":-0.0032,"lastBolusTime":1703231925000,"time":"2023-12-22T11:36:25.262Z"}},{"iob":0.163,"basaliob":-0.004,"bolussnooze":0.0013,"activity":0.0027,"lastBolusTime":1703231925000,"time":"2023-12-22T11:41:25.262Z","iobWithZeroTemp":{"iob":-0.513,"basaliob":-0.68,"bolussnooze":0.0013,"activity":-0.0034,"lastBolusTime":1703231925000,"time":"2023-12-22T11:41:25.262Z"}},{"iob":0.15,"basaliob":-0.004,"bolussnooze":9.0E-4,"activity":0.0025,"lastBolusTime":1703231925000,"time":"2023-12-22T11:46:25.262Z","iobWithZeroTemp":{"iob":-0.528,"basaliob":-0.682,"bolussnooze":9.0E-4,"activity":-0.0037,"lastBolusTime":1703231925000,"time":"2023-12-22T11:46:25.262Z"}},{"iob":0.138,"basaliob":-0.003,"bolussnooze":6.0E-4,"activity":0.0023,"lastBolusTime":1703231925000,"time":"2023-12-22T11:51:25.262Z","iobWithZeroTemp":{"iob":-0.543,"basaliob":-0.684,"bolussnooze":6.0E-4,"activity":-0.0039,"lastBolusTime":1703231925000,"time":"2023-12-22T11:51:25.262Z"}},{"iob":0.126,"basaliob":-0.003,"bolussnooze":4.0E-4,"activity":0.0021,"lastBolusTime":1703231925000,"time":"2023-12-22T11:56:25.262Z","iobWithZeroTemp":{"iob":-0.557,"basaliob":-0.686,"bolussnooze":4.0E-4,"activity":-0.0042,"lastBolusTime":1703231925000,"time":"2023-12-22T11:56:25.262Z"}}],"profile":{"max_iob":7,"type":"current","max_daily_basal":0.45,"max_basal":1.35,"min_bg":81.0000000000001,"max_bg":81.0000000000001,"target_bg":81.0000000000001,"carb_ratio":9,"sens":352.8,"max_daily_safety_multiplier":3,"current_basal_safety_multiplier":4,"lgsThreshold":65,"high_temptarget_raises_sensitivity":false,"low_temptarget_lowers_sensitivity":false,"sensitivity_raises_target":true,"resistance_lowers_target":true,"adv_target_adjustments":false,"exercise_mode":false,"half_basal_exercise_target":160,"maxCOB":120,"skip_neutral_temps":false,"remainingCarbsCap":90,"enableUAM":true,"A52_risk_enable":false,"SMBInterval":4,"enableSMB_with_COB":true,"enableSMB_with_temptarget":false,"allowSMB_with_high_temptarget":true,"enableSMB_always":true,"enableSMB_after_carbs":false,"maxSMBBasalMinutes":60,"maxUAMSMBBasalMinutes":60,"bolus_increment":0.05,"carbsReqThreshold":10,"current_basal":0.4,"temptargetSet":true,"autosens_max":1.2,"autosens_min":0.8,"out_units":"mmol\/L","variable_sens":138.4,"insulinDivisor":65,"TDD":10.785483633333332},"autosens_data":{"ratio":1.1971480928610228},"meal_data":{"carbs":45,"mealCOB":37.359785714285714,"slopeFromMaxDeviation":-0.41759999999999997,"slopeFromMinDeviation":4.136999999999999,"lastBolusTime":1703231925000,"lastCarbTime":1703231952000},"microBolusAllowed":true,"currentTime":1703232087301,"flatBGsDetected":false,"tdd1D":36.428166666666655,"tdd7D":29.994130952380967,"tddLast24H":35.90741666666665,"tddLast4H":5.1,"tddLast8to4H":2.572},"output":{"temp":"absolute","bg":152,"tick":"+7","eventualBG":401,"targetBG":81.0000000000001,"insulinReq":0,"deliverAt":"2023-12-22T08:01:27.301Z","sensitivityRatio":1.1971480928610228,"variable_sens":138.4,"predBGs":{"IOB":[152,156,158,157,155,150,144,137,128,117,105,91,76,58,39],"ZT":[152,148,142,134,124,114,102,88,73,56,39,39,39,39,39,39,39,39,39,39,39,39,39,39,39,39,39,39,39,39,39,39,39,39,39,39,39,39,39,39,39,39,39,39,39,39,39,39],"COB":[152,158,164,170,177,183,191,200,209,220,232,246,262,279,298,318,339,359,376,392,401],"UAM":[152,156,156,153,148,140,130,118,105,91,75,57,39]},"reason":"COB: 37.4, Dev: 3.1, BGI: -0.2, ISF: 7.7, CR: 9, Target: 4.5, minPredBG 13.9, minGuardBG 2.7, IOBpredBG 2.2, COBpredBG 22.3, UAMpredBG 2.2; minGuardBG 2.7<3.6","COB":37.359785714285714,"IOB":2.413,"duration":30,"rate":0,"timestamp":"2023-12-22T08:01:27.327Z"}}