{"algorithm":"OpenAPSSMBDynamicISFPlugin","input":{"glucoseStatus":{"glucose":160,"noise":0,"delta":3,"short_avgdelta":1.5,"long_avgdelta":-1.14,"date":1703896921236},"currenttemp":{"temp":"absolute","duration":50,"rate":0,"minutesrunning":10},"iob_data":[{"iob":1.483,"basaliob":-0.763,"bolussnooze":0,"activity":0.0134,"lastBolusTime":1703896653000,"time":"2023-12-30T00:42:17.830Z","iobWithZeroTemp":{"iob":1.483,"basaliob":-0.763,"bolussnooze":0,"activity":0.0134,"lastBolusTime":1703896653000,"time":"2023-12-30T00:42:17.830Z"}},{"iob":1.415,"basaliob":-0.728,"bolussnooze":0,"activity":0.0134,"lastBolusTime":1703896653000,"time":"2023-12-30T00:47:17.830Z","iobWithZeroTemp":{"iob":1.385,"basaliob":-0.758,"bolussnooze":0,"activity":0.0134,"lastBolusTime":1703896653000,"time":"2023-12-30T00:47:17.830Z"}},{"iob":1.348,"basaliob":-0.693,"bolussnooze":0,"activity":0.0134,"lastBolusTime":1703896653000,"time":"2023-12-30T00:52:17.830Z","iobWithZeroTemp":{"iob":1.281,"basaliob":-0.76,"bolussnooze":0,"activity":0.0133,"lastBolusTime":1703896653000,"time":"2023-12-30T00:52:17.830Z"}},{"iob":1.281,"basaliob":-0.658,"bolussnooze":0,"activity":0.0132,"lastBolusTime":1703896653000,"time":"2023-12-30T00:57:17.830Z","iobWithZeroTemp":{"iob":1.177,"basaliob":-0.762,"bolussnooze":0,"activity":0.013,"lastBolusTime":1703896653000,"time":"2023-12-30T00:57:17.830Z"}},{"iob":1.216,"basaliob":-0.624,"bolussnooze":0,"activity":0.013,"lastBolusTime":1703896653000,"time":"2023-12-30T01:02:17.830Z","iobWithZeroTemp":{"iob":1.076,"basaliob":-0.764,"bolussnooze":0,"activity":0.0126,"lastBolusTime":1703896653000,"time":"2023-12-30T01:02:17.830Z"}},{"iob":1.151,"basaliob":-0.591,"bolussnooze":0,"activity":0.0127,"lastBolusTime":1703896653000,"time":"2023-12-30T01:07:17.830Z","iobWithZeroTemp":{"iob":0.992,"basaliob":-0.75,"bolussnooze":0,"activity":0.0122,"lastBolusTime":1703896653000,"time":"2023-12-30T01:07:17.830Z"}},{"iob":1.089,"basaliob":-0.558,"bolussnooze":0,"activity":0.0124,"lastBolusTime":1703896653000,"time":"2023-12-30T01:12:17.830Z","iobWithZeroTemp":{"iob":0.903,"basaliob":-0.744,"bolussnooze":0,"activity":0.0117,"lastBolusTime":1703896653000,"time":"2023-12-30T01:12:17.830Z"}},{"iob":1.027,"basaliob":-0.527,"bolussnooze":0,"activity":0.012,"lastBolusTime":1703896653000,"time":"2023-12-30T01:17:17.830Z","iobWithZeroTemp":{"iob":0.816,"basaliob":-0.738,"bolussnooze":0,"activity":0.0111,"lastBolusTime":1703896653000,"time":"2023-12-30T01:17:17.830Z"}},{"iob":0.969,"basaliob":-0.496,"bolussnooze":0,"activity":0.0115,"lastBolusTime":1703896653000,"time":"2023-12-30T01:22:17.830Z","iobWithZeroTemp":{"iob":0.734,"basaliob":-0.731,"bolussnooze":0,"activity":0.0104,"lastBolusTime":1703896653000,"time":"2023-12-30T01:22:17.830Z"}},{"iob":0.912,"basaliob":-0.467,"bolussnooze":0,"activity":0.0112,"lastBolusTime":1703896653000,"time":"2023-12-30T01:27:17.830Z","iobWithZeroTemp":{"iob":0.654,"basaliob":-0.725,"bolussnooze":0,"activity":0.0099,"lastBolusTime":1703896653000,"time":"2023-12-30T01:27:17.830Z"}},{"iob":0.857,"basaliob":-0.439,"bolussnooze":0,"activity":0.0107,"lastBolusTime":1703896653000,"time":"2023-12-30T01:32:17.830Z","iobWithZeroTemp":{"iob":0.576,"basaliob":-0.72,"bolussnooze":0,"activity":0.0092,"lastBolusTime":1703896653000,"time":"2023-12-30T01:32:17.830Z"}},{"iob":0.805,"basaliob":-0.412,"bolussnooze":0,"activity":0.0102,"lastBolusTime":1703896653000,"time":"2023-12-30T01:37:17.830Z","iobWithZeroTemp":{"iob":0.503,"basaliob":-0.714,"bolussnooze":0,"activity":0.0085,"lastBolusTime":1703896653000,"time":"2023-12-30T01:37:17.830Z"}},{"iob":0.755,"basaliob":-0.386,"bolussnooze":0,"activity":0.0098,"lastBolusTime":1703896653000,"time":"2023-12-30T01:42:17.830Z","iobWithZeroTemp":{"iob":0.433,"basaliob":-0.708,"bolussnooze":0,"activity":0.0079,"lastBolusTime":1703896653000,"time":"2023-12-30T01:42:17.830Z"}},{"iob":0.707,"basaliob":-0.362,"bolussnooze":0,"activity":0.0093,"lastBolusTime":1703896653000,"time":"2023-12-30T01:47:17.830Z","iobWithZeroTemp":{"iob":0.366,"basaliob":-0.703,"bolussnooze":0,"activity":0.0072,"lastBolusTime":1703896653000,"time":"2023-12-30T01:47:17.830Z"}},{"iob":0.663,"basaliob":-0.338,"bolussnooze":0,"activity":0.0089,"lastBolusTime":1703896653000,"time":"2023-12-30T01:52:17.830Z","iobWithZeroTemp":{"iob":0.304,"basaliob":-0.697,"bolussnooze":0,"activity":0.0066,"lastBolusTime":1703896653000,"time":"2023-12-30T01:52:17.830Z"}},{"iob":0.62,"basaliob":-0.316,"bolussnooze":0,"activity":0.0084,"lastBolusTime":1703896653000,"time":"2023-12-30T01:57:17.830Z","iobWithZeroTemp":{"iob":0.243,"basaliob":-0.693,"bolussnooze":0,"activity":0.0059,"lastBolusTime":1703896653000,"time":"2023-12-30T01:57:17.830Z"}},{"iob":0.579,"basaliob":-0.295,"bolussnooze":0,"activity":0.0079,"lastBolusTime":1703896653000,"time":"2023-12-30T02:02:17.830Z","iobWithZeroTemp":{"iob":0.186,"basaliob":-0.688,"bolussnooze":0,"activity":0.0052,"lastBolusTime":1703896653000,"time":"2023-12-30T02:02:17.830Z"}},{"iob":0.54,"basaliob":-0.275,"bolussnooze":0,"activity":0.0075,"lastBolusTime":1703896653000,"time":"2023-12-30T02:07:17.830Z","iobWithZeroTemp":{"iob":0.138,"basaliob":-0.677,"bolussnooze":0,"activity":0.0046,"lastBolusTime":1703896653000,"time":"2023-12-30T02:07:17.830Z"}},{"iob":0.503,"basaliob":-0.257,"bolussnooze":0,"activity":0.0071,"lastBolusTime":1703896653000,"time":"2023-12-30T02:12:17.830Z","iobWithZeroTemp":{"iob":0.094,"basaliob":-0.666,"bolussnooze":0,"activity":0.0041,"lastBolusTime":1703896653000,"time":"2023-12-30T02:12:17.830Z"}},{"iob":0.469,"basaliob":-0.239,"bolussnooze":0,"activity":0.0067,"lastBolusTime":1703896653000,"time":"2023-12-30T02:17:17.830Z","iobWithZeroTemp":{"iob":0.052,"basaliob":-0.656,"bolussnooze":0,"activity":0.0035,"lastBolusTime":1703896653000,"time":"2023-12-30T02:17:17.830Z"}},{"iob":0.437,"basaliob":-0.222,"bolussnooze":0,"activity":0.0063,"lastBolusTime":1703896653000,"time":"2023-12-30T02:22:17.830Z","iobWithZeroTemp":{"iob":0.02,"basaliob":-0.639,"bolussnooze":0,"activity":0.003,"lastBolusTime":1703896653000,"time":"2023-12-30T02:22:17.830Z"}},{"iob":0.406,"basaliob":-0.207,"bolussnooze":0,"activity":0.006,"lastBolusTime":1703896653000,"time":"2023-12-30T02:27:17.830Z","iobWithZeroTemp":{"iob":-0.017,"basaliob":-0.63,"bolussnooze":0,"activity":0.0026,"lastBolusTime":1703896653000,"time":"2023-12-30T02:27:17.830Z"}},{"iob":0.377,"basaliob":-0.192,"bolussnooze":0,"activity":0.0056,"lastBolusTime":1703896653000,"time":"2023-12-30T02:32:17.830Z","iobWithZeroTemp":{"iob":-0.051,"basaliob":-0.62,"bolussnooze":0,"activity":0.0021,"lastBolusTime":1703896653000,"time":"2023-12-30T02:32:17.830Z"}},{"iob":0.35,"basaliob":-0.178,"bolussnooze":0,"activity":0.0052,"lastBolusTime":1703896653000,"time":"2023-12-30T02:37:17.830Z","iobWithZeroTemp":{"iob":-0.083,"basaliob":-0.611,"bolussnooze":0,"activity":0.0016,"lastBolusTime":1703896653000,"time":"2023-12-30T02:37:17.830Z"}},{"iob":0.325,"basaliob":-0.165,"bolussnooze":0,"activity":0.0049,"lastBolusTime":1703896653000,"time":"2023-12-30T02:42:17.830Z","iobWithZeroTemp":{"iob":-0.113,"basaliob":-0.603,"bolussnooze":0,"activity":0.0012,"lastBolusTime":1703896653000,"time":"2023-12-30T02:42:17.830Z"}},{"iob":0.301,"basaliob":-0.153,"bolussnooze":0,"activity":0.0046,"lastBolusTime":1703896653000,"time":"2023-12-30T02:47:17.830Z","iobWithZeroTemp":{"iob":-0.141,"basaliob":-0.595,"bolussnooze":0,"activity":9.0E-4,"lastBolusTime":1703896653000,"time":"2023-12-30T02:47:17.830Z"}},{"iob":0.279,"basaliob":-0.142,"bolussnooze":0,"activity":0.0043,"lastBolusTime":1703896653000,"time":"2023-12-30T02:52:17.830Z","iobWithZeroTemp":{"iob":-0.166,"basaliob":-0.587,"bolussnooze":0,"activity":5.0E-4,"lastBolusTime":1703896653000,"time":"2023-12-30T02:52:17.830Z"}},{"iob":0.259,"basaliob":-0.131,"bolussnooze":0,"activity":0.0041,"lastBolusTime":1703896653000,"time":"2023-12-30T02:57:17.830Z","iobWithZeroTemp":{"iob":-0.19,"basaliob":-0.58,"bolussnooze":0,"activity":2.0E-4,"lastBolusTime":1703896653000,"time":"2023-12-30T02:57:17.830Z"}},{"iob":0.239,"basaliob":-0.121,"bolussnooze":0,"activity":0.0038,"lastBolusTime":1703896653000,"time":"2023-12-30T03:02:17.830Z","iobWithZeroTemp":{"iob":-0.213,"basaliob":-0.573,"bolussnooze":0,"activity":-1.0E-4,"lastBolusTime":1703896653000,"time":"2023-12-30T03:02:17.830Z"}},{"iob":0.221,"basaliob":-0.112,"bolussnooze":0,"activity":0.0035,"lastBolusTime":1703896653000,"time":"2023-12-30T03:07:17.830Z","iobWithZeroTemp":{"iob":-0.233,"basaliob":-0.566,"bolussnooze":0,"activity":-5.0E-4,"lastBolusTime":1703896653000,"time":"2023-12-30T03:07:17.830Z"}},{"iob":0.204,"basaliob":-0.104,"bolussnooze":0,"activity":0.0032,"lastBolusTime":1703896653000,"time":"2023-12-30T03:12:17.830Z","iobWithZeroTemp":{"iob":-0.253,"basaliob":-0.561,"bolussnooze":0,"activity":-8.0E-4,"lastBolusTime":1703896653000,"time":"2023-12-30T03:12:17.830Z"}},{"iob":0.188,"basaliob":-0.096,"bolussnooze":0,"activity":0.0031,"lastBolusTime":1703896653000,"time":"2023-12-30T03:17:17.830Z","iobWithZeroTemp":{"iob":-0.271,"basaliob":-0.555,"bolussnooze":0,"activity":-0.001,"lastBolusTime":1703896653000,"time":"2023-12-30T03:17:17.830Z"}},{"iob":0.174,"basaliob":-0.088,"bolussnooze":0,"activity":0.0029,"lastBolusTime":1703896653000,"time":"2023-12-30T03:22:17.830Z","iobWithZeroTemp":{"iob":-0.287,"basaliob":-0.549,"bolussnooze":0,"activity":-0.0012,"lastBolusTime":1703896653000,"time":"2023-12-30T03:22:17.830Z"}},{"iob":0.16,"basaliob":-0.081,"bolussnooze":0,"activity":0.0027,"lastBolusTime":1703896653000,"time":"2023-12-30T03:27:17.830Z","iobWithZeroTemp":{"iob":-0.303,"basaliob":-0.544,"bolussnooze":0,"activity":-0.0015,"lastBolusTime":1703896653000,"time":"2023-12-30T03:27:17.830Z"}},{"iob":0.147,"basaliob":-0.075,"bolussnooze":0,"activity":0.0025,"lastBolusTime":1703896653000,"time":"2023-12-30T03:32:17.830Z","iobWithZeroTemp":{"iob":-0.317,"basaliob":-0.539,"bolussnooze":0,"activity":-0.0017,"lastBolusTime":1703896653000,"time":"2023-12-30T03:32:17.830Z"}},{"iob":0.136,"basaliob":-0.069,"bolussnooze":0,"activity":0.0022,"lastBolusTime":1703896653000,"time":"2023-12-30T03:37:17.830Z","iobWithZeroTemp":{"iob":-0.33,"basaliob":-0.535,"bolussnooze":0,"activity":-0.002,"lastBolusTime":1703896653000,"time":"2023-12-30T03:37:17.830Z"}},{"iob":0.125,"basaliob":-0.063,"bolussnooze":0,"activity":0.0021,"lastBolusTime":1703896653000,"time":"2023-12-30T03:42:17.830Z","iobWithZeroTemp":{"iob":-0.342,"basaliob":-0.53,"bolussnooze":0,"activity":-0.0022,"lastBolusTime":1703896653000,"time":"2023-12-30T03:42:17.830Z"}},{"iob":0.115,"basaliob":-0.058,"bolussnooze":0,"activity":0.0019,"lastBolusTime":1703896653000,"time":"2023-12-30T03:47:17.830Z","iobWithZeroTemp":{"iob":-0.353,"basaliob":-0.526,"bolussnooze":0,"activity":-0.0024,"lastBolusTime":1703896653000,"time":"2023-12-30T03:47:17.830Z"}},{"iob":0.106,"basaliob":-0.053,"bolussnooze":0,"activity":0.0018,"lastBolusTime":1703896653000,"time":"2023-12-30T03:52:17.830Z","iobWithZeroTemp":{"iob":-0.363,"basaliob":-0.522,"bolussnooze":0,"activity":-0.0025,"lastBolusTime":1703896653000,"time":"2023-12-30T03:52:17.830Z"}},{"iob":0.097,"basaliob":-0.049,"bolussnooze":0,"activity":0.0017,"lastBolusTime":1703896653000,"time":"2023-12-30T03:57:17.830Z","iobWithZeroTemp":{"iob":-0.373,"basaliob":-0.519,"bolussnooze":0,"activity":-0.0026,"lastBolusTime":1703896653000,"time":"2023-12-30T03:57:17.830Z"}},{"iob":0.089,"basaliob":-0.045,"bolussnooze":0,"activity":0.0015,"lastBolusTime":1703896653000,"time":"2023-12-30T04:02:17.830Z","iobWithZeroTemp":{"iob":-0.382,"basaliob":-0.516,"bolussnooze":0,"activity":-0.0028,"lastBolusTime":1703896653000,"time":"2023-12-30T04:02:17.830Z"}},{"iob":0.082,"basaliob":-0.041,"bolussnooze":0,"activity":0.0014,"lastBolusTime":1703896653000,"time":"2023-12-30T04:07:17.830Z","iobWithZeroTemp":{"iob":-0.392,"basaliob":-0.515,"bolussnooze":0,"activity":-0.003,"lastBolusTime":1703896653000,"time":"2023-12-30T04:07:17.830Z"}},{"iob":0.074,"basaliob":-0.038,"bolussnooze":0,"activity":0.0013,"lastBolusTime":1703896653000,"time":"2023-12-30T04:12:17.830Z","iobWithZeroTemp":{"iob":-0.403,"basaliob":-0.515,"bolussnooze":0,"activity":-0.0031,"lastBolusTime":1703896653000,"time":"2023-12-30T04:12:17.830Z"}},{"iob":0.069,"basaliob":-0.034,"bolussnooze":0,"activity":0.0012,"lastBolusTime":1703896653000,"time":"2023-12-30T04:17:17.830Z","iobWithZeroTemp":{"iob":-0.411,"basaliob":-0.514,"bolussnooze":0,"activity":-0.0032,"lastBolusTime":1703896653000,"time":"2023-12-30T04:17:17.830Z"}},{"iob":0.063,"basaliob":-0.031,"bolussnooze":0,"activity":0.0011,"lastBolusTime":1703896653000,"time":"2023-12-30T04:22:17.830Z","iobWithZeroTemp":{"iob":-0.42,"basaliob":-0.514,"bolussnooze":0,"activity":-0.0033,"lastBolusTime":1703896653000,"time":"2023-12-30T04:22:17.830Z"}},{"iob":0.057,"basaliob":-0.029,"bolussnooze":0,"activity":0.0011,"lastBolusTime":1703896653000,"time":"2023-12-30T04:27:17.830Z","iobWithZeroTemp":{"iob":-0.429,"basaliob":-0.515,"bolussnooze":0,"activity":-0.0034,"lastBolusTime":1703896653000,"time":"2023-12-30T04:27:17.830Z"}},{"iob":0.052,"basaliob":-0.026,"bolussnooze":0,"activity":9.0E-4,"lastBolusTime":1703896653000,"time":"2023-12-30T04:32:17.830Z","iobWithZeroTemp":{"iob":-0.437,"basaliob":-0.515,"bolussnooze":0,"activity":-0.0036,"lastBolusTime":1703896653000,"time":"2023-12-30T04:32:17.830Z"}},{"iob":0.048,"basaliob":-0.024,"bolussnooze":0,"activity":9.0E-4,"lastBolusTime":1703896653000,"time":"2023-12-30T04:37:17.830Z","iobWithZeroTemp":{"iob":-0.443,"basaliob":-0.515,"bolussnooze":0,"activity":-0.0036,"lastBolusTime":1703896653000,"time":"2023-12-30T04:37:17.830Z"}}],"profile":{"max_iob":7,"type":"current","max_daily_basal":0.45,"max_basal":1.35,"min_bg":81.0000000000001,"max_bg":81.0000000000001,"target_bg":81.0000000000001,"carb_ratio":11,"sens":369,"max_daily_safety_multiplier":3,"current_basal_safety_multiplier":4,"lgsThreshold":65,"high_temptarget_raises_sensitivity":false,"low_temptarget_lowers_sensitivity":false,"sensitivity_raises_target":true,"resistance_lowers_target":true,"adv_target_adjustments":false,"exercise_mode":false,"half_basal_exercise_target":160,"maxCOB":120,"skip_neutral_temps":false,"remainingCarbsCap":90,"enableUAM":true,"A52_risk_enable":false,"SMBInterval":4,"enableSMB_with_COB":true,"enableSMB_with_temptarget":false,"allowSMB_with_high_temptarget":true,"enableSMB_always":true,"enableSMB_after_carbs":false,"maxSMBBasalMinutes":60,"maxUAMSMBBasalMinutes":60,"bolus_increment":0.05,"carbsReqThreshold":10,"current_basal":0.45,"temptargetSet":true,"autosens_max":1.2,"autosens_min":0.8,"out_units":"mmol\/L","variable_sens":155.5,"insulinDivisor":65,"TDD":9.322984750000002},"autosens_data":{"ratio":0.9531387341714695},"meal_data":{"carbs":17,"mealCOB":15.631930894308944,"slopeFromMaxDeviation":-1.481375,"slopeFromMinDeviation":0,"lastBolusTime":1703896653000,"lastCarbTime":1703895965000},"microBolusAllowed":true,"currentTime":1703896940294,"flatBGsDetected":false,"tdd1D":23.883833333333342,"tdd7D":27.277071428571436,"tddLast24H":25.998833333333337,"tddLast4H":4.215,"tddLast8to4H":6.126666666666666},"output":{"temp":"absolute","bg":160,"tick":"+3","eventualBG":147,"targetBG":81.0000000000001,"insulinReq":0.23,"deliverAt":"2023-12-30T00:42:20.294Z","sensitivityRatio":0.9531387341714695,"variable_sens":155.5,"predBGs":{"IOB":[160,160,160,159,156,153,149,144,138,131,123,114,104,95,85,74,64,53,40,39],"ZT":[160,150,139,128,116,104,92,79,65,51,39,39,39,39,39,39,39,39,39,39,39,39,39,39,39,39,39,39,39,39,39,39,39,39,39,39,39,39,39,39,39,39,39,39,39,39,39,39],"COB":[160,161,162,163,163,163,163,163,163,163,163,163,163,164,164,164,164,164,165,165,165,166,166,166,166,166,166,166,166,166,165,165,164,163,162,161,159,158,156,155,153,152,151,150,149,148,147],"UAM":[160,160,159,156,151,145,138,129,118,107,96,85,73,61,47,39]},"reason":"COB: 15.6, Dev: 4.0, BGI: -0.6, ISF: 8.6, CR: 11, Target: 4.5, minPredBG 6.5, minGuardBG 6.5, IOBpredBG 2.2, COBpredBG 8.2, UAMpredBG 2.2; Eventual BG 8.2 >= 4.5,  insulinReq 0.23; setting 60m low temp of 0U\/h. Microbolusing 0.1U. ","COB":15.631930894308944,"IOB":1.483,"units":0.1,"rate":0,"duration":60,"timestamp":"2023-12-30T00:42:20.319Z"}}