{"algorithm":"OpenAPSSMBDynamicISFPlugin","input":{"glucoseStatus":{"glucose":65,"noise":0,"delta":-7,"short_avgdelta":-7.67,"long_avgdelta":-2.68,"date":1703372156188},"currenttemp":{"temp":"absolute","duration":45,"rate":0,"minutesrunning":15},"iob_data":[{"iob":-0.026,"basaliob":-0.587,"bolussnooze":0.0045,"activity":0.0018,"lastBolusTime":1703370988000,"time":"2023-12-23T22:56:25.172Z","iobWithZeroTemp":{"iob":-0.026,"basaliob":-0.587,"bolussnooze":0.0045,"activity":0.0018,"lastBolusTime":1703370988000,"time":"2023-12-23T22:56:25.172Z"}},{"iob":-0.034,"basaliob":-0.557,"bolussnooze":0.0036,"activity":0.0016,"lastBolusTime":1703370988000,"time":"2023-12-23T23:01:25.172Z","iobWithZeroTemp":{"iob":-0.064,"basaliob":-0.587,"bolussnooze":0.0036,"activity":0.0016,"lastBolusTime":1703370988000,"time":"2023-12-23T23:01:25.172Z"}},{"iob":-0.041,"basaliob":-0.528,"bolussnooze":0.0029,"activity":0.0012,"lastBolusTime":1703370988000,"time":"2023-12-23T23:06:25.172Z","iobWithZeroTemp":{"iob":-0.108,"basaliob":-0.595,"bolussnooze":0.0029,"activity":0.0011,"lastBolusTime":1703370988000,"time":"2023-12-23T23:06:25.172Z"}},{"iob":-0.047,"basaliob":-0.499,"bolussnooze":0.0023,"activity":9.0E-4,"lastBolusTime":1703370988000,"time":"2023-12-23T23:11:25.172Z","iobWithZeroTemp":{"iob":-0.151,"basaliob":-0.603,"bolussnooze":0.0023,"activity":7.0E-4,"lastBolusTime":1703370988000,"time":"2023-12-23T23:11:25.172Z"}},{"iob":-0.051,"basaliob":-0.471,"bolussnooze":0.0018,"activity":7.0E-4,"lastBolusTime":1703370988000,"time":"2023-12-23T23:16:25.172Z","iobWithZeroTemp":{"iob":-0.191,"basaliob":-0.611,"bolussnooze":0.0018,"activity":3.0E-4,"lastBolusTime":1703370988000,"time":"2023-12-23T23:16:25.172Z"}},{"iob":-0.054,"basaliob":-0.444,"bolussnooze":0.0014,"activity":6.0E-4,"lastBolusTime":1703370988000,"time":"2023-12-23T23:21:25.172Z","iobWithZeroTemp":{"iob":-0.229,"basaliob":-0.619,"bolussnooze":0.0014,"activity":0,"lastBolusTime":1703370988000,"time":"2023-12-23T23:21:25.172Z"}},{"iob":-0.056,"basaliob":-0.418,"bolussnooze":0.0011,"activity":4.0E-4,"lastBolusTime":1703370988000,"time":"2023-12-23T23:26:25.172Z","iobWithZeroTemp":{"iob":-0.266,"basaliob":-0.628,"bolussnooze":0.0011,"activity":-4.0E-4,"lastBolusTime":1703370988000,"time":"2023-12-23T23:26:25.172Z"}},{"iob":-0.058,"basaliob":-0.393,"bolussnooze":9.0E-4,"activity":2.0E-4,"lastBolusTime":1703370988000,"time":"2023-12-23T23:31:25.172Z","iobWithZeroTemp":{"iob":-0.301,"basaliob":-0.636,"bolussnooze":9.0E-4,"activity":-8.0E-4,"lastBolusTime":1703370988000,"time":"2023-12-23T23:31:25.172Z"}},{"iob":-0.059,"basaliob":-0.369,"bolussnooze":6.0E-4,"activity":1.0E-4,"lastBolusTime":1703370988000,"time":"2023-12-23T23:36:25.172Z","iobWithZeroTemp":{"iob":-0.334,"basaliob":-0.644,"bolussnooze":6.0E-4,"activity":-0.0011,"lastBolusTime":1703370988000,"time":"2023-12-23T23:36:25.172Z"}},{"iob":-0.059,"basaliob":-0.346,"bolussnooze":5.0E-4,"activity":0,"lastBolusTime":1703370988000,"time":"2023-12-23T23:41:25.172Z","iobWithZeroTemp":{"iob":-0.365,"basaliob":-0.652,"bolussnooze":5.0E-4,"activity":-0.0015,"lastBolusTime":1703370988000,"time":"2023-12-23T23:41:25.172Z"}},{"iob":-0.059,"basaliob":-0.324,"bolussnooze":4.0E-4,"activity":-1.0E-4,"lastBolusTime":1703370988000,"time":"2023-12-23T23:46:25.172Z","iobWithZeroTemp":{"iob":-0.394,"basaliob":-0.659,"bolussnooze":4.0E-4,"activity":-0.0018,"lastBolusTime":1703370988000,"time":"2023-12-23T23:46:25.172Z"}},{"iob":-0.059,"basaliob":-0.304,"bolussnooze":3.0E-4,"activity":-2.0E-4,"lastBolusTime":1703370988000,"time":"2023-12-23T23:51:25.172Z","iobWithZeroTemp":{"iob":-0.422,"basaliob":-0.667,"bolussnooze":3.0E-4,"activity":-0.0022,"lastBolusTime":1703370988000,"time":"2023-12-23T23:51:25.172Z"}},{"iob":-0.058,"basaliob":-0.284,"bolussnooze":2.0E-4,"activity":-2.0E-4,"lastBolusTime":1703370988000,"time":"2023-12-23T23:56:25.172Z","iobWithZeroTemp":{"iob":-0.448,"basaliob":-0.674,"bolussnooze":2.0E-4,"activity":-0.0024,"lastBolusTime":1703370988000,"time":"2023-12-23T23:56:25.172Z"}},{"iob":-0.057,"basaliob":-0.265,"bolussnooze":1.0E-4,"activity":-2.0E-4,"lastBolusTime":1703370988000,"time":"2023-12-24T00:01:25.172Z","iobWithZeroTemp":{"iob":-0.473,"basaliob":-0.681,"bolussnooze":1.0E-4,"activity":-0.0027,"lastBolusTime":1703370988000,"time":"2023-12-24T00:01:25.172Z"}},{"iob":-0.055,"basaliob":-0.247,"bolussnooze":1.0E-4,"activity":-2.0E-4,"lastBolusTime":1703370988000,"time":"2023-12-24T00:06:25.172Z","iobWithZeroTemp":{"iob":-0.487,"basaliob":-0.679,"bolussnooze":1.0E-4,"activity":-0.0029,"lastBolusTime":1703370988000,"time":"2023-12-24T00:06:25.172Z"}},{"iob":-0.054,"basaliob":-0.231,"bolussnooze":0,"activity":-4.0E-4,"lastBolusTime":1703370988000,"time":"2023-12-24T00:11:25.172Z","iobWithZeroTemp":{"iob":-0.501,"basaliob":-0.678,"bolussnooze":0,"activity":-0.0034,"lastBolusTime":1703370988000,"time":"2023-12-24T00:11:25.172Z"}},{"iob":-0.052,"basaliob":-0.215,"bolussnooze":0,"activity":-4.0E-4,"lastBolusTime":1703370988000,"time":"2023-12-24T00:16:25.172Z","iobWithZeroTemp":{"iob":-0.513,"basaliob":-0.676,"bolussnooze":0,"activity":-0.0036,"lastBolusTime":1703370988000,"time":"2023-12-24T00:16:25.172Z"}},{"iob":-0.05,"basaliob":-0.2,"bolussnooze":0,"activity":-4.0E-4,"lastBolusTime":1703370988000,"time":"2023-12-24T00:21:25.172Z","iobWithZeroTemp":{"iob":-0.524,"basaliob":-0.674,"bolussnooze":0,"activity":-0.0038,"lastBolusTime":1703370988000,"time":"2023-12-24T00:21:25.172Z"}},{"iob":-0.049,"basaliob":-0.186,"bolussnooze":0,"activity":-4.0E-4,"lastBolusTime":1703370988000,"time":"2023-12-24T00:26:25.172Z","iobWithZeroTemp":{"iob":-0.535,"basaliob":-0.672,"bolussnooze":0,"activity":-0.004,"lastBolusTime":1703370988000,"time":"2023-12-24T00:26:25.172Z"}},{"iob":-0.047,"basaliob":-0.173,"bolussnooze":0,"activity":-4.0E-4,"lastBolusTime":1703370988000,"time":"2023-12-24T00:31:25.172Z","iobWithZeroTemp":{"iob":-0.544,"basaliob":-0.67,"bolussnooze":0,"activity":-0.0041,"lastBolusTime":1703370988000,"time":"2023-12-24T00:31:25.172Z"}},{"iob":-0.044,"basaliob":-0.16,"bolussnooze":0,"activity":-4.0E-4,"lastBolusTime":1703370988000,"time":"2023-12-24T00:36:25.172Z","iobWithZeroTemp":{"iob":-0.551,"basaliob":-0.667,"bolussnooze":0,"activity":-0.0043,"lastBolusTime":1703370988000,"time":"2023-12-24T00:36:25.172Z"}},{"iob":-0.043,"basaliob":-0.149,"bolussnooze":0,"activity":-3.0E-4,"lastBolusTime":1703370988000,"time":"2023-12-24T00:41:25.172Z","iobWithZeroTemp":{"iob":-0.559,"basaliob":-0.665,"bolussnooze":0,"activity":-0.0044,"lastBolusTime":1703370988000,"time":"2023-12-24T00:41:25.172Z"}},{"iob":-0.041,"basaliob":-0.138,"bolussnooze":0,"activity":-4.0E-4,"lastBolusTime":1703370988000,"time":"2023-12-24T00:46:25.172Z","iobWithZeroTemp":{"iob":-0.566,"basaliob":-0.663,"bolussnooze":0,"activity":-0.0046,"lastBolusTime":1703370988000,"time":"2023-12-24T00:46:25.172Z"}},{"iob":-0.039,"basaliob":-0.128,"bolussnooze":0,"activity":-4.0E-4,"lastBolusTime":1703370988000,"time":"2023-12-24T00:51:25.172Z","iobWithZeroTemp":{"iob":-0.571,"basaliob":-0.66,"bolussnooze":0,"activity":-0.0047,"lastBolusTime":1703370988000,"time":"2023-12-24T00:51:25.172Z"}},{"iob":-0.037,"basaliob":-0.118,"bolussnooze":0,"activity":-3.0E-4,"lastBolusTime":1703370988000,"time":"2023-12-24T00:56:25.172Z","iobWithZeroTemp":{"iob":-0.577,"basaliob":-0.658,"bolussnooze":0,"activity":-0.0047,"lastBolusTime":1703370988000,"time":"2023-12-24T00:56:25.172Z"}},{"iob":-0.035,"basaliob":-0.109,"bolussnooze":0,"activity":-4.0E-4,"lastBolusTime":1703370988000,"time":"2023-12-24T01:01:25.172Z","iobWithZeroTemp":{"iob":-0.581,"basaliob":-0.655,"bolussnooze":0,"activity":-0.005,"lastBolusTime":1703370988000,"time":"2023-12-24T01:01:25.172Z"}},{"iob":-0.033,"basaliob":-0.101,"bolussnooze":0,"activity":-4.0E-4,"lastBolusTime":1703370988000,"time":"2023-12-24T01:06:25.172Z","iobWithZeroTemp":{"iob":-0.579,"basaliob":-0.647,"bolussnooze":0,"activity":-0.0051,"lastBolusTime":1703370988000,"time":"2023-12-24T01:06:25.172Z"}},{"iob":-0.031,"basaliob":-0.093,"bolussnooze":0,"activity":-4.0E-4,"lastBolusTime":1703370988000,"time":"2023-12-24T01:11:25.172Z","iobWithZeroTemp":{"iob":-0.576,"basaliob":-0.638,"bolussnooze":0,"activity":-0.0051,"lastBolusTime":1703370988000,"time":"2023-12-24T01:11:25.172Z"}},{"iob":-0.03,"basaliob":-0.086,"bolussnooze":0,"activity":-4.0E-4,"lastBolusTime":1703370988000,"time":"2023-12-24T01:16:25.172Z","iobWithZeroTemp":{"iob":-0.574,"basaliob":-0.63,"bolussnooze":0,"activity":-0.0052,"lastBolusTime":1703370988000,"time":"2023-12-24T01:16:25.172Z"}},{"iob":-0.028,"basaliob":-0.079,"bolussnooze":0,"activity":-3.0E-4,"lastBolusTime":1703370988000,"time":"2023-12-24T01:21:25.172Z","iobWithZeroTemp":{"iob":-0.57,"basaliob":-0.621,"bolussnooze":0,"activity":-0.0052,"lastBolusTime":1703370988000,"time":"2023-12-24T01:21:25.172Z"}},{"iob":-0.026,"basaliob":-0.073,"bolussnooze":0,"activity":-3.0E-4,"lastBolusTime":1703370988000,"time":"2023-12-24T01:26:25.172Z","iobWithZeroTemp":{"iob":-0.566,"basaliob":-0.613,"bolussnooze":0,"activity":-0.0052,"lastBolusTime":1703370988000,"time":"2023-12-24T01:26:25.172Z"}},{"iob":-0.025,"basaliob":-0.067,"bolussnooze":0,"activity":-3.0E-4,"lastBolusTime":1703370988000,"time":"2023-12-24T01:31:25.172Z","iobWithZeroTemp":{"iob":-0.563,"basaliob":-0.605,"bolussnooze":0,"activity":-0.0052,"lastBolusTime":1703370988000,"time":"2023-12-24T01:31:25.172Z"}},{"iob":-0.023,"basaliob":-0.062,"bolussnooze":0,"activity":-3.0E-4,"lastBolusTime":1703370988000,"time":"2023-12-24T01:36:25.172Z","iobWithZeroTemp":{"iob":-0.559,"basaliob":-0.598,"bolussnooze":0,"activity":-0.0053,"lastBolusTime":1703370988000,"time":"2023-12-24T01:36:25.172Z"}},{"iob":-0.022,"basaliob":-0.057,"bolussnooze":0,"activity":-3.0E-4,"lastBolusTime":1703370988000,"time":"2023-12-24T01:41:25.172Z","iobWithZeroTemp":{"iob":-0.556,"basaliob":-0.591,"bolussnooze":0,"activity":-0.0053,"lastBolusTime":1703370988000,"time":"2023-12-24T01:41:25.172Z"}},{"iob":-0.02,"basaliob":-0.052,"bolussnooze":0,"activity":-3.0E-4,"lastBolusTime":1703370988000,"time":"2023-12-24T01:46:25.172Z","iobWithZeroTemp":{"iob":-0.552,"basaliob":-0.584,"bolussnooze":0,"activity":-0.0053,"lastBolusTime":1703370988000,"time":"2023-12-24T01:46:25.172Z"}},{"iob":-0.019,"basaliob":-0.048,"bolussnooze":0,"activity":-2.0E-4,"lastBolusTime":1703370988000,"time":"2023-12-24T01:51:25.172Z","iobWithZeroTemp":{"iob":-0.548,"basaliob":-0.577,"bolussnooze":0,"activity":-0.0052,"lastBolusTime":1703370988000,"time":"2023-12-24T01:51:25.172Z"}},{"iob":-0.018,"basaliob":-0.044,"bolussnooze":0,"activity":-3.0E-4,"lastBolusTime":1703370988000,"time":"2023-12-24T01:56:25.172Z","iobWithZeroTemp":{"iob":-0.545,"basaliob":-0.571,"bolussnooze":0,"activity":-0.0053,"lastBolusTime":1703370988000,"time":"2023-12-24T01:56:25.172Z"}},{"iob":-0.017,"basaliob":-0.041,"bolussnooze":0,"activity":-2.0E-4,"lastBolusTime":1703370988000,"time":"2023-12-24T02:01:25.172Z","iobWithZeroTemp":{"iob":-0.542,"basaliob":-0.566,"bolussnooze":0,"activity":-0.0052,"lastBolusTime":1703370988000,"time":"2023-12-24T02:01:25.172Z"}},{"iob":-0.016,"basaliob":-0.037,"bolussnooze":0,"activity":-3.0E-4,"lastBolusTime":1703370988000,"time":"2023-12-24T02:06:25.172Z","iobWithZeroTemp":{"iob":-0.538,"basaliob":-0.559,"bolussnooze":0,"activity":-0.0053,"lastBolusTime":1703370988000,"time":"2023-12-24T02:06:25.172Z"}},{"iob":-0.015,"basaliob":-0.034,"bolussnooze":0,"activity":-2.0E-4,"lastBolusTime":1703370988000,"time":"2023-12-24T02:11:25.172Z","iobWithZeroTemp":{"iob":-0.535,"basaliob":-0.554,"bolussnooze":0,"activity":-0.0052,"lastBolusTime":1703370988000,"time":"2023-12-24T02:11:25.172Z"}},{"iob":-0.014,"basaliob":-0.031,"bolussnooze":0,"activity":-2.0E-4,"lastBolusTime":1703370988000,"time":"2023-12-24T02:16:25.172Z","iobWithZeroTemp":{"iob":-0.532,"basaliob":-0.549,"bolussnooze":0,"activity":-0.0052,"lastBolusTime":1703370988000,"time":"2023-12-24T02:16:25.172Z"}},{"iob":-0.012,"basaliob":-0.028,"bolussnooze":0,"activity":-2.0E-4,"lastBolusTime":1703370988000,"time":"2023-12-24T02:21:25.172Z","iobWithZeroTemp":{"iob":-0.527,"basaliob":-0.543,"bolussnooze":0,"activity":-0.0051,"lastBolusTime":1703370988000,"time":"2023-12-24T02:21:25.172Z"}},{"iob":-0.012,"basaliob":-0.026,"bolussnooze":0,"activity":-2.0E-4,"lastBolusTime":1703370988000,"time":"2023-12-24T02:26:25.172Z","iobWithZeroTemp":{"iob":-0.525,"basaliob":-0.539,"bolussnooze":0,"activity":-0.0051,"lastBolusTime":1703370988000,"time":"2023-12-24T02:26:25.172Z"}},{"iob":-0.011,"basaliob":-0.024,"bolussnooze":0,"activity":-1.0E-4,"lastBolusTime":1703370988000,"time":"2023-12-24T02:31:25.172Z","iobWithZeroTemp":{"iob":-0.522,"basaliob":-0.535,"bolussnooze":0,"activity":-0.005,"lastBolusTime":1703370988000,"time":"2023-12-24T02:31:25.172Z"}},{"iob":-0.011,"basaliob":-0.022,"bolussnooze":0,"activity":-2.0E-4,"lastBolusTime":1703370988000,"time":"2023-12-24T02:36:25.172Z","iobWithZeroTemp":{"iob":-0.52,"basaliob":-0.531,"bolussnooze":0,"activity":-0.0051,"lastBolusTime":1703370988000,"time":"2023-12-24T02:36:25.172Z"}},{"iob":-0.01,"basaliob":-0.02,"bolussnooze":0,"activity":-2.0E-4,"lastBolusTime":1703370988000,"time":"2023-12-24T02:41:25.172Z","iobWithZeroTemp":{"iob":-0.517,"basaliob":-0.527,"bolussnooze":0,"activity":-0.0051,"lastBolusTime":1703370988000,"time":"2023-12-24T02:41:25.172Z"}},{"iob":-0.009,"basaliob":-0.018,"bolussnooze":0,"activity":-1.0E-4,"lastBolusTime":1703370988000,"time":"2023-12-24T02:46:25.172Z","iobWithZeroTemp":{"iob":-0.514,"basaliob":-0.523,"bolussnooze":0,"activity":-0.005,"lastBolusTime":1703370988000,"time":"2023-12-24T02:46:25.172Z"}},{"iob":-0.008,"basaliob":-0.016,"bolussnooze":0,"activity":-1.0E-4,"lastBolusTime":1703370988000,"time":"2023-12-24T02:51:25.172Z","iobWithZeroTemp":{"iob":-0.511,"basaliob":-0.519,"bolussnooze":0,"activity":-0.005,"lastBolusTime":1703370988000,"time":"2023-12-24T02:51:25.172Z"}}],"profile":{"max_iob":7,"type":"current","max_daily_basal":0.45,"max_basal":1.35,"min_bg":143.99999999999991,"max_bg":143.99999999999991,"target_bg":143.99999999999991,"carb_ratio":11,"sens":369,"max_daily_safety_multiplier":3,"current_basal_safety_multiplier":4,"lgsThreshold":65,"high_temptarget_raises_sensitivity":false,"low_temptarget_lowers_sensitivity":false,"sensitivity_raises_target":true,"resistance_lowers_target":true,"adv_target_adjustments":false,"exercise_mode":false,"half_basal_exercise_target":160,"maxCOB":120,"skip_neutral_temps":false,"remainingCarbsCap":90,"enableUAM":true,"A52_risk_enable":false,"SMBInterval":4,"enableSMB_with_COB":true,"enableSMB_with_temptarget":false,"allowSMB_with_high_temptarget":true,"enableSMB_always":true,"enableSMB_after_carbs":false,"maxSMBBasalMinutes":60,"maxUAMSMBBasalMinutes":60,"bolus_increment":0.05,"carbsReqThreshold":10,"current_basal":0.45,"temptargetSet":true,"autosens_max":1.2,"autosens_min":0.8,"out_units":"mmol\/L","variable_sens":219.4,"insulinDivisor":65,"TDD":11.834023028571428},"autosens_data":{"ratio":1.165408328568888},"meal_data":{"carbs":20,"mealCOB":6.33024522979925,"slopeFromMaxDeviation":-2.258,"slopeFromMinDeviation":0,"lastBolusTime":1703370988000,"lastCarbTime":1703358152209},"microBolusAllowed":true,"currentTime":1703372187200,"flatBGsDetected":false,"tdd1D":36.190166666666634,"tdd7D":31.004297619047623,"tddLast24H":36.132666666666644,"tddLast4H":3.015,"tddLast8to4H":10.453333333333335},"output":{"temp":"absolute","bg":65,"tick":-7,"eventualBG":93,"targetBG":143.99999999999991,"insulinReq":0,"deliverAt":"2023-12-23T22:56:27.200Z","sensitivityRatio":1.165408328568888,"variable_sens":219.4,"predBGs":{"IOB":[65,58,51,45,40,39,39,39,39,39,39,39,39,39,39,39,39,39,39,39,39,39,39,39,39,39,39,39,39,39,39,39,39,39,39,39,39,39,39,39,39,39,39,40,40,40,41],"ZT":[65,63,61,60,59,59,59,59,60,62,63,65,68,70,73,76,79,83,86,90,93,97,101,104,108,112,116,119,123,127,131,134,138,141],"COB":[65,58,51,46,41,39,39,39,39,39,39,39,39,39,39,39,39,39,39,39,39,41,42,44,45,47,48,50,52,54,56,58,60,62,64,66,68,70,72,74,76,79,81,83,86,88,91,93],"UAM":[65,58,51,45,40,39,39,39,39,39,39,39,39,39,39,39,39,39,39,39,39,39,39,39,39,39,39,39,39,39,39,39,39,39,39,39,39,39,39,39,39,39,39,40,40,40,41]},"reason":"COB: 6.3, Dev: -0.2, BGI: -0.1, ISF: 12.2, CR: 11, Target: 8.0, minPredBG 2.6, minGuardBG 1.4, IOBpredBG 2.3, COBpredBG 5.2, UAMpredBG 2.3; minGuardBG 1.4<5.1","COB":6.33024522979925,"IOB":-0.026,"duration":60,"rate":0,"timestamp":"2023-12-23T22:56:27.227Z"}}