{"algorithm":"OpenAPSSMBDynamicISFPlugin","input":{"glucoseStatus":{"glucose":146,"noise":0,"delta":0,"short_avgdelta":0.25,"long_avgdelta":-2.15,"date":1703561210824},"currenttemp":{"temp":"absolute","duration":105,"rate":0,"minutesrunning":15},"iob_data":[{"iob":0.67,"basaliob":-0.396,"bolussnooze":0,"activity":0.0089,"lastBolusTime":1703557942000,"time":"2023-12-26T03:27:08.738Z","iobWithZeroTemp":{"iob":0.67,"basaliob":-0.396,"bolussnooze":0,"activity":0.0089,"lastBolusTime":1703557942000,"time":"2023-12-26T03:27:08.738Z"}},{"iob":0.626,"basaliob":-0.379,"bolussnooze":0,"activity":0.0085,"lastBolusTime":1703557942000,"time":"2023-12-26T03:32:08.738Z","iobWithZeroTemp":{"iob":0.606,"basaliob":-0.399,"bolussnooze":0,"activity":0.0085,"lastBolusTime":1703557942000,"time":"2023-12-26T03:32:08.738Z"}},{"iob":0.585,"basaliob":-0.362,"bolussnooze":0,"activity":0.0081,"lastBolusTime":1703557942000,"time":"2023-12-26T03:37:08.738Z","iobWithZeroTemp":{"iob":0.54,"basaliob":-0.407,"bolussnooze":0,"activity":0.008,"lastBolusTime":1703557942000,"time":"2023-12-26T03:37:08.738Z"}},{"iob":0.546,"basaliob":-0.345,"bolussnooze":0,"activity":0.0076,"lastBolusTime":1703557942000,"time":"2023-12-26T03:42:08.738Z","iobWithZeroTemp":{"iob":0.477,"basaliob":-0.414,"bolussnooze":0,"activity":0.0075,"lastBolusTime":1703557942000,"time":"2023-12-26T03:42:08.738Z"}},{"iob":0.509,"basaliob":-0.328,"bolussnooze":0,"activity":0.0072,"lastBolusTime":1703557942000,"time":"2023-12-26T03:47:08.738Z","iobWithZeroTemp":{"iob":0.416,"basaliob":-0.421,"bolussnooze":0,"activity":0.007,"lastBolusTime":1703557942000,"time":"2023-12-26T03:47:08.738Z"}},{"iob":0.474,"basaliob":-0.311,"bolussnooze":0,"activity":0.0068,"lastBolusTime":1703557942000,"time":"2023-12-26T03:52:08.738Z","iobWithZeroTemp":{"iob":0.357,"basaliob":-0.428,"bolussnooze":0,"activity":0.0064,"lastBolusTime":1703557942000,"time":"2023-12-26T03:52:08.738Z"}},{"iob":0.441,"basaliob":-0.295,"bolussnooze":0,"activity":0.0064,"lastBolusTime":1703557942000,"time":"2023-12-26T03:57:08.738Z","iobWithZeroTemp":{"iob":0.301,"basaliob":-0.435,"bolussnooze":0,"activity":0.0059,"lastBolusTime":1703557942000,"time":"2023-12-26T03:57:08.738Z"}},{"iob":0.41,"basaliob":-0.279,"bolussnooze":0,"activity":0.0059,"lastBolusTime":1703557942000,"time":"2023-12-26T04:02:08.738Z","iobWithZeroTemp":{"iob":0.248,"basaliob":-0.441,"bolussnooze":0,"activity":0.0052,"lastBolusTime":1703557942000,"time":"2023-12-26T04:02:08.738Z"}},{"iob":0.381,"basaliob":-0.263,"bolussnooze":0,"activity":0.0056,"lastBolusTime":1703557942000,"time":"2023-12-26T04:07:08.738Z","iobWithZeroTemp":{"iob":0.19,"basaliob":-0.454,"bolussnooze":0,"activity":0.0048,"lastBolusTime":1703557942000,"time":"2023-12-26T04:07:08.738Z"}},{"iob":0.354,"basaliob":-0.248,"bolussnooze":0,"activity":0.0052,"lastBolusTime":1703557942000,"time":"2023-12-26T04:12:08.738Z","iobWithZeroTemp":{"iob":0.134,"basaliob":-0.468,"bolussnooze":0,"activity":0.0042,"lastBolusTime":1703557942000,"time":"2023-12-26T04:12:08.738Z"}},{"iob":0.328,"basaliob":-0.234,"bolussnooze":0,"activity":0.005,"lastBolusTime":1703557942000,"time":"2023-12-26T04:17:08.738Z","iobWithZeroTemp":{"iob":0.073,"basaliob":-0.489,"bolussnooze":0,"activity":0.0038,"lastBolusTime":1703557942000,"time":"2023-12-26T04:17:08.738Z"}},{"iob":0.304,"basaliob":-0.22,"bolussnooze":0,"activity":0.0047,"lastBolusTime":1703557942000,"time":"2023-12-26T04:22:08.738Z","iobWithZeroTemp":{"iob":0.022,"basaliob":-0.502,"bolussnooze":0,"activity":0.0033,"lastBolusTime":1703557942000,"time":"2023-12-26T04:22:08.738Z"}},{"iob":0.283,"basaliob":-0.206,"bolussnooze":0,"activity":0.0043,"lastBolusTime":1703557942000,"time":"2023-12-26T04:27:08.738Z","iobWithZeroTemp":{"iob":-0.024,"basaliob":-0.513,"bolussnooze":0,"activity":0.0026,"lastBolusTime":1703557942000,"time":"2023-12-26T04:27:08.738Z"}},{"iob":0.261,"basaliob":-0.194,"bolussnooze":0,"activity":0.004,"lastBolusTime":1703557942000,"time":"2023-12-26T04:32:08.738Z","iobWithZeroTemp":{"iob":-0.071,"basaliob":-0.526,"bolussnooze":0,"activity":0.0021,"lastBolusTime":1703557942000,"time":"2023-12-26T04:32:08.738Z"}},{"iob":0.242,"basaliob":-0.181,"bolussnooze":0,"activity":0.0037,"lastBolusTime":1703557942000,"time":"2023-12-26T04:37:08.738Z","iobWithZeroTemp":{"iob":-0.113,"basaliob":-0.536,"bolussnooze":0,"activity":0.0016,"lastBolusTime":1703557942000,"time":"2023-12-26T04:37:08.738Z"}},{"iob":0.223,"basaliob":-0.17,"bolussnooze":0,"activity":0.0035,"lastBolusTime":1703557942000,"time":"2023-12-26T04:42:08.738Z","iobWithZeroTemp":{"iob":-0.154,"basaliob":-0.547,"bolussnooze":0,"activity":0.0012,"lastBolusTime":1703557942000,"time":"2023-12-26T04:42:08.738Z"}},{"iob":0.206,"basaliob":-0.159,"bolussnooze":0,"activity":0.0033,"lastBolusTime":1703557942000,"time":"2023-12-26T04:47:08.738Z","iobWithZeroTemp":{"iob":-0.193,"basaliob":-0.558,"bolussnooze":0,"activity":8.0E-4,"lastBolusTime":1703557942000,"time":"2023-12-26T04:47:08.738Z"}},{"iob":0.191,"basaliob":-0.148,"bolussnooze":0,"activity":0.0031,"lastBolusTime":1703557942000,"time":"2023-12-26T04:52:08.738Z","iobWithZeroTemp":{"iob":-0.228,"basaliob":-0.567,"bolussnooze":0,"activity":3.0E-4,"lastBolusTime":1703557942000,"time":"2023-12-26T04:52:08.738Z"}},{"iob":0.176,"basaliob":-0.138,"bolussnooze":0,"activity":0.0029,"lastBolusTime":1703557942000,"time":"2023-12-26T04:57:08.738Z","iobWithZeroTemp":{"iob":-0.262,"basaliob":-0.576,"bolussnooze":0,"activity":-1.0E-4,"lastBolusTime":1703557942000,"time":"2023-12-26T04:57:08.738Z"}},{"iob":0.162,"basaliob":-0.129,"bolussnooze":0,"activity":0.0027,"lastBolusTime":1703557942000,"time":"2023-12-26T05:02:08.738Z","iobWithZeroTemp":{"iob":-0.294,"basaliob":-0.585,"bolussnooze":0,"activity":-5.0E-4,"lastBolusTime":1703557942000,"time":"2023-12-26T05:02:08.738Z"}},{"iob":0.15,"basaliob":-0.12,"bolussnooze":0,"activity":0.0025,"lastBolusTime":1703557942000,"time":"2023-12-26T05:07:08.738Z","iobWithZeroTemp":{"iob":-0.323,"basaliob":-0.593,"bolussnooze":0,"activity":-9.0E-4,"lastBolusTime":1703557942000,"time":"2023-12-26T05:07:08.738Z"}},{"iob":0.138,"basaliob":-0.112,"bolussnooze":0,"activity":0.0023,"lastBolusTime":1703557942000,"time":"2023-12-26T05:12:08.738Z","iobWithZeroTemp":{"iob":-0.351,"basaliob":-0.601,"bolussnooze":0,"activity":-0.0013,"lastBolusTime":1703557942000,"time":"2023-12-26T05:12:08.738Z"}},{"iob":0.127,"basaliob":-0.104,"bolussnooze":0,"activity":0.0021,"lastBolusTime":1703557942000,"time":"2023-12-26T05:17:08.738Z","iobWithZeroTemp":{"iob":-0.377,"basaliob":-0.608,"bolussnooze":0,"activity":-0.0016,"lastBolusTime":1703557942000,"time":"2023-12-26T05:17:08.738Z"}},{"iob":0.116,"basaliob":-0.097,"bolussnooze":0,"activity":0.002,"lastBolusTime":1703557942000,"time":"2023-12-26T05:22:08.738Z","iobWithZeroTemp":{"iob":-0.402,"basaliob":-0.615,"bolussnooze":0,"activity":-0.0019,"lastBolusTime":1703557942000,"time":"2023-12-26T05:22:08.738Z"}},{"iob":0.107,"basaliob":-0.09,"bolussnooze":0,"activity":0.0019,"lastBolusTime":1703557942000,"time":"2023-12-26T05:27:08.738Z","iobWithZeroTemp":{"iob":-0.424,"basaliob":-0.621,"bolussnooze":0,"activity":-0.0022,"lastBolusTime":1703557942000,"time":"2023-12-26T05:27:08.738Z"}},{"iob":0.099,"basaliob":-0.083,"bolussnooze":0,"activity":0.0016,"lastBolusTime":1703557942000,"time":"2023-12-26T05:32:08.738Z","iobWithZeroTemp":{"iob":-0.445,"basaliob":-0.627,"bolussnooze":0,"activity":-0.0026,"lastBolusTime":1703557942000,"time":"2023-12-26T05:32:08.738Z"}},{"iob":0.091,"basaliob":-0.077,"bolussnooze":0,"activity":0.0015,"lastBolusTime":1703557942000,"time":"2023-12-26T05:37:08.738Z","iobWithZeroTemp":{"iob":-0.464,"basaliob":-0.632,"bolussnooze":0,"activity":-0.0029,"lastBolusTime":1703557942000,"time":"2023-12-26T05:37:08.738Z"}},{"iob":0.083,"basaliob":-0.071,"bolussnooze":0,"activity":0.0014,"lastBolusTime":1703557942000,"time":"2023-12-26T05:42:08.738Z","iobWithZeroTemp":{"iob":-0.483,"basaliob":-0.637,"bolussnooze":0,"activity":-0.0031,"lastBolusTime":1703557942000,"time":"2023-12-26T05:42:08.738Z"}},{"iob":0.076,"basaliob":-0.066,"bolussnooze":0,"activity":0.0014,"lastBolusTime":1703557942000,"time":"2023-12-26T05:47:08.738Z","iobWithZeroTemp":{"iob":-0.501,"basaliob":-0.643,"bolussnooze":0,"activity":-0.0033,"lastBolusTime":1703557942000,"time":"2023-12-26T05:47:08.738Z"}},{"iob":0.07,"basaliob":-0.061,"bolussnooze":0,"activity":0.0012,"lastBolusTime":1703557942000,"time":"2023-12-26T05:52:08.738Z","iobWithZeroTemp":{"iob":-0.516,"basaliob":-0.647,"bolussnooze":0,"activity":-0.0036,"lastBolusTime":1703557942000,"time":"2023-12-26T05:52:08.738Z"}},{"iob":0.063,"basaliob":-0.057,"bolussnooze":0,"activity":0.0011,"lastBolusTime":1703557942000,"time":"2023-12-26T05:57:08.738Z","iobWithZeroTemp":{"iob":-0.532,"basaliob":-0.652,"bolussnooze":0,"activity":-0.0038,"lastBolusTime":1703557942000,"time":"2023-12-26T05:57:08.738Z"}},{"iob":0.058,"basaliob":-0.052,"bolussnooze":0,"activity":0.0011,"lastBolusTime":1703557942000,"time":"2023-12-26T06:02:08.738Z","iobWithZeroTemp":{"iob":-0.546,"basaliob":-0.656,"bolussnooze":0,"activity":-0.004,"lastBolusTime":1703557942000,"time":"2023-12-26T06:02:08.738Z"}},{"iob":0.053,"basaliob":-0.048,"bolussnooze":0,"activity":9.0E-4,"lastBolusTime":1703557942000,"time":"2023-12-26T06:07:08.738Z","iobWithZeroTemp":{"iob":-0.558,"basaliob":-0.659,"bolussnooze":0,"activity":-0.0043,"lastBolusTime":1703557942000,"time":"2023-12-26T06:07:08.738Z"}},{"iob":0.048,"basaliob":-0.045,"bolussnooze":0,"activity":9.0E-4,"lastBolusTime":1703557942000,"time":"2023-12-26T06:12:08.738Z","iobWithZeroTemp":{"iob":-0.571,"basaliob":-0.664,"bolussnooze":0,"activity":-0.0044,"lastBolusTime":1703557942000,"time":"2023-12-26T06:12:08.738Z"}},{"iob":0.044,"basaliob":-0.041,"bolussnooze":0,"activity":8.0E-4,"lastBolusTime":1703557942000,"time":"2023-12-26T06:17:08.738Z","iobWithZeroTemp":{"iob":-0.581,"basaliob":-0.666,"bolussnooze":0,"activity":-0.0046,"lastBolusTime":1703557942000,"time":"2023-12-26T06:17:08.738Z"}},{"iob":0.04,"basaliob":-0.038,"bolussnooze":0,"activity":8.0E-4,"lastBolusTime":1703557942000,"time":"2023-12-26T06:22:08.738Z","iobWithZeroTemp":{"iob":-0.592,"basaliob":-0.67,"bolussnooze":0,"activity":-0.0047,"lastBolusTime":1703557942000,"time":"2023-12-26T06:22:08.738Z"}},{"iob":0.037,"basaliob":-0.035,"bolussnooze":0,"activity":7.0E-4,"lastBolusTime":1703557942000,"time":"2023-12-26T06:27:08.738Z","iobWithZeroTemp":{"iob":-0.6,"basaliob":-0.672,"bolussnooze":0,"activity":-0.0048,"lastBolusTime":1703557942000,"time":"2023-12-26T06:27:08.738Z"}},{"iob":0.033,"basaliob":-0.032,"bolussnooze":0,"activity":7.0E-4,"lastBolusTime":1703557942000,"time":"2023-12-26T06:32:08.738Z","iobWithZeroTemp":{"iob":-0.61,"basaliob":-0.675,"bolussnooze":0,"activity":-0.0049,"lastBolusTime":1703557942000,"time":"2023-12-26T06:32:08.738Z"}},{"iob":0.031,"basaliob":-0.029,"bolussnooze":0,"activity":6.0E-4,"lastBolusTime":1703557942000,"time":"2023-12-26T06:37:08.738Z","iobWithZeroTemp":{"iob":-0.617,"basaliob":-0.677,"bolussnooze":0,"activity":-0.0051,"lastBolusTime":1703557942000,"time":"2023-12-26T06:37:08.738Z"}},{"iob":0.028,"basaliob":-0.027,"bolussnooze":0,"activity":5.0E-4,"lastBolusTime":1703557942000,"time":"2023-12-26T06:42:08.738Z","iobWithZeroTemp":{"iob":-0.624,"basaliob":-0.679,"bolussnooze":0,"activity":-0.0053,"lastBolusTime":1703557942000,"time":"2023-12-26T06:42:08.738Z"}},{"iob":0.025,"basaliob":-0.025,"bolussnooze":0,"activity":5.0E-4,"lastBolusTime":1703557942000,"time":"2023-12-26T06:47:08.738Z","iobWithZeroTemp":{"iob":-0.632,"basaliob":-0.682,"bolussnooze":0,"activity":-0.0053,"lastBolusTime":1703557942000,"time":"2023-12-26T06:47:08.738Z"}},{"iob":0.022,"basaliob":-0.023,"bolussnooze":0,"activity":4.0E-4,"lastBolusTime":1703557942000,"time":"2023-12-26T06:52:08.738Z","iobWithZeroTemp":{"iob":-0.639,"basaliob":-0.684,"bolussnooze":0,"activity":-0.0055,"lastBolusTime":1703557942000,"time":"2023-12-26T06:52:08.738Z"}},{"iob":0.02,"basaliob":-0.021,"bolussnooze":0,"activity":4.0E-4,"lastBolusTime":1703557942000,"time":"2023-12-26T06:57:08.738Z","iobWithZeroTemp":{"iob":-0.644,"basaliob":-0.685,"bolussnooze":0,"activity":-0.0056,"lastBolusTime":1703557942000,"time":"2023-12-26T06:57:08.738Z"}},{"iob":0.019,"basaliob":-0.019,"bolussnooze":0,"activity":4.0E-4,"lastBolusTime":1703557942000,"time":"2023-12-26T07:02:08.738Z","iobWithZeroTemp":{"iob":-0.649,"basaliob":-0.687,"bolussnooze":0,"activity":-0.0056,"lastBolusTime":1703557942000,"time":"2023-12-26T07:02:08.738Z"}},{"iob":0.016,"basaliob":-0.018,"bolussnooze":0,"activity":4.0E-4,"lastBolusTime":1703557942000,"time":"2023-12-26T07:07:08.738Z","iobWithZeroTemp":{"iob":-0.655,"basaliob":-0.689,"bolussnooze":0,"activity":-0.0057,"lastBolusTime":1703557942000,"time":"2023-12-26T07:07:08.738Z"}},{"iob":0.015,"basaliob":-0.016,"bolussnooze":0,"activity":3.0E-4,"lastBolusTime":1703557942000,"time":"2023-12-26T07:12:08.738Z","iobWithZeroTemp":{"iob":-0.659,"basaliob":-0.69,"bolussnooze":0,"activity":-0.0058,"lastBolusTime":1703557942000,"time":"2023-12-26T07:12:08.738Z"}},{"iob":0.013,"basaliob":-0.015,"bolussnooze":0,"activity":3.0E-4,"lastBolusTime":1703557942000,"time":"2023-12-26T07:17:08.738Z","iobWithZeroTemp":{"iob":-0.664,"basaliob":-0.692,"bolussnooze":0,"activity":-0.0059,"lastBolusTime":1703557942000,"time":"2023-12-26T07:17:08.738Z"}},{"iob":0.013,"basaliob":-0.013,"bolussnooze":0,"activity":3.0E-4,"lastBolusTime":1703557942000,"time":"2023-12-26T07:22:08.738Z","iobWithZeroTemp":{"iob":-0.666,"basaliob":-0.692,"bolussnooze":0,"activity":-0.0059,"lastBolusTime":1703557942000,"time":"2023-12-26T07:22:08.738Z"}}],"profile":{"max_iob":7,"type":"current","max_daily_basal":0.45,"max_basal":1.2,"min_bg":106.2,"max_bg":106.2,"target_bg":106.2,"carb_ratio":11,"sens":369,"max_daily_safety_multiplier":3,"current_basal_safety_multiplier":4,"lgsThreshold":65,"high_temptarget_raises_sensitivity":false,"low_temptarget_lowers_sensitivity":false,"sensitivity_raises_target":true,"resistance_lowers_target":true,"adv_target_adjustments":false,"exercise_mode":false,"half_basal_exercise_target":160,"maxCOB":120,"skip_neutral_temps":false,"remainingCarbsCap":90,"enableUAM":true,"A52_risk_enable":false,"SMBInterval":4,"enableSMB_with_COB":true,"enableSMB_with_temptarget":false,"allowSMB_with_high_temptarget":true,"enableSMB_always":true,"enableSMB_after_carbs":false,"maxSMBBasalMinutes":60,"maxUAMSMBBasalMinutes":60,"bolus_increment":0.05,"carbsReqThreshold":10,"current_basal":0.3,"temptargetSet":false,"autosens_max":1.2,"autosens_min":0.8,"out_units":"mmol\/L","variable_sens":146.9,"insulinDivisor":65,"TDD":10.40564000571429},"autosens_data":{"ratio":1.1088088865545043},"meal_data":{"carbs":5,"mealCOB":0,"slopeFromMaxDeviation":-0.6195454545454546,"slopeFromMinDeviation":0.5021666666666667,"lastBolusTime":1703557942000,"lastCarbTime":1703552584000},"microBolusAllowed":true,"currentTime":1703561231881,"flatBGsDetected":false,"tdd1D":33.75158333333334,"tdd7D":31.95839285714286,"tddLast24H":35.43575,"tddLast4H":2.7486666666666673,"tddLast8to4H":5.20375},"output":{"temp":"absolute","bg":146,"tick":"+0","eventualBG":87,"targetBG":102,"insulinReq":0,"deliverAt":"2023-12-26T03:27:11.881Z","sensitivityRatio":1.1088088865545043,"variable_sens":146.9,"predBGs":{"IOB":[146,145,145,143,142,141,139,137,134,132,129,125,121,118,114,111,108,105,103,100,97,95,93,91,89,87,85,84,82,81,80,78,77,76,75,74,73,73,72,71,70,70,69,69,68,68,68,67],"ZT":[146,139,133,127,121,115,110,104,100,95,91,88,84,82,79,78,76,75,75,75,76,77,78,80,82,84,87,90,93,96,100],"UAM":[146,145,144,143,141,139,137,134,131,128,124,120,116,112,109,106,103,100,97,94,91,89,87,84,82,80,79,77,75,74,72,71,70,69,68,67,66,65,64,63,63,62,62,61,60,60,60,59]},"reason":"COB: 0, Dev: 2.2, BGI: -0.4, ISF: 8.2, CR: 11, Target: 5.7, minPredBG 3.7, minGuardBG 3.3, IOBpredBG 3.7, UAMpredBG 3.3; minGuardBG 3.3<3.9 105m left and 0 ~ req 0U\/hr: no temp required","COB":0,"IOB":0.67,"timestamp":"2023-12-26T03:27:11.906Z"}}