{"algorithm":"OpenAPSSMBDynamicISFPlugin","input":{"glucoseStatus":{"glucose":142,"noise":0,"delta":-3,"short_avgdelta":-1.67,"long_avgdelta":-2.52,"date":1703934417343},"currenttemp":{"temp":"absolute","duration":10,"rate":0,"minutesrunning":110},"iob_data":[{"iob":1.071,"basaliob":-0.661,"bolussnooze":0.0416,"activity":0.0158,"lastBolusTime":1703932347000,"time":"2023-12-30T11:07:24.422Z","iobWithZeroTemp":{"iob":1.071,"basaliob":-0.661,"bolussnooze":0.0416,"activity":0.0158,"lastBolusTime":1703932347000,"time":"2023-12-30T11:07:24.422Z"}},{"iob":0.995,"basaliob":-0.631,"bolussnooze":0.034,"activity":0.0147,"lastBolusTime":1703932347000,"time":"2023-12-30T11:12:24.422Z","iobWithZeroTemp":{"iob":0.968,"basaliob":-0.658,"bolussnooze":0.034,"activity":0.0147,"lastBolusTime":1703932347000,"time":"2023-12-30T11:12:24.422Z"}},{"iob":0.923,"basaliob":-0.602,"bolussnooze":0.0276,"activity":0.0139,"lastBolusTime":1703932347000,"time":"2023-12-30T11:17:24.422Z","iobWithZeroTemp":{"iob":0.863,"basaliob":-0.662,"bolussnooze":0.0276,"activity":0.0138,"lastBolusTime":1703932347000,"time":"2023-12-30T11:17:24.422Z"}},{"iob":0.856,"basaliob":-0.572,"bolussnooze":0.0224,"activity":0.013,"lastBolusTime":1703932347000,"time":"2023-12-30T11:22:24.422Z","iobWithZeroTemp":{"iob":0.764,"basaliob":-0.664,"bolussnooze":0.0224,"activity":0.0128,"lastBolusTime":1703932347000,"time":"2023-12-30T11:22:24.422Z"}},{"iob":0.793,"basaliob":-0.543,"bolussnooze":0.018,"activity":0.0121,"lastBolusTime":1703932347000,"time":"2023-12-30T11:27:24.422Z","iobWithZeroTemp":{"iob":0.668,"basaliob":-0.668,"bolussnooze":0.018,"activity":0.0118,"lastBolusTime":1703932347000,"time":"2023-12-30T11:27:24.422Z"}},{"iob":0.735,"basaliob":-0.514,"bolussnooze":0.0144,"activity":0.0114,"lastBolusTime":1703932347000,"time":"2023-12-30T11:32:24.422Z","iobWithZeroTemp":{"iob":0.579,"basaliob":-0.67,"bolussnooze":0.0144,"activity":0.0109,"lastBolusTime":1703932347000,"time":"2023-12-30T11:32:24.422Z"}},{"iob":0.68,"basaliob":-0.486,"bolussnooze":0.0114,"activity":0.0106,"lastBolusTime":1703932347000,"time":"2023-12-30T11:37:24.422Z","iobWithZeroTemp":{"iob":0.494,"basaliob":-0.672,"bolussnooze":0.0114,"activity":0.0099,"lastBolusTime":1703932347000,"time":"2023-12-30T11:37:24.422Z"}},{"iob":0.629,"basaliob":-0.459,"bolussnooze":0.009,"activity":0.0099,"lastBolusTime":1703932347000,"time":"2023-12-30T11:42:24.422Z","iobWithZeroTemp":{"iob":0.413,"basaliob":-0.675,"bolussnooze":0.009,"activity":0.009,"lastBolusTime":1703932347000,"time":"2023-12-30T11:42:24.422Z"}},{"iob":0.581,"basaliob":-0.433,"bolussnooze":0.007,"activity":0.0093,"lastBolusTime":1703932347000,"time":"2023-12-30T11:47:24.422Z","iobWithZeroTemp":{"iob":0.337,"basaliob":-0.677,"bolussnooze":0.007,"activity":0.0082,"lastBolusTime":1703932347000,"time":"2023-12-30T11:47:24.422Z"}},{"iob":0.536,"basaliob":-0.408,"bolussnooze":0.0054,"activity":0.0085,"lastBolusTime":1703932347000,"time":"2023-12-30T11:52:24.422Z","iobWithZeroTemp":{"iob":0.264,"basaliob":-0.68,"bolussnooze":0.0054,"activity":0.0072,"lastBolusTime":1703932347000,"time":"2023-12-30T11:52:24.422Z"}},{"iob":0.495,"basaliob":-0.384,"bolussnooze":0.0042,"activity":0.008,"lastBolusTime":1703932347000,"time":"2023-12-30T11:57:24.422Z","iobWithZeroTemp":{"iob":0.197,"basaliob":-0.682,"bolussnooze":0.0042,"activity":0.0065,"lastBolusTime":1703932347000,"time":"2023-12-30T11:57:24.422Z"}},{"iob":0.457,"basaliob":-0.36,"bolussnooze":0.0031,"activity":0.0074,"lastBolusTime":1703932347000,"time":"2023-12-30T12:02:24.422Z","iobWithZeroTemp":{"iob":0.134,"basaliob":-0.683,"bolussnooze":0.0031,"activity":0.0056,"lastBolusTime":1703932347000,"time":"2023-12-30T12:02:24.422Z"}},{"iob":0.421,"basaliob":-0.338,"bolussnooze":0.0023,"activity":0.0069,"lastBolusTime":1703932347000,"time":"2023-12-30T12:07:24.422Z","iobWithZeroTemp":{"iob":0.074,"basaliob":-0.685,"bolussnooze":0.0023,"activity":0.0049,"lastBolusTime":1703932347000,"time":"2023-12-30T12:07:24.422Z"}},{"iob":0.387,"basaliob":-0.317,"bolussnooze":0.0017,"activity":0.0065,"lastBolusTime":1703932347000,"time":"2023-12-30T12:12:24.422Z","iobWithZeroTemp":{"iob":0.017,"basaliob":-0.687,"bolussnooze":0.0017,"activity":0.0043,"lastBolusTime":1703932347000,"time":"2023-12-30T12:12:24.422Z"}},{"iob":0.356,"basaliob":-0.297,"bolussnooze":0.0012,"activity":0.006,"lastBolusTime":1703932347000,"time":"2023-12-30T12:17:24.422Z","iobWithZeroTemp":{"iob":-0.035,"basaliob":-0.688,"bolussnooze":0.0012,"activity":0.0036,"lastBolusTime":1703932347000,"time":"2023-12-30T12:17:24.422Z"}},{"iob":0.328,"basaliob":-0.277,"bolussnooze":9.0E-4,"activity":0.0056,"lastBolusTime":1703932347000,"time":"2023-12-30T12:22:24.422Z","iobWithZeroTemp":{"iob":-0.084,"basaliob":-0.689,"bolussnooze":9.0E-4,"activity":0.0029,"lastBolusTime":1703932347000,"time":"2023-12-30T12:22:24.422Z"}},{"iob":0.301,"basaliob":-0.259,"bolussnooze":6.0E-4,"activity":0.0052,"lastBolusTime":1703932347000,"time":"2023-12-30T12:27:24.422Z","iobWithZeroTemp":{"iob":-0.13,"basaliob":-0.69,"bolussnooze":6.0E-4,"activity":0.0023,"lastBolusTime":1703932347000,"time":"2023-12-30T12:27:24.422Z"}},{"iob":0.276,"basaliob":-0.242,"bolussnooze":4.0E-4,"activity":0.0047,"lastBolusTime":1703932347000,"time":"2023-12-30T12:32:24.422Z","iobWithZeroTemp":{"iob":-0.174,"basaliob":-0.692,"bolussnooze":4.0E-4,"activity":0.0016,"lastBolusTime":1703932347000,"time":"2023-12-30T12:32:24.422Z"}},{"iob":0.253,"basaliob":-0.226,"bolussnooze":3.0E-4,"activity":0.0044,"lastBolusTime":1703932347000,"time":"2023-12-30T12:37:24.422Z","iobWithZeroTemp":{"iob":-0.214,"basaliob":-0.693,"bolussnooze":3.0E-4,"activity":0.0011,"lastBolusTime":1703932347000,"time":"2023-12-30T12:37:24.422Z"}},{"iob":0.233,"basaliob":-0.21,"bolussnooze":2.0E-4,"activity":0.004,"lastBolusTime":1703932347000,"time":"2023-12-30T12:42:24.422Z","iobWithZeroTemp":{"iob":-0.251,"basaliob":-0.694,"bolussnooze":2.0E-4,"activity":5.0E-4,"lastBolusTime":1703932347000,"time":"2023-12-30T12:42:24.422Z"}},{"iob":0.213,"basaliob":-0.196,"bolussnooze":1.0E-4,"activity":0.0038,"lastBolusTime":1703932347000,"time":"2023-12-30T12:47:24.422Z","iobWithZeroTemp":{"iob":-0.286,"basaliob":-0.695,"bolussnooze":1.0E-4,"activity":1.0E-4,"lastBolusTime":1703932347000,"time":"2023-12-30T12:47:24.422Z"}},{"iob":0.195,"basaliob":-0.182,"bolussnooze":0,"activity":0.0034,"lastBolusTime":1703932347000,"time":"2023-12-30T12:52:24.422Z","iobWithZeroTemp":{"iob":-0.319,"basaliob":-0.696,"bolussnooze":0,"activity":-5.0E-4,"lastBolusTime":1703932347000,"time":"2023-12-30T12:52:24.422Z"}},{"iob":0.178,"basaliob":-0.169,"bolussnooze":0,"activity":0.0032,"lastBolusTime":1703932347000,"time":"2023-12-30T12:57:24.422Z","iobWithZeroTemp":{"iob":-0.349,"basaliob":-0.696,"bolussnooze":0,"activity":-8.0E-4,"lastBolusTime":1703932347000,"time":"2023-12-30T12:57:24.422Z"}},{"iob":0.163,"basaliob":-0.157,"bolussnooze":0,"activity":0.003,"lastBolusTime":1703932347000,"time":"2023-12-30T13:02:24.422Z","iobWithZeroTemp":{"iob":-0.377,"basaliob":-0.697,"bolussnooze":0,"activity":-0.0012,"lastBolusTime":1703932347000,"time":"2023-12-30T13:02:24.422Z"}},{"iob":0.149,"basaliob":-0.146,"bolussnooze":0,"activity":0.0027,"lastBolusTime":1703932347000,"time":"2023-12-30T13:07:24.422Z","iobWithZeroTemp":{"iob":-0.403,"basaliob":-0.698,"bolussnooze":0,"activity":-0.0016,"lastBolusTime":1703932347000,"time":"2023-12-30T13:07:24.422Z"}},{"iob":0.136,"basaliob":-0.135,"bolussnooze":0,"activity":0.0025,"lastBolusTime":1703932347000,"time":"2023-12-30T13:12:24.422Z","iobWithZeroTemp":{"iob":-0.427,"basaliob":-0.698,"bolussnooze":0,"activity":-0.002,"lastBolusTime":1703932347000,"time":"2023-12-30T13:12:24.422Z"}},{"iob":0.124,"basaliob":-0.125,"bolussnooze":0,"activity":0.0023,"lastBolusTime":1703932347000,"time":"2023-12-30T13:17:24.422Z","iobWithZeroTemp":{"iob":-0.45,"basaliob":-0.699,"bolussnooze":0,"activity":-0.0023,"lastBolusTime":1703932347000,"time":"2023-12-30T13:17:24.422Z"}},{"iob":0.113,"basaliob":-0.116,"bolussnooze":0,"activity":0.0021,"lastBolusTime":1703932347000,"time":"2023-12-30T13:22:24.422Z","iobWithZeroTemp":{"iob":-0.471,"basaliob":-0.7,"bolussnooze":0,"activity":-0.0027,"lastBolusTime":1703932347000,"time":"2023-12-30T13:22:24.422Z"}},{"iob":0.103,"basaliob":-0.107,"bolussnooze":0,"activity":0.0019,"lastBolusTime":1703932347000,"time":"2023-12-30T13:27:24.422Z","iobWithZeroTemp":{"iob":-0.49,"basaliob":-0.7,"bolussnooze":0,"activity":-0.003,"lastBolusTime":1703932347000,"time":"2023-12-30T13:27:24.422Z"}},{"iob":0.093,"basaliob":-0.099,"bolussnooze":0,"activity":0.0017,"lastBolusTime":1703932347000,"time":"2023-12-30T13:32:24.422Z","iobWithZeroTemp":{"iob":-0.508,"basaliob":-0.7,"bolussnooze":0,"activity":-0.0033,"lastBolusTime":1703932347000,"time":"2023-12-30T13:32:24.422Z"}},{"iob":0.085,"basaliob":-0.091,"bolussnooze":0,"activity":0.0016,"lastBolusTime":1703932347000,"time":"2023-12-30T13:37:24.422Z","iobWithZeroTemp":{"iob":-0.524,"basaliob":-0.7,"bolussnooze":0,"activity":-0.0035,"lastBolusTime":1703932347000,"time":"2023-12-30T13:37:24.422Z"}},{"iob":0.077,"basaliob":-0.084,"bolussnooze":0,"activity":0.0015,"lastBolusTime":1703932347000,"time":"2023-12-30T13:42:24.422Z","iobWithZeroTemp":{"iob":-0.54,"basaliob":-0.701,"bolussnooze":0,"activity":-0.0037,"lastBolusTime":1703932347000,"time":"2023-12-30T13:42:24.422Z"}},{"iob":0.07,"basaliob":-0.078,"bolussnooze":0,"activity":0.0013,"lastBolusTime":1703932347000,"time":"2023-12-30T13:47:24.422Z","iobWithZeroTemp":{"iob":-0.554,"basaliob":-0.702,"bolussnooze":0,"activity":-0.004,"lastBolusTime":1703932347000,"time":"2023-12-30T13:47:24.422Z"}},{"iob":0.063,"basaliob":-0.072,"bolussnooze":0,"activity":0.0012,"lastBolusTime":1703932347000,"time":"2023-12-30T13:52:24.422Z","iobWithZeroTemp":{"iob":-0.567,"basaliob":-0.702,"bolussnooze":0,"activity":-0.0042,"lastBolusTime":1703932347000,"time":"2023-12-30T13:52:24.422Z"}},{"iob":0.057,"basaliob":-0.066,"bolussnooze":0,"activity":0.0011,"lastBolusTime":1703932347000,"time":"2023-12-30T13:57:24.422Z","iobWithZeroTemp":{"iob":-0.579,"basaliob":-0.702,"bolussnooze":0,"activity":-0.0044,"lastBolusTime":1703932347000,"time":"2023-12-30T13:57:24.422Z"}},{"iob":0.052,"basaliob":-0.061,"bolussnooze":0,"activity":0.0011,"lastBolusTime":1703932347000,"time":"2023-12-30T14:02:24.422Z","iobWithZeroTemp":{"iob":-0.59,"basaliob":-0.703,"bolussnooze":0,"activity":-0.0045,"lastBolusTime":1703932347000,"time":"2023-12-30T14:02:24.422Z"}},{"iob":0.047,"basaliob":-0.056,"bolussnooze":0,"activity":0.001,"lastBolusTime":1703932347000,"time":"2023-12-30T14:07:24.422Z","iobWithZeroTemp":{"iob":-0.6,"basaliob":-0.703,"bolussnooze":0,"activity":-0.0047,"lastBolusTime":1703932347000,"time":"2023-12-30T14:07:24.422Z"}},{"iob":0.043,"basaliob":-0.051,"bolussnooze":0,"activity":8.0E-4,"lastBolusTime":1703932347000,"time":"2023-12-30T14:12:24.422Z","iobWithZeroTemp":{"iob":-0.608,"basaliob":-0.702,"bolussnooze":0,"activity":-0.005,"lastBolusTime":1703932347000,"time":"2023-12-30T14:12:24.422Z"}},{"iob":0.038,"basaliob":-0.047,"bolussnooze":0,"activity":8.0E-4,"lastBolusTime":1703932347000,"time":"2023-12-30T14:17:24.422Z","iobWithZeroTemp":{"iob":-0.618,"basaliob":-0.703,"bolussnooze":0,"activity":-0.005,"lastBolusTime":1703932347000,"time":"2023-12-30T14:17:24.422Z"}},{"iob":0.034,"basaliob":-0.043,"bolussnooze":0,"activity":8.0E-4,"lastBolusTime":1703932347000,"time":"2023-12-30T14:22:24.422Z","iobWithZeroTemp":{"iob":-0.626,"basaliob":-0.703,"bolussnooze":0,"activity":-0.0051,"lastBolusTime":1703932347000,"time":"2023-12-30T14:22:24.422Z"}},{"iob":0.03,"basaliob":-0.04,"bolussnooze":0,"activity":7.0E-4,"lastBolusTime":1703932347000,"time":"2023-12-30T14:27:24.422Z","iobWithZeroTemp":{"iob":-0.634,"basaliob":-0.704,"bolussnooze":0,"activity":-0.0052,"lastBolusTime":1703932347000,"time":"2023-12-30T14:27:24.422Z"}},{"iob":0.028,"basaliob":-0.036,"bolussnooze":0,"activity":6.0E-4,"lastBolusTime":1703932347000,"time":"2023-12-30T14:32:24.422Z","iobWithZeroTemp":{"iob":-0.639,"basaliob":-0.703,"bolussnooze":0,"activity":-0.0054,"lastBolusTime":1703932347000,"time":"2023-12-30T14:32:24.422Z"}},{"iob":0.025,"basaliob":-0.033,"bolussnooze":0,"activity":5.0E-4,"lastBolusTime":1703932347000,"time":"2023-12-30T14:37:24.422Z","iobWithZeroTemp":{"iob":-0.645,"basaliob":-0.703,"bolussnooze":0,"activity":-0.0056,"lastBolusTime":1703932347000,"time":"2023-12-30T14:37:24.422Z"}},{"iob":0.022,"basaliob":-0.031,"bolussnooze":0,"activity":5.0E-4,"lastBolusTime":1703932347000,"time":"2023-12-30T14:42:24.422Z","iobWithZeroTemp":{"iob":-0.651,"basaliob":-0.704,"bolussnooze":0,"activity":-0.0056,"lastBolusTime":1703932347000,"time":"2023-12-30T14:42:24.422Z"}},{"iob":0.02,"basaliob":-0.028,"bolussnooze":0,"activity":5.0E-4,"lastBolusTime":1703932347000,"time":"2023-12-30T14:47:24.422Z","iobWithZeroTemp":{"iob":-0.656,"basaliob":-0.704,"bolussnooze":0,"activity":-0.0056,"lastBolusTime":1703932347000,"time":"2023-12-30T14:47:24.422Z"}},{"iob":0.017,"basaliob":-0.026,"bolussnooze":0,"activity":4.0E-4,"lastBolusTime":1703932347000,"time":"2023-12-30T14:52:24.422Z","iobWithZeroTemp":{"iob":-0.661,"basaliob":-0.704,"bolussnooze":0,"activity":-0.0058,"lastBolusTime":1703932347000,"time":"2023-12-30T14:52:24.422Z"}},{"iob":0.016,"basaliob":-0.023,"bolussnooze":0,"activity":4.0E-4,"lastBolusTime":1703932347000,"time":"2023-12-30T14:57:24.422Z","iobWithZeroTemp":{"iob":-0.665,"basaliob":-0.704,"bolussnooze":0,"activity":-0.0058,"lastBolusTime":1703932347000,"time":"2023-12-30T14:57:24.422Z"}},{"iob":0.014,"basaliob":-0.021,"bolussnooze":0,"activity":3.0E-4,"lastBolusTime":1703932347000,"time":"2023-12-30T15:02:24.422Z","iobWithZeroTemp":{"iob":-0.669,"basaliob":-0.704,"bolussnooze":0,"activity":-0.006,"lastBolusTime":1703932347000,"time":"2023-12-30T15:02:24.422Z"}}],"profile":{"max_iob":7,"type":"current","max_daily_basal":0.45,"max_basal":1.35,"min_bg":106.2,"max_bg":106.2,"target_bg":106.2,"carb_ratio":11,"sens":352.8,"max_daily_safety_multiplier":3,"current_basal_safety_multiplier":4,"lgsThreshold":65,"high_temptarget_raises_sensitivity":false,"low_temptarget_lowers_sensitivity":false,"sensitivity_raises_target":true,"resistance_lowers_target":true,"adv_target_adjustments":false,"exercise_mode":false,"half_basal_exercise_target":160,"maxCOB":120,"skip_neutral_temps":false,"remainingCarbsCap":90,"enableUAM":true,"A52_risk_enable":false,"SMBInterval":4,"enableSMB_with_COB":true,"enableSMB_with_temptarget":false,"allowSMB_with_high_temptarget":true,"enableSMB_always":true,"enableSMB_after_carbs":false,"maxSMBBasalMinutes":60,"maxUAMSMBBasalMinutes":60,"bolus_increment":0.05,"carbsReqThreshold":10,"current_basal":0.4,"temptargetSet":false,"autosens_max":1.2,"autosens_min":0.8,"out_units":"mmol\/L","variable_sens":157.7,"insulinDivisor":65,"TDD":9.852436750000003},"autosens_data":{"ratio":1.0600081002970392},"meal_data":{"carbs":60,"mealCOB":11.114487528344691,"slopeFromMaxDeviation":-2.960181818181818,"slopeFromMinDeviation":0,"lastBolusTime":1703932347000,"lastCarbTime":1703931118000},"microBolusAllowed":true,"currentTime":1703934446382,"flatBGsDetected":false,"tdd1D":23.883833333333342,"tdd7D":27.277071428571436,"tddLast24H":28.91391666666665,"tddLast4H":7.57,"tddLast8to4H":0.845},"output":{"temp":"absolute","bg":142,"tick":-3,"eventualBG":124,"targetBG":104,"insulinReq":0,"deliverAt":"2023-12-30T11:07:26.382Z","sensitivityRatio":1.0600081002970392,"variable_sens":157.7,"predBGs":{"IOB":[142,138,134,130,126,121,116,110,104,98,91,83,75,67,59,50,41,39],"ZT":[142,130,117,105,93,81,68,56,43,39,39,39,39,39,39,39,39,39,39,39,39,39,39,39,39,39,39,39,39,39,39,39,39,39,39,39,39,39,49,57,64,71,78,84,91,96,102],"COB":[142,139,136,134,132,130,129,128,128,127,127,128,128,128,129,129,130,130,131,132,132,133,133,134,134,134,135,135,135,134,134,134,133,132,131,130,129,128,128,127,127,126,126,125,125,124],"UAM":[142,136,128,117,105,94,82,70,58,44,39,39,39]},"reason":"COB: 11.1, Dev: 3.2, BGI: -0.7, ISF: 8.8, CR: 11, Target: 5.8, minPredBG -2.8, minGuardBG -6.2, IOBpredBG 2.2, COBpredBG 6.9, UAMpredBG 2.2; minGuardBG -6.2<4.0","COB":11.114487528344691,"IOB":1.071,"duration":120,"rate":0,"timestamp":"2023-12-30T11:07:26.404Z"}}