{"algorithm":"OpenAPSSMBDynamicISFPlugin","input":{"glucoseStatus":{"glucose":139,"noise":0,"delta":8.33,"short_avgdelta":8.33,"long_avgdelta":3.38,"date":1703604415979},"currenttemp":{"temp":"absolute","duration":89,"rate":0,"minutesrunning":31},"iob_data":[{"iob":2.869,"basaliob":-0.686,"bolussnooze":0.4787,"activity":0.0335,"lastBolusTime":1703604443000,"time":"2023-12-26T15:28:41.263Z","iobWithZeroTemp":{"iob":2.869,"basaliob":-0.686,"bolussnooze":0.4787,"activity":0.0335,"lastBolusTime":1703604443000,"time":"2023-12-26T15:28:41.263Z"}},{"iob":2.705,"basaliob":-0.654,"bolussnooze":0.4121,"activity":0.0323,"lastBolusTime":1703604443000,"time":"2023-12-26T15:33:41.263Z","iobWithZeroTemp":{"iob":2.678,"basaliob":-0.681,"bolussnooze":0.4121,"activity":0.0323,"lastBolusTime":1703604443000,"time":"2023-12-26T15:33:41.263Z"}},{"iob":2.547,"basaliob":-0.622,"bolussnooze":0.3537,"activity":0.0311,"lastBolusTime":1703604443000,"time":"2023-12-26T15:38:41.263Z","iobWithZeroTemp":{"iob":2.487,"basaliob":-0.682,"bolussnooze":0.3537,"activity":0.031,"lastBolusTime":1703604443000,"time":"2023-12-26T15:38:41.263Z"}},{"iob":2.394,"basaliob":-0.591,"bolussnooze":0.3027,"activity":0.0298,"lastBolusTime":1703604443000,"time":"2023-12-26T15:43:41.263Z","iobWithZeroTemp":{"iob":2.302,"basaliob":-0.683,"bolussnooze":0.3027,"activity":0.0296,"lastBolusTime":1703604443000,"time":"2023-12-26T15:43:41.263Z"}},{"iob":2.248,"basaliob":-0.56,"bolussnooze":0.2583,"activity":0.0285,"lastBolusTime":1703604443000,"time":"2023-12-26T15:48:41.263Z","iobWithZeroTemp":{"iob":2.123,"basaliob":-0.685,"bolussnooze":0.2583,"activity":0.0282,"lastBolusTime":1703604443000,"time":"2023-12-26T15:48:41.263Z"}},{"iob":2.109,"basaliob":-0.53,"bolussnooze":0.2198,"activity":0.0272,"lastBolusTime":1703604443000,"time":"2023-12-26T15:53:41.263Z","iobWithZeroTemp":{"iob":1.953,"basaliob":-0.686,"bolussnooze":0.2198,"activity":0.0267,"lastBolusTime":1703604443000,"time":"2023-12-26T15:53:41.263Z"}},{"iob":1.976,"basaliob":-0.5,"bolussnooze":0.1865,"activity":0.0259,"lastBolusTime":1703604443000,"time":"2023-12-26T15:58:41.263Z","iobWithZeroTemp":{"iob":1.79,"basaliob":-0.686,"bolussnooze":0.1865,"activity":0.0252,"lastBolusTime":1703604443000,"time":"2023-12-26T15:58:41.263Z"}},{"iob":1.849,"basaliob":-0.472,"bolussnooze":0.1578,"activity":0.0246,"lastBolusTime":1703604443000,"time":"2023-12-26T16:03:41.263Z","iobWithZeroTemp":{"iob":1.633,"basaliob":-0.688,"bolussnooze":0.1578,"activity":0.0237,"lastBolusTime":1703604443000,"time":"2023-12-26T16:03:41.263Z"}},{"iob":1.729,"basaliob":-0.445,"bolussnooze":0.1331,"activity":0.0234,"lastBolusTime":1703604443000,"time":"2023-12-26T16:08:41.263Z","iobWithZeroTemp":{"iob":1.485,"basaliob":-0.689,"bolussnooze":0.1331,"activity":0.0223,"lastBolusTime":1703604443000,"time":"2023-12-26T16:08:41.263Z"}},{"iob":1.615,"basaliob":-0.418,"bolussnooze":0.112,"activity":0.0221,"lastBolusTime":1703604443000,"time":"2023-12-26T16:13:41.263Z","iobWithZeroTemp":{"iob":1.343,"basaliob":-0.69,"bolussnooze":0.112,"activity":0.0208,"lastBolusTime":1703604443000,"time":"2023-12-26T16:13:41.263Z"}},{"iob":1.507,"basaliob":-0.393,"bolussnooze":0.0939,"activity":0.0209,"lastBolusTime":1703604443000,"time":"2023-12-26T16:18:41.263Z","iobWithZeroTemp":{"iob":1.209,"basaliob":-0.691,"bolussnooze":0.0939,"activity":0.0194,"lastBolusTime":1703604443000,"time":"2023-12-26T16:18:41.263Z"}},{"iob":1.405,"basaliob":-0.369,"bolussnooze":0.0785,"activity":0.0198,"lastBolusTime":1703604443000,"time":"2023-12-26T16:23:41.263Z","iobWithZeroTemp":{"iob":1.082,"basaliob":-0.692,"bolussnooze":0.0785,"activity":0.018,"lastBolusTime":1703604443000,"time":"2023-12-26T16:23:41.263Z"}},{"iob":1.309,"basaliob":-0.346,"bolussnooze":0.0654,"activity":0.0187,"lastBolusTime":1703604443000,"time":"2023-12-26T16:28:41.263Z","iobWithZeroTemp":{"iob":0.962,"basaliob":-0.693,"bolussnooze":0.0654,"activity":0.0167,"lastBolusTime":1703604443000,"time":"2023-12-26T16:28:41.263Z"}},{"iob":1.218,"basaliob":-0.324,"bolussnooze":0.0543,"activity":0.0176,"lastBolusTime":1703604443000,"time":"2023-12-26T16:33:41.263Z","iobWithZeroTemp":{"iob":0.848,"basaliob":-0.694,"bolussnooze":0.0543,"activity":0.0154,"lastBolusTime":1703604443000,"time":"2023-12-26T16:33:41.263Z"}},{"iob":1.133,"basaliob":-0.303,"bolussnooze":0.045,"activity":0.0165,"lastBolusTime":1703604443000,"time":"2023-12-26T16:38:41.263Z","iobWithZeroTemp":{"iob":0.742,"basaliob":-0.694,"bolussnooze":0.045,"activity":0.0141,"lastBolusTime":1703604443000,"time":"2023-12-26T16:38:41.263Z"}},{"iob":1.053,"basaliob":-0.283,"bolussnooze":0.0371,"activity":0.0155,"lastBolusTime":1703604443000,"time":"2023-12-26T16:43:41.263Z","iobWithZeroTemp":{"iob":0.641,"basaliob":-0.695,"bolussnooze":0.0371,"activity":0.0128,"lastBolusTime":1703604443000,"time":"2023-12-26T16:43:41.263Z"}},{"iob":0.978,"basaliob":-0.264,"bolussnooze":0.0305,"activity":0.0145,"lastBolusTime":1703604443000,"time":"2023-12-26T16:48:41.263Z","iobWithZeroTemp":{"iob":0.547,"basaliob":-0.695,"bolussnooze":0.0305,"activity":0.0116,"lastBolusTime":1703604443000,"time":"2023-12-26T16:48:41.263Z"}},{"iob":0.907,"basaliob":-0.246,"bolussnooze":0.0249,"activity":0.0136,"lastBolusTime":1703604443000,"time":"2023-12-26T16:53:41.263Z","iobWithZeroTemp":{"iob":0.457,"basaliob":-0.696,"bolussnooze":0.0249,"activity":0.0105,"lastBolusTime":1703604443000,"time":"2023-12-26T16:53:41.263Z"}},{"iob":0.841,"basaliob":-0.229,"bolussnooze":0.0203,"activity":0.0128,"lastBolusTime":1703604443000,"time":"2023-12-26T16:58:41.263Z","iobWithZeroTemp":{"iob":0.374,"basaliob":-0.696,"bolussnooze":0.0203,"activity":0.0095,"lastBolusTime":1703604443000,"time":"2023-12-26T16:58:41.263Z"}},{"iob":0.779,"basaliob":-0.214,"bolussnooze":0.0165,"activity":0.0119,"lastBolusTime":1703604443000,"time":"2023-12-26T17:03:41.263Z","iobWithZeroTemp":{"iob":0.295,"basaliob":-0.698,"bolussnooze":0.0165,"activity":0.0084,"lastBolusTime":1703604443000,"time":"2023-12-26T17:03:41.263Z"}},{"iob":0.721,"basaliob":-0.199,"bolussnooze":0.0133,"activity":0.0112,"lastBolusTime":1703604443000,"time":"2023-12-26T17:08:41.263Z","iobWithZeroTemp":{"iob":0.222,"basaliob":-0.698,"bolussnooze":0.0133,"activity":0.0075,"lastBolusTime":1703604443000,"time":"2023-12-26T17:08:41.263Z"}},{"iob":0.667,"basaliob":-0.185,"bolussnooze":0.0106,"activity":0.0105,"lastBolusTime":1703604443000,"time":"2023-12-26T17:13:41.263Z","iobWithZeroTemp":{"iob":0.153,"basaliob":-0.699,"bolussnooze":0.0106,"activity":0.0066,"lastBolusTime":1703604443000,"time":"2023-12-26T17:13:41.263Z"}},{"iob":0.617,"basaliob":-0.171,"bolussnooze":0.0085,"activity":0.0097,"lastBolusTime":1703604443000,"time":"2023-12-26T17:18:41.263Z","iobWithZeroTemp":{"iob":0.09,"basaliob":-0.698,"bolussnooze":0.0085,"activity":0.0057,"lastBolusTime":1703604443000,"time":"2023-12-26T17:18:41.263Z"}},{"iob":0.57,"basaliob":-0.159,"bolussnooze":0.0067,"activity":0.0091,"lastBolusTime":1703604443000,"time":"2023-12-26T17:23:41.263Z","iobWithZeroTemp":{"iob":0.03,"basaliob":-0.699,"bolussnooze":0.0067,"activity":0.0049,"lastBolusTime":1703604443000,"time":"2023-12-26T17:23:41.263Z"}},{"iob":0.525,"basaliob":-0.148,"bolussnooze":0.0053,"activity":0.0085,"lastBolusTime":1703604443000,"time":"2023-12-26T17:28:41.263Z","iobWithZeroTemp":{"iob":-0.027,"basaliob":-0.7,"bolussnooze":0.0053,"activity":0.0042,"lastBolusTime":1703604443000,"time":"2023-12-26T17:28:41.263Z"}},{"iob":0.485,"basaliob":-0.137,"bolussnooze":0.0041,"activity":0.0079,"lastBolusTime":1703604443000,"time":"2023-12-26T17:33:41.263Z","iobWithZeroTemp":{"iob":-0.078,"basaliob":-0.7,"bolussnooze":0.0041,"activity":0.0034,"lastBolusTime":1703604443000,"time":"2023-12-26T17:33:41.263Z"}},{"iob":0.447,"basaliob":-0.127,"bolussnooze":0.0032,"activity":0.0073,"lastBolusTime":1703604443000,"time":"2023-12-26T17:38:41.263Z","iobWithZeroTemp":{"iob":-0.127,"basaliob":-0.701,"bolussnooze":0.0032,"activity":0.0027,"lastBolusTime":1703604443000,"time":"2023-12-26T17:38:41.263Z"}},{"iob":0.412,"basaliob":-0.117,"bolussnooze":0.0024,"activity":0.0068,"lastBolusTime":1703604443000,"time":"2023-12-26T17:43:41.263Z","iobWithZeroTemp":{"iob":-0.172,"basaliob":-0.701,"bolussnooze":0.0024,"activity":0.002,"lastBolusTime":1703604443000,"time":"2023-12-26T17:43:41.263Z"}},{"iob":0.379,"basaliob":-0.108,"bolussnooze":0.0018,"activity":0.0063,"lastBolusTime":1703604443000,"time":"2023-12-26T17:48:41.263Z","iobWithZeroTemp":{"iob":-0.214,"basaliob":-0.701,"bolussnooze":0.0018,"activity":0.0014,"lastBolusTime":1703604443000,"time":"2023-12-26T17:48:41.263Z"}},{"iob":0.349,"basaliob":-0.1,"bolussnooze":0.0013,"activity":0.0058,"lastBolusTime":1703604443000,"time":"2023-12-26T17:53:41.263Z","iobWithZeroTemp":{"iob":-0.252,"basaliob":-0.701,"bolussnooze":0.0013,"activity":8.0E-4,"lastBolusTime":1703604443000,"time":"2023-12-26T17:53:41.263Z"}},{"iob":0.321,"basaliob":-0.092,"bolussnooze":0.001,"activity":0.0054,"lastBolusTime":1703604443000,"time":"2023-12-26T17:58:41.263Z","iobWithZeroTemp":{"iob":-0.288,"basaliob":-0.701,"bolussnooze":0.001,"activity":3.0E-4,"lastBolusTime":1703604443000,"time":"2023-12-26T17:58:41.263Z"}},{"iob":0.294,"basaliob":-0.085,"bolussnooze":7.0E-4,"activity":0.005,"lastBolusTime":1703604443000,"time":"2023-12-26T18:03:41.263Z","iobWithZeroTemp":{"iob":-0.323,"basaliob":-0.702,"bolussnooze":7.0E-4,"activity":-2.0E-4,"lastBolusTime":1703604443000,"time":"2023-12-26T18:03:41.263Z"}},{"iob":0.27,"basaliob":-0.079,"bolussnooze":5.0E-4,"activity":0.0046,"lastBolusTime":1703604443000,"time":"2023-12-26T18:08:41.263Z","iobWithZeroTemp":{"iob":-0.354,"basaliob":-0.703,"bolussnooze":5.0E-4,"activity":-7.0E-4,"lastBolusTime":1703604443000,"time":"2023-12-26T18:08:41.263Z"}},{"iob":0.248,"basaliob":-0.072,"bolussnooze":3.0E-4,"activity":0.0043,"lastBolusTime":1703604443000,"time":"2023-12-26T18:13:41.263Z","iobWithZeroTemp":{"iob":-0.382,"basaliob":-0.702,"bolussnooze":3.0E-4,"activity":-0.0011,"lastBolusTime":1703604443000,"time":"2023-12-26T18:13:41.263Z"}},{"iob":0.227,"basaliob":-0.067,"bolussnooze":2.0E-4,"activity":0.004,"lastBolusTime":1703604443000,"time":"2023-12-26T18:18:41.263Z","iobWithZeroTemp":{"iob":-0.409,"basaliob":-0.703,"bolussnooze":2.0E-4,"activity":-0.0015,"lastBolusTime":1703604443000,"time":"2023-12-26T18:18:41.263Z"}},{"iob":0.208,"basaliob":-0.061,"bolussnooze":1.0E-4,"activity":0.0037,"lastBolusTime":1703604443000,"time":"2023-12-26T18:23:41.263Z","iobWithZeroTemp":{"iob":-0.434,"basaliob":-0.703,"bolussnooze":1.0E-4,"activity":-0.0019,"lastBolusTime":1703604443000,"time":"2023-12-26T18:23:41.263Z"}},{"iob":0.191,"basaliob":-0.056,"bolussnooze":1.0E-4,"activity":0.0033,"lastBolusTime":1703604443000,"time":"2023-12-26T18:28:41.263Z","iobWithZeroTemp":{"iob":-0.456,"basaliob":-0.703,"bolussnooze":1.0E-4,"activity":-0.0024,"lastBolusTime":1703604443000,"time":"2023-12-26T18:28:41.263Z"}},{"iob":0.174,"basaliob":-0.052,"bolussnooze":0,"activity":0.0031,"lastBolusTime":1703604443000,"time":"2023-12-26T18:33:41.263Z","iobWithZeroTemp":{"iob":-0.477,"basaliob":-0.703,"bolussnooze":0,"activity":-0.0027,"lastBolusTime":1703604443000,"time":"2023-12-26T18:33:41.263Z"}},{"iob":0.159,"basaliob":-0.047,"bolussnooze":0,"activity":0.0029,"lastBolusTime":1703604443000,"time":"2023-12-26T18:38:41.263Z","iobWithZeroTemp":{"iob":-0.497,"basaliob":-0.703,"bolussnooze":0,"activity":-0.0029,"lastBolusTime":1703604443000,"time":"2023-12-26T18:38:41.263Z"}},{"iob":0.145,"basaliob":-0.044,"bolussnooze":0,"activity":0.0026,"lastBolusTime":1703604443000,"time":"2023-12-26T18:43:41.263Z","iobWithZeroTemp":{"iob":-0.515,"basaliob":-0.704,"bolussnooze":0,"activity":-0.0033,"lastBolusTime":1703604443000,"time":"2023-12-26T18:43:41.263Z"}},{"iob":0.132,"basaliob":-0.04,"bolussnooze":0,"activity":0.0024,"lastBolusTime":1703604443000,"time":"2023-12-26T18:48:41.263Z","iobWithZeroTemp":{"iob":-0.532,"basaliob":-0.704,"bolussnooze":0,"activity":-0.0035,"lastBolusTime":1703604443000,"time":"2023-12-26T18:48:41.263Z"}},{"iob":0.12,"basaliob":-0.037,"bolussnooze":0,"activity":0.0023,"lastBolusTime":1703604443000,"time":"2023-12-26T18:53:41.263Z","iobWithZeroTemp":{"iob":-0.547,"basaliob":-0.704,"bolussnooze":0,"activity":-0.0037,"lastBolusTime":1703604443000,"time":"2023-12-26T18:53:41.263Z"}},{"iob":0.11,"basaliob":-0.033,"bolussnooze":0,"activity":0.0021,"lastBolusTime":1703604443000,"time":"2023-12-26T18:58:41.263Z","iobWithZeroTemp":{"iob":-0.56,"basaliob":-0.703,"bolussnooze":0,"activity":-0.004,"lastBolusTime":1703604443000,"time":"2023-12-26T18:58:41.263Z"}},{"iob":0.1,"basaliob":-0.031,"bolussnooze":0,"activity":0.0019,"lastBolusTime":1703604443000,"time":"2023-12-26T19:03:41.263Z","iobWithZeroTemp":{"iob":-0.573,"basaliob":-0.704,"bolussnooze":0,"activity":-0.0042,"lastBolusTime":1703604443000,"time":"2023-12-26T19:03:41.263Z"}},{"iob":0.091,"basaliob":-0.028,"bolussnooze":0,"activity":0.0017,"lastBolusTime":1703604443000,"time":"2023-12-26T19:08:41.263Z","iobWithZeroTemp":{"iob":-0.585,"basaliob":-0.704,"bolussnooze":0,"activity":-0.0044,"lastBolusTime":1703604443000,"time":"2023-12-26T19:08:41.263Z"}},{"iob":0.082,"basaliob":-0.026,"bolussnooze":0,"activity":0.0016,"lastBolusTime":1703604443000,"time":"2023-12-26T19:13:41.263Z","iobWithZeroTemp":{"iob":-0.596,"basaliob":-0.704,"bolussnooze":0,"activity":-0.0046,"lastBolusTime":1703604443000,"time":"2023-12-26T19:13:41.263Z"}},{"iob":0.075,"basaliob":-0.023,"bolussnooze":0,"activity":0.0015,"lastBolusTime":1703604443000,"time":"2023-12-26T19:18:41.263Z","iobWithZeroTemp":{"iob":-0.606,"basaliob":-0.704,"bolussnooze":0,"activity":-0.0047,"lastBolusTime":1703604443000,"time":"2023-12-26T19:18:41.263Z"}},{"iob":0.068,"basaliob":-0.021,"bolussnooze":0,"activity":0.0013,"lastBolusTime":1703604443000,"time":"2023-12-26T19:23:41.263Z","iobWithZeroTemp":{"iob":-0.615,"basaliob":-0.704,"bolussnooze":0,"activity":-0.005,"lastBolusTime":1703604443000,"time":"2023-12-26T19:23:41.263Z"}}],"profile":{"max_iob":7,"type":"current","max_daily_basal":0.45,"max_basal":1.35,"min_bg":81.0000000000001,"max_bg":81.0000000000001,"target_bg":81.0000000000001,"carb_ratio":11,"sens":352.8,"max_daily_safety_multiplier":3,"current_basal_safety_multiplier":4,"lgsThreshold":65,"high_temptarget_raises_sensitivity":false,"low_temptarget_lowers_sensitivity":false,"sensitivity_raises_target":true,"resistance_lowers_target":true,"adv_target_adjustments":false,"exercise_mode":false,"half_basal_exercise_target":160,"maxCOB":120,"skip_neutral_temps":false,"remainingCarbsCap":90,"enableUAM":true,"A52_risk_enable":false,"SMBInterval":4,"enableSMB_with_COB":true,"enableSMB_with_temptarget":false,"allowSMB_with_high_temptarget":true,"enableSMB_always":true,"enableSMB_after_carbs":false,"maxSMBBasalMinutes":60,"maxUAMSMBBasalMinutes":60,"bolus_increment":0.05,"carbsReqThreshold":10,"current_basal":0.4,"temptargetSet":true,"autosens_max":1.2,"autosens_min":0.8,"out_units":"mmol\/L","variable_sens":120.2,"insulinDivisor":65,"TDD":13.094282625000002},"autosens_data":{"ratio":1.1663837467242564},"meal_data":{"carbs":60,"mealCOB":30.817277777777768,"slopeFromMaxDeviation":-0.8339090909090909,"slopeFromMinDeviation":3.824285714285714,"lastBolusTime":1703604443000,"lastCarbTime":1703600916000},"microBolusAllowed":true,"currentTime":1703604522888,"flatBGsDetected":false,"tdd1D":33.75158333333334,"tdd7D":31.95839285714286,"tddLast24H":37.27575,"tddLast4H":7.510000000000002,"tddLast8to4H":8.416666666666668},"output":{"temp":"absolute","bg":139,"tick":"+8","eventualBG":146,"targetBG":81.0000000000001,"insulinReq":0.28,"deliverAt":"2023-12-26T15:28:42.888Z","sensitivityRatio":1.1663837467242564,"variable_sens":120.2,"predBGs":{"IOB":[139,144,148,150,151,151,149,145,140,133,124,112,99,85,71,55,39],"ZT":[139,119,98,74,48,39,39,39,39,39,39,39,39,39,39,39,39,39,39,39,39,39,39,39,39,39,39,39,39,39,39,39,39,39,39,39,39,39,39,39,39,39,39,39,39,39,39,39],"COB":[139,145,151,156,161,166,170,174,178,181,184,186,189,190,191,192,192,192,191,190,188,185,182,178,173,168,163,159,155,151,148,144,141,139,136,134,132,130,128,126,124,123,122,120,119,118,117,116],"UAM":[139,146,153,160,167,174,180,187,192,198,203,207,211,214,216,218,219,219,218,216,214,210,206,201,197,192,188,185,181,178,175,172,170,167,165,163,161,159,157,155,154,153,151,150,149,148,147,146]},"reason":"COB: 30.8, Dev: 9.5, BGI: -1.1, ISF: 6.7, CR: 11, Target: 4.5, minPredBG 6.4, minGuardBG 7.2, IOBpredBG 2.2, COBpredBG 6.4, UAMpredBG 8.1; Eventual BG 8.1 >= 4.5,  insulinReq 0.28; setting 60m low temp of 0U\/h. Waiting 3m 42s to microbolus again. ","COB":30.817277777777768,"IOB":2.869,"rate":0,"duration":60,"timestamp":"2023-12-26T15:28:42.913Z"}}