{"algorithm":"OpenAPSSMBDynamicISFPlugin","input":{"glucoseStatus":{"glucose":120,"noise":0,"delta":10,"short_avgdelta":8.44,"long_avgdelta":2.33,"date":1703354154530},"currenttemp":{"temp":"absolute","duration":80,"rate":0,"minutesrunning":40},"iob_data":[{"iob":3.553,"basaliob":-0.652,"bolussnooze":2.748,"activity":0.0225,"lastBolusTime":1703353972000,"time":"2023-12-23T17:56:19.631Z","iobWithZeroTemp":{"iob":3.553,"basaliob":-0.652,"bolussnooze":2.748,"activity":0.0225,"lastBolusTime":1703353972000,"time":"2023-12-23T17:56:19.631Z"}},{"iob":3.435,"basaliob":-0.623,"bolussnooze":2.5719,"activity":0.0242,"lastBolusTime":1703353972000,"time":"2023-12-23T18:01:19.631Z","iobWithZeroTemp":{"iob":3.408,"basaliob":-0.65,"bolussnooze":2.5719,"activity":0.0242,"lastBolusTime":1703353972000,"time":"2023-12-23T18:01:19.631Z"}},{"iob":3.311,"basaliob":-0.593,"bolussnooze":2.376,"activity":0.0254,"lastBolusTime":1703353972000,"time":"2023-12-23T18:06:19.631Z","iobWithZeroTemp":{"iob":3.251,"basaliob":-0.653,"bolussnooze":2.376,"activity":0.0253,"lastBolusTime":1703353972000,"time":"2023-12-23T18:06:19.631Z"}},{"iob":3.181,"basaliob":-0.564,"bolussnooze":2.1717,"activity":0.0263,"lastBolusTime":1703353972000,"time":"2023-12-23T18:11:19.631Z","iobWithZeroTemp":{"iob":3.089,"basaliob":-0.656,"bolussnooze":2.1717,"activity":0.0261,"lastBolusTime":1703353972000,"time":"2023-12-23T18:11:19.631Z"}},{"iob":3.049,"basaliob":-0.535,"bolussnooze":1.9674,"activity":0.0268,"lastBolusTime":1703353972000,"time":"2023-12-23T18:16:19.631Z","iobWithZeroTemp":{"iob":2.924,"basaliob":-0.66,"bolussnooze":1.9674,"activity":0.0265,"lastBolusTime":1703353972000,"time":"2023-12-23T18:16:19.631Z"}},{"iob":2.914,"basaliob":-0.507,"bolussnooze":1.7688,"activity":0.027,"lastBolusTime":1703353972000,"time":"2023-12-23T18:21:19.631Z","iobWithZeroTemp":{"iob":2.758,"basaliob":-0.663,"bolussnooze":1.7688,"activity":0.0265,"lastBolusTime":1703353972000,"time":"2023-12-23T18:21:19.631Z"}},{"iob":2.779,"basaliob":-0.479,"bolussnooze":1.5797,"activity":0.027,"lastBolusTime":1703353972000,"time":"2023-12-23T18:26:19.631Z","iobWithZeroTemp":{"iob":2.593,"basaliob":-0.665,"bolussnooze":1.5797,"activity":0.0263,"lastBolusTime":1703353972000,"time":"2023-12-23T18:26:19.631Z"}},{"iob":2.645,"basaliob":-0.452,"bolussnooze":1.4027,"activity":0.0267,"lastBolusTime":1703353972000,"time":"2023-12-23T18:31:19.631Z","iobWithZeroTemp":{"iob":2.429,"basaliob":-0.668,"bolussnooze":1.4027,"activity":0.0258,"lastBolusTime":1703353972000,"time":"2023-12-23T18:31:19.631Z"}},{"iob":2.512,"basaliob":-0.426,"bolussnooze":1.2391,"activity":0.0264,"lastBolusTime":1703353972000,"time":"2023-12-23T18:36:19.631Z","iobWithZeroTemp":{"iob":2.268,"basaliob":-0.67,"bolussnooze":1.2391,"activity":0.0253,"lastBolusTime":1703353972000,"time":"2023-12-23T18:36:19.631Z"}},{"iob":2.38,"basaliob":-0.402,"bolussnooze":1.0894,"activity":0.0258,"lastBolusTime":1703353972000,"time":"2023-12-23T18:41:19.631Z","iobWithZeroTemp":{"iob":2.108,"basaliob":-0.674,"bolussnooze":1.0894,"activity":0.0245,"lastBolusTime":1703353972000,"time":"2023-12-23T18:41:19.631Z"}},{"iob":2.253,"basaliob":-0.378,"bolussnooze":0.9538,"activity":0.0252,"lastBolusTime":1703353972000,"time":"2023-12-23T18:46:19.631Z","iobWithZeroTemp":{"iob":1.955,"basaliob":-0.676,"bolussnooze":0.9538,"activity":0.0237,"lastBolusTime":1703353972000,"time":"2023-12-23T18:46:19.631Z"}},{"iob":2.129,"basaliob":-0.355,"bolussnooze":0.8317,"activity":0.0244,"lastBolusTime":1703353972000,"time":"2023-12-23T18:51:19.631Z","iobWithZeroTemp":{"iob":1.806,"basaliob":-0.678,"bolussnooze":0.8317,"activity":0.0226,"lastBolusTime":1703353972000,"time":"2023-12-23T18:51:19.631Z"}},{"iob":2.009,"basaliob":-0.333,"bolussnooze":0.7226,"activity":0.0236,"lastBolusTime":1703353972000,"time":"2023-12-23T18:56:19.631Z","iobWithZeroTemp":{"iob":1.662,"basaliob":-0.68,"bolussnooze":0.7226,"activity":0.0216,"lastBolusTime":1703353972000,"time":"2023-12-23T18:56:19.631Z"}},{"iob":1.893,"basaliob":-0.311,"bolussnooze":0.6257,"activity":0.0228,"lastBolusTime":1703353972000,"time":"2023-12-23T19:01:19.631Z","iobWithZeroTemp":{"iob":1.523,"basaliob":-0.681,"bolussnooze":0.6257,"activity":0.0206,"lastBolusTime":1703353972000,"time":"2023-12-23T19:01:19.631Z"}},{"iob":1.782,"basaliob":-0.291,"bolussnooze":0.54,"activity":0.0219,"lastBolusTime":1703353972000,"time":"2023-12-23T19:06:19.631Z","iobWithZeroTemp":{"iob":1.391,"basaliob":-0.682,"bolussnooze":0.54,"activity":0.0195,"lastBolusTime":1703353972000,"time":"2023-12-23T19:06:19.631Z"}},{"iob":1.674,"basaliob":-0.273,"bolussnooze":0.4646,"activity":0.021,"lastBolusTime":1703353972000,"time":"2023-12-23T19:11:19.631Z","iobWithZeroTemp":{"iob":1.262,"basaliob":-0.685,"bolussnooze":0.4646,"activity":0.0183,"lastBolusTime":1703353972000,"time":"2023-12-23T19:11:19.631Z"}},{"iob":1.571,"basaliob":-0.255,"bolussnooze":0.3985,"activity":0.0201,"lastBolusTime":1703353972000,"time":"2023-12-23T19:16:19.631Z","iobWithZeroTemp":{"iob":1.14,"basaliob":-0.686,"bolussnooze":0.3985,"activity":0.0172,"lastBolusTime":1703353972000,"time":"2023-12-23T19:16:19.631Z"}},{"iob":1.473,"basaliob":-0.238,"bolussnooze":0.3408,"activity":0.0192,"lastBolusTime":1703353972000,"time":"2023-12-23T19:21:19.631Z","iobWithZeroTemp":{"iob":1.023,"basaliob":-0.688,"bolussnooze":0.3408,"activity":0.0161,"lastBolusTime":1703353972000,"time":"2023-12-23T19:21:19.631Z"}},{"iob":1.379,"basaliob":-0.222,"bolussnooze":0.2906,"activity":0.0183,"lastBolusTime":1703353972000,"time":"2023-12-23T19:26:19.631Z","iobWithZeroTemp":{"iob":0.912,"basaliob":-0.689,"bolussnooze":0.2906,"activity":0.015,"lastBolusTime":1703353972000,"time":"2023-12-23T19:26:19.631Z"}},{"iob":1.291,"basaliob":-0.206,"bolussnooze":0.2471,"activity":0.0174,"lastBolusTime":1703353972000,"time":"2023-12-23T19:31:19.631Z","iobWithZeroTemp":{"iob":0.807,"basaliob":-0.69,"bolussnooze":0.2471,"activity":0.0139,"lastBolusTime":1703353972000,"time":"2023-12-23T19:31:19.631Z"}},{"iob":1.207,"basaliob":-0.192,"bolussnooze":0.2096,"activity":0.0164,"lastBolusTime":1703353972000,"time":"2023-12-23T19:36:19.631Z","iobWithZeroTemp":{"iob":0.708,"basaliob":-0.691,"bolussnooze":0.2096,"activity":0.0127,"lastBolusTime":1703353972000,"time":"2023-12-23T19:36:19.631Z"}},{"iob":1.126,"basaliob":-0.179,"bolussnooze":0.1772,"activity":0.0156,"lastBolusTime":1703353972000,"time":"2023-12-23T19:41:19.631Z","iobWithZeroTemp":{"iob":0.612,"basaliob":-0.693,"bolussnooze":0.1772,"activity":0.0117,"lastBolusTime":1703353972000,"time":"2023-12-23T19:41:19.631Z"}},{"iob":1.051,"basaliob":-0.166,"bolussnooze":0.1494,"activity":0.0146,"lastBolusTime":1703353972000,"time":"2023-12-23T19:46:19.631Z","iobWithZeroTemp":{"iob":0.524,"basaliob":-0.693,"bolussnooze":0.1494,"activity":0.0106,"lastBolusTime":1703353972000,"time":"2023-12-23T19:46:19.631Z"}},{"iob":0.98,"basaliob":-0.154,"bolussnooze":0.1257,"activity":0.0139,"lastBolusTime":1703353972000,"time":"2023-12-23T19:51:19.631Z","iobWithZeroTemp":{"iob":0.44,"basaliob":-0.694,"bolussnooze":0.1257,"activity":0.0097,"lastBolusTime":1703353972000,"time":"2023-12-23T19:51:19.631Z"}},{"iob":0.912,"basaliob":-0.143,"bolussnooze":0.1054,"activity":0.013,"lastBolusTime":1703353972000,"time":"2023-12-23T19:56:19.631Z","iobWithZeroTemp":{"iob":0.36,"basaliob":-0.695,"bolussnooze":0.1054,"activity":0.0087,"lastBolusTime":1703353972000,"time":"2023-12-23T19:56:19.631Z"}},{"iob":0.848,"basaliob":-0.133,"bolussnooze":0.0881,"activity":0.0123,"lastBolusTime":1703353972000,"time":"2023-12-23T20:01:19.631Z","iobWithZeroTemp":{"iob":0.285,"basaliob":-0.696,"bolussnooze":0.0881,"activity":0.0078,"lastBolusTime":1703353972000,"time":"2023-12-23T20:01:19.631Z"}},{"iob":0.789,"basaliob":-0.123,"bolussnooze":0.0734,"activity":0.0116,"lastBolusTime":1703353972000,"time":"2023-12-23T20:06:19.631Z","iobWithZeroTemp":{"iob":0.215,"basaliob":-0.697,"bolussnooze":0.0734,"activity":0.007,"lastBolusTime":1703353972000,"time":"2023-12-23T20:06:19.631Z"}},{"iob":0.733,"basaliob":-0.114,"bolussnooze":0.0609,"activity":0.0108,"lastBolusTime":1703353972000,"time":"2023-12-23T20:11:19.631Z","iobWithZeroTemp":{"iob":0.149,"basaliob":-0.698,"bolussnooze":0.0609,"activity":0.006,"lastBolusTime":1703353972000,"time":"2023-12-23T20:11:19.631Z"}},{"iob":0.681,"basaliob":-0.105,"bolussnooze":0.0504,"activity":0.0102,"lastBolusTime":1703353972000,"time":"2023-12-23T20:16:19.631Z","iobWithZeroTemp":{"iob":0.088,"basaliob":-0.698,"bolussnooze":0.0504,"activity":0.0053,"lastBolusTime":1703353972000,"time":"2023-12-23T20:16:19.631Z"}},{"iob":0.631,"basaliob":-0.097,"bolussnooze":0.0416,"activity":0.0096,"lastBolusTime":1703353972000,"time":"2023-12-23T20:21:19.631Z","iobWithZeroTemp":{"iob":0.03,"basaliob":-0.698,"bolussnooze":0.0416,"activity":0.0046,"lastBolusTime":1703353972000,"time":"2023-12-23T20:21:19.631Z"}},{"iob":0.585,"basaliob":-0.09,"bolussnooze":0.0342,"activity":0.009,"lastBolusTime":1703353972000,"time":"2023-12-23T20:26:19.631Z","iobWithZeroTemp":{"iob":-0.024,"basaliob":-0.699,"bolussnooze":0.0342,"activity":0.0039,"lastBolusTime":1703353972000,"time":"2023-12-23T20:26:19.631Z"}},{"iob":0.541,"basaliob":-0.083,"bolussnooze":0.028,"activity":0.0084,"lastBolusTime":1703353972000,"time":"2023-12-23T20:31:19.631Z","iobWithZeroTemp":{"iob":-0.076,"basaliob":-0.7,"bolussnooze":0.028,"activity":0.0032,"lastBolusTime":1703353972000,"time":"2023-12-23T20:31:19.631Z"}},{"iob":0.502,"basaliob":-0.076,"bolussnooze":0.0228,"activity":0.0078,"lastBolusTime":1703353972000,"time":"2023-12-23T20:36:19.631Z","iobWithZeroTemp":{"iob":-0.122,"basaliob":-0.7,"bolussnooze":0.0228,"activity":0.0025,"lastBolusTime":1703353972000,"time":"2023-12-23T20:36:19.631Z"}},{"iob":0.464,"basaliob":-0.07,"bolussnooze":0.0185,"activity":0.0072,"lastBolusTime":1703353972000,"time":"2023-12-23T20:41:19.631Z","iobWithZeroTemp":{"iob":-0.166,"basaliob":-0.7,"bolussnooze":0.0185,"activity":0.0018,"lastBolusTime":1703353972000,"time":"2023-12-23T20:41:19.631Z"}},{"iob":0.428,"basaliob":-0.065,"bolussnooze":0.0149,"activity":0.0068,"lastBolusTime":1703353972000,"time":"2023-12-23T20:46:19.631Z","iobWithZeroTemp":{"iob":-0.208,"basaliob":-0.701,"bolussnooze":0.0149,"activity":0.0013,"lastBolusTime":1703353972000,"time":"2023-12-23T20:46:19.631Z"}},{"iob":0.395,"basaliob":-0.06,"bolussnooze":0.012,"activity":0.0063,"lastBolusTime":1703353972000,"time":"2023-12-23T20:51:19.631Z","iobWithZeroTemp":{"iob":-0.247,"basaliob":-0.702,"bolussnooze":0.012,"activity":7.0E-4,"lastBolusTime":1703353972000,"time":"2023-12-23T20:51:19.631Z"}},{"iob":0.365,"basaliob":-0.055,"bolussnooze":0.0095,"activity":0.0059,"lastBolusTime":1703353972000,"time":"2023-12-23T20:56:19.631Z","iobWithZeroTemp":{"iob":-0.282,"basaliob":-0.702,"bolussnooze":0.0095,"activity":2.0E-4,"lastBolusTime":1703353972000,"time":"2023-12-23T20:56:19.631Z"}},{"iob":0.337,"basaliob":-0.05,"bolussnooze":0.0076,"activity":0.0054,"lastBolusTime":1703353972000,"time":"2023-12-23T21:01:19.631Z","iobWithZeroTemp":{"iob":-0.314,"basaliob":-0.701,"bolussnooze":0.0076,"activity":-4.0E-4,"lastBolusTime":1703353972000,"time":"2023-12-23T21:01:19.631Z"}},{"iob":0.31,"basaliob":-0.046,"bolussnooze":0.0059,"activity":0.0051,"lastBolusTime":1703353972000,"time":"2023-12-23T21:06:19.631Z","iobWithZeroTemp":{"iob":-0.346,"basaliob":-0.702,"bolussnooze":0.0059,"activity":-7.0E-4,"lastBolusTime":1703353972000,"time":"2023-12-23T21:06:19.631Z"}},{"iob":0.285,"basaliob":-0.043,"bolussnooze":0.0046,"activity":0.0048,"lastBolusTime":1703353972000,"time":"2023-12-23T21:11:19.631Z","iobWithZeroTemp":{"iob":-0.375,"basaliob":-0.703,"bolussnooze":0.0046,"activity":-0.0011,"lastBolusTime":1703353972000,"time":"2023-12-23T21:11:19.631Z"}},{"iob":0.263,"basaliob":-0.039,"bolussnooze":0.0036,"activity":0.0044,"lastBolusTime":1703353972000,"time":"2023-12-23T21:16:19.631Z","iobWithZeroTemp":{"iob":-0.401,"basaliob":-0.703,"bolussnooze":0.0036,"activity":-0.0015,"lastBolusTime":1703353972000,"time":"2023-12-23T21:16:19.631Z"}},{"iob":0.241,"basaliob":-0.036,"bolussnooze":0.0027,"activity":0.0041,"lastBolusTime":1703353972000,"time":"2023-12-23T21:21:19.631Z","iobWithZeroTemp":{"iob":-0.426,"basaliob":-0.703,"bolussnooze":0.0027,"activity":-0.0019,"lastBolusTime":1703353972000,"time":"2023-12-23T21:21:19.631Z"}},{"iob":0.222,"basaliob":-0.033,"bolussnooze":0.002,"activity":0.0038,"lastBolusTime":1703353972000,"time":"2023-12-23T21:26:19.631Z","iobWithZeroTemp":{"iob":-0.448,"basaliob":-0.703,"bolussnooze":0.002,"activity":-0.0023,"lastBolusTime":1703353972000,"time":"2023-12-23T21:26:19.631Z"}},{"iob":0.204,"basaliob":-0.03,"bolussnooze":0.0015,"activity":0.0035,"lastBolusTime":1703353972000,"time":"2023-12-23T21:31:19.631Z","iobWithZeroTemp":{"iob":-0.469,"basaliob":-0.703,"bolussnooze":0.0015,"activity":-0.0026,"lastBolusTime":1703353972000,"time":"2023-12-23T21:31:19.631Z"}},{"iob":0.187,"basaliob":-0.027,"bolussnooze":0.0011,"activity":0.0032,"lastBolusTime":1703353972000,"time":"2023-12-23T21:36:19.631Z","iobWithZeroTemp":{"iob":-0.489,"basaliob":-0.703,"bolussnooze":0.0011,"activity":-0.0029,"lastBolusTime":1703353972000,"time":"2023-12-23T21:36:19.631Z"}},{"iob":0.171,"basaliob":-0.025,"bolussnooze":8.0E-4,"activity":0.0029,"lastBolusTime":1703353972000,"time":"2023-12-23T21:41:19.631Z","iobWithZeroTemp":{"iob":-0.507,"basaliob":-0.703,"bolussnooze":8.0E-4,"activity":-0.0033,"lastBolusTime":1703353972000,"time":"2023-12-23T21:41:19.631Z"}},{"iob":0.157,"basaliob":-0.023,"bolussnooze":5.0E-4,"activity":0.0028,"lastBolusTime":1703353972000,"time":"2023-12-23T21:46:19.631Z","iobWithZeroTemp":{"iob":-0.524,"basaliob":-0.704,"bolussnooze":5.0E-4,"activity":-0.0034,"lastBolusTime":1703353972000,"time":"2023-12-23T21:46:19.631Z"}},{"iob":0.144,"basaliob":-0.021,"bolussnooze":4.0E-4,"activity":0.0025,"lastBolusTime":1703353972000,"time":"2023-12-23T21:51:19.631Z","iobWithZeroTemp":{"iob":-0.539,"basaliob":-0.704,"bolussnooze":4.0E-4,"activity":-0.0038,"lastBolusTime":1703353972000,"time":"2023-12-23T21:51:19.631Z"}}],"profile":{"max_iob":7,"type":"current","max_daily_basal":0.45,"max_basal":1.35,"min_bg":81.0000000000001,"max_bg":81.0000000000001,"target_bg":81.0000000000001,"carb_ratio":11,"sens":352.8,"max_daily_safety_multiplier":3,"current_basal_safety_multiplier":4,"lgsThreshold":65,"high_temptarget_raises_sensitivity":false,"low_temptarget_lowers_sensitivity":false,"sensitivity_raises_target":true,"resistance_lowers_target":true,"adv_target_adjustments":false,"exercise_mode":false,"half_basal_exercise_target":160,"maxCOB":120,"skip_neutral_temps":false,"remainingCarbsCap":90,"enableUAM":true,"A52_risk_enable":false,"SMBInterval":4,"enableSMB_with_COB":true,"enableSMB_with_temptarget":false,"allowSMB_with_high_temptarget":true,"enableSMB_always":true,"enableSMB_after_carbs":false,"maxSMBBasalMinutes":60,"maxUAMSMBBasalMinutes":60,"bolus_increment":0.05,"carbsReqThreshold":10,"current_basal":0.4,"temptargetSet":true,"autosens_max":1.2,"autosens_min":0.8,"out_units":"mmol\/L","variable_sens":136.8,"insulinDivisor":65,"TDD":12.584007541666665},"autosens_data":{"ratio":1.2082905716117383},"meal_data":{"carbs":70,"mealCOB":43.00699773242632,"slopeFromMaxDeviation":0,"slopeFromMinDeviation":1.3192372881355932,"lastBolusTime":1703353972000,"lastCarbTime":1703353972994},"microBolusAllowed":true,"currentTime":1703354181663,"flatBGsDetected":false,"tdd1D":34.144083333333334,"tdd7D":30.47294047619048,"tddLast24H":36.82016666666667,"tddLast4H":7.453333333333333,"tddLast8to4H":6.726666666666667},"output":{"temp":"absolute","bg":120,"tick":"+10","eventualBG":170,"targetBG":81.0000000000001,"insulinReq":0.56,"deliverAt":"2023-12-23T17:56:21.663Z","sensitivityRatio":1.2082905716117383,"variable_sens":136.8,"predBGs":{"IOB":[120,126,130,132,130,127,121,113,101,87,70,47,39],"ZT":[120,105,87,65,39,39,39,39,39,39,39,39,39,39,39,39,39,39,39,39,39,39,39,39,39,39,39,39,39,39,39,39,39,39,39,39,39,39,39,39,39,39,39,39,39,39,39,39],"COB":[120,128,135,142,147,152,157,161,166,171,176,182,188,195,201,209,216,223,229,234,238,241,244,246,247,247,246,244,241,237,232,226,221,215,210,206,201,197,194,190,187,184,181,178,176,174,172,170],"UAM":[120,128,134,140,145,149,152,156,159,161,163,166,168,170,172,173,175,177,178,179,180,182,182,183,184,184,184,184,183,183,181,180,178,176,173,170,167,163,160,157,155,152,149,147,145,143,141,140]},"reason":"COB: 43, Dev: 7.9, BGI: -0.9, ISF: 7.6, CR: 11, Target: 4.5, minPredBG 8.7, minGuardBG 7.1, IOBpredBG 2.2, COBpredBG 9.4, UAMpredBG 7.8; Eventual BG 9.4 >= 4.5,  insulinReq 0.56; setting 60m low temp of 0U\/h. Waiting 1m 30s to microbolus again. ","COB":43.00699773242632,"IOB":3.553,"rate":0,"duration":60,"timestamp":"2023-12-23T17:56:21.688Z"}}