{"algorithm":"OpenAPSSMBDynamicISFPlugin","input":{"glucoseStatus":{"glucose":92,"noise":0,"delta":0,"short_avgdelta":-2.33,"long_avgdelta":-3.34,"date":1703947622681},"currenttemp":{"temp":"absolute","duration":10,"rate":0,"minutesrunning":20},"iob_data":[{"iob":0.154,"basaliob":-0.612,"bolussnooze":0,"activity":0.0036,"lastBolusTime":1703945851000,"time":"2023-12-30T14:47:45.256Z","iobWithZeroTemp":{"iob":0.154,"basaliob":-0.612,"bolussnooze":0,"activity":0.0036,"lastBolusTime":1703945851000,"time":"2023-12-30T14:47:45.256Z"}},{"iob":0.138,"basaliob":-0.584,"bolussnooze":0,"activity":0.0032,"lastBolusTime":1703945851000,"time":"2023-12-30T14:52:45.256Z","iobWithZeroTemp":{"iob":0.111,"basaliob":-0.611,"bolussnooze":0,"activity":0.0032,"lastBolusTime":1703945851000,"time":"2023-12-30T14:52:45.256Z"}},{"iob":0.122,"basaliob":-0.557,"bolussnooze":0,"activity":0.003,"lastBolusTime":1703945851000,"time":"2023-12-30T14:57:45.256Z","iobWithZeroTemp":{"iob":0.062,"basaliob":-0.617,"bolussnooze":0,"activity":0.0029,"lastBolusTime":1703945851000,"time":"2023-12-30T14:57:45.256Z"}},{"iob":0.108,"basaliob":-0.53,"bolussnooze":0,"activity":0.0026,"lastBolusTime":1703945851000,"time":"2023-12-30T15:02:45.256Z","iobWithZeroTemp":{"iob":0.016,"basaliob":-0.622,"bolussnooze":0,"activity":0.0024,"lastBolusTime":1703945851000,"time":"2023-12-30T15:02:45.256Z"}},{"iob":0.096,"basaliob":-0.503,"bolussnooze":0,"activity":0.0024,"lastBolusTime":1703945851000,"time":"2023-12-30T15:07:45.256Z","iobWithZeroTemp":{"iob":-0.029,"basaliob":-0.628,"bolussnooze":0,"activity":0.0021,"lastBolusTime":1703945851000,"time":"2023-12-30T15:07:45.256Z"}},{"iob":0.084,"basaliob":-0.477,"bolussnooze":0,"activity":0.0021,"lastBolusTime":1703945851000,"time":"2023-12-30T15:12:45.256Z","iobWithZeroTemp":{"iob":-0.072,"basaliob":-0.633,"bolussnooze":0,"activity":0.0016,"lastBolusTime":1703945851000,"time":"2023-12-30T15:12:45.256Z"}},{"iob":0.075,"basaliob":-0.451,"bolussnooze":0,"activity":0.0019,"lastBolusTime":1703945851000,"time":"2023-12-30T15:17:45.256Z","iobWithZeroTemp":{"iob":-0.111,"basaliob":-0.637,"bolussnooze":0,"activity":0.0012,"lastBolusTime":1703945851000,"time":"2023-12-30T15:17:45.256Z"}},{"iob":0.066,"basaliob":-0.426,"bolussnooze":0,"activity":0.0017,"lastBolusTime":1703945851000,"time":"2023-12-30T15:22:45.256Z","iobWithZeroTemp":{"iob":-0.15,"basaliob":-0.642,"bolussnooze":0,"activity":8.0E-4,"lastBolusTime":1703945851000,"time":"2023-12-30T15:22:45.256Z"}},{"iob":0.058,"basaliob":-0.402,"bolussnooze":0,"activity":0.0015,"lastBolusTime":1703945851000,"time":"2023-12-30T15:27:45.256Z","iobWithZeroTemp":{"iob":-0.186,"basaliob":-0.646,"bolussnooze":0,"activity":4.0E-4,"lastBolusTime":1703945851000,"time":"2023-12-30T15:27:45.256Z"}},{"iob":0.05,"basaliob":-0.379,"bolussnooze":0,"activity":0.0013,"lastBolusTime":1703945851000,"time":"2023-12-30T15:32:45.256Z","iobWithZeroTemp":{"iob":-0.222,"basaliob":-0.651,"bolussnooze":0,"activity":0,"lastBolusTime":1703945851000,"time":"2023-12-30T15:32:45.256Z"}},{"iob":0.044,"basaliob":-0.356,"bolussnooze":0,"activity":0.0012,"lastBolusTime":1703945851000,"time":"2023-12-30T15:37:45.256Z","iobWithZeroTemp":{"iob":-0.254,"basaliob":-0.654,"bolussnooze":0,"activity":-3.0E-4,"lastBolusTime":1703945851000,"time":"2023-12-30T15:37:45.256Z"}},{"iob":0.038,"basaliob":-0.335,"bolussnooze":0,"activity":0.0011,"lastBolusTime":1703945851000,"time":"2023-12-30T15:42:45.256Z","iobWithZeroTemp":{"iob":-0.285,"basaliob":-0.658,"bolussnooze":0,"activity":-7.0E-4,"lastBolusTime":1703945851000,"time":"2023-12-30T15:42:45.256Z"}},{"iob":0.033,"basaliob":-0.314,"bolussnooze":0,"activity":0.001,"lastBolusTime":1703945851000,"time":"2023-12-30T15:47:45.256Z","iobWithZeroTemp":{"iob":-0.314,"basaliob":-0.661,"bolussnooze":0,"activity":-0.001,"lastBolusTime":1703945851000,"time":"2023-12-30T15:47:45.256Z"}},{"iob":0.029,"basaliob":-0.294,"bolussnooze":0,"activity":9.0E-4,"lastBolusTime":1703945851000,"time":"2023-12-30T15:52:45.256Z","iobWithZeroTemp":{"iob":-0.341,"basaliob":-0.664,"bolussnooze":0,"activity":-0.0013,"lastBolusTime":1703945851000,"time":"2023-12-30T15:52:45.256Z"}},{"iob":0.024,"basaliob":-0.276,"bolussnooze":0,"activity":7.0E-4,"lastBolusTime":1703945851000,"time":"2023-12-30T15:57:45.256Z","iobWithZeroTemp":{"iob":-0.367,"basaliob":-0.667,"bolussnooze":0,"activity":-0.0017,"lastBolusTime":1703945851000,"time":"2023-12-30T15:57:45.256Z"}},{"iob":0.021,"basaliob":-0.258,"bolussnooze":0,"activity":6.0E-4,"lastBolusTime":1703945851000,"time":"2023-12-30T16:02:45.256Z","iobWithZeroTemp":{"iob":-0.391,"basaliob":-0.67,"bolussnooze":0,"activity":-0.0021,"lastBolusTime":1703945851000,"time":"2023-12-30T16:02:45.256Z"}},{"iob":0.018,"basaliob":-0.241,"bolussnooze":0,"activity":6.0E-4,"lastBolusTime":1703945851000,"time":"2023-12-30T16:07:45.256Z","iobWithZeroTemp":{"iob":-0.413,"basaliob":-0.672,"bolussnooze":0,"activity":-0.0023,"lastBolusTime":1703945851000,"time":"2023-12-30T16:07:45.256Z"}},{"iob":0.015,"basaliob":-0.225,"bolussnooze":0,"activity":5.0E-4,"lastBolusTime":1703945851000,"time":"2023-12-30T16:12:45.256Z","iobWithZeroTemp":{"iob":-0.435,"basaliob":-0.675,"bolussnooze":0,"activity":-0.0026,"lastBolusTime":1703945851000,"time":"2023-12-30T16:12:45.256Z"}},{"iob":0.012,"basaliob":-0.21,"bolussnooze":0,"activity":5.0E-4,"lastBolusTime":1703945851000,"time":"2023-12-30T16:17:45.256Z","iobWithZeroTemp":{"iob":-0.455,"basaliob":-0.677,"bolussnooze":0,"activity":-0.0028,"lastBolusTime":1703945851000,"time":"2023-12-30T16:17:45.256Z"}},{"iob":0.01,"basaliob":-0.196,"bolussnooze":0,"activity":4.0E-4,"lastBolusTime":1703945851000,"time":"2023-12-30T16:22:45.256Z","iobWithZeroTemp":{"iob":-0.474,"basaliob":-0.68,"bolussnooze":0,"activity":-0.0031,"lastBolusTime":1703945851000,"time":"2023-12-30T16:22:45.256Z"}},{"iob":0.009,"basaliob":-0.182,"bolussnooze":0,"activity":4.0E-4,"lastBolusTime":1703945851000,"time":"2023-12-30T16:27:45.256Z","iobWithZeroTemp":{"iob":-0.49,"basaliob":-0.681,"bolussnooze":0,"activity":-0.0033,"lastBolusTime":1703945851000,"time":"2023-12-30T16:27:45.256Z"}},{"iob":0.007,"basaliob":-0.169,"bolussnooze":0,"activity":3.0E-4,"lastBolusTime":1703945851000,"time":"2023-12-30T16:32:45.256Z","iobWithZeroTemp":{"iob":-0.507,"basaliob":-0.683,"bolussnooze":0,"activity":-0.0036,"lastBolusTime":1703945851000,"time":"2023-12-30T16:32:45.256Z"}},{"iob":0.006,"basaliob":-0.157,"bolussnooze":0,"activity":3.0E-4,"lastBolusTime":1703945851000,"time":"2023-12-30T16:37:45.256Z","iobWithZeroTemp":{"iob":-0.521,"basaliob":-0.684,"bolussnooze":0,"activity":-0.0037,"lastBolusTime":1703945851000,"time":"2023-12-30T16:37:45.256Z"}},{"iob":0.004,"basaliob":-0.146,"bolussnooze":0,"activity":2.0E-4,"lastBolusTime":1703945851000,"time":"2023-12-30T16:42:45.256Z","iobWithZeroTemp":{"iob":-0.536,"basaliob":-0.686,"bolussnooze":0,"activity":-0.004,"lastBolusTime":1703945851000,"time":"2023-12-30T16:42:45.256Z"}},{"iob":0.003,"basaliob":-0.136,"bolussnooze":0,"activity":2.0E-4,"lastBolusTime":1703945851000,"time":"2023-12-30T16:47:45.256Z","iobWithZeroTemp":{"iob":-0.549,"basaliob":-0.688,"bolussnooze":0,"activity":-0.0041,"lastBolusTime":1703945851000,"time":"2023-12-30T16:47:45.256Z"}},{"iob":0.002,"basaliob":-0.126,"bolussnooze":0,"activity":2.0E-4,"lastBolusTime":1703945851000,"time":"2023-12-30T16:52:45.256Z","iobWithZeroTemp":{"iob":-0.561,"basaliob":-0.689,"bolussnooze":0,"activity":-0.0043,"lastBolusTime":1703945851000,"time":"2023-12-30T16:52:45.256Z"}},{"iob":0.001,"basaliob":-0.117,"bolussnooze":0,"activity":1.0E-4,"lastBolusTime":1703945851000,"time":"2023-12-30T16:57:45.256Z","iobWithZeroTemp":{"iob":-0.573,"basaliob":-0.691,"bolussnooze":0,"activity":-0.0045,"lastBolusTime":1703945851000,"time":"2023-12-30T16:57:45.256Z"}},{"iob":0.001,"basaliob":-0.108,"bolussnooze":0,"activity":1.0E-4,"lastBolusTime":1703945851000,"time":"2023-12-30T17:02:45.256Z","iobWithZeroTemp":{"iob":-0.583,"basaliob":-0.692,"bolussnooze":0,"activity":-0.0047,"lastBolusTime":1703945851000,"time":"2023-12-30T17:02:45.256Z"}},{"iob":0,"basaliob":-0.1,"bolussnooze":0,"activity":1.0E-4,"lastBolusTime":1703945851000,"time":"2023-12-30T17:07:45.256Z","iobWithZeroTemp":{"iob":-0.593,"basaliob":-0.693,"bolussnooze":0,"activity":-0.0048,"lastBolusTime":1703945851000,"time":"2023-12-30T17:07:45.256Z"}},{"iob":0,"basaliob":-0.092,"bolussnooze":0,"activity":0,"lastBolusTime":1703945851000,"time":"2023-12-30T17:12:45.256Z","iobWithZeroTemp":{"iob":-0.601,"basaliob":-0.693,"bolussnooze":0,"activity":-0.005,"lastBolusTime":1703945851000,"time":"2023-12-30T17:12:45.256Z"}},{"iob":0,"basaliob":-0.085,"bolussnooze":0,"activity":0,"lastBolusTime":1703945851000,"time":"2023-12-30T17:17:45.256Z","iobWithZeroTemp":{"iob":-0.609,"basaliob":-0.694,"bolussnooze":0,"activity":-0.0051,"lastBolusTime":1703945851000,"time":"2023-12-30T17:17:45.256Z"}},{"iob":-0.001,"basaliob":-0.079,"bolussnooze":0,"activity":0,"lastBolusTime":1703945851000,"time":"2023-12-30T17:22:45.256Z","iobWithZeroTemp":{"iob":-0.618,"basaliob":-0.696,"bolussnooze":0,"activity":-0.0052,"lastBolusTime":1703945851000,"time":"2023-12-30T17:22:45.256Z"}},{"iob":-0.002,"basaliob":-0.073,"bolussnooze":0,"activity":0,"lastBolusTime":1703945851000,"time":"2023-12-30T17:27:45.256Z","iobWithZeroTemp":{"iob":-0.626,"basaliob":-0.697,"bolussnooze":0,"activity":-0.0053,"lastBolusTime":1703945851000,"time":"2023-12-30T17:27:45.256Z"}},{"iob":-0.002,"basaliob":-0.067,"bolussnooze":0,"activity":0,"lastBolusTime":1703945851000,"time":"2023-12-30T17:32:45.256Z","iobWithZeroTemp":{"iob":-0.632,"basaliob":-0.697,"bolussnooze":0,"activity":-0.0054,"lastBolusTime":1703945851000,"time":"2023-12-30T17:32:45.256Z"}},{"iob":-0.002,"basaliob":-0.062,"bolussnooze":0,"activity":0,"lastBolusTime":1703945851000,"time":"2023-12-30T17:37:45.256Z","iobWithZeroTemp":{"iob":-0.638,"basaliob":-0.698,"bolussnooze":0,"activity":-0.0055,"lastBolusTime":1703945851000,"time":"2023-12-30T17:37:45.256Z"}},{"iob":-0.002,"basaliob":-0.057,"bolussnooze":0,"activity":1.0E-4,"lastBolusTime":1703945851000,"time":"2023-12-30T17:42:45.256Z","iobWithZeroTemp":{"iob":-0.644,"basaliob":-0.699,"bolussnooze":0,"activity":-0.0055,"lastBolusTime":1703945851000,"time":"2023-12-30T17:42:45.256Z"}},{"iob":-0.002,"basaliob":-0.052,"bolussnooze":0,"activity":0,"lastBolusTime":1703945851000,"time":"2023-12-30T17:47:45.256Z","iobWithZeroTemp":{"iob":-0.649,"basaliob":-0.699,"bolussnooze":0,"activity":-0.0057,"lastBolusTime":1703945851000,"time":"2023-12-30T17:47:45.256Z"}},{"iob":-0.002,"basaliob":-0.048,"bolussnooze":0,"activity":0,"lastBolusTime":1703945851000,"time":"2023-12-30T17:52:45.256Z","iobWithZeroTemp":{"iob":-0.653,"basaliob":-0.699,"bolussnooze":0,"activity":-0.0058,"lastBolusTime":1703945851000,"time":"2023-12-30T17:52:45.256Z"}},{"iob":-0.002,"basaliob":-0.044,"bolussnooze":0,"activity":0,"lastBolusTime":1703945851000,"time":"2023-12-30T17:57:45.256Z","iobWithZeroTemp":{"iob":-0.658,"basaliob":-0.7,"bolussnooze":0,"activity":-0.0058,"lastBolusTime":1703945851000,"time":"2023-12-30T17:57:45.256Z"}},{"iob":-0.003,"basaliob":-0.041,"bolussnooze":0,"activity":0,"lastBolusTime":1703945851000,"time":"2023-12-30T18:02:45.256Z","iobWithZeroTemp":{"iob":-0.663,"basaliob":-0.701,"bolussnooze":0,"activity":-0.0059,"lastBolusTime":1703945851000,"time":"2023-12-30T18:02:45.256Z"}},{"iob":-0.002,"basaliob":-0.037,"bolussnooze":0,"activity":0,"lastBolusTime":1703945851000,"time":"2023-12-30T18:07:45.256Z","iobWithZeroTemp":{"iob":-0.666,"basaliob":-0.701,"bolussnooze":0,"activity":-0.0059,"lastBolusTime":1703945851000,"time":"2023-12-30T18:07:45.256Z"}},{"iob":-0.002,"basaliob":-0.034,"bolussnooze":0,"activity":0,"lastBolusTime":1703945851000,"time":"2023-12-30T18:12:45.256Z","iobWithZeroTemp":{"iob":-0.669,"basaliob":-0.701,"bolussnooze":0,"activity":-0.006,"lastBolusTime":1703945851000,"time":"2023-12-30T18:12:45.256Z"}},{"iob":-0.002,"basaliob":-0.031,"bolussnooze":0,"activity":0,"lastBolusTime":1703945851000,"time":"2023-12-30T18:17:45.256Z","iobWithZeroTemp":{"iob":-0.672,"basaliob":-0.701,"bolussnooze":0,"activity":-0.0061,"lastBolusTime":1703945851000,"time":"2023-12-30T18:17:45.256Z"}},{"iob":-0.002,"basaliob":-0.028,"bolussnooze":0,"activity":0,"lastBolusTime":1703945851000,"time":"2023-12-30T18:22:45.256Z","iobWithZeroTemp":{"iob":-0.675,"basaliob":-0.701,"bolussnooze":0,"activity":-0.0061,"lastBolusTime":1703945851000,"time":"2023-12-30T18:22:45.256Z"}},{"iob":-0.002,"basaliob":-0.026,"bolussnooze":0,"activity":0,"lastBolusTime":1703945851000,"time":"2023-12-30T18:27:45.256Z","iobWithZeroTemp":{"iob":-0.678,"basaliob":-0.702,"bolussnooze":0,"activity":-0.0061,"lastBolusTime":1703945851000,"time":"2023-12-30T18:27:45.256Z"}},{"iob":-0.002,"basaliob":-0.024,"bolussnooze":0,"activity":0,"lastBolusTime":1703945851000,"time":"2023-12-30T18:32:45.256Z","iobWithZeroTemp":{"iob":-0.68,"basaliob":-0.702,"bolussnooze":0,"activity":-0.0062,"lastBolusTime":1703945851000,"time":"2023-12-30T18:32:45.256Z"}},{"iob":-0.002,"basaliob":-0.022,"bolussnooze":0,"activity":0,"lastBolusTime":1703945851000,"time":"2023-12-30T18:37:45.256Z","iobWithZeroTemp":{"iob":-0.683,"basaliob":-0.703,"bolussnooze":0,"activity":-0.0062,"lastBolusTime":1703945851000,"time":"2023-12-30T18:37:45.256Z"}},{"iob":-0.002,"basaliob":-0.02,"bolussnooze":0,"activity":0,"lastBolusTime":1703945851000,"time":"2023-12-30T18:42:45.256Z","iobWithZeroTemp":{"iob":-0.685,"basaliob":-0.703,"bolussnooze":0,"activity":-0.0063,"lastBolusTime":1703945851000,"time":"2023-12-30T18:42:45.256Z"}}],"profile":{"max_iob":7,"type":"current","max_daily_basal":0.45,"max_basal":1.35,"min_bg":143.99999999999991,"max_bg":143.99999999999991,"target_bg":143.99999999999991,"carb_ratio":11,"sens":352.8,"max_daily_safety_multiplier":3,"current_basal_safety_multiplier":4,"lgsThreshold":65,"high_temptarget_raises_sensitivity":false,"low_temptarget_lowers_sensitivity":false,"sensitivity_raises_target":true,"resistance_lowers_target":true,"adv_target_adjustments":false,"exercise_mode":false,"half_basal_exercise_target":160,"maxCOB":120,"skip_neutral_temps":false,"remainingCarbsCap":90,"enableUAM":true,"A52_risk_enable":false,"SMBInterval":4,"enableSMB_with_COB":true,"enableSMB_with_temptarget":false,"allowSMB_with_high_temptarget":true,"enableSMB_always":true,"enableSMB_after_carbs":false,"maxSMBBasalMinutes":60,"maxUAMSMBBasalMinutes":60,"bolus_increment":0.05,"carbsReqThreshold":10,"current_basal":0.4,"temptargetSet":true,"autosens_max":1.2,"autosens_min":0.8,"out_units":"mmol\/L","variable_sens":234.8,"insulinDivisor":65,"TDD":8.692732291666665},"autosens_data":{"ratio":0.8626463323841342},"meal_data":{"carbs":15,"mealCOB":9.64574829931974,"slopeFromMaxDeviation":-1.5766666666666664,"slopeFromMinDeviation":0,"lastBolusTime":1703945851000,"lastCarbTime":1703939884000},"microBolusAllowed":true,"currentTime":1703947667565,"flatBGsDetected":false,"tdd1D":25.347250000000006,"tdd7D":27.29536904761905,"tddLast24H":23.546249999999993,"tddLast4H":1.9299999999999997,"tddLast8to4H":7.6033333333333335},"output":{"temp":"absolute","bg":92,"tick":"+0","eventualBG":202,"targetBG":143.99999999999991,"insulinReq":0,"deliverAt":"2023-12-30T14:47:47.565Z","sensitivityRatio":0.8626463323841342,"variable_sens":234.8,"predBGs":{"IOB":[92,90,87,85,83,81,79,78,76,75,73,72,70,69,67,66,66,65,64,63,63,62,61,61,61,60,60,60,60,60,60,60,60,60,60,60,59],"ZT":[92,88,84,80,77,74,72,71,69,69,69,69,70,72,74,76,79,82,85,88,92,96,100,104,109,113,117,122,126,131,136,140],"COB":[92,90,88,87,86,85,85,85,85,86,87,88,89,91,92,94,96,98,101,103,106,108,111,114,117,120,123,127,130,133,137,141,144,148,152,156,160,164,168,172,176,180,184,188,192,195,199,202],"UAM":[92,88,84,80,77,74,71,68,66,64,62,60,58,57,55,54,53,52,51,50,49,49,48,47,47,47,46]},"reason":"COB: 9.6, Dev: 0.6, BGI: -0.2, ISF: 13.0, CR: 11, Target: 8.0, minPredBG 5.6, minGuardBG 3.9, IOBpredBG 3.3, COBpredBG 11.2, UAMpredBG 2.6; minGuardBG 3.9<5.1","COB":9.64574829931974,"IOB":0.154,"duration":60,"rate":0,"timestamp":"2023-12-30T14:47:47.592Z"}}