{"algorithm":"OpenAPSSMBDynamicISFPlugin","input":{"glucoseStatus":{"glucose":184,"noise":0,"delta":-3.33,"short_avgdelta":-3.33,"long_avgdelta":-2.75,"date":1703610712130},"currenttemp":{"temp":"absolute","duration":73,"rate":0,"minutesrunning":47},"iob_data":[{"iob":1.096,"basaliob":-0.594,"bolussnooze":0.2364,"activity":0.0153,"lastBolusTime":1703607903000,"time":"2023-12-26T17:14:18.386Z","iobWithZeroTemp":{"iob":1.096,"basaliob":-0.594,"bolussnooze":0.2364,"activity":0.0153,"lastBolusTime":1703607903000,"time":"2023-12-26T17:14:18.386Z"}},{"iob":1.022,"basaliob":-0.566,"bolussnooze":0.2077,"activity":0.0144,"lastBolusTime":1703607903000,"time":"2023-12-26T17:19:18.386Z","iobWithZeroTemp":{"iob":0.995,"basaliob":-0.593,"bolussnooze":0.2077,"activity":0.0144,"lastBolusTime":1703607903000,"time":"2023-12-26T17:19:18.386Z"}},{"iob":0.952,"basaliob":-0.538,"bolussnooze":0.1817,"activity":0.0136,"lastBolusTime":1703607903000,"time":"2023-12-26T17:24:18.386Z","iobWithZeroTemp":{"iob":0.892,"basaliob":-0.598,"bolussnooze":0.1817,"activity":0.0135,"lastBolusTime":1703607903000,"time":"2023-12-26T17:24:18.386Z"}},{"iob":0.887,"basaliob":-0.51,"bolussnooze":0.1584,"activity":0.0129,"lastBolusTime":1703607903000,"time":"2023-12-26T17:29:18.386Z","iobWithZeroTemp":{"iob":0.795,"basaliob":-0.602,"bolussnooze":0.1584,"activity":0.0127,"lastBolusTime":1703607903000,"time":"2023-12-26T17:29:18.386Z"}},{"iob":0.825,"basaliob":-0.483,"bolussnooze":0.1375,"activity":0.0121,"lastBolusTime":1703607903000,"time":"2023-12-26T17:34:18.386Z","iobWithZeroTemp":{"iob":0.7,"basaliob":-0.608,"bolussnooze":0.1375,"activity":0.0118,"lastBolusTime":1703607903000,"time":"2023-12-26T17:34:18.386Z"}},{"iob":0.766,"basaliob":-0.457,"bolussnooze":0.119,"activity":0.0113,"lastBolusTime":1703607903000,"time":"2023-12-26T17:39:18.386Z","iobWithZeroTemp":{"iob":0.61,"basaliob":-0.613,"bolussnooze":0.119,"activity":0.0108,"lastBolusTime":1703607903000,"time":"2023-12-26T17:39:18.386Z"}},{"iob":0.712,"basaliob":-0.431,"bolussnooze":0.1027,"activity":0.0106,"lastBolusTime":1703607903000,"time":"2023-12-26T17:44:18.386Z","iobWithZeroTemp":{"iob":0.526,"basaliob":-0.617,"bolussnooze":0.1027,"activity":0.0099,"lastBolusTime":1703607903000,"time":"2023-12-26T17:44:18.386Z"}},{"iob":0.66,"basaliob":-0.407,"bolussnooze":0.0883,"activity":0.0099,"lastBolusTime":1703607903000,"time":"2023-12-26T17:49:18.386Z","iobWithZeroTemp":{"iob":0.444,"basaliob":-0.623,"bolussnooze":0.0883,"activity":0.009,"lastBolusTime":1703607903000,"time":"2023-12-26T17:49:18.386Z"}},{"iob":0.612,"basaliob":-0.383,"bolussnooze":0.0757,"activity":0.0093,"lastBolusTime":1703607903000,"time":"2023-12-26T17:54:18.386Z","iobWithZeroTemp":{"iob":0.368,"basaliob":-0.627,"bolussnooze":0.0757,"activity":0.0082,"lastBolusTime":1703607903000,"time":"2023-12-26T17:54:18.386Z"}},{"iob":0.567,"basaliob":-0.36,"bolussnooze":0.0648,"activity":0.0087,"lastBolusTime":1703607903000,"time":"2023-12-26T17:59:18.386Z","iobWithZeroTemp":{"iob":0.295,"basaliob":-0.632,"bolussnooze":0.0648,"activity":0.0074,"lastBolusTime":1703607903000,"time":"2023-12-26T17:59:18.386Z"}},{"iob":0.525,"basaliob":-0.338,"bolussnooze":0.0552,"activity":0.0081,"lastBolusTime":1703607903000,"time":"2023-12-26T18:04:18.386Z","iobWithZeroTemp":{"iob":0.227,"basaliob":-0.636,"bolussnooze":0.0552,"activity":0.0066,"lastBolusTime":1703607903000,"time":"2023-12-26T18:04:18.386Z"}},{"iob":0.485,"basaliob":-0.317,"bolussnooze":0.047,"activity":0.0076,"lastBolusTime":1703607903000,"time":"2023-12-26T18:09:18.386Z","iobWithZeroTemp":{"iob":0.162,"basaliob":-0.64,"bolussnooze":0.047,"activity":0.0058,"lastBolusTime":1703607903000,"time":"2023-12-26T18:09:18.386Z"}},{"iob":0.448,"basaliob":-0.297,"bolussnooze":0.0399,"activity":0.0071,"lastBolusTime":1703607903000,"time":"2023-12-26T18:14:18.386Z","iobWithZeroTemp":{"iob":0.101,"basaliob":-0.644,"bolussnooze":0.0399,"activity":0.0051,"lastBolusTime":1703607903000,"time":"2023-12-26T18:14:18.386Z"}},{"iob":0.414,"basaliob":-0.278,"bolussnooze":0.0337,"activity":0.0066,"lastBolusTime":1703607903000,"time":"2023-12-26T18:19:18.386Z","iobWithZeroTemp":{"iob":0.044,"basaliob":-0.648,"bolussnooze":0.0337,"activity":0.0044,"lastBolusTime":1703607903000,"time":"2023-12-26T18:19:18.386Z"}},{"iob":0.382,"basaliob":-0.26,"bolussnooze":0.0285,"activity":0.0062,"lastBolusTime":1703607903000,"time":"2023-12-26T18:24:18.386Z","iobWithZeroTemp":{"iob":-0.009,"basaliob":-0.651,"bolussnooze":0.0285,"activity":0.0038,"lastBolusTime":1703607903000,"time":"2023-12-26T18:24:18.386Z"}},{"iob":0.352,"basaliob":-0.243,"bolussnooze":0.024,"activity":0.0058,"lastBolusTime":1703607903000,"time":"2023-12-26T18:29:18.386Z","iobWithZeroTemp":{"iob":-0.06,"basaliob":-0.655,"bolussnooze":0.024,"activity":0.0031,"lastBolusTime":1703607903000,"time":"2023-12-26T18:29:18.386Z"}},{"iob":0.324,"basaliob":-0.227,"bolussnooze":0.0201,"activity":0.0053,"lastBolusTime":1703607903000,"time":"2023-12-26T18:34:18.386Z","iobWithZeroTemp":{"iob":-0.107,"basaliob":-0.658,"bolussnooze":0.0201,"activity":0.0024,"lastBolusTime":1703607903000,"time":"2023-12-26T18:34:18.386Z"}},{"iob":0.299,"basaliob":-0.211,"bolussnooze":0.0168,"activity":0.0049,"lastBolusTime":1703607903000,"time":"2023-12-26T18:39:18.386Z","iobWithZeroTemp":{"iob":-0.151,"basaliob":-0.661,"bolussnooze":0.0168,"activity":0.0018,"lastBolusTime":1703607903000,"time":"2023-12-26T18:39:18.386Z"}},{"iob":0.275,"basaliob":-0.197,"bolussnooze":0.0141,"activity":0.0046,"lastBolusTime":1703607903000,"time":"2023-12-26T18:44:18.386Z","iobWithZeroTemp":{"iob":-0.192,"basaliob":-0.664,"bolussnooze":0.0141,"activity":0.0013,"lastBolusTime":1703607903000,"time":"2023-12-26T18:44:18.386Z"}},{"iob":0.253,"basaliob":-0.183,"bolussnooze":0.0117,"activity":0.0043,"lastBolusTime":1703607903000,"time":"2023-12-26T18:49:18.386Z","iobWithZeroTemp":{"iob":-0.231,"basaliob":-0.667,"bolussnooze":0.0117,"activity":8.0E-4,"lastBolusTime":1703607903000,"time":"2023-12-26T18:49:18.386Z"}},{"iob":0.233,"basaliob":-0.17,"bolussnooze":0.0097,"activity":0.0039,"lastBolusTime":1703607903000,"time":"2023-12-26T18:54:18.386Z","iobWithZeroTemp":{"iob":-0.266,"basaliob":-0.669,"bolussnooze":0.0097,"activity":2.0E-4,"lastBolusTime":1703607903000,"time":"2023-12-26T18:54:18.386Z"}},{"iob":0.214,"basaliob":-0.158,"bolussnooze":0.008,"activity":0.0037,"lastBolusTime":1703607903000,"time":"2023-12-26T18:59:18.386Z","iobWithZeroTemp":{"iob":-0.3,"basaliob":-0.672,"bolussnooze":0.008,"activity":-2.0E-4,"lastBolusTime":1703607903000,"time":"2023-12-26T18:59:18.386Z"}},{"iob":0.196,"basaliob":-0.147,"bolussnooze":0.0066,"activity":0.0034,"lastBolusTime":1703607903000,"time":"2023-12-26T19:04:18.386Z","iobWithZeroTemp":{"iob":-0.331,"basaliob":-0.674,"bolussnooze":0.0066,"activity":-6.0E-4,"lastBolusTime":1703607903000,"time":"2023-12-26T19:04:18.386Z"}},{"iob":0.18,"basaliob":-0.136,"bolussnooze":0.0054,"activity":0.0031,"lastBolusTime":1703607903000,"time":"2023-12-26T19:09:18.386Z","iobWithZeroTemp":{"iob":-0.36,"basaliob":-0.676,"bolussnooze":0.0054,"activity":-0.0011,"lastBolusTime":1703607903000,"time":"2023-12-26T19:09:18.386Z"}},{"iob":0.165,"basaliob":-0.126,"bolussnooze":0.0044,"activity":0.0029,"lastBolusTime":1703607903000,"time":"2023-12-26T19:14:18.386Z","iobWithZeroTemp":{"iob":-0.387,"basaliob":-0.678,"bolussnooze":0.0044,"activity":-0.0014,"lastBolusTime":1703607903000,"time":"2023-12-26T19:14:18.386Z"}},{"iob":0.151,"basaliob":-0.117,"bolussnooze":0.0036,"activity":0.0027,"lastBolusTime":1703607903000,"time":"2023-12-26T19:19:18.386Z","iobWithZeroTemp":{"iob":-0.412,"basaliob":-0.68,"bolussnooze":0.0036,"activity":-0.0018,"lastBolusTime":1703607903000,"time":"2023-12-26T19:19:18.386Z"}},{"iob":0.138,"basaliob":-0.108,"bolussnooze":0.0029,"activity":0.0024,"lastBolusTime":1703607903000,"time":"2023-12-26T19:24:18.386Z","iobWithZeroTemp":{"iob":-0.436,"basaliob":-0.682,"bolussnooze":0.0029,"activity":-0.0022,"lastBolusTime":1703607903000,"time":"2023-12-26T19:24:18.386Z"}},{"iob":0.126,"basaliob":-0.1,"bolussnooze":0.0023,"activity":0.0022,"lastBolusTime":1703607903000,"time":"2023-12-26T19:29:18.386Z","iobWithZeroTemp":{"iob":-0.458,"basaliob":-0.684,"bolussnooze":0.0023,"activity":-0.0026,"lastBolusTime":1703607903000,"time":"2023-12-26T19:29:18.386Z"}},{"iob":0.116,"basaliob":-0.092,"bolussnooze":0.0019,"activity":0.0021,"lastBolusTime":1703607903000,"time":"2023-12-26T19:34:18.386Z","iobWithZeroTemp":{"iob":-0.477,"basaliob":-0.685,"bolussnooze":0.0019,"activity":-0.0028,"lastBolusTime":1703607903000,"time":"2023-12-26T19:34:18.386Z"}},{"iob":0.106,"basaliob":-0.085,"bolussnooze":0.0015,"activity":0.0019,"lastBolusTime":1703607903000,"time":"2023-12-26T19:39:18.386Z","iobWithZeroTemp":{"iob":-0.495,"basaliob":-0.686,"bolussnooze":0.0015,"activity":-0.0031,"lastBolusTime":1703607903000,"time":"2023-12-26T19:39:18.386Z"}},{"iob":0.096,"basaliob":-0.079,"bolussnooze":0.0012,"activity":0.0017,"lastBolusTime":1703607903000,"time":"2023-12-26T19:44:18.386Z","iobWithZeroTemp":{"iob":-0.513,"basaliob":-0.688,"bolussnooze":0.0012,"activity":-0.0034,"lastBolusTime":1703607903000,"time":"2023-12-26T19:44:18.386Z"}},{"iob":0.087,"basaliob":-0.073,"bolussnooze":9.0E-4,"activity":0.0016,"lastBolusTime":1703607903000,"time":"2023-12-26T19:49:18.386Z","iobWithZeroTemp":{"iob":-0.53,"basaliob":-0.69,"bolussnooze":9.0E-4,"activity":-0.0036,"lastBolusTime":1703607903000,"time":"2023-12-26T19:49:18.386Z"}},{"iob":0.08,"basaliob":-0.067,"bolussnooze":7.0E-4,"activity":0.0015,"lastBolusTime":1703607903000,"time":"2023-12-26T19:54:18.386Z","iobWithZeroTemp":{"iob":-0.544,"basaliob":-0.691,"bolussnooze":7.0E-4,"activity":-0.0038,"lastBolusTime":1703607903000,"time":"2023-12-26T19:54:18.386Z"}},{"iob":0.072,"basaliob":-0.062,"bolussnooze":5.0E-4,"activity":0.0014,"lastBolusTime":1703607903000,"time":"2023-12-26T19:59:18.386Z","iobWithZeroTemp":{"iob":-0.558,"basaliob":-0.692,"bolussnooze":5.0E-4,"activity":-0.004,"lastBolusTime":1703607903000,"time":"2023-12-26T19:59:18.386Z"}},{"iob":0.066,"basaliob":-0.057,"bolussnooze":4.0E-4,"activity":0.0013,"lastBolusTime":1703607903000,"time":"2023-12-26T20:04:18.386Z","iobWithZeroTemp":{"iob":-0.57,"basaliob":-0.693,"bolussnooze":4.0E-4,"activity":-0.0042,"lastBolusTime":1703607903000,"time":"2023-12-26T20:04:18.386Z"}},{"iob":0.06,"basaliob":-0.052,"bolussnooze":3.0E-4,"activity":0.0011,"lastBolusTime":1703607903000,"time":"2023-12-26T20:09:18.386Z","iobWithZeroTemp":{"iob":-0.582,"basaliob":-0.694,"bolussnooze":3.0E-4,"activity":-0.0045,"lastBolusTime":1703607903000,"time":"2023-12-26T20:09:18.386Z"}},{"iob":0.054,"basaliob":-0.048,"bolussnooze":2.0E-4,"activity":0.0011,"lastBolusTime":1703607903000,"time":"2023-12-26T20:14:18.386Z","iobWithZeroTemp":{"iob":-0.593,"basaliob":-0.695,"bolussnooze":2.0E-4,"activity":-0.0046,"lastBolusTime":1703607903000,"time":"2023-12-26T20:14:18.386Z"}},{"iob":0.049,"basaliob":-0.044,"bolussnooze":1.0E-4,"activity":9.0E-4,"lastBolusTime":1703607903000,"time":"2023-12-26T20:19:18.386Z","iobWithZeroTemp":{"iob":-0.602,"basaliob":-0.695,"bolussnooze":1.0E-4,"activity":-0.0049,"lastBolusTime":1703607903000,"time":"2023-12-26T20:19:18.386Z"}},{"iob":0.045,"basaliob":-0.04,"bolussnooze":1.0E-4,"activity":9.0E-4,"lastBolusTime":1703607903000,"time":"2023-12-26T20:24:18.386Z","iobWithZeroTemp":{"iob":-0.611,"basaliob":-0.696,"bolussnooze":1.0E-4,"activity":-0.0049,"lastBolusTime":1703607903000,"time":"2023-12-26T20:24:18.386Z"}},{"iob":0.04,"basaliob":-0.037,"bolussnooze":1.0E-4,"activity":9.0E-4,"lastBolusTime":1703607903000,"time":"2023-12-26T20:29:18.386Z","iobWithZeroTemp":{"iob":-0.62,"basaliob":-0.697,"bolussnooze":1.0E-4,"activity":-0.005,"lastBolusTime":1703607903000,"time":"2023-12-26T20:29:18.386Z"}},{"iob":0.036,"basaliob":-0.034,"bolussnooze":0,"activity":7.0E-4,"lastBolusTime":1703607903000,"time":"2023-12-26T20:34:18.386Z","iobWithZeroTemp":{"iob":-0.628,"basaliob":-0.698,"bolussnooze":0,"activity":-0.0052,"lastBolusTime":1703607903000,"time":"2023-12-26T20:34:18.386Z"}},{"iob":0.033,"basaliob":-0.031,"bolussnooze":0,"activity":6.0E-4,"lastBolusTime":1703607903000,"time":"2023-12-26T20:39:18.386Z","iobWithZeroTemp":{"iob":-0.634,"basaliob":-0.698,"bolussnooze":0,"activity":-0.0054,"lastBolusTime":1703607903000,"time":"2023-12-26T20:39:18.386Z"}},{"iob":0.03,"basaliob":-0.028,"bolussnooze":0,"activity":6.0E-4,"lastBolusTime":1703607903000,"time":"2023-12-26T20:44:18.386Z","iobWithZeroTemp":{"iob":-0.64,"basaliob":-0.698,"bolussnooze":0,"activity":-0.0055,"lastBolusTime":1703607903000,"time":"2023-12-26T20:44:18.386Z"}},{"iob":0.027,"basaliob":-0.026,"bolussnooze":0,"activity":5.0E-4,"lastBolusTime":1703607903000,"time":"2023-12-26T20:49:18.386Z","iobWithZeroTemp":{"iob":-0.646,"basaliob":-0.699,"bolussnooze":0,"activity":-0.0056,"lastBolusTime":1703607903000,"time":"2023-12-26T20:49:18.386Z"}},{"iob":0.024,"basaliob":-0.024,"bolussnooze":0,"activity":5.0E-4,"lastBolusTime":1703607903000,"time":"2023-12-26T20:54:18.386Z","iobWithZeroTemp":{"iob":-0.652,"basaliob":-0.7,"bolussnooze":0,"activity":-0.0056,"lastBolusTime":1703607903000,"time":"2023-12-26T20:54:18.386Z"}},{"iob":0.021,"basaliob":-0.022,"bolussnooze":0,"activity":5.0E-4,"lastBolusTime":1703607903000,"time":"2023-12-26T20:59:18.386Z","iobWithZeroTemp":{"iob":-0.657,"basaliob":-0.7,"bolussnooze":0,"activity":-0.0057,"lastBolusTime":1703607903000,"time":"2023-12-26T20:59:18.386Z"}},{"iob":0.019,"basaliob":-0.02,"bolussnooze":0,"activity":4.0E-4,"lastBolusTime":1703607903000,"time":"2023-12-26T21:04:18.386Z","iobWithZeroTemp":{"iob":-0.662,"basaliob":-0.701,"bolussnooze":0,"activity":-0.0058,"lastBolusTime":1703607903000,"time":"2023-12-26T21:04:18.386Z"}},{"iob":0.017,"basaliob":-0.018,"bolussnooze":0,"activity":4.0E-4,"lastBolusTime":1703607903000,"time":"2023-12-26T21:09:18.386Z","iobWithZeroTemp":{"iob":-0.666,"basaliob":-0.701,"bolussnooze":0,"activity":-0.0059,"lastBolusTime":1703607903000,"time":"2023-12-26T21:09:18.386Z"}}],"profile":{"max_iob":7,"type":"current","max_daily_basal":0.45,"max_basal":1.35,"min_bg":81.0000000000001,"max_bg":81.0000000000001,"target_bg":81.0000000000001,"carb_ratio":11,"sens":352.8,"max_daily_safety_multiplier":3,"current_basal_safety_multiplier":4,"lgsThreshold":65,"high_temptarget_raises_sensitivity":false,"low_temptarget_lowers_sensitivity":false,"sensitivity_raises_target":true,"resistance_lowers_target":true,"adv_target_adjustments":false,"exercise_mode":false,"half_basal_exercise_target":160,"maxCOB":120,"skip_neutral_temps":false,"remainingCarbsCap":90,"enableUAM":true,"A52_risk_enable":false,"SMBInterval":4,"enableSMB_with_COB":true,"enableSMB_with_temptarget":false,"allowSMB_with_high_temptarget":true,"enableSMB_always":true,"enableSMB_after_carbs":false,"maxSMBBasalMinutes":60,"maxUAMSMBBasalMinutes":60,"bolus_increment":0.05,"carbsReqThreshold":10,"current_basal":0.4,"temptargetSet":true,"autosens_max":1.2,"autosens_min":0.8,"out_units":"mmol\/L","variable_sens":109.8,"insulinDivisor":65,"TDD":12.201236625000002},"autosens_data":{"ratio":1.0926420327024908},"meal_data":{"carbs":50,"mealCOB":18.72921655328798,"slopeFromMaxDeviation":-1.614830508474576,"slopeFromMinDeviation":0,"lastBolusTime":1703607903000,"lastCarbTime":1703605833000},"microBolusAllowed":true,"currentTime":1703610859969,"flatBGsDetected":false,"tdd1D":33.75158333333334,"tdd7D":31.95839285714286,"tddLast24H":34.91908333333334,"tddLast4H":7.193333333333336,"tddLast8to4H":4.86},"output":{"temp":"absolute","bg":184,"tick":-3,"eventualBG":239,"targetBG":81.0000000000001,"insulinReq":0.13,"deliverAt":"2023-12-26T17:14:19.969Z","sensitivityRatio":1.0926420327024908,"variable_sens":109.8,"predBGs":{"IOB":[184,180,177,173,169,165,161,157,152,148,143,139,134,129,125,120,116,112,109,105,102,99,96,93,91,88,86,84,82,80,78,77,75,74,72,71,70,69,68,67,66,65,65,64,64,63,62],"ZT":[184,176,167,160,152,145,138,132,126,120,115,110,106,102,98,95,93,91,89,88,88,87,88,88],"COB":[184,181,178,175,173,171,170,169,168,168,168,168,169,169,170,171,173,174,176,178,179,182,184,186,189,191,194,196,199,202,205,207,210,212,215,217,220,222,224,226,228,230,232,233,235,236,238,239],"UAM":[184,179,173,165,158,151,144,137,131,124,118,113,107,102,97,91,87,82,78,73,69,65,61,57,54,50,47,43,40,39]},"reason":"COB: 18.7, Dev: 1.7, BGI: -0.5, ISF: 6.1, CR: 11, Target: 4.5, minPredBG 5.3, minGuardBG 3.8, IOBpredBG 3.4, COBpredBG 13.3, UAMpredBG 2.2; Eventual BG 13.3 >= 4.5,  insulinReq 0.13; setting 30m low temp of 0.36U\/h. Microbolusing 0.05U. ","COB":18.72921655328798,"IOB":1.096,"units":0.05,"rate":0.36,"duration":30,"timestamp":"2023-12-26T17:14:19.994Z"}}