{"algorithm":"OpenAPSSMBDynamicISFPlugin","input":{"glucoseStatus":{"glucose":130,"noise":0,"delta":-19,"short_avgdelta":-14.44,"long_avgdelta":-6.82,"date":1703336456309},"currenttemp":{"temp":"absolute","duration":110,"rate":0,"minutesrunning":10},"iob_data":[{"iob":2.012,"basaliob":-0.705,"bolussnooze":0.1887,"activity":0.0267,"lastBolusTime":1703333197000,"time":"2023-12-23T13:01:23.001Z","iobWithZeroTemp":{"iob":2.012,"basaliob":-0.705,"bolussnooze":0.1887,"activity":0.0267,"lastBolusTime":1703333197000,"time":"2023-12-23T13:01:23.001Z"}},{"iob":1.882,"basaliob":-0.672,"bolussnooze":0.1622,"activity":0.0254,"lastBolusTime":1703333197000,"time":"2023-12-23T13:06:23.001Z","iobWithZeroTemp":{"iob":1.855,"basaliob":-0.699,"bolussnooze":0.1622,"activity":0.0254,"lastBolusTime":1703333197000,"time":"2023-12-23T13:06:23.001Z"}},{"iob":1.758,"basaliob":-0.639,"bolussnooze":0.139,"activity":0.024,"lastBolusTime":1703333197000,"time":"2023-12-23T13:11:23.001Z","iobWithZeroTemp":{"iob":1.698,"basaliob":-0.699,"bolussnooze":0.139,"activity":0.0239,"lastBolusTime":1703333197000,"time":"2023-12-23T13:11:23.001Z"}},{"iob":1.642,"basaliob":-0.606,"bolussnooze":0.1188,"activity":0.0228,"lastBolusTime":1703333197000,"time":"2023-12-23T13:16:23.001Z","iobWithZeroTemp":{"iob":1.55,"basaliob":-0.698,"bolussnooze":0.1188,"activity":0.0226,"lastBolusTime":1703333197000,"time":"2023-12-23T13:16:23.001Z"}},{"iob":1.53,"basaliob":-0.575,"bolussnooze":0.1012,"activity":0.0215,"lastBolusTime":1703333197000,"time":"2023-12-23T13:21:23.001Z","iobWithZeroTemp":{"iob":1.405,"basaliob":-0.7,"bolussnooze":0.1012,"activity":0.0212,"lastBolusTime":1703333197000,"time":"2023-12-23T13:21:23.001Z"}},{"iob":1.427,"basaliob":-0.543,"bolussnooze":0.086,"activity":0.0203,"lastBolusTime":1703333197000,"time":"2023-12-23T13:26:23.001Z","iobWithZeroTemp":{"iob":1.271,"basaliob":-0.699,"bolussnooze":0.086,"activity":0.0198,"lastBolusTime":1703333197000,"time":"2023-12-23T13:26:23.001Z"}},{"iob":1.328,"basaliob":-0.513,"bolussnooze":0.0729,"activity":0.0191,"lastBolusTime":1703333197000,"time":"2023-12-23T13:31:23.001Z","iobWithZeroTemp":{"iob":1.142,"basaliob":-0.699,"bolussnooze":0.0729,"activity":0.0184,"lastBolusTime":1703333197000,"time":"2023-12-23T13:31:23.001Z"}},{"iob":1.235,"basaliob":-0.484,"bolussnooze":0.0616,"activity":0.018,"lastBolusTime":1703333197000,"time":"2023-12-23T13:36:23.001Z","iobWithZeroTemp":{"iob":1.019,"basaliob":-0.7,"bolussnooze":0.0616,"activity":0.0171,"lastBolusTime":1703333197000,"time":"2023-12-23T13:36:23.001Z"}},{"iob":1.148,"basaliob":-0.456,"bolussnooze":0.0519,"activity":0.0169,"lastBolusTime":1703333197000,"time":"2023-12-23T13:41:23.001Z","iobWithZeroTemp":{"iob":0.904,"basaliob":-0.7,"bolussnooze":0.0519,"activity":0.0158,"lastBolusTime":1703333197000,"time":"2023-12-23T13:41:23.001Z"}},{"iob":1.066,"basaliob":-0.429,"bolussnooze":0.0436,"activity":0.0159,"lastBolusTime":1703333197000,"time":"2023-12-23T13:46:23.001Z","iobWithZeroTemp":{"iob":0.794,"basaliob":-0.701,"bolussnooze":0.0436,"activity":0.0146,"lastBolusTime":1703333197000,"time":"2023-12-23T13:46:23.001Z"}},{"iob":0.989,"basaliob":-0.403,"bolussnooze":0.0366,"activity":0.0149,"lastBolusTime":1703333197000,"time":"2023-12-23T13:51:23.001Z","iobWithZeroTemp":{"iob":0.691,"basaliob":-0.701,"bolussnooze":0.0366,"activity":0.0134,"lastBolusTime":1703333197000,"time":"2023-12-23T13:51:23.001Z"}},{"iob":0.917,"basaliob":-0.378,"bolussnooze":0.0306,"activity":0.0139,"lastBolusTime":1703333197000,"time":"2023-12-23T13:56:23.001Z","iobWithZeroTemp":{"iob":0.594,"basaliob":-0.701,"bolussnooze":0.0306,"activity":0.0121,"lastBolusTime":1703333197000,"time":"2023-12-23T13:56:23.001Z"}},{"iob":0.85,"basaliob":-0.354,"bolussnooze":0.0255,"activity":0.0131,"lastBolusTime":1703333197000,"time":"2023-12-23T14:01:23.001Z","iobWithZeroTemp":{"iob":0.503,"basaliob":-0.701,"bolussnooze":0.0255,"activity":0.0111,"lastBolusTime":1703333197000,"time":"2023-12-23T14:01:23.001Z"}},{"iob":0.787,"basaliob":-0.331,"bolussnooze":0.0212,"activity":0.0122,"lastBolusTime":1703333197000,"time":"2023-12-23T14:06:23.001Z","iobWithZeroTemp":{"iob":0.417,"basaliob":-0.701,"bolussnooze":0.0212,"activity":0.01,"lastBolusTime":1703333197000,"time":"2023-12-23T14:06:23.001Z"}},{"iob":0.728,"basaliob":-0.31,"bolussnooze":0.0176,"activity":0.0114,"lastBolusTime":1703333197000,"time":"2023-12-23T14:11:23.001Z","iobWithZeroTemp":{"iob":0.337,"basaliob":-0.701,"bolussnooze":0.0176,"activity":0.009,"lastBolusTime":1703333197000,"time":"2023-12-23T14:11:23.001Z"}},{"iob":0.673,"basaliob":-0.29,"bolussnooze":0.0145,"activity":0.0106,"lastBolusTime":1703333197000,"time":"2023-12-23T14:16:23.001Z","iobWithZeroTemp":{"iob":0.261,"basaliob":-0.702,"bolussnooze":0.0145,"activity":0.0079,"lastBolusTime":1703333197000,"time":"2023-12-23T14:16:23.001Z"}},{"iob":0.622,"basaliob":-0.27,"bolussnooze":0.0119,"activity":0.0099,"lastBolusTime":1703333197000,"time":"2023-12-23T14:21:23.001Z","iobWithZeroTemp":{"iob":0.191,"basaliob":-0.701,"bolussnooze":0.0119,"activity":0.007,"lastBolusTime":1703333197000,"time":"2023-12-23T14:21:23.001Z"}},{"iob":0.574,"basaliob":-0.252,"bolussnooze":0.0098,"activity":0.0093,"lastBolusTime":1703333197000,"time":"2023-12-23T14:26:23.001Z","iobWithZeroTemp":{"iob":0.124,"basaliob":-0.702,"bolussnooze":0.0098,"activity":0.0062,"lastBolusTime":1703333197000,"time":"2023-12-23T14:26:23.001Z"}},{"iob":0.529,"basaliob":-0.235,"bolussnooze":0.008,"activity":0.0086,"lastBolusTime":1703333197000,"time":"2023-12-23T14:31:23.001Z","iobWithZeroTemp":{"iob":0.062,"basaliob":-0.702,"bolussnooze":0.008,"activity":0.0053,"lastBolusTime":1703333197000,"time":"2023-12-23T14:31:23.001Z"}},{"iob":0.489,"basaliob":-0.218,"bolussnooze":0.0065,"activity":0.0079,"lastBolusTime":1703333197000,"time":"2023-12-23T14:36:23.001Z","iobWithZeroTemp":{"iob":0.005,"basaliob":-0.702,"bolussnooze":0.0065,"activity":0.0044,"lastBolusTime":1703333197000,"time":"2023-12-23T14:36:23.001Z"}},{"iob":0.45,"basaliob":-0.203,"bolussnooze":0.0053,"activity":0.0074,"lastBolusTime":1703333197000,"time":"2023-12-23T14:41:23.001Z","iobWithZeroTemp":{"iob":-0.049,"basaliob":-0.702,"bolussnooze":0.0053,"activity":0.0037,"lastBolusTime":1703333197000,"time":"2023-12-23T14:41:23.001Z"}},{"iob":0.414,"basaliob":-0.189,"bolussnooze":0.0043,"activity":0.0069,"lastBolusTime":1703333197000,"time":"2023-12-23T14:46:23.001Z","iobWithZeroTemp":{"iob":-0.1,"basaliob":-0.703,"bolussnooze":0.0043,"activity":0.003,"lastBolusTime":1703333197000,"time":"2023-12-23T14:46:23.001Z"}},{"iob":0.381,"basaliob":-0.175,"bolussnooze":0.0034,"activity":0.0064,"lastBolusTime":1703333197000,"time":"2023-12-23T14:51:23.001Z","iobWithZeroTemp":{"iob":-0.146,"basaliob":-0.702,"bolussnooze":0.0034,"activity":0.0024,"lastBolusTime":1703333197000,"time":"2023-12-23T14:51:23.001Z"}},{"iob":0.35,"basaliob":-0.163,"bolussnooze":0.0027,"activity":0.0059,"lastBolusTime":1703333197000,"time":"2023-12-23T14:56:23.001Z","iobWithZeroTemp":{"iob":-0.19,"basaliob":-0.703,"bolussnooze":0.0027,"activity":0.0017,"lastBolusTime":1703333197000,"time":"2023-12-23T14:56:23.001Z"}},{"iob":0.321,"basaliob":-0.151,"bolussnooze":0.0022,"activity":0.0055,"lastBolusTime":1703333197000,"time":"2023-12-23T15:01:23.001Z","iobWithZeroTemp":{"iob":-0.231,"basaliob":-0.703,"bolussnooze":0.0022,"activity":0.0012,"lastBolusTime":1703333197000,"time":"2023-12-23T15:01:23.001Z"}},{"iob":0.295,"basaliob":-0.14,"bolussnooze":0.0017,"activity":0.0051,"lastBolusTime":1703333197000,"time":"2023-12-23T15:06:23.001Z","iobWithZeroTemp":{"iob":-0.268,"basaliob":-0.703,"bolussnooze":0.0017,"activity":6.0E-4,"lastBolusTime":1703333197000,"time":"2023-12-23T15:06:23.001Z"}},{"iob":0.271,"basaliob":-0.129,"bolussnooze":0.0013,"activity":0.0047,"lastBolusTime":1703333197000,"time":"2023-12-23T15:11:23.001Z","iobWithZeroTemp":{"iob":-0.303,"basaliob":-0.703,"bolussnooze":0.0013,"activity":1.0E-4,"lastBolusTime":1703333197000,"time":"2023-12-23T15:11:23.001Z"}},{"iob":0.248,"basaliob":-0.12,"bolussnooze":0.001,"activity":0.0043,"lastBolusTime":1703333197000,"time":"2023-12-23T15:16:23.001Z","iobWithZeroTemp":{"iob":-0.336,"basaliob":-0.704,"bolussnooze":0.001,"activity":-5.0E-4,"lastBolusTime":1703333197000,"time":"2023-12-23T15:16:23.001Z"}},{"iob":0.227,"basaliob":-0.111,"bolussnooze":8.0E-4,"activity":0.0041,"lastBolusTime":1703333197000,"time":"2023-12-23T15:21:23.001Z","iobWithZeroTemp":{"iob":-0.366,"basaliob":-0.704,"bolussnooze":8.0E-4,"activity":-8.0E-4,"lastBolusTime":1703333197000,"time":"2023-12-23T15:21:23.001Z"}},{"iob":0.208,"basaliob":-0.102,"bolussnooze":6.0E-4,"activity":0.0037,"lastBolusTime":1703333197000,"time":"2023-12-23T15:26:23.001Z","iobWithZeroTemp":{"iob":-0.393,"basaliob":-0.703,"bolussnooze":6.0E-4,"activity":-0.0013,"lastBolusTime":1703333197000,"time":"2023-12-23T15:26:23.001Z"}},{"iob":0.191,"basaliob":-0.094,"bolussnooze":4.0E-4,"activity":0.0034,"lastBolusTime":1703333197000,"time":"2023-12-23T15:31:23.001Z","iobWithZeroTemp":{"iob":-0.418,"basaliob":-0.703,"bolussnooze":4.0E-4,"activity":-0.0017,"lastBolusTime":1703333197000,"time":"2023-12-23T15:31:23.001Z"}},{"iob":0.174,"basaliob":-0.087,"bolussnooze":3.0E-4,"activity":0.0032,"lastBolusTime":1703333197000,"time":"2023-12-23T15:36:23.001Z","iobWithZeroTemp":{"iob":-0.443,"basaliob":-0.704,"bolussnooze":3.0E-4,"activity":-0.002,"lastBolusTime":1703333197000,"time":"2023-12-23T15:36:23.001Z"}},{"iob":0.159,"basaliob":-0.08,"bolussnooze":2.0E-4,"activity":0.0029,"lastBolusTime":1703333197000,"time":"2023-12-23T15:41:23.001Z","iobWithZeroTemp":{"iob":-0.465,"basaliob":-0.704,"bolussnooze":2.0E-4,"activity":-0.0024,"lastBolusTime":1703333197000,"time":"2023-12-23T15:41:23.001Z"}},{"iob":0.145,"basaliob":-0.074,"bolussnooze":1.0E-4,"activity":0.0027,"lastBolusTime":1703333197000,"time":"2023-12-23T15:46:23.001Z","iobWithZeroTemp":{"iob":-0.485,"basaliob":-0.704,"bolussnooze":1.0E-4,"activity":-0.0027,"lastBolusTime":1703333197000,"time":"2023-12-23T15:46:23.001Z"}},{"iob":0.132,"basaliob":-0.068,"bolussnooze":1.0E-4,"activity":0.0025,"lastBolusTime":1703333197000,"time":"2023-12-23T15:51:23.001Z","iobWithZeroTemp":{"iob":-0.504,"basaliob":-0.704,"bolussnooze":1.0E-4,"activity":-0.003,"lastBolusTime":1703333197000,"time":"2023-12-23T15:51:23.001Z"}},{"iob":0.121,"basaliob":-0.062,"bolussnooze":0,"activity":0.0022,"lastBolusTime":1703333197000,"time":"2023-12-23T15:56:23.001Z","iobWithZeroTemp":{"iob":-0.521,"basaliob":-0.704,"bolussnooze":0,"activity":-0.0034,"lastBolusTime":1703333197000,"time":"2023-12-23T15:56:23.001Z"}},{"iob":0.11,"basaliob":-0.057,"bolussnooze":0,"activity":0.002,"lastBolusTime":1703333197000,"time":"2023-12-23T16:01:23.001Z","iobWithZeroTemp":{"iob":-0.537,"basaliob":-0.704,"bolussnooze":0,"activity":-0.0037,"lastBolusTime":1703333197000,"time":"2023-12-23T16:01:23.001Z"}},{"iob":0.099,"basaliob":-0.053,"bolussnooze":0,"activity":0.0019,"lastBolusTime":1703333197000,"time":"2023-12-23T16:06:23.001Z","iobWithZeroTemp":{"iob":-0.552,"basaliob":-0.704,"bolussnooze":0,"activity":-0.0039,"lastBolusTime":1703333197000,"time":"2023-12-23T16:06:23.001Z"}},{"iob":0.091,"basaliob":-0.048,"bolussnooze":0,"activity":0.0018,"lastBolusTime":1703333197000,"time":"2023-12-23T16:11:23.001Z","iobWithZeroTemp":{"iob":-0.565,"basaliob":-0.704,"bolussnooze":0,"activity":-0.004,"lastBolusTime":1703333197000,"time":"2023-12-23T16:11:23.001Z"}},{"iob":0.083,"basaliob":-0.044,"bolussnooze":0,"activity":0.0016,"lastBolusTime":1703333197000,"time":"2023-12-23T16:16:23.001Z","iobWithZeroTemp":{"iob":-0.577,"basaliob":-0.704,"bolussnooze":0,"activity":-0.0043,"lastBolusTime":1703333197000,"time":"2023-12-23T16:16:23.001Z"}},{"iob":0.074,"basaliob":-0.041,"bolussnooze":0,"activity":0.0015,"lastBolusTime":1703333197000,"time":"2023-12-23T16:21:23.001Z","iobWithZeroTemp":{"iob":-0.59,"basaliob":-0.705,"bolussnooze":0,"activity":-0.0044,"lastBolusTime":1703333197000,"time":"2023-12-23T16:21:23.001Z"}},{"iob":0.068,"basaliob":-0.037,"bolussnooze":0,"activity":0.0013,"lastBolusTime":1703333197000,"time":"2023-12-23T16:26:23.001Z","iobWithZeroTemp":{"iob":-0.599,"basaliob":-0.704,"bolussnooze":0,"activity":-0.0047,"lastBolusTime":1703333197000,"time":"2023-12-23T16:26:23.001Z"}},{"iob":0.061,"basaliob":-0.034,"bolussnooze":0,"activity":0.0012,"lastBolusTime":1703333197000,"time":"2023-12-23T16:31:23.001Z","iobWithZeroTemp":{"iob":-0.609,"basaliob":-0.704,"bolussnooze":0,"activity":-0.0049,"lastBolusTime":1703333197000,"time":"2023-12-23T16:31:23.001Z"}},{"iob":0.056,"basaliob":-0.031,"bolussnooze":0,"activity":0.0011,"lastBolusTime":1703333197000,"time":"2023-12-23T16:36:23.001Z","iobWithZeroTemp":{"iob":-0.617,"basaliob":-0.704,"bolussnooze":0,"activity":-0.005,"lastBolusTime":1703333197000,"time":"2023-12-23T16:36:23.001Z"}},{"iob":0.05,"basaliob":-0.028,"bolussnooze":0,"activity":0.001,"lastBolusTime":1703333197000,"time":"2023-12-23T16:41:23.001Z","iobWithZeroTemp":{"iob":-0.626,"basaliob":-0.704,"bolussnooze":0,"activity":-0.0051,"lastBolusTime":1703333197000,"time":"2023-12-23T16:41:23.001Z"}},{"iob":0.045,"basaliob":-0.026,"bolussnooze":0,"activity":9.0E-4,"lastBolusTime":1703333197000,"time":"2023-12-23T16:46:23.001Z","iobWithZeroTemp":{"iob":-0.633,"basaliob":-0.704,"bolussnooze":0,"activity":-0.0053,"lastBolusTime":1703333197000,"time":"2023-12-23T16:46:23.001Z"}},{"iob":0.04,"basaliob":-0.024,"bolussnooze":0,"activity":9.0E-4,"lastBolusTime":1703333197000,"time":"2023-12-23T16:51:23.001Z","iobWithZeroTemp":{"iob":-0.641,"basaliob":-0.705,"bolussnooze":0,"activity":-0.0053,"lastBolusTime":1703333197000,"time":"2023-12-23T16:51:23.001Z"}},{"iob":0.036,"basaliob":-0.022,"bolussnooze":0,"activity":8.0E-4,"lastBolusTime":1703333197000,"time":"2023-12-23T16:56:23.001Z","iobWithZeroTemp":{"iob":-0.647,"basaliob":-0.705,"bolussnooze":0,"activity":-0.0055,"lastBolusTime":1703333197000,"time":"2023-12-23T16:56:23.001Z"}}],"profile":{"max_iob":7,"type":"current","max_daily_basal":0.45,"max_basal":1.35,"min_bg":81.0000000000001,"max_bg":81.0000000000001,"target_bg":81.0000000000001,"carb_ratio":11,"sens":352.8,"max_daily_safety_multiplier":3,"current_basal_safety_multiplier":4,"lgsThreshold":65,"high_temptarget_raises_sensitivity":false,"low_temptarget_lowers_sensitivity":false,"sensitivity_raises_target":true,"resistance_lowers_target":true,"adv_target_adjustments":false,"exercise_mode":false,"half_basal_exercise_target":160,"maxCOB":120,"skip_neutral_temps":false,"remainingCarbsCap":90,"enableUAM":true,"A52_risk_enable":false,"SMBInterval":4,"enableSMB_with_COB":true,"enableSMB_with_temptarget":false,"allowSMB_with_high_temptarget":true,"enableSMB_always":true,"enableSMB_after_carbs":false,"maxSMBBasalMinutes":60,"maxUAMSMBBasalMinutes":60,"bolus_increment":0.05,"carbsReqThreshold":10,"current_basal":0.4,"temptargetSet":true,"autosens_max":1.2,"autosens_min":0.8,"out_units":"mmol\/L","variable_sens":122.7,"insulinDivisor":65,"TDD":13.352313541666666},"autosens_data":{"ratio":1.199102091746503},"meal_data":{"carbs":93,"mealCOB":33.82544331065761,"slopeFromMaxDeviation":-2.612818181818182,"slopeFromMinDeviation":0,"lastBolusTime":1703333197000,"lastCarbTime":1703332786000},"microBolusAllowed":true,"currentTime":1703336485040,"flatBGsDetected":false,"tdd1D":34.144083333333334,"tdd7D":30.47294047619048,"tddLast24H":36.54016666666668,"tddLast4H":8.25,"tddLast8to4H":8.563333333333334},"output":{"temp":"absolute","bg":130,"tick":-19,"eventualBG":241,"targetBG":81.0000000000001,"insulinReq":0,"deliverAt":"2023-12-23T13:01:25.040Z","sensitivityRatio":1.199102091746503,"variable_sens":122.7,"predBGs":{"IOB":[130,111,92,72,49,39,39,39,39,39,39,39,39],"ZT":[130,114,97,79,60,39,39,39,39,39,39,39,39,39,39,39,39,39,39,39,39,39,39,39,39,39,39,39,39,39,39,39,39,39,39,39,39,39,39,39,39,39,39,39,39,39,39,39],"COB":[130,112,95,81,67,56,46,39,39,39,39,39,39,39,39,39,39,39,39,41,49,57,67,77,89,100,112,123,133,143,153,162,171,179,187,194,201,208,214,219,224,228,231,235,237,239,241],"UAM":[130,111,92,72,49,39,39,39,39,39,39,39,39]},"reason":"COB: 33.8, Dev: 0.7, BGI: -0.9, ISF: 6.8, CR: 11, Target: 4.5, minPredBG -9.2, minGuardBG -13.7, IOBpredBG 2.2, COBpredBG 13.4, UAMpredBG 2.2; 15 add'l carbs req w\/in 25m; minGuardBG -13.7<3.6","COB":33.82544331065761,"IOB":2.012,"carbsReq":15,"carbsReqWithin":25,"duration":120,"rate":0,"timestamp":"2023-12-23T13:01:25.064Z"}}