{"algorithm":"OpenAPSSMBDynamicISFPlugin","input":{"glucoseStatus":{"glucose":213,"noise":0,"delta":10,"short_avgdelta":11.67,"long_avgdelta":11.95,"date":1703420458316},"currenttemp":{"temp":"absolute","duration":10,"rate":1.32,"minutesrunning":5},"iob_data":[{"iob":3.213,"basaliob":-0.582,"bolussnooze":1.3835,"activity":0.0194,"lastBolusTime":1703420290000,"time":"2023-12-24T12:21:28.842Z","iobWithZeroTemp":{"iob":3.213,"basaliob":-0.582,"bolussnooze":1.3835,"activity":0.0194,"lastBolusTime":1703420290000,"time":"2023-12-24T12:21:28.842Z"}},{"iob":3.112,"basaliob":-0.55,"bolussnooze":1.3031,"activity":0.0211,"lastBolusTime":1703420290000,"time":"2023-12-24T12:26:28.842Z","iobWithZeroTemp":{"iob":3.085,"basaliob":-0.577,"bolussnooze":1.3031,"activity":0.0211,"lastBolusTime":1703420290000,"time":"2023-12-24T12:26:28.842Z"}},{"iob":3.003,"basaliob":-0.519,"bolussnooze":1.21,"activity":0.0224,"lastBolusTime":1703420290000,"time":"2023-12-24T12:31:28.842Z","iobWithZeroTemp":{"iob":2.943,"basaliob":-0.579,"bolussnooze":1.21,"activity":0.0223,"lastBolusTime":1703420290000,"time":"2023-12-24T12:31:28.842Z"}},{"iob":2.888,"basaliob":-0.489,"bolussnooze":1.1107,"activity":0.0233,"lastBolusTime":1703420290000,"time":"2023-12-24T12:36:28.842Z","iobWithZeroTemp":{"iob":2.796,"basaliob":-0.581,"bolussnooze":1.1107,"activity":0.0231,"lastBolusTime":1703420290000,"time":"2023-12-24T12:36:28.842Z"}},{"iob":2.771,"basaliob":-0.46,"bolussnooze":1.0098,"activity":0.0239,"lastBolusTime":1703420290000,"time":"2023-12-24T12:41:28.842Z","iobWithZeroTemp":{"iob":2.646,"basaliob":-0.585,"bolussnooze":1.0098,"activity":0.0236,"lastBolusTime":1703420290000,"time":"2023-12-24T12:41:28.842Z"}},{"iob":2.65,"basaliob":-0.433,"bolussnooze":0.9107,"activity":0.0241,"lastBolusTime":1703420290000,"time":"2023-12-24T12:46:28.842Z","iobWithZeroTemp":{"iob":2.494,"basaliob":-0.589,"bolussnooze":0.9107,"activity":0.0236,"lastBolusTime":1703420290000,"time":"2023-12-24T12:46:28.842Z"}},{"iob":2.53,"basaliob":-0.406,"bolussnooze":0.8156,"activity":0.0242,"lastBolusTime":1703420290000,"time":"2023-12-24T12:51:28.842Z","iobWithZeroTemp":{"iob":2.344,"basaliob":-0.592,"bolussnooze":0.8156,"activity":0.0235,"lastBolusTime":1703420290000,"time":"2023-12-24T12:51:28.842Z"}},{"iob":2.409,"basaliob":-0.381,"bolussnooze":0.726,"activity":0.0241,"lastBolusTime":1703420290000,"time":"2023-12-24T12:56:28.842Z","iobWithZeroTemp":{"iob":2.193,"basaliob":-0.597,"bolussnooze":0.726,"activity":0.0232,"lastBolusTime":1703420290000,"time":"2023-12-24T12:56:28.842Z"}},{"iob":2.289,"basaliob":-0.357,"bolussnooze":0.6427,"activity":0.0238,"lastBolusTime":1703420290000,"time":"2023-12-24T13:01:28.842Z","iobWithZeroTemp":{"iob":2.045,"basaliob":-0.601,"bolussnooze":0.6427,"activity":0.0227,"lastBolusTime":1703420290000,"time":"2023-12-24T13:01:28.842Z"}},{"iob":2.171,"basaliob":-0.334,"bolussnooze":0.5662,"activity":0.0233,"lastBolusTime":1703420290000,"time":"2023-12-24T13:06:28.842Z","iobWithZeroTemp":{"iob":1.899,"basaliob":-0.606,"bolussnooze":0.5662,"activity":0.022,"lastBolusTime":1703420290000,"time":"2023-12-24T13:06:28.842Z"}},{"iob":2.056,"basaliob":-0.312,"bolussnooze":0.4967,"activity":0.0228,"lastBolusTime":1703420290000,"time":"2023-12-24T13:11:28.842Z","iobWithZeroTemp":{"iob":1.758,"basaliob":-0.61,"bolussnooze":0.4967,"activity":0.0213,"lastBolusTime":1703420290000,"time":"2023-12-24T13:11:28.842Z"}},{"iob":1.943,"basaliob":-0.292,"bolussnooze":0.4339,"activity":0.0222,"lastBolusTime":1703420290000,"time":"2023-12-24T13:16:28.842Z","iobWithZeroTemp":{"iob":1.62,"basaliob":-0.615,"bolussnooze":0.4339,"activity":0.0204,"lastBolusTime":1703420290000,"time":"2023-12-24T13:16:28.842Z"}},{"iob":1.835,"basaliob":-0.272,"bolussnooze":0.3776,"activity":0.0214,"lastBolusTime":1703420290000,"time":"2023-12-24T13:21:28.842Z","iobWithZeroTemp":{"iob":1.488,"basaliob":-0.619,"bolussnooze":0.3776,"activity":0.0194,"lastBolusTime":1703420290000,"time":"2023-12-24T13:21:28.842Z"}},{"iob":1.729,"basaliob":-0.254,"bolussnooze":0.3275,"activity":0.0207,"lastBolusTime":1703420290000,"time":"2023-12-24T13:26:28.842Z","iobWithZeroTemp":{"iob":1.359,"basaliob":-0.624,"bolussnooze":0.3275,"activity":0.0185,"lastBolusTime":1703420290000,"time":"2023-12-24T13:26:28.842Z"}},{"iob":1.628,"basaliob":-0.236,"bolussnooze":0.2831,"activity":0.0199,"lastBolusTime":1703420290000,"time":"2023-12-24T13:31:28.842Z","iobWithZeroTemp":{"iob":1.237,"basaliob":-0.627,"bolussnooze":0.2831,"activity":0.0175,"lastBolusTime":1703420290000,"time":"2023-12-24T13:31:28.842Z"}},{"iob":1.53,"basaliob":-0.22,"bolussnooze":0.2439,"activity":0.0191,"lastBolusTime":1703420290000,"time":"2023-12-24T13:36:28.842Z","iobWithZeroTemp":{"iob":1.118,"basaliob":-0.632,"bolussnooze":0.2439,"activity":0.0164,"lastBolusTime":1703420290000,"time":"2023-12-24T13:36:28.842Z"}},{"iob":1.437,"basaliob":-0.204,"bolussnooze":0.2095,"activity":0.0183,"lastBolusTime":1703420290000,"time":"2023-12-24T13:41:28.842Z","iobWithZeroTemp":{"iob":1.006,"basaliob":-0.635,"bolussnooze":0.2095,"activity":0.0154,"lastBolusTime":1703420290000,"time":"2023-12-24T13:41:28.842Z"}},{"iob":1.348,"basaliob":-0.19,"bolussnooze":0.1795,"activity":0.0175,"lastBolusTime":1703420290000,"time":"2023-12-24T13:46:28.842Z","iobWithZeroTemp":{"iob":0.898,"basaliob":-0.64,"bolussnooze":0.1795,"activity":0.0144,"lastBolusTime":1703420290000,"time":"2023-12-24T13:46:28.842Z"}},{"iob":1.263,"basaliob":-0.176,"bolussnooze":0.1533,"activity":0.0167,"lastBolusTime":1703420290000,"time":"2023-12-24T13:51:28.842Z","iobWithZeroTemp":{"iob":0.796,"basaliob":-0.643,"bolussnooze":0.1533,"activity":0.0134,"lastBolusTime":1703420290000,"time":"2023-12-24T13:51:28.842Z"}},{"iob":1.182,"basaliob":-0.163,"bolussnooze":0.1305,"activity":0.0158,"lastBolusTime":1703420290000,"time":"2023-12-24T13:56:28.842Z","iobWithZeroTemp":{"iob":0.698,"basaliob":-0.647,"bolussnooze":0.1305,"activity":0.0123,"lastBolusTime":1703420290000,"time":"2023-12-24T13:56:28.842Z"}},{"iob":1.105,"basaliob":-0.151,"bolussnooze":0.1109,"activity":0.015,"lastBolusTime":1703420290000,"time":"2023-12-24T14:01:28.842Z","iobWithZeroTemp":{"iob":0.606,"basaliob":-0.65,"bolussnooze":0.1109,"activity":0.0113,"lastBolusTime":1703420290000,"time":"2023-12-24T14:01:28.842Z"}},{"iob":1.032,"basaliob":-0.14,"bolussnooze":0.0939,"activity":0.0142,"lastBolusTime":1703420290000,"time":"2023-12-24T14:06:28.842Z","iobWithZeroTemp":{"iob":0.518,"basaliob":-0.654,"bolussnooze":0.0939,"activity":0.0103,"lastBolusTime":1703420290000,"time":"2023-12-24T14:06:28.842Z"}},{"iob":0.962,"basaliob":-0.13,"bolussnooze":0.0793,"activity":0.0134,"lastBolusTime":1703420290000,"time":"2023-12-24T14:11:28.842Z","iobWithZeroTemp":{"iob":0.435,"basaliob":-0.657,"bolussnooze":0.0793,"activity":0.0094,"lastBolusTime":1703420290000,"time":"2023-12-24T14:11:28.842Z"}},{"iob":0.897,"basaliob":-0.12,"bolussnooze":0.0667,"activity":0.0127,"lastBolusTime":1703420290000,"time":"2023-12-24T14:16:28.842Z","iobWithZeroTemp":{"iob":0.357,"basaliob":-0.66,"bolussnooze":0.0667,"activity":0.0085,"lastBolusTime":1703420290000,"time":"2023-12-24T14:16:28.842Z"}},{"iob":0.836,"basaliob":-0.111,"bolussnooze":0.056,"activity":0.0119,"lastBolusTime":1703420290000,"time":"2023-12-24T14:21:28.842Z","iobWithZeroTemp":{"iob":0.284,"basaliob":-0.663,"bolussnooze":0.056,"activity":0.0076,"lastBolusTime":1703420290000,"time":"2023-12-24T14:21:28.842Z"}},{"iob":0.778,"basaliob":-0.102,"bolussnooze":0.0469,"activity":0.0113,"lastBolusTime":1703420290000,"time":"2023-12-24T14:26:28.842Z","iobWithZeroTemp":{"iob":0.215,"basaliob":-0.665,"bolussnooze":0.0469,"activity":0.0068,"lastBolusTime":1703420290000,"time":"2023-12-24T14:26:28.842Z"}},{"iob":0.723,"basaliob":-0.095,"bolussnooze":0.0391,"activity":0.0106,"lastBolusTime":1703420290000,"time":"2023-12-24T14:31:28.842Z","iobWithZeroTemp":{"iob":0.149,"basaliob":-0.669,"bolussnooze":0.0391,"activity":0.006,"lastBolusTime":1703420290000,"time":"2023-12-24T14:31:28.842Z"}},{"iob":0.672,"basaliob":-0.087,"bolussnooze":0.0325,"activity":0.01,"lastBolusTime":1703420290000,"time":"2023-12-24T14:36:28.842Z","iobWithZeroTemp":{"iob":0.088,"basaliob":-0.671,"bolussnooze":0.0325,"activity":0.0052,"lastBolusTime":1703420290000,"time":"2023-12-24T14:36:28.842Z"}},{"iob":0.624,"basaliob":-0.08,"bolussnooze":0.0269,"activity":0.0093,"lastBolusTime":1703420290000,"time":"2023-12-24T14:41:28.842Z","iobWithZeroTemp":{"iob":0.031,"basaliob":-0.673,"bolussnooze":0.0269,"activity":0.0044,"lastBolusTime":1703420290000,"time":"2023-12-24T14:41:28.842Z"}},{"iob":0.579,"basaliob":-0.074,"bolussnooze":0.0222,"activity":0.0088,"lastBolusTime":1703420290000,"time":"2023-12-24T14:46:28.842Z","iobWithZeroTemp":{"iob":-0.022,"basaliob":-0.675,"bolussnooze":0.0222,"activity":0.0038,"lastBolusTime":1703420290000,"time":"2023-12-24T14:46:28.842Z"}},{"iob":0.536,"basaliob":-0.068,"bolussnooze":0.0183,"activity":0.0082,"lastBolusTime":1703420290000,"time":"2023-12-24T14:51:28.842Z","iobWithZeroTemp":{"iob":-0.073,"basaliob":-0.677,"bolussnooze":0.0183,"activity":0.0031,"lastBolusTime":1703420290000,"time":"2023-12-24T14:51:28.842Z"}},{"iob":0.496,"basaliob":-0.063,"bolussnooze":0.015,"activity":0.0076,"lastBolusTime":1703420290000,"time":"2023-12-24T14:56:28.842Z","iobWithZeroTemp":{"iob":-0.121,"basaliob":-0.68,"bolussnooze":0.015,"activity":0.0024,"lastBolusTime":1703420290000,"time":"2023-12-24T14:56:28.842Z"}},{"iob":0.46,"basaliob":-0.057,"bolussnooze":0.0122,"activity":0.0071,"lastBolusTime":1703420290000,"time":"2023-12-24T15:01:28.842Z","iobWithZeroTemp":{"iob":-0.164,"basaliob":-0.681,"bolussnooze":0.0122,"activity":0.0018,"lastBolusTime":1703420290000,"time":"2023-12-24T15:01:28.842Z"}},{"iob":0.425,"basaliob":-0.053,"bolussnooze":0.0099,"activity":0.0067,"lastBolusTime":1703420290000,"time":"2023-12-24T15:06:28.842Z","iobWithZeroTemp":{"iob":-0.205,"basaliob":-0.683,"bolussnooze":0.0099,"activity":0.0013,"lastBolusTime":1703420290000,"time":"2023-12-24T15:06:28.842Z"}},{"iob":0.393,"basaliob":-0.048,"bolussnooze":0.008,"activity":0.0063,"lastBolusTime":1703420290000,"time":"2023-12-24T15:11:28.842Z","iobWithZeroTemp":{"iob":-0.243,"basaliob":-0.684,"bolussnooze":0.008,"activity":8.0E-4,"lastBolusTime":1703420290000,"time":"2023-12-24T15:11:28.842Z"}},{"iob":0.363,"basaliob":-0.044,"bolussnooze":0.0064,"activity":0.0058,"lastBolusTime":1703420290000,"time":"2023-12-24T15:16:28.842Z","iobWithZeroTemp":{"iob":-0.279,"basaliob":-0.686,"bolussnooze":0.0064,"activity":2.0E-4,"lastBolusTime":1703420290000,"time":"2023-12-24T15:16:28.842Z"}},{"iob":0.335,"basaliob":-0.041,"bolussnooze":0.0051,"activity":0.0054,"lastBolusTime":1703420290000,"time":"2023-12-24T15:21:28.842Z","iobWithZeroTemp":{"iob":-0.312,"basaliob":-0.688,"bolussnooze":0.0051,"activity":-3.0E-4,"lastBolusTime":1703420290000,"time":"2023-12-24T15:21:28.842Z"}},{"iob":0.309,"basaliob":-0.037,"bolussnooze":0.0041,"activity":0.005,"lastBolusTime":1703420290000,"time":"2023-12-24T15:26:28.842Z","iobWithZeroTemp":{"iob":-0.342,"basaliob":-0.688,"bolussnooze":0.0041,"activity":-8.0E-4,"lastBolusTime":1703420290000,"time":"2023-12-24T15:26:28.842Z"}},{"iob":0.285,"basaliob":-0.034,"bolussnooze":0.0032,"activity":0.0047,"lastBolusTime":1703420290000,"time":"2023-12-24T15:31:28.842Z","iobWithZeroTemp":{"iob":-0.371,"basaliob":-0.69,"bolussnooze":0.0032,"activity":-0.0011,"lastBolusTime":1703420290000,"time":"2023-12-24T15:31:28.842Z"}},{"iob":0.262,"basaliob":-0.031,"bolussnooze":0.0025,"activity":0.0043,"lastBolusTime":1703420290000,"time":"2023-12-24T15:36:28.842Z","iobWithZeroTemp":{"iob":-0.398,"basaliob":-0.691,"bolussnooze":0.0025,"activity":-0.0016,"lastBolusTime":1703420290000,"time":"2023-12-24T15:36:28.842Z"}},{"iob":0.242,"basaliob":-0.028,"bolussnooze":0.0019,"activity":0.004,"lastBolusTime":1703420290000,"time":"2023-12-24T15:41:28.842Z","iobWithZeroTemp":{"iob":-0.422,"basaliob":-0.692,"bolussnooze":0.0019,"activity":-0.0019,"lastBolusTime":1703420290000,"time":"2023-12-24T15:41:28.842Z"}},{"iob":0.222,"basaliob":-0.026,"bolussnooze":0.0015,"activity":0.0037,"lastBolusTime":1703420290000,"time":"2023-12-24T15:46:28.842Z","iobWithZeroTemp":{"iob":-0.445,"basaliob":-0.693,"bolussnooze":0.0015,"activity":-0.0023,"lastBolusTime":1703420290000,"time":"2023-12-24T15:46:28.842Z"}},{"iob":0.203,"basaliob":-0.024,"bolussnooze":0.0011,"activity":0.0035,"lastBolusTime":1703420290000,"time":"2023-12-24T15:51:28.842Z","iobWithZeroTemp":{"iob":-0.467,"basaliob":-0.694,"bolussnooze":0.0011,"activity":-0.0026,"lastBolusTime":1703420290000,"time":"2023-12-24T15:51:28.842Z"}},{"iob":0.187,"basaliob":-0.022,"bolussnooze":8.0E-4,"activity":0.0032,"lastBolusTime":1703420290000,"time":"2023-12-24T15:56:28.842Z","iobWithZeroTemp":{"iob":-0.486,"basaliob":-0.695,"bolussnooze":8.0E-4,"activity":-0.0029,"lastBolusTime":1703420290000,"time":"2023-12-24T15:56:28.842Z"}},{"iob":0.171,"basaliob":-0.02,"bolussnooze":6.0E-4,"activity":0.0029,"lastBolusTime":1703420290000,"time":"2023-12-24T16:01:28.842Z","iobWithZeroTemp":{"iob":-0.505,"basaliob":-0.696,"bolussnooze":6.0E-4,"activity":-0.0032,"lastBolusTime":1703420290000,"time":"2023-12-24T16:01:28.842Z"}},{"iob":0.157,"basaliob":-0.018,"bolussnooze":4.0E-4,"activity":0.0028,"lastBolusTime":1703420290000,"time":"2023-12-24T16:06:28.842Z","iobWithZeroTemp":{"iob":-0.521,"basaliob":-0.696,"bolussnooze":4.0E-4,"activity":-0.0034,"lastBolusTime":1703420290000,"time":"2023-12-24T16:06:28.842Z"}},{"iob":0.144,"basaliob":-0.016,"bolussnooze":3.0E-4,"activity":0.0025,"lastBolusTime":1703420290000,"time":"2023-12-24T16:11:28.842Z","iobWithZeroTemp":{"iob":-0.537,"basaliob":-0.697,"bolussnooze":3.0E-4,"activity":-0.0037,"lastBolusTime":1703420290000,"time":"2023-12-24T16:11:28.842Z"}},{"iob":0.132,"basaliob":-0.015,"bolussnooze":2.0E-4,"activity":0.0023,"lastBolusTime":1703420290000,"time":"2023-12-24T16:16:28.842Z","iobWithZeroTemp":{"iob":-0.551,"basaliob":-0.698,"bolussnooze":2.0E-4,"activity":-0.004,"lastBolusTime":1703420290000,"time":"2023-12-24T16:16:28.842Z"}}],"profile":{"max_iob":7,"type":"current","max_daily_basal":0.45,"max_basal":1.35,"min_bg":81.0000000000001,"max_bg":81.0000000000001,"target_bg":81.0000000000001,"carb_ratio":11,"sens":352.8,"max_daily_safety_multiplier":3,"current_basal_safety_multiplier":4,"lgsThreshold":65,"high_temptarget_raises_sensitivity":false,"low_temptarget_lowers_sensitivity":false,"sensitivity_raises_target":true,"resistance_lowers_target":true,"adv_target_adjustments":false,"exercise_mode":false,"half_basal_exercise_target":160,"maxCOB":120,"skip_neutral_temps":false,"remainingCarbsCap":90,"enableUAM":true,"A52_risk_enable":false,"SMBInterval":4,"enableSMB_with_COB":true,"enableSMB_with_temptarget":false,"allowSMB_with_high_temptarget":true,"enableSMB_always":true,"enableSMB_after_carbs":false,"maxSMBBasalMinutes":60,"maxUAMSMBBasalMinutes":60,"bolus_increment":0.05,"carbsReqThreshold":10,"current_basal":0.4,"temptargetSet":true,"autosens_max":1.2,"autosens_min":0.8,"out_units":"mmol\/L","variable_sens":93,"insulinDivisor":65,"TDD":13.314152228571427},"autosens_data":{"ratio":0.9063635955230479},"meal_data":{"carbs":70,"mealCOB":40.79489229024941,"slopeFromMaxDeviation":0,"slopeFromMinDeviation":2.403111111111111,"lastBolusTime":1703420290000,"lastCarbTime":1703420201000},"microBolusAllowed":true,"currentTime":1703420491143,"flatBGsDetected":false,"tdd1D":36.190166666666634,"tdd7D":31.004297619047623,"tddLast24H":28.10116666666668,"tddLast4H":9.170000000000002,"tddLast8to4H":3.013333333333333},"output":{"temp":"absolute","bg":213,"tick":"+10","eventualBG":258,"targetBG":81.0000000000001,"insulinReq":1.41,"deliverAt":"2023-12-24T12:21:31.143Z","sensitivityRatio":0.9063635955230479,"variable_sens":93,"predBGs":{"IOB":[213,221,228,232,234,235,233,231,226,220,213,204,193,183,172,162,151,141,131,121,111,100,90,80,69,58,46,39],"ZT":[213,204,194,183,171,159,146,133,119,104,88,71,53,39,39,39,39,39,39,39,39,39,39,39,39,39,39,39,39,39,39,39,39,39,39,39,39,39,39,39,39,39,39,39,39,39,39,39],"COB":[213,222,231,238,244,249,254,258,261,265,267,270,272,275,277,279,280,282,283,285,286,287,288,289,289,290,290,290,289,289,288,287,286,284,282,280,277,275,273,270,268,267,265,263,262,260,259,258],"UAM":[213,222,230,237,242,247,251,254,256,258,259,259,259,259,258,257,255,253,250,246,243,238,233,228,222,217,212,207,202,198,193,189,186,182,179,175,172,170,167,164,162,160,158,156,154,153,151,150]},"reason":"COB: 40.8, Dev: 6.3, BGI: -0.5, ISF: 5.2, CR: 11, Target: 4.5, minPredBG 11.8, minGuardBG 10.6, IOBpredBG 2.2, COBpredBG 14.3, UAMpredBG 8.3; Eventual BG 14.3 >= 4.5,  insulinReq 1.41; maxBolus 0.4; setting 60m low temp of 0U\/h. Waiting 1m 36s to microbolus again. ","COB":40.79489229024941,"IOB":3.213,"rate":0,"duration":60,"timestamp":"2023-12-24T12:21:31.168Z"}}