{"algorithm":"OpenAPSSMBDynamicISFPlugin","input":{"glucoseStatus":{"glucose":243,"noise":0,"delta":-9,"short_avgdelta":-5.89,"long_avgdelta":1.65,"date":1703245549773},"currenttemp":{"temp":"absolute","duration":95,"rate":0,"minutesrunning":25},"iob_data":[{"iob":3.821,"basaliob":-0.384,"bolussnooze":2.1289,"activity":0.026,"lastBolusTime":1703245246000,"time":"2023-12-22T11:46:09.536Z","iobWithZeroTemp":{"iob":3.821,"basaliob":-0.384,"bolussnooze":2.1289,"activity":0.026,"lastBolusTime":1703245246000,"time":"2023-12-22T11:46:09.536Z"}},{"iob":3.687,"basaliob":-0.365,"bolussnooze":1.9837,"activity":0.0275,"lastBolusTime":1703245246000,"time":"2023-12-22T11:51:09.536Z","iobWithZeroTemp":{"iob":3.66,"basaliob":-0.392,"bolussnooze":1.9837,"activity":0.0275,"lastBolusTime":1703245246000,"time":"2023-12-22T11:51:09.536Z"}},{"iob":3.547,"basaliob":-0.346,"bolussnooze":1.8261,"activity":0.0286,"lastBolusTime":1703245246000,"time":"2023-12-22T11:56:09.536Z","iobWithZeroTemp":{"iob":3.487,"basaliob":-0.406,"bolussnooze":1.8261,"activity":0.0285,"lastBolusTime":1703245246000,"time":"2023-12-22T11:56:09.536Z"}},{"iob":3.401,"basaliob":-0.328,"bolussnooze":1.6644,"activity":0.0293,"lastBolusTime":1703245246000,"time":"2023-12-22T12:01:09.536Z","iobWithZeroTemp":{"iob":3.309,"basaliob":-0.42,"bolussnooze":1.6644,"activity":0.0291,"lastBolusTime":1703245246000,"time":"2023-12-22T12:01:09.536Z"}},{"iob":3.254,"basaliob":-0.31,"bolussnooze":1.5042,"activity":0.0297,"lastBolusTime":1703245246000,"time":"2023-12-22T12:06:09.536Z","iobWithZeroTemp":{"iob":3.129,"basaliob":-0.435,"bolussnooze":1.5042,"activity":0.0294,"lastBolusTime":1703245246000,"time":"2023-12-22T12:06:09.536Z"}},{"iob":3.105,"basaliob":-0.293,"bolussnooze":1.3497,"activity":0.0297,"lastBolusTime":1703245246000,"time":"2023-12-22T12:11:09.536Z","iobWithZeroTemp":{"iob":2.949,"basaliob":-0.449,"bolussnooze":1.3497,"activity":0.0292,"lastBolusTime":1703245246000,"time":"2023-12-22T12:11:09.536Z"}},{"iob":2.957,"basaliob":-0.276,"bolussnooze":1.2034,"activity":0.0295,"lastBolusTime":1703245246000,"time":"2023-12-22T12:16:09.536Z","iobWithZeroTemp":{"iob":2.771,"basaliob":-0.462,"bolussnooze":1.2034,"activity":0.0288,"lastBolusTime":1703245246000,"time":"2023-12-22T12:16:09.536Z"}},{"iob":2.811,"basaliob":-0.26,"bolussnooze":1.067,"activity":0.0291,"lastBolusTime":1703245246000,"time":"2023-12-22T12:21:09.536Z","iobWithZeroTemp":{"iob":2.595,"basaliob":-0.476,"bolussnooze":1.067,"activity":0.0282,"lastBolusTime":1703245246000,"time":"2023-12-22T12:21:09.536Z"}},{"iob":2.667,"basaliob":-0.244,"bolussnooze":0.9414,"activity":0.0286,"lastBolusTime":1703245246000,"time":"2023-12-22T12:26:09.536Z","iobWithZeroTemp":{"iob":2.423,"basaliob":-0.488,"bolussnooze":0.9414,"activity":0.0275,"lastBolusTime":1703245246000,"time":"2023-12-22T12:26:09.536Z"}},{"iob":2.525,"basaliob":-0.229,"bolussnooze":0.8269,"activity":0.0279,"lastBolusTime":1703245246000,"time":"2023-12-22T12:31:09.536Z","iobWithZeroTemp":{"iob":2.253,"basaliob":-0.501,"bolussnooze":0.8269,"activity":0.0266,"lastBolusTime":1703245246000,"time":"2023-12-22T12:31:09.536Z"}},{"iob":2.387,"basaliob":-0.215,"bolussnooze":0.7232,"activity":0.0271,"lastBolusTime":1703245246000,"time":"2023-12-22T12:36:09.536Z","iobWithZeroTemp":{"iob":2.089,"basaliob":-0.513,"bolussnooze":0.7232,"activity":0.0256,"lastBolusTime":1703245246000,"time":"2023-12-22T12:36:09.536Z"}},{"iob":2.254,"basaliob":-0.201,"bolussnooze":0.6302,"activity":0.0262,"lastBolusTime":1703245246000,"time":"2023-12-22T12:41:09.536Z","iobWithZeroTemp":{"iob":1.931,"basaliob":-0.524,"bolussnooze":0.6302,"activity":0.0244,"lastBolusTime":1703245246000,"time":"2023-12-22T12:41:09.536Z"}},{"iob":2.125,"basaliob":-0.188,"bolussnooze":0.5472,"activity":0.0254,"lastBolusTime":1703245246000,"time":"2023-12-22T12:46:09.536Z","iobWithZeroTemp":{"iob":1.778,"basaliob":-0.535,"bolussnooze":0.5472,"activity":0.0234,"lastBolusTime":1703245246000,"time":"2023-12-22T12:46:09.536Z"}},{"iob":2,"basaliob":-0.176,"bolussnooze":0.4735,"activity":0.0244,"lastBolusTime":1703245246000,"time":"2023-12-22T12:51:09.536Z","iobWithZeroTemp":{"iob":1.63,"basaliob":-0.546,"bolussnooze":0.4735,"activity":0.0222,"lastBolusTime":1703245246000,"time":"2023-12-22T12:51:09.536Z"}},{"iob":1.88,"basaliob":-0.165,"bolussnooze":0.4084,"activity":0.0234,"lastBolusTime":1703245246000,"time":"2023-12-22T12:56:09.536Z","iobWithZeroTemp":{"iob":1.489,"basaliob":-0.556,"bolussnooze":0.4084,"activity":0.021,"lastBolusTime":1703245246000,"time":"2023-12-22T12:56:09.536Z"}},{"iob":1.765,"basaliob":-0.154,"bolussnooze":0.3512,"activity":0.0225,"lastBolusTime":1703245246000,"time":"2023-12-22T13:01:09.536Z","iobWithZeroTemp":{"iob":1.353,"basaliob":-0.566,"bolussnooze":0.3512,"activity":0.0198,"lastBolusTime":1703245246000,"time":"2023-12-22T13:01:09.536Z"}},{"iob":1.656,"basaliob":-0.143,"bolussnooze":0.3011,"activity":0.0214,"lastBolusTime":1703245246000,"time":"2023-12-22T13:06:09.536Z","iobWithZeroTemp":{"iob":1.225,"basaliob":-0.574,"bolussnooze":0.3011,"activity":0.0185,"lastBolusTime":1703245246000,"time":"2023-12-22T13:06:09.536Z"}},{"iob":1.552,"basaliob":-0.133,"bolussnooze":0.2574,"activity":0.0204,"lastBolusTime":1703245246000,"time":"2023-12-22T13:11:09.536Z","iobWithZeroTemp":{"iob":1.102,"basaliob":-0.583,"bolussnooze":0.2574,"activity":0.0173,"lastBolusTime":1703245246000,"time":"2023-12-22T13:11:09.536Z"}},{"iob":1.453,"basaliob":-0.124,"bolussnooze":0.2195,"activity":0.0194,"lastBolusTime":1703245246000,"time":"2023-12-22T13:16:09.536Z","iobWithZeroTemp":{"iob":0.986,"basaliob":-0.591,"bolussnooze":0.2195,"activity":0.0161,"lastBolusTime":1703245246000,"time":"2023-12-22T13:16:09.536Z"}},{"iob":1.358,"basaliob":-0.115,"bolussnooze":0.1866,"activity":0.0184,"lastBolusTime":1703245246000,"time":"2023-12-22T13:21:09.536Z","iobWithZeroTemp":{"iob":0.874,"basaliob":-0.599,"bolussnooze":0.1866,"activity":0.0149,"lastBolusTime":1703245246000,"time":"2023-12-22T13:21:09.536Z"}},{"iob":1.269,"basaliob":-0.107,"bolussnooze":0.1582,"activity":0.0174,"lastBolusTime":1703245246000,"time":"2023-12-22T13:26:09.536Z","iobWithZeroTemp":{"iob":0.77,"basaliob":-0.606,"bolussnooze":0.1582,"activity":0.0137,"lastBolusTime":1703245246000,"time":"2023-12-22T13:26:09.536Z"}},{"iob":1.184,"basaliob":-0.099,"bolussnooze":0.1337,"activity":0.0165,"lastBolusTime":1703245246000,"time":"2023-12-22T13:31:09.536Z","iobWithZeroTemp":{"iob":0.67,"basaliob":-0.613,"bolussnooze":0.1337,"activity":0.0126,"lastBolusTime":1703245246000,"time":"2023-12-22T13:31:09.536Z"}},{"iob":1.104,"basaliob":-0.092,"bolussnooze":0.1127,"activity":0.0156,"lastBolusTime":1703245246000,"time":"2023-12-22T13:36:09.536Z","iobWithZeroTemp":{"iob":0.577,"basaliob":-0.619,"bolussnooze":0.1127,"activity":0.0116,"lastBolusTime":1703245246000,"time":"2023-12-22T13:36:09.536Z"}},{"iob":1.029,"basaliob":-0.085,"bolussnooze":0.0947,"activity":0.0147,"lastBolusTime":1703245246000,"time":"2023-12-22T13:41:09.536Z","iobWithZeroTemp":{"iob":0.489,"basaliob":-0.625,"bolussnooze":0.0947,"activity":0.0105,"lastBolusTime":1703245246000,"time":"2023-12-22T13:41:09.536Z"}},{"iob":0.957,"basaliob":-0.079,"bolussnooze":0.0794,"activity":0.0138,"lastBolusTime":1703245246000,"time":"2023-12-22T13:46:09.536Z","iobWithZeroTemp":{"iob":0.405,"basaliob":-0.631,"bolussnooze":0.0794,"activity":0.0095,"lastBolusTime":1703245246000,"time":"2023-12-22T13:46:09.536Z"}},{"iob":0.89,"basaliob":-0.073,"bolussnooze":0.0663,"activity":0.013,"lastBolusTime":1703245246000,"time":"2023-12-22T13:51:09.536Z","iobWithZeroTemp":{"iob":0.327,"basaliob":-0.636,"bolussnooze":0.0663,"activity":0.0085,"lastBolusTime":1703245246000,"time":"2023-12-22T13:51:09.536Z"}},{"iob":0.827,"basaliob":-0.068,"bolussnooze":0.0552,"activity":0.0122,"lastBolusTime":1703245246000,"time":"2023-12-22T13:56:09.536Z","iobWithZeroTemp":{"iob":0.253,"basaliob":-0.642,"bolussnooze":0.0552,"activity":0.0076,"lastBolusTime":1703245246000,"time":"2023-12-22T13:56:09.536Z"}},{"iob":0.767,"basaliob":-0.063,"bolussnooze":0.0458,"activity":0.0114,"lastBolusTime":1703245246000,"time":"2023-12-22T14:01:09.536Z","iobWithZeroTemp":{"iob":0.183,"basaliob":-0.647,"bolussnooze":0.0458,"activity":0.0066,"lastBolusTime":1703245246000,"time":"2023-12-22T14:01:09.536Z"}},{"iob":0.712,"basaliob":-0.058,"bolussnooze":0.0379,"activity":0.0108,"lastBolusTime":1703245246000,"time":"2023-12-22T14:06:09.536Z","iobWithZeroTemp":{"iob":0.119,"basaliob":-0.651,"bolussnooze":0.0379,"activity":0.0059,"lastBolusTime":1703245246000,"time":"2023-12-22T14:06:09.536Z"}},{"iob":0.661,"basaliob":-0.053,"bolussnooze":0.0312,"activity":0.01,"lastBolusTime":1703245246000,"time":"2023-12-22T14:11:09.536Z","iobWithZeroTemp":{"iob":0.06,"basaliob":-0.654,"bolussnooze":0.0312,"activity":0.005,"lastBolusTime":1703245246000,"time":"2023-12-22T14:11:09.536Z"}},{"iob":0.612,"basaliob":-0.049,"bolussnooze":0.0256,"activity":0.0094,"lastBolusTime":1703245246000,"time":"2023-12-22T14:16:09.536Z","iobWithZeroTemp":{"iob":0.003,"basaliob":-0.658,"bolussnooze":0.0256,"activity":0.0043,"lastBolusTime":1703245246000,"time":"2023-12-22T14:16:09.536Z"}},{"iob":0.567,"basaliob":-0.045,"bolussnooze":0.0209,"activity":0.0088,"lastBolusTime":1703245246000,"time":"2023-12-22T14:21:09.536Z","iobWithZeroTemp":{"iob":-0.05,"basaliob":-0.662,"bolussnooze":0.0209,"activity":0.0036,"lastBolusTime":1703245246000,"time":"2023-12-22T14:21:09.536Z"}},{"iob":0.524,"basaliob":-0.042,"bolussnooze":0.017,"activity":0.0082,"lastBolusTime":1703245246000,"time":"2023-12-22T14:26:09.536Z","iobWithZeroTemp":{"iob":-0.1,"basaliob":-0.666,"bolussnooze":0.017,"activity":0.0029,"lastBolusTime":1703245246000,"time":"2023-12-22T14:26:09.536Z"}},{"iob":0.485,"basaliob":-0.038,"bolussnooze":0.0137,"activity":0.0077,"lastBolusTime":1703245246000,"time":"2023-12-22T14:31:09.536Z","iobWithZeroTemp":{"iob":-0.145,"basaliob":-0.668,"bolussnooze":0.0137,"activity":0.0023,"lastBolusTime":1703245246000,"time":"2023-12-22T14:31:09.536Z"}},{"iob":0.448,"basaliob":-0.035,"bolussnooze":0.011,"activity":0.0071,"lastBolusTime":1703245246000,"time":"2023-12-22T14:36:09.536Z","iobWithZeroTemp":{"iob":-0.188,"basaliob":-0.671,"bolussnooze":0.011,"activity":0.0016,"lastBolusTime":1703245246000,"time":"2023-12-22T14:36:09.536Z"}},{"iob":0.413,"basaliob":-0.032,"bolussnooze":0.0088,"activity":0.0066,"lastBolusTime":1703245246000,"time":"2023-12-22T14:41:09.536Z","iobWithZeroTemp":{"iob":-0.229,"basaliob":-0.674,"bolussnooze":0.0088,"activity":0.001,"lastBolusTime":1703245246000,"time":"2023-12-22T14:41:09.536Z"}},{"iob":0.381,"basaliob":-0.03,"bolussnooze":0.007,"activity":0.0062,"lastBolusTime":1703245246000,"time":"2023-12-22T14:46:09.536Z","iobWithZeroTemp":{"iob":-0.266,"basaliob":-0.677,"bolussnooze":0.007,"activity":5.0E-4,"lastBolusTime":1703245246000,"time":"2023-12-22T14:46:09.536Z"}},{"iob":0.351,"basaliob":-0.027,"bolussnooze":0.0055,"activity":0.0057,"lastBolusTime":1703245246000,"time":"2023-12-22T14:51:09.536Z","iobWithZeroTemp":{"iob":-0.3,"basaliob":-0.678,"bolussnooze":0.0055,"activity":-1.0E-4,"lastBolusTime":1703245246000,"time":"2023-12-22T14:51:09.536Z"}},{"iob":0.323,"basaliob":-0.025,"bolussnooze":0.0043,"activity":0.0054,"lastBolusTime":1703245246000,"time":"2023-12-22T14:56:09.536Z","iobWithZeroTemp":{"iob":-0.333,"basaliob":-0.681,"bolussnooze":0.0043,"activity":-4.0E-4,"lastBolusTime":1703245246000,"time":"2023-12-22T14:56:09.536Z"}},{"iob":0.297,"basaliob":-0.023,"bolussnooze":0.0033,"activity":0.005,"lastBolusTime":1703245246000,"time":"2023-12-22T15:01:09.536Z","iobWithZeroTemp":{"iob":-0.363,"basaliob":-0.683,"bolussnooze":0.0033,"activity":-9.0E-4,"lastBolusTime":1703245246000,"time":"2023-12-22T15:01:09.536Z"}},{"iob":0.274,"basaliob":-0.021,"bolussnooze":0.0025,"activity":0.0046,"lastBolusTime":1703245246000,"time":"2023-12-22T15:06:09.536Z","iobWithZeroTemp":{"iob":-0.39,"basaliob":-0.685,"bolussnooze":0.0025,"activity":-0.0013,"lastBolusTime":1703245246000,"time":"2023-12-22T15:06:09.536Z"}},{"iob":0.252,"basaliob":-0.019,"bolussnooze":0.0019,"activity":0.0043,"lastBolusTime":1703245246000,"time":"2023-12-22T15:11:09.536Z","iobWithZeroTemp":{"iob":-0.415,"basaliob":-0.686,"bolussnooze":0.0019,"activity":-0.0017,"lastBolusTime":1703245246000,"time":"2023-12-22T15:11:09.536Z"}},{"iob":0.231,"basaliob":-0.018,"bolussnooze":0.0014,"activity":0.004,"lastBolusTime":1703245246000,"time":"2023-12-22T15:16:09.536Z","iobWithZeroTemp":{"iob":-0.439,"basaliob":-0.688,"bolussnooze":0.0014,"activity":-0.0021,"lastBolusTime":1703245246000,"time":"2023-12-22T15:16:09.536Z"}},{"iob":0.212,"basaliob":-0.016,"bolussnooze":0.001,"activity":0.0036,"lastBolusTime":1703245246000,"time":"2023-12-22T15:21:09.536Z","iobWithZeroTemp":{"iob":-0.461,"basaliob":-0.689,"bolussnooze":0.001,"activity":-0.0025,"lastBolusTime":1703245246000,"time":"2023-12-22T15:21:09.536Z"}},{"iob":0.194,"basaliob":-0.015,"bolussnooze":7.0E-4,"activity":0.0033,"lastBolusTime":1703245246000,"time":"2023-12-22T15:26:09.536Z","iobWithZeroTemp":{"iob":-0.482,"basaliob":-0.691,"bolussnooze":7.0E-4,"activity":-0.0028,"lastBolusTime":1703245246000,"time":"2023-12-22T15:26:09.536Z"}},{"iob":0.179,"basaliob":-0.013,"bolussnooze":5.0E-4,"activity":0.0032,"lastBolusTime":1703245246000,"time":"2023-12-22T15:31:09.536Z","iobWithZeroTemp":{"iob":-0.499,"basaliob":-0.691,"bolussnooze":5.0E-4,"activity":-0.003,"lastBolusTime":1703245246000,"time":"2023-12-22T15:31:09.536Z"}},{"iob":0.163,"basaliob":-0.012,"bolussnooze":3.0E-4,"activity":0.0029,"lastBolusTime":1703245246000,"time":"2023-12-22T15:36:09.536Z","iobWithZeroTemp":{"iob":-0.518,"basaliob":-0.693,"bolussnooze":3.0E-4,"activity":-0.0033,"lastBolusTime":1703245246000,"time":"2023-12-22T15:36:09.536Z"}},{"iob":0.149,"basaliob":-0.011,"bolussnooze":2.0E-4,"activity":0.0027,"lastBolusTime":1703245246000,"time":"2023-12-22T15:41:09.536Z","iobWithZeroTemp":{"iob":-0.534,"basaliob":-0.694,"bolussnooze":2.0E-4,"activity":-0.0036,"lastBolusTime":1703245246000,"time":"2023-12-22T15:41:09.536Z"}}],"profile":{"max_iob":7,"type":"current","max_daily_basal":0.45,"max_basal":1.35,"min_bg":81,"max_bg":81,"target_bg":81,"carb_ratio":11,"sens":352.8,"max_daily_safety_multiplier":3,"current_basal_safety_multiplier":4,"lgsThreshold":65,"high_temptarget_raises_sensitivity":false,"low_temptarget_lowers_sensitivity":false,"sensitivity_raises_target":true,"resistance_lowers_target":true,"adv_target_adjustments":false,"exercise_mode":false,"half_basal_exercise_target":160,"maxCOB":120,"skip_neutral_temps":false,"remainingCarbsCap":90,"enableUAM":true,"A52_risk_enable":false,"SMBInterval":4,"enableSMB_with_COB":true,"enableSMB_with_temptarget":false,"allowSMB_with_high_temptarget":true,"enableSMB_always":true,"enableSMB_after_carbs":false,"maxSMBBasalMinutes":60,"maxUAMSMBBasalMinutes":60,"bolus_increment":0.05,"carbsReqThreshold":10,"current_basal":0.4,"temptargetSet":true,"autosens_max":1.2,"autosens_min":0.8,"out_units":"mmol\/L","variable_sens":89.9,"insulinDivisor":65,"TDD":12.871864083333335},"autosens_data":{"ratio":1.244268422354054},"meal_data":{"carbs":80,"mealCOB":35.435422902494324,"slopeFromMaxDeviation":-1.2959999999999994,"slopeFromMinDeviation":1.86925,"lastBolusTime":1703245246000,"lastCarbTime":1703245276000},"microBolusAllowed":true,"currentTime":1703245571598,"flatBGsDetected":false,"tdd1D":36.428166666666655,"tdd7D":29.994130952380967,"tddLast24H":37.32074999999997,"tddLast4H":9.230000000000002,"tddLast8to4H":2.970833333333333},"output":{"temp":"absolute","bg":243,"tick":-9,"eventualBG":196,"targetBG":81,"insulinReq":0,"deliverAt":"2023-12-22T11:46:11.598Z","sensitivityRatio":1.244268422354054,"variable_sens":89.9,"predBGs":{"IOB":[243,234,223,212,200,186,172,158,142,125,108,89,67,42,39],"ZT":[243,231,219,205,191,176,160,144,127,109,91,70,47,39,39,39,39,39,39,39,39,39,39,39,39,39,39,39,39,39,39,39,39,39,39,39,39,39,39,39,39,39,39,39,39,39,39,39],"COB":[243,235,227,220,214,208,204,200,198,197,197,199,202,207,213,220,227,233,238,242,246,249,251,253,253,253,252,250,247,244,239,235,231,227,224,221,218,215,212,210,208,206,204,202,200,199,197,196],"UAM":[243,233,220,207,192,177,161,145,128,109,89,67,42,39]},"reason":"COB: 35.4, Dev: 0.9, BGI: -0.6, ISF: 5.0, CR: 11, Target: 4.5, minPredBG -12.7, minGuardBG -12.7, IOBpredBG 2.2, COBpredBG 10.9, UAMpredBG 2.2; minGuardBG -12.7<3.6","COB":35.435422902494324,"IOB":3.821,"duration":120,"rate":0,"timestamp":"2023-12-22T11:46:11.634Z"}}