{"algorithm":"OpenAPSSMBDynamicISFPlugin","input":{"glucoseStatus":{"glucose":209,"noise":0,"delta":-4,"short_avgdelta":1.89,"long_avgdelta":9.36,"date":1703420760449},"currenttemp":{"temp":"absolute","duration":55,"rate":0,"minutesrunning":5},"iob_data":[{"iob":3.479,"basaliob":-0.584,"bolussnooze":1.3043,"activity":0.0214,"lastBolusTime":1703420661000,"time":"2023-12-24T12:26:24.773Z","iobWithZeroTemp":{"iob":3.479,"basaliob":-0.584,"bolussnooze":1.3043,"activity":0.0214,"lastBolusTime":1703420661000,"time":"2023-12-24T12:26:24.773Z"}},{"iob":3.369,"basaliob":-0.552,"bolussnooze":1.2113,"activity":0.0231,"lastBolusTime":1703420661000,"time":"2023-12-24T12:31:24.773Z","iobWithZeroTemp":{"iob":3.342,"basaliob":-0.579,"bolussnooze":1.2113,"activity":0.0231,"lastBolusTime":1703420661000,"time":"2023-12-24T12:31:24.773Z"}},{"iob":3.249,"basaliob":-0.522,"bolussnooze":1.1121,"activity":0.0245,"lastBolusTime":1703420661000,"time":"2023-12-24T12:36:24.773Z","iobWithZeroTemp":{"iob":3.189,"basaliob":-0.582,"bolussnooze":1.1121,"activity":0.0244,"lastBolusTime":1703420661000,"time":"2023-12-24T12:36:24.773Z"}},{"iob":3.124,"basaliob":-0.493,"bolussnooze":1.0112,"activity":0.0254,"lastBolusTime":1703420661000,"time":"2023-12-24T12:41:24.773Z","iobWithZeroTemp":{"iob":3.032,"basaliob":-0.585,"bolussnooze":1.0112,"activity":0.0252,"lastBolusTime":1703420661000,"time":"2023-12-24T12:41:24.773Z"}},{"iob":2.996,"basaliob":-0.464,"bolussnooze":0.912,"activity":0.026,"lastBolusTime":1703420661000,"time":"2023-12-24T12:46:24.773Z","iobWithZeroTemp":{"iob":2.871,"basaliob":-0.589,"bolussnooze":0.912,"activity":0.0257,"lastBolusTime":1703420661000,"time":"2023-12-24T12:46:24.773Z"}},{"iob":2.865,"basaliob":-0.437,"bolussnooze":0.8169,"activity":0.0262,"lastBolusTime":1703420661000,"time":"2023-12-24T12:51:24.773Z","iobWithZeroTemp":{"iob":2.709,"basaliob":-0.593,"bolussnooze":0.8169,"activity":0.0257,"lastBolusTime":1703420661000,"time":"2023-12-24T12:51:24.773Z"}},{"iob":2.733,"basaliob":-0.411,"bolussnooze":0.7272,"activity":0.0263,"lastBolusTime":1703420661000,"time":"2023-12-24T12:56:24.773Z","iobWithZeroTemp":{"iob":2.547,"basaliob":-0.597,"bolussnooze":0.7272,"activity":0.0256,"lastBolusTime":1703420661000,"time":"2023-12-24T12:56:24.773Z"}},{"iob":2.603,"basaliob":-0.385,"bolussnooze":0.6438,"activity":0.0261,"lastBolusTime":1703420661000,"time":"2023-12-24T13:01:24.773Z","iobWithZeroTemp":{"iob":2.387,"basaliob":-0.601,"bolussnooze":0.6438,"activity":0.0252,"lastBolusTime":1703420661000,"time":"2023-12-24T13:01:24.773Z"}},{"iob":2.473,"basaliob":-0.361,"bolussnooze":0.5672,"activity":0.0257,"lastBolusTime":1703420661000,"time":"2023-12-24T13:06:24.773Z","iobWithZeroTemp":{"iob":2.229,"basaliob":-0.605,"bolussnooze":0.5672,"activity":0.0246,"lastBolusTime":1703420661000,"time":"2023-12-24T13:06:24.773Z"}},{"iob":2.346,"basaliob":-0.338,"bolussnooze":0.4976,"activity":0.0252,"lastBolusTime":1703420661000,"time":"2023-12-24T13:11:24.773Z","iobWithZeroTemp":{"iob":2.074,"basaliob":-0.61,"bolussnooze":0.4976,"activity":0.0239,"lastBolusTime":1703420661000,"time":"2023-12-24T13:11:24.773Z"}},{"iob":2.22,"basaliob":-0.317,"bolussnooze":0.4347,"activity":0.0247,"lastBolusTime":1703420661000,"time":"2023-12-24T13:16:24.773Z","iobWithZeroTemp":{"iob":1.922,"basaliob":-0.615,"bolussnooze":0.4347,"activity":0.0232,"lastBolusTime":1703420661000,"time":"2023-12-24T13:16:24.773Z"}},{"iob":2.099,"basaliob":-0.296,"bolussnooze":0.3783,"activity":0.024,"lastBolusTime":1703420661000,"time":"2023-12-24T13:21:24.773Z","iobWithZeroTemp":{"iob":1.776,"basaliob":-0.619,"bolussnooze":0.3783,"activity":0.0222,"lastBolusTime":1703420661000,"time":"2023-12-24T13:21:24.773Z"}},{"iob":1.981,"basaliob":-0.276,"bolussnooze":0.3281,"activity":0.0232,"lastBolusTime":1703420661000,"time":"2023-12-24T13:26:24.773Z","iobWithZeroTemp":{"iob":1.634,"basaliob":-0.623,"bolussnooze":0.3281,"activity":0.0212,"lastBolusTime":1703420661000,"time":"2023-12-24T13:26:24.773Z"}},{"iob":1.867,"basaliob":-0.258,"bolussnooze":0.2836,"activity":0.0224,"lastBolusTime":1703420661000,"time":"2023-12-24T13:31:24.773Z","iobWithZeroTemp":{"iob":1.497,"basaliob":-0.628,"bolussnooze":0.2836,"activity":0.0202,"lastBolusTime":1703420661000,"time":"2023-12-24T13:31:24.773Z"}},{"iob":1.757,"basaliob":-0.24,"bolussnooze":0.2444,"activity":0.0215,"lastBolusTime":1703420661000,"time":"2023-12-24T13:36:24.773Z","iobWithZeroTemp":{"iob":1.366,"basaliob":-0.631,"bolussnooze":0.2444,"activity":0.0191,"lastBolusTime":1703420661000,"time":"2023-12-24T13:36:24.773Z"}},{"iob":1.651,"basaliob":-0.224,"bolussnooze":0.21,"activity":0.0207,"lastBolusTime":1703420661000,"time":"2023-12-24T13:41:24.773Z","iobWithZeroTemp":{"iob":1.239,"basaliob":-0.636,"bolussnooze":0.21,"activity":0.018,"lastBolusTime":1703420661000,"time":"2023-12-24T13:41:24.773Z"}},{"iob":1.551,"basaliob":-0.208,"bolussnooze":0.1798,"activity":0.0198,"lastBolusTime":1703420661000,"time":"2023-12-24T13:46:24.773Z","iobWithZeroTemp":{"iob":1.12,"basaliob":-0.639,"bolussnooze":0.1798,"activity":0.0169,"lastBolusTime":1703420661000,"time":"2023-12-24T13:46:24.773Z"}},{"iob":1.454,"basaliob":-0.194,"bolussnooze":0.1536,"activity":0.0189,"lastBolusTime":1703420661000,"time":"2023-12-24T13:51:24.773Z","iobWithZeroTemp":{"iob":1.004,"basaliob":-0.644,"bolussnooze":0.1536,"activity":0.0158,"lastBolusTime":1703420661000,"time":"2023-12-24T13:51:24.773Z"}},{"iob":1.362,"basaliob":-0.18,"bolussnooze":0.1308,"activity":0.0179,"lastBolusTime":1703420661000,"time":"2023-12-24T13:56:24.773Z","iobWithZeroTemp":{"iob":0.895,"basaliob":-0.647,"bolussnooze":0.1308,"activity":0.0146,"lastBolusTime":1703420661000,"time":"2023-12-24T13:56:24.773Z"}},{"iob":1.274,"basaliob":-0.167,"bolussnooze":0.1111,"activity":0.0171,"lastBolusTime":1703420661000,"time":"2023-12-24T14:01:24.773Z","iobWithZeroTemp":{"iob":0.79,"basaliob":-0.651,"bolussnooze":0.1111,"activity":0.0136,"lastBolusTime":1703420661000,"time":"2023-12-24T14:01:24.773Z"}},{"iob":1.191,"basaliob":-0.155,"bolussnooze":0.0941,"activity":0.0162,"lastBolusTime":1703420661000,"time":"2023-12-24T14:06:24.773Z","iobWithZeroTemp":{"iob":0.692,"basaliob":-0.654,"bolussnooze":0.0941,"activity":0.0125,"lastBolusTime":1703420661000,"time":"2023-12-24T14:06:24.773Z"}},{"iob":1.113,"basaliob":-0.143,"bolussnooze":0.0795,"activity":0.0153,"lastBolusTime":1703420661000,"time":"2023-12-24T14:11:24.773Z","iobWithZeroTemp":{"iob":0.599,"basaliob":-0.657,"bolussnooze":0.0795,"activity":0.0114,"lastBolusTime":1703420661000,"time":"2023-12-24T14:11:24.773Z"}},{"iob":1.038,"basaliob":-0.133,"bolussnooze":0.0669,"activity":0.0144,"lastBolusTime":1703420661000,"time":"2023-12-24T14:16:24.773Z","iobWithZeroTemp":{"iob":0.511,"basaliob":-0.66,"bolussnooze":0.0669,"activity":0.0104,"lastBolusTime":1703420661000,"time":"2023-12-24T14:16:24.773Z"}},{"iob":0.968,"basaliob":-0.123,"bolussnooze":0.0562,"activity":0.0137,"lastBolusTime":1703420661000,"time":"2023-12-24T14:21:24.773Z","iobWithZeroTemp":{"iob":0.428,"basaliob":-0.663,"bolussnooze":0.0562,"activity":0.0095,"lastBolusTime":1703420661000,"time":"2023-12-24T14:21:24.773Z"}},{"iob":0.901,"basaliob":-0.114,"bolussnooze":0.047,"activity":0.0129,"lastBolusTime":1703420661000,"time":"2023-12-24T14:26:24.773Z","iobWithZeroTemp":{"iob":0.349,"basaliob":-0.666,"bolussnooze":0.047,"activity":0.0086,"lastBolusTime":1703420661000,"time":"2023-12-24T14:26:24.773Z"}},{"iob":0.839,"basaliob":-0.105,"bolussnooze":0.0392,"activity":0.0121,"lastBolusTime":1703420661000,"time":"2023-12-24T14:31:24.773Z","iobWithZeroTemp":{"iob":0.276,"basaliob":-0.668,"bolussnooze":0.0392,"activity":0.0076,"lastBolusTime":1703420661000,"time":"2023-12-24T14:31:24.773Z"}},{"iob":0.78,"basaliob":-0.097,"bolussnooze":0.0326,"activity":0.0114,"lastBolusTime":1703420661000,"time":"2023-12-24T14:36:24.773Z","iobWithZeroTemp":{"iob":0.206,"basaliob":-0.671,"bolussnooze":0.0326,"activity":0.0068,"lastBolusTime":1703420661000,"time":"2023-12-24T14:36:24.773Z"}},{"iob":0.725,"basaliob":-0.089,"bolussnooze":0.027,"activity":0.0108,"lastBolusTime":1703420661000,"time":"2023-12-24T14:41:24.773Z","iobWithZeroTemp":{"iob":0.141,"basaliob":-0.673,"bolussnooze":0.027,"activity":0.006,"lastBolusTime":1703420661000,"time":"2023-12-24T14:41:24.773Z"}},{"iob":0.673,"basaliob":-0.082,"bolussnooze":0.0223,"activity":0.0101,"lastBolusTime":1703420661000,"time":"2023-12-24T14:46:24.773Z","iobWithZeroTemp":{"iob":0.08,"basaliob":-0.675,"bolussnooze":0.0223,"activity":0.0052,"lastBolusTime":1703420661000,"time":"2023-12-24T14:46:24.773Z"}},{"iob":0.624,"basaliob":-0.076,"bolussnooze":0.0183,"activity":0.0094,"lastBolusTime":1703420661000,"time":"2023-12-24T14:51:24.773Z","iobWithZeroTemp":{"iob":0.023,"basaliob":-0.677,"bolussnooze":0.0183,"activity":0.0044,"lastBolusTime":1703420661000,"time":"2023-12-24T14:51:24.773Z"}},{"iob":0.578,"basaliob":-0.07,"bolussnooze":0.015,"activity":0.0088,"lastBolusTime":1703420661000,"time":"2023-12-24T14:56:24.773Z","iobWithZeroTemp":{"iob":-0.031,"basaliob":-0.679,"bolussnooze":0.015,"activity":0.0037,"lastBolusTime":1703420661000,"time":"2023-12-24T14:56:24.773Z"}},{"iob":0.536,"basaliob":-0.064,"bolussnooze":0.0123,"activity":0.0082,"lastBolusTime":1703420661000,"time":"2023-12-24T15:01:24.773Z","iobWithZeroTemp":{"iob":-0.081,"basaliob":-0.681,"bolussnooze":0.0123,"activity":0.003,"lastBolusTime":1703420661000,"time":"2023-12-24T15:01:24.773Z"}},{"iob":0.496,"basaliob":-0.059,"bolussnooze":0.0099,"activity":0.0077,"lastBolusTime":1703420661000,"time":"2023-12-24T15:06:24.773Z","iobWithZeroTemp":{"iob":-0.128,"basaliob":-0.683,"bolussnooze":0.0099,"activity":0.0024,"lastBolusTime":1703420661000,"time":"2023-12-24T15:06:24.773Z"}},{"iob":0.459,"basaliob":-0.054,"bolussnooze":0.008,"activity":0.0072,"lastBolusTime":1703420661000,"time":"2023-12-24T15:11:24.773Z","iobWithZeroTemp":{"iob":-0.171,"basaliob":-0.684,"bolussnooze":0.008,"activity":0.0018,"lastBolusTime":1703420661000,"time":"2023-12-24T15:11:24.773Z"}},{"iob":0.423,"basaliob":-0.05,"bolussnooze":0.0064,"activity":0.0067,"lastBolusTime":1703420661000,"time":"2023-12-24T15:16:24.773Z","iobWithZeroTemp":{"iob":-0.213,"basaliob":-0.686,"bolussnooze":0.0064,"activity":0.0012,"lastBolusTime":1703420661000,"time":"2023-12-24T15:16:24.773Z"}},{"iob":0.391,"basaliob":-0.046,"bolussnooze":0.0051,"activity":0.0062,"lastBolusTime":1703420661000,"time":"2023-12-24T15:21:24.773Z","iobWithZeroTemp":{"iob":-0.251,"basaliob":-0.688,"bolussnooze":0.0051,"activity":6.0E-4,"lastBolusTime":1703420661000,"time":"2023-12-24T15:21:24.773Z"}},{"iob":0.361,"basaliob":-0.042,"bolussnooze":0.0041,"activity":0.0059,"lastBolusTime":1703420661000,"time":"2023-12-24T15:26:24.773Z","iobWithZeroTemp":{"iob":-0.286,"basaliob":-0.689,"bolussnooze":0.0041,"activity":2.0E-4,"lastBolusTime":1703420661000,"time":"2023-12-24T15:26:24.773Z"}},{"iob":0.333,"basaliob":-0.038,"bolussnooze":0.0032,"activity":0.0054,"lastBolusTime":1703420661000,"time":"2023-12-24T15:31:24.773Z","iobWithZeroTemp":{"iob":-0.318,"basaliob":-0.689,"bolussnooze":0.0032,"activity":-4.0E-4,"lastBolusTime":1703420661000,"time":"2023-12-24T15:31:24.773Z"}},{"iob":0.307,"basaliob":-0.035,"bolussnooze":0.0025,"activity":0.0051,"lastBolusTime":1703420661000,"time":"2023-12-24T15:36:24.773Z","iobWithZeroTemp":{"iob":-0.349,"basaliob":-0.691,"bolussnooze":0.0025,"activity":-7.0E-4,"lastBolusTime":1703420661000,"time":"2023-12-24T15:36:24.773Z"}},{"iob":0.283,"basaliob":-0.032,"bolussnooze":0.0019,"activity":0.0047,"lastBolusTime":1703420661000,"time":"2023-12-24T15:41:24.773Z","iobWithZeroTemp":{"iob":-0.377,"basaliob":-0.692,"bolussnooze":0.0019,"activity":-0.0012,"lastBolusTime":1703420661000,"time":"2023-12-24T15:41:24.773Z"}},{"iob":0.26,"basaliob":-0.029,"bolussnooze":0.0015,"activity":0.0044,"lastBolusTime":1703420661000,"time":"2023-12-24T15:46:24.773Z","iobWithZeroTemp":{"iob":-0.404,"basaliob":-0.693,"bolussnooze":0.0015,"activity":-0.0015,"lastBolusTime":1703420661000,"time":"2023-12-24T15:46:24.773Z"}},{"iob":0.239,"basaliob":-0.027,"bolussnooze":0.0011,"activity":0.004,"lastBolusTime":1703420661000,"time":"2023-12-24T15:51:24.773Z","iobWithZeroTemp":{"iob":-0.428,"basaliob":-0.694,"bolussnooze":0.0011,"activity":-0.002,"lastBolusTime":1703420661000,"time":"2023-12-24T15:51:24.773Z"}},{"iob":0.219,"basaliob":-0.025,"bolussnooze":8.0E-4,"activity":0.0037,"lastBolusTime":1703420661000,"time":"2023-12-24T15:56:24.773Z","iobWithZeroTemp":{"iob":-0.451,"basaliob":-0.695,"bolussnooze":8.0E-4,"activity":-0.0024,"lastBolusTime":1703420661000,"time":"2023-12-24T15:56:24.773Z"}},{"iob":0.202,"basaliob":-0.022,"bolussnooze":6.0E-4,"activity":0.0035,"lastBolusTime":1703420661000,"time":"2023-12-24T16:01:24.773Z","iobWithZeroTemp":{"iob":-0.471,"basaliob":-0.695,"bolussnooze":6.0E-4,"activity":-0.0026,"lastBolusTime":1703420661000,"time":"2023-12-24T16:01:24.773Z"}},{"iob":0.185,"basaliob":-0.02,"bolussnooze":4.0E-4,"activity":0.0032,"lastBolusTime":1703420661000,"time":"2023-12-24T16:06:24.773Z","iobWithZeroTemp":{"iob":-0.491,"basaliob":-0.696,"bolussnooze":4.0E-4,"activity":-0.0029,"lastBolusTime":1703420661000,"time":"2023-12-24T16:06:24.773Z"}},{"iob":0.169,"basaliob":-0.019,"bolussnooze":3.0E-4,"activity":0.0029,"lastBolusTime":1703420661000,"time":"2023-12-24T16:11:24.773Z","iobWithZeroTemp":{"iob":-0.509,"basaliob":-0.697,"bolussnooze":3.0E-4,"activity":-0.0033,"lastBolusTime":1703420661000,"time":"2023-12-24T16:11:24.773Z"}},{"iob":0.155,"basaliob":-0.017,"bolussnooze":2.0E-4,"activity":0.0028,"lastBolusTime":1703420661000,"time":"2023-12-24T16:16:24.773Z","iobWithZeroTemp":{"iob":-0.526,"basaliob":-0.698,"bolussnooze":2.0E-4,"activity":-0.0034,"lastBolusTime":1703420661000,"time":"2023-12-24T16:16:24.773Z"}},{"iob":0.143,"basaliob":-0.015,"bolussnooze":1.0E-4,"activity":0.0025,"lastBolusTime":1703420661000,"time":"2023-12-24T16:21:24.773Z","iobWithZeroTemp":{"iob":-0.54,"basaliob":-0.698,"bolussnooze":1.0E-4,"activity":-0.0038,"lastBolusTime":1703420661000,"time":"2023-12-24T16:21:24.773Z"}}],"profile":{"max_iob":7,"type":"current","max_daily_basal":0.45,"max_basal":1.35,"min_bg":81.0000000000001,"max_bg":81.0000000000001,"target_bg":81.0000000000001,"carb_ratio":11,"sens":352.8,"max_daily_safety_multiplier":3,"current_basal_safety_multiplier":4,"lgsThreshold":65,"high_temptarget_raises_sensitivity":false,"low_temptarget_lowers_sensitivity":false,"sensitivity_raises_target":true,"resistance_lowers_target":true,"adv_target_adjustments":false,"exercise_mode":false,"half_basal_exercise_target":160,"maxCOB":120,"skip_neutral_temps":false,"remainingCarbsCap":90,"enableUAM":true,"A52_risk_enable":false,"SMBInterval":4,"enableSMB_with_COB":true,"enableSMB_with_temptarget":false,"allowSMB_with_high_temptarget":true,"enableSMB_always":true,"enableSMB_after_carbs":false,"maxSMBBasalMinutes":60,"maxUAMSMBBasalMinutes":60,"bolus_increment":0.05,"carbsReqThreshold":10,"current_basal":0.4,"temptargetSet":true,"autosens_max":1.2,"autosens_min":0.8,"out_units":"mmol\/L","variable_sens":93.1,"insulinDivisor":65,"TDD":13.445307428571427},"autosens_data":{"ratio":0.9228129280080605},"meal_data":{"carbs":70,"mealCOB":40.71039229024943,"slopeFromMaxDeviation":0,"slopeFromMinDeviation":2.446739130434782,"lastBolusTime":1703420661000,"lastCarbTime":1703420201000},"microBolusAllowed":true,"currentTime":1703420787040,"flatBGsDetected":false,"tdd1D":36.190166666666634,"tdd7D":31.004297619047623,"tddLast24H":28.611166666666676,"tddLast4H":9.280000000000003,"tddLast8to4H":3.3699999999999997},"output":{"temp":"absolute","bg":209,"tick":-4,"eventualBG":236,"targetBG":81.0000000000001,"insulinReq":0,"deliverAt":"2023-12-24T12:26:27.040Z","sensitivityRatio":0.9228129280080605,"variable_sens":93.1,"predBGs":{"IOB":[209,205,199,191,183,174,163,152,139,126,111,95,77,57,39],"ZT":[209,199,188,176,163,149,135,120,104,86,67,46,39,39,39,39,39,39,39,39,39,39,39,39,39,39,39,39,39,39,39,39,39,39,39,39,39,39,39,39,39,39,39,39,39,39,39,39],"COB":[209,205,201,197,193,188,184,180,177,174,172,170,170,169,170,171,173,176,179,184,189,195,200,206,211,216,220,225,229,232,235,238,241,243,245,246,247,248,248,247,246,245,243,241,240,238,237,236],"UAM":[209,204,198,190,180,169,156,142,127,111,94,75,55,39]},"reason":"COB: 40.7, Dev: 2.0, BGI: -0.6, ISF: 5.2, CR: 11, Target: 4.5, minPredBG -3.6, minGuardBG -5.7, IOBpredBG 2.2, COBpredBG 13.1, UAMpredBG 2.2; minGuardBG -5.7<3.6","COB":40.71039229024943,"IOB":3.479,"duration":120,"rate":0,"timestamp":"2023-12-24T12:26:27.064Z"}}