{"algorithm":"OpenAPSSMBDynamicISFPlugin","input":{"glucoseStatus":{"glucose":140,"noise":0,"delta":1,"short_avgdelta":0.56,"long_avgdelta":0.7,"date":1703454359944},"currenttemp":{"temp":"absolute","duration":85,"rate":0,"minutesrunning":35},"iob_data":[{"iob":1.394,"basaliob":-0.549,"bolussnooze":0.305,"activity":0.0131,"lastBolusTime":1703453800000,"time":"2023-12-24T21:46:27.514Z","iobWithZeroTemp":{"iob":1.394,"basaliob":-0.549,"bolussnooze":0.305,"activity":0.0131,"lastBolusTime":1703453800000,"time":"2023-12-24T21:46:27.514Z"}},{"iob":1.328,"basaliob":-0.523,"bolussnooze":0.2715,"activity":0.0131,"lastBolusTime":1703453800000,"time":"2023-12-24T21:51:27.514Z","iobWithZeroTemp":{"iob":1.301,"basaliob":-0.55,"bolussnooze":0.2715,"activity":0.0131,"lastBolusTime":1703453800000,"time":"2023-12-24T21:51:27.514Z"}},{"iob":1.263,"basaliob":-0.497,"bolussnooze":0.2403,"activity":0.013,"lastBolusTime":1703453800000,"time":"2023-12-24T21:56:27.514Z","iobWithZeroTemp":{"iob":1.203,"basaliob":-0.557,"bolussnooze":0.2403,"activity":0.0129,"lastBolusTime":1703453800000,"time":"2023-12-24T21:56:27.514Z"}},{"iob":1.199,"basaliob":-0.472,"bolussnooze":0.2117,"activity":0.0128,"lastBolusTime":1703453800000,"time":"2023-12-24T22:01:27.514Z","iobWithZeroTemp":{"iob":1.107,"basaliob":-0.564,"bolussnooze":0.2117,"activity":0.0126,"lastBolusTime":1703453800000,"time":"2023-12-24T22:01:27.514Z"}},{"iob":1.136,"basaliob":-0.447,"bolussnooze":0.1857,"activity":0.0125,"lastBolusTime":1703453800000,"time":"2023-12-24T22:06:27.514Z","iobWithZeroTemp":{"iob":1.008,"basaliob":-0.575,"bolussnooze":0.1857,"activity":0.0122,"lastBolusTime":1703453800000,"time":"2023-12-24T22:06:27.514Z"}},{"iob":1.074,"basaliob":-0.423,"bolussnooze":0.1622,"activity":0.0121,"lastBolusTime":1703453800000,"time":"2023-12-24T22:11:27.514Z","iobWithZeroTemp":{"iob":0.91,"basaliob":-0.587,"bolussnooze":0.1622,"activity":0.0116,"lastBolusTime":1703453800000,"time":"2023-12-24T22:11:27.514Z"}},{"iob":1.015,"basaliob":-0.399,"bolussnooze":0.1411,"activity":0.0118,"lastBolusTime":1703453800000,"time":"2023-12-24T22:16:27.514Z","iobWithZeroTemp":{"iob":0.817,"basaliob":-0.597,"bolussnooze":0.1411,"activity":0.0111,"lastBolusTime":1703453800000,"time":"2023-12-24T22:16:27.514Z"}},{"iob":0.957,"basaliob":-0.376,"bolussnooze":0.1224,"activity":0.0114,"lastBolusTime":1703453800000,"time":"2023-12-24T22:21:27.514Z","iobWithZeroTemp":{"iob":0.725,"basaliob":-0.608,"bolussnooze":0.1224,"activity":0.0105,"lastBolusTime":1703453800000,"time":"2023-12-24T22:21:27.514Z"}},{"iob":0.901,"basaliob":-0.354,"bolussnooze":0.1058,"activity":0.011,"lastBolusTime":1703453800000,"time":"2023-12-24T22:26:27.514Z","iobWithZeroTemp":{"iob":0.637,"basaliob":-0.618,"bolussnooze":0.1058,"activity":0.0098,"lastBolusTime":1703453800000,"time":"2023-12-24T22:26:27.514Z"}},{"iob":0.848,"basaliob":-0.333,"bolussnooze":0.0912,"activity":0.0106,"lastBolusTime":1703453800000,"time":"2023-12-24T22:31:27.514Z","iobWithZeroTemp":{"iob":0.553,"basaliob":-0.628,"bolussnooze":0.0912,"activity":0.0092,"lastBolusTime":1703453800000,"time":"2023-12-24T22:31:27.514Z"}},{"iob":0.796,"basaliob":-0.313,"bolussnooze":0.0783,"activity":0.01,"lastBolusTime":1703453800000,"time":"2023-12-24T22:36:27.514Z","iobWithZeroTemp":{"iob":0.471,"basaliob":-0.638,"bolussnooze":0.0783,"activity":0.0084,"lastBolusTime":1703453800000,"time":"2023-12-24T22:36:27.514Z"}},{"iob":0.746,"basaliob":-0.294,"bolussnooze":0.0671,"activity":0.0096,"lastBolusTime":1703453800000,"time":"2023-12-24T22:41:27.514Z","iobWithZeroTemp":{"iob":0.392,"basaliob":-0.648,"bolussnooze":0.0671,"activity":0.0077,"lastBolusTime":1703453800000,"time":"2023-12-24T22:41:27.514Z"}},{"iob":0.7,"basaliob":-0.275,"bolussnooze":0.0573,"activity":0.0092,"lastBolusTime":1703453800000,"time":"2023-12-24T22:46:27.514Z","iobWithZeroTemp":{"iob":0.319,"basaliob":-0.656,"bolussnooze":0.0573,"activity":0.007,"lastBolusTime":1703453800000,"time":"2023-12-24T22:46:27.514Z"}},{"iob":0.655,"basaliob":-0.257,"bolussnooze":0.0488,"activity":0.0088,"lastBolusTime":1703453800000,"time":"2023-12-24T22:51:27.514Z","iobWithZeroTemp":{"iob":0.248,"basaliob":-0.664,"bolussnooze":0.0488,"activity":0.0064,"lastBolusTime":1703453800000,"time":"2023-12-24T22:51:27.514Z"}},{"iob":0.612,"basaliob":-0.241,"bolussnooze":0.0415,"activity":0.0082,"lastBolusTime":1703453800000,"time":"2023-12-24T22:56:27.514Z","iobWithZeroTemp":{"iob":0.18,"basaliob":-0.673,"bolussnooze":0.0415,"activity":0.0055,"lastBolusTime":1703453800000,"time":"2023-12-24T22:56:27.514Z"}},{"iob":0.572,"basaliob":-0.225,"bolussnooze":0.0352,"activity":0.0078,"lastBolusTime":1703453800000,"time":"2023-12-24T23:01:27.514Z","iobWithZeroTemp":{"iob":0.117,"basaliob":-0.68,"bolussnooze":0.0352,"activity":0.0049,"lastBolusTime":1703453800000,"time":"2023-12-24T23:01:27.514Z"}},{"iob":0.534,"basaliob":-0.21,"bolussnooze":0.0297,"activity":0.0074,"lastBolusTime":1703453800000,"time":"2023-12-24T23:06:27.514Z","iobWithZeroTemp":{"iob":0.056,"basaliob":-0.688,"bolussnooze":0.0297,"activity":0.0042,"lastBolusTime":1703453800000,"time":"2023-12-24T23:06:27.514Z"}},{"iob":0.498,"basaliob":-0.196,"bolussnooze":0.025,"activity":0.007,"lastBolusTime":1703453800000,"time":"2023-12-24T23:11:27.514Z","iobWithZeroTemp":{"iob":-0.001,"basaliob":-0.695,"bolussnooze":0.025,"activity":0.0036,"lastBolusTime":1703453800000,"time":"2023-12-24T23:11:27.514Z"}},{"iob":0.464,"basaliob":-0.182,"bolussnooze":0.021,"activity":0.0066,"lastBolusTime":1703453800000,"time":"2023-12-24T23:16:27.514Z","iobWithZeroTemp":{"iob":-0.055,"basaliob":-0.701,"bolussnooze":0.021,"activity":0.003,"lastBolusTime":1703453800000,"time":"2023-12-24T23:16:27.514Z"}},{"iob":0.431,"basaliob":-0.17,"bolussnooze":0.0176,"activity":0.0062,"lastBolusTime":1703453800000,"time":"2023-12-24T23:21:27.514Z","iobWithZeroTemp":{"iob":-0.107,"basaliob":-0.708,"bolussnooze":0.0176,"activity":0.0024,"lastBolusTime":1703453800000,"time":"2023-12-24T23:21:27.514Z"}},{"iob":0.401,"basaliob":-0.158,"bolussnooze":0.0147,"activity":0.0059,"lastBolusTime":1703453800000,"time":"2023-12-24T23:26:27.514Z","iobWithZeroTemp":{"iob":-0.154,"basaliob":-0.713,"bolussnooze":0.0147,"activity":0.0018,"lastBolusTime":1703453800000,"time":"2023-12-24T23:26:27.514Z"}},{"iob":0.373,"basaliob":-0.147,"bolussnooze":0.0123,"activity":0.0055,"lastBolusTime":1703453800000,"time":"2023-12-24T23:31:27.514Z","iobWithZeroTemp":{"iob":-0.199,"basaliob":-0.719,"bolussnooze":0.0123,"activity":0.0012,"lastBolusTime":1703453800000,"time":"2023-12-24T23:31:27.514Z"}},{"iob":0.347,"basaliob":-0.136,"bolussnooze":0.0102,"activity":0.0052,"lastBolusTime":1703453800000,"time":"2023-12-24T23:36:27.514Z","iobWithZeroTemp":{"iob":-0.241,"basaliob":-0.724,"bolussnooze":0.0102,"activity":7.0E-4,"lastBolusTime":1703453800000,"time":"2023-12-24T23:36:27.514Z"}},{"iob":0.322,"basaliob":-0.126,"bolussnooze":0.0084,"activity":0.0048,"lastBolusTime":1703453800000,"time":"2023-12-24T23:41:27.514Z","iobWithZeroTemp":{"iob":-0.281,"basaliob":-0.729,"bolussnooze":0.0084,"activity":1.0E-4,"lastBolusTime":1703453800000,"time":"2023-12-24T23:41:27.514Z"}},{"iob":0.298,"basaliob":-0.117,"bolussnooze":0.0069,"activity":0.0045,"lastBolusTime":1703453800000,"time":"2023-12-24T23:46:27.514Z","iobWithZeroTemp":{"iob":-0.318,"basaliob":-0.733,"bolussnooze":0.0069,"activity":-3.0E-4,"lastBolusTime":1703453800000,"time":"2023-12-24T23:46:27.514Z"}},{"iob":0.276,"basaliob":-0.108,"bolussnooze":0.0057,"activity":0.0042,"lastBolusTime":1703453800000,"time":"2023-12-24T23:51:27.514Z","iobWithZeroTemp":{"iob":-0.353,"basaliob":-0.737,"bolussnooze":0.0057,"activity":-8.0E-4,"lastBolusTime":1703453800000,"time":"2023-12-24T23:51:27.514Z"}},{"iob":0.256,"basaliob":-0.1,"bolussnooze":0.0047,"activity":0.0039,"lastBolusTime":1703453800000,"time":"2023-12-24T23:56:27.514Z","iobWithZeroTemp":{"iob":-0.385,"basaliob":-0.741,"bolussnooze":0.0047,"activity":-0.0013,"lastBolusTime":1703453800000,"time":"2023-12-24T23:56:27.514Z"}},{"iob":0.236,"basaliob":-0.093,"bolussnooze":0.0038,"activity":0.0037,"lastBolusTime":1703453800000,"time":"2023-12-25T00:01:27.514Z","iobWithZeroTemp":{"iob":-0.417,"basaliob":-0.746,"bolussnooze":0.0038,"activity":-0.0016,"lastBolusTime":1703453800000,"time":"2023-12-25T00:01:27.514Z"}},{"iob":0.218,"basaliob":-0.086,"bolussnooze":0.0031,"activity":0.0034,"lastBolusTime":1703453800000,"time":"2023-12-25T00:06:27.514Z","iobWithZeroTemp":{"iob":-0.437,"basaliob":-0.741,"bolussnooze":0.0031,"activity":-0.0021,"lastBolusTime":1703453800000,"time":"2023-12-25T00:06:27.514Z"}},{"iob":0.202,"basaliob":-0.079,"bolussnooze":0.0025,"activity":0.0032,"lastBolusTime":1703453800000,"time":"2023-12-25T00:11:27.514Z","iobWithZeroTemp":{"iob":-0.455,"basaliob":-0.736,"bolussnooze":0.0025,"activity":-0.0024,"lastBolusTime":1703453800000,"time":"2023-12-25T00:11:27.514Z"}},{"iob":0.186,"basaliob":-0.073,"bolussnooze":0.002,"activity":0.003,"lastBolusTime":1703453800000,"time":"2023-12-25T00:16:27.514Z","iobWithZeroTemp":{"iob":-0.472,"basaliob":-0.731,"bolussnooze":0.002,"activity":-0.0027,"lastBolusTime":1703453800000,"time":"2023-12-25T00:16:27.514Z"}},{"iob":0.172,"basaliob":-0.067,"bolussnooze":0.0016,"activity":0.0028,"lastBolusTime":1703453800000,"time":"2023-12-25T00:21:27.514Z","iobWithZeroTemp":{"iob":-0.486,"basaliob":-0.725,"bolussnooze":0.0016,"activity":-0.003,"lastBolusTime":1703453800000,"time":"2023-12-25T00:21:27.514Z"}},{"iob":0.158,"basaliob":-0.062,"bolussnooze":0.0012,"activity":0.0026,"lastBolusTime":1703453800000,"time":"2023-12-25T00:26:27.514Z","iobWithZeroTemp":{"iob":-0.501,"basaliob":-0.721,"bolussnooze":0.0012,"activity":-0.0032,"lastBolusTime":1703453800000,"time":"2023-12-25T00:26:27.514Z"}},{"iob":0.146,"basaliob":-0.057,"bolussnooze":0.001,"activity":0.0025,"lastBolusTime":1703453800000,"time":"2023-12-25T00:31:27.514Z","iobWithZeroTemp":{"iob":-0.512,"basaliob":-0.715,"bolussnooze":0.001,"activity":-0.0034,"lastBolusTime":1703453800000,"time":"2023-12-25T00:31:27.514Z"}},{"iob":0.134,"basaliob":-0.053,"bolussnooze":7.0E-4,"activity":0.0022,"lastBolusTime":1703453800000,"time":"2023-12-25T00:36:27.514Z","iobWithZeroTemp":{"iob":-0.524,"basaliob":-0.711,"bolussnooze":7.0E-4,"activity":-0.0038,"lastBolusTime":1703453800000,"time":"2023-12-25T00:36:27.514Z"}},{"iob":0.124,"basaliob":-0.048,"bolussnooze":6.0E-4,"activity":0.0021,"lastBolusTime":1703453800000,"time":"2023-12-25T00:41:27.514Z","iobWithZeroTemp":{"iob":-0.533,"basaliob":-0.705,"bolussnooze":6.0E-4,"activity":-0.0039,"lastBolusTime":1703453800000,"time":"2023-12-25T00:41:27.514Z"}},{"iob":0.114,"basaliob":-0.044,"bolussnooze":4.0E-4,"activity":0.0019,"lastBolusTime":1703453800000,"time":"2023-12-25T00:46:27.514Z","iobWithZeroTemp":{"iob":-0.543,"basaliob":-0.701,"bolussnooze":4.0E-4,"activity":-0.0041,"lastBolusTime":1703453800000,"time":"2023-12-25T00:46:27.514Z"}},{"iob":0.104,"basaliob":-0.041,"bolussnooze":3.0E-4,"activity":0.0018,"lastBolusTime":1703453800000,"time":"2023-12-25T00:51:27.514Z","iobWithZeroTemp":{"iob":-0.551,"basaliob":-0.696,"bolussnooze":3.0E-4,"activity":-0.0043,"lastBolusTime":1703453800000,"time":"2023-12-25T00:51:27.514Z"}},{"iob":0.096,"basaliob":-0.037,"bolussnooze":2.0E-4,"activity":0.0017,"lastBolusTime":1703453800000,"time":"2023-12-25T00:56:27.514Z","iobWithZeroTemp":{"iob":-0.558,"basaliob":-0.691,"bolussnooze":2.0E-4,"activity":-0.0044,"lastBolusTime":1703453800000,"time":"2023-12-25T00:56:27.514Z"}},{"iob":0.088,"basaliob":-0.034,"bolussnooze":2.0E-4,"activity":0.0015,"lastBolusTime":1703453800000,"time":"2023-12-25T01:01:27.514Z","iobWithZeroTemp":{"iob":-0.565,"basaliob":-0.687,"bolussnooze":2.0E-4,"activity":-0.0046,"lastBolusTime":1703453800000,"time":"2023-12-25T01:01:27.514Z"}},{"iob":0.081,"basaliob":-0.031,"bolussnooze":1.0E-4,"activity":0.0014,"lastBolusTime":1703453800000,"time":"2023-12-25T01:06:27.514Z","iobWithZeroTemp":{"iob":-0.564,"basaliob":-0.676,"bolussnooze":1.0E-4,"activity":-0.0047,"lastBolusTime":1703453800000,"time":"2023-12-25T01:06:27.514Z"}},{"iob":0.073,"basaliob":-0.029,"bolussnooze":1.0E-4,"activity":0.0013,"lastBolusTime":1703453800000,"time":"2023-12-25T01:11:27.514Z","iobWithZeroTemp":{"iob":-0.564,"basaliob":-0.666,"bolussnooze":1.0E-4,"activity":-0.0048,"lastBolusTime":1703453800000,"time":"2023-12-25T01:11:27.514Z"}},{"iob":0.068,"basaliob":-0.026,"bolussnooze":0,"activity":0.0012,"lastBolusTime":1703453800000,"time":"2023-12-25T01:16:27.514Z","iobWithZeroTemp":{"iob":-0.561,"basaliob":-0.655,"bolussnooze":0,"activity":-0.0049,"lastBolusTime":1703453800000,"time":"2023-12-25T01:16:27.514Z"}},{"iob":0.062,"basaliob":-0.024,"bolussnooze":0,"activity":0.0011,"lastBolusTime":1703453800000,"time":"2023-12-25T01:21:27.514Z","iobWithZeroTemp":{"iob":-0.56,"basaliob":-0.646,"bolussnooze":0,"activity":-0.0049,"lastBolusTime":1703453800000,"time":"2023-12-25T01:21:27.514Z"}},{"iob":0.056,"basaliob":-0.022,"bolussnooze":0,"activity":0.001,"lastBolusTime":1703453800000,"time":"2023-12-25T01:26:27.514Z","iobWithZeroTemp":{"iob":-0.558,"basaliob":-0.636,"bolussnooze":0,"activity":-0.005,"lastBolusTime":1703453800000,"time":"2023-12-25T01:26:27.514Z"}},{"iob":0.052,"basaliob":-0.02,"bolussnooze":0,"activity":9.0E-4,"lastBolusTime":1703453800000,"time":"2023-12-25T01:31:27.514Z","iobWithZeroTemp":{"iob":-0.555,"basaliob":-0.627,"bolussnooze":0,"activity":-0.0051,"lastBolusTime":1703453800000,"time":"2023-12-25T01:31:27.514Z"}},{"iob":0.047,"basaliob":-0.018,"bolussnooze":0,"activity":9.0E-4,"lastBolusTime":1703453800000,"time":"2023-12-25T01:36:27.514Z","iobWithZeroTemp":{"iob":-0.552,"basaliob":-0.617,"bolussnooze":0,"activity":-0.005,"lastBolusTime":1703453800000,"time":"2023-12-25T01:36:27.514Z"}},{"iob":0.042,"basaliob":-0.017,"bolussnooze":0,"activity":8.0E-4,"lastBolusTime":1703453800000,"time":"2023-12-25T01:41:27.514Z","iobWithZeroTemp":{"iob":-0.55,"basaliob":-0.609,"bolussnooze":0,"activity":-0.0051,"lastBolusTime":1703453800000,"time":"2023-12-25T01:41:27.514Z"}}],"profile":{"max_iob":7,"type":"current","max_daily_basal":0.45,"max_basal":1.35,"min_bg":81.0000000000001,"max_bg":81.0000000000001,"target_bg":81.0000000000001,"carb_ratio":11,"sens":352.8,"max_daily_safety_multiplier":3,"current_basal_safety_multiplier":4,"lgsThreshold":65,"high_temptarget_raises_sensitivity":false,"low_temptarget_lowers_sensitivity":false,"sensitivity_raises_target":true,"resistance_lowers_target":true,"adv_target_adjustments":false,"exercise_mode":false,"half_basal_exercise_target":160,"maxCOB":120,"skip_neutral_temps":false,"remainingCarbsCap":90,"enableUAM":true,"A52_risk_enable":false,"SMBInterval":4,"enableSMB_with_COB":true,"enableSMB_with_temptarget":false,"allowSMB_with_high_temptarget":true,"enableSMB_always":true,"enableSMB_after_carbs":false,"maxSMBBasalMinutes":60,"maxUAMSMBBasalMinutes":60,"bolus_increment":0.05,"carbsReqThreshold":10,"current_basal":0.4,"temptargetSet":true,"autosens_max":1.2,"autosens_min":0.8,"out_units":"mmol\/L","variable_sens":129.2,"insulinDivisor":65,"TDD":12.125439428571426},"autosens_data":{"ratio":0.8432540650086527},"meal_data":{"carbs":50,"mealCOB":24.297295918367322,"slopeFromMaxDeviation":-0.6080000000000001,"slopeFromMinDeviation":0,"lastBolusTime":1703453800000,"lastCarbTime":1703453842000},"microBolusAllowed":true,"currentTime":1703454389734,"flatBGsDetected":false,"tdd1D":36.190166666666634,"tdd7D":31.004297619047623,"tddLast24H":26.1445,"tddLast4H":5.653333333333333,"tddLast8to4H":5.659999999999999},"output":{"temp":"absolute","bg":140,"tick":"+1","eventualBG":242,"targetBG":81.0000000000001,"insulinReq":0,"deliverAt":"2023-12-24T21:46:29.734Z","sensitivityRatio":0.8432540650086527,"variable_sens":129.2,"predBGs":{"IOB":[140,140,139,137,135,132,128,124,119,113,107,100,92,85,77,69,61,53,44,39],"ZT":[140,132,123,114,104,95,85,76,66,55,44,39,39,39,39,39,39,39,39,39,39,39,39,39,39,39,39,39,39,39,39,39,39,39,39,39,39,39,39,39,39,39,43,50,56,62,68,73],"COB":[140,140,141,141,142,143,144,145,146,147,149,151,154,156,159,162,165,169,172,176,180,185,189,194,198,203,207,211,215,218,222,225,228,231,233,235,237,239,241,242,243,244,244,244,244,244,243,242],"UAM":[140,140,139,138,136,134,131,128,124,120,116,111,105,99,93,86,79,72,65,58,51,43,39]},"reason":"COB: 24.3, Dev: 3.0, BGI: -0.5, ISF: 7.2, CR: 11, Target: 4.5, minPredBG 4.7, minGuardBG 1.9, IOBpredBG 2.2, COBpredBG 13.4, UAMpredBG 2.2; minGuardBG 1.9<3.6 85m left and 0 ~ req 0U\/hr: no temp required","COB":24.297295918367322,"IOB":1.394,"timestamp":"2023-12-24T21:46:29.762Z"}}