{"algorithm":"OpenAPSSMBDynamicISFPlugin","input":{"glucoseStatus":{"glucose":214,"noise":0,"delta":-25,"short_avgdelta":-19.39,"long_avgdelta":-4.04,"date":1703927224517},"currenttemp":{"temp":"absolute","duration":15,"rate":0,"minutesrunning":45},"iob_data":[{"iob":4.339,"basaliob":-0.457,"bolussnooze":1.9361,"activity":0.0388,"lastBolusTime":1703925222000,"time":"2023-12-30T09:07:19.899Z","iobWithZeroTemp":{"iob":4.339,"basaliob":-0.457,"bolussnooze":1.9361,"activity":0.0388,"lastBolusTime":1703925222000,"time":"2023-12-30T09:07:19.899Z"}},{"iob":4.145,"basaliob":-0.438,"bolussnooze":1.7192,"activity":0.039,"lastBolusTime":1703925222000,"time":"2023-12-30T09:12:19.899Z","iobWithZeroTemp":{"iob":4.118,"basaliob":-0.465,"bolussnooze":1.7192,"activity":0.039,"lastBolusTime":1703925222000,"time":"2023-12-30T09:12:19.899Z"}},{"iob":3.95,"basaliob":-0.419,"bolussnooze":1.5187,"activity":0.0389,"lastBolusTime":1703925222000,"time":"2023-12-30T09:17:19.899Z","iobWithZeroTemp":{"iob":3.89,"basaliob":-0.479,"bolussnooze":1.5187,"activity":0.0388,"lastBolusTime":1703925222000,"time":"2023-12-30T09:17:19.899Z"}},{"iob":3.757,"basaliob":-0.4,"bolussnooze":1.3353,"activity":0.0385,"lastBolusTime":1703925222000,"time":"2023-12-30T09:22:19.899Z","iobWithZeroTemp":{"iob":3.665,"basaliob":-0.492,"bolussnooze":1.3353,"activity":0.0383,"lastBolusTime":1703925222000,"time":"2023-12-30T09:22:19.899Z"}},{"iob":3.566,"basaliob":-0.381,"bolussnooze":1.1691,"activity":0.0378,"lastBolusTime":1703925222000,"time":"2023-12-30T09:27:19.899Z","iobWithZeroTemp":{"iob":3.441,"basaliob":-0.506,"bolussnooze":1.1691,"activity":0.0375,"lastBolusTime":1703925222000,"time":"2023-12-30T09:27:19.899Z"}},{"iob":3.379,"basaliob":-0.362,"bolussnooze":1.0196,"activity":0.0369,"lastBolusTime":1703925222000,"time":"2023-12-30T09:32:19.899Z","iobWithZeroTemp":{"iob":3.223,"basaliob":-0.518,"bolussnooze":1.0196,"activity":0.0364,"lastBolusTime":1703925222000,"time":"2023-12-30T09:32:19.899Z"}},{"iob":3.197,"basaliob":-0.343,"bolussnooze":0.886,"activity":0.036,"lastBolusTime":1703925222000,"time":"2023-12-30T09:37:19.899Z","iobWithZeroTemp":{"iob":3.011,"basaliob":-0.529,"bolussnooze":0.886,"activity":0.0353,"lastBolusTime":1703925222000,"time":"2023-12-30T09:37:19.899Z"}},{"iob":3.02,"basaliob":-0.325,"bolussnooze":0.7673,"activity":0.0349,"lastBolusTime":1703925222000,"time":"2023-12-30T09:42:19.899Z","iobWithZeroTemp":{"iob":2.804,"basaliob":-0.541,"bolussnooze":0.7673,"activity":0.034,"lastBolusTime":1703925222000,"time":"2023-12-30T09:42:19.899Z"}},{"iob":2.849,"basaliob":-0.307,"bolussnooze":0.6623,"activity":0.0337,"lastBolusTime":1703925222000,"time":"2023-12-30T09:47:19.899Z","iobWithZeroTemp":{"iob":2.605,"basaliob":-0.551,"bolussnooze":0.6623,"activity":0.0326,"lastBolusTime":1703925222000,"time":"2023-12-30T09:47:19.899Z"}},{"iob":2.683,"basaliob":-0.29,"bolussnooze":0.5698,"activity":0.0324,"lastBolusTime":1703925222000,"time":"2023-12-30T09:52:19.899Z","iobWithZeroTemp":{"iob":2.411,"basaliob":-0.562,"bolussnooze":0.5698,"activity":0.0311,"lastBolusTime":1703925222000,"time":"2023-12-30T09:52:19.899Z"}},{"iob":2.524,"basaliob":-0.273,"bolussnooze":0.4889,"activity":0.0311,"lastBolusTime":1703925222000,"time":"2023-12-30T09:57:19.899Z","iobWithZeroTemp":{"iob":2.226,"basaliob":-0.571,"bolussnooze":0.4889,"activity":0.0296,"lastBolusTime":1703925222000,"time":"2023-12-30T09:57:19.899Z"}},{"iob":2.372,"basaliob":-0.257,"bolussnooze":0.4181,"activity":0.0299,"lastBolusTime":1703925222000,"time":"2023-12-30T10:02:19.899Z","iobWithZeroTemp":{"iob":2.049,"basaliob":-0.58,"bolussnooze":0.4181,"activity":0.0281,"lastBolusTime":1703925222000,"time":"2023-12-30T10:02:19.899Z"}},{"iob":2.225,"basaliob":-0.242,"bolussnooze":0.3566,"activity":0.0285,"lastBolusTime":1703925222000,"time":"2023-12-30T10:07:19.899Z","iobWithZeroTemp":{"iob":1.878,"basaliob":-0.589,"bolussnooze":0.3566,"activity":0.0265,"lastBolusTime":1703925222000,"time":"2023-12-30T10:07:19.899Z"}},{"iob":2.086,"basaliob":-0.227,"bolussnooze":0.3033,"activity":0.0272,"lastBolusTime":1703925222000,"time":"2023-12-30T10:12:19.899Z","iobWithZeroTemp":{"iob":1.716,"basaliob":-0.597,"bolussnooze":0.3033,"activity":0.025,"lastBolusTime":1703925222000,"time":"2023-12-30T10:12:19.899Z"}},{"iob":1.954,"basaliob":-0.213,"bolussnooze":0.2572,"activity":0.0258,"lastBolusTime":1703925222000,"time":"2023-12-30T10:17:19.899Z","iobWithZeroTemp":{"iob":1.563,"basaliob":-0.604,"bolussnooze":0.2572,"activity":0.0234,"lastBolusTime":1703925222000,"time":"2023-12-30T10:17:19.899Z"}},{"iob":1.828,"basaliob":-0.199,"bolussnooze":0.2175,"activity":0.0246,"lastBolusTime":1703925222000,"time":"2023-12-30T10:22:19.899Z","iobWithZeroTemp":{"iob":1.416,"basaliob":-0.611,"bolussnooze":0.2175,"activity":0.0219,"lastBolusTime":1703925222000,"time":"2023-12-30T10:22:19.899Z"}},{"iob":1.709,"basaliob":-0.186,"bolussnooze":0.1834,"activity":0.0233,"lastBolusTime":1703925222000,"time":"2023-12-30T10:27:19.899Z","iobWithZeroTemp":{"iob":1.278,"basaliob":-0.617,"bolussnooze":0.1834,"activity":0.0204,"lastBolusTime":1703925222000,"time":"2023-12-30T10:27:19.899Z"}},{"iob":1.595,"basaliob":-0.174,"bolussnooze":0.1542,"activity":0.022,"lastBolusTime":1703925222000,"time":"2023-12-30T10:32:19.899Z","iobWithZeroTemp":{"iob":1.145,"basaliob":-0.624,"bolussnooze":0.1542,"activity":0.0189,"lastBolusTime":1703925222000,"time":"2023-12-30T10:32:19.899Z"}},{"iob":1.488,"basaliob":-0.163,"bolussnooze":0.1293,"activity":0.0209,"lastBolusTime":1703925222000,"time":"2023-12-30T10:37:19.899Z","iobWithZeroTemp":{"iob":1.021,"basaliob":-0.63,"bolussnooze":0.1293,"activity":0.0176,"lastBolusTime":1703925222000,"time":"2023-12-30T10:37:19.899Z"}},{"iob":1.387,"basaliob":-0.152,"bolussnooze":0.108,"activity":0.0197,"lastBolusTime":1703925222000,"time":"2023-12-30T10:42:19.899Z","iobWithZeroTemp":{"iob":0.903,"basaliob":-0.636,"bolussnooze":0.108,"activity":0.0162,"lastBolusTime":1703925222000,"time":"2023-12-30T10:42:19.899Z"}},{"iob":1.291,"basaliob":-0.142,"bolussnooze":0.09,"activity":0.0185,"lastBolusTime":1703925222000,"time":"2023-12-30T10:47:19.899Z","iobWithZeroTemp":{"iob":0.792,"basaliob":-0.641,"bolussnooze":0.09,"activity":0.0148,"lastBolusTime":1703925222000,"time":"2023-12-30T10:47:19.899Z"}},{"iob":1.202,"basaliob":-0.132,"bolussnooze":0.0747,"activity":0.0174,"lastBolusTime":1703925222000,"time":"2023-12-30T10:52:19.899Z","iobWithZeroTemp":{"iob":0.688,"basaliob":-0.646,"bolussnooze":0.0747,"activity":0.0135,"lastBolusTime":1703925222000,"time":"2023-12-30T10:52:19.899Z"}},{"iob":1.117,"basaliob":-0.123,"bolussnooze":0.0618,"activity":0.0164,"lastBolusTime":1703925222000,"time":"2023-12-30T10:57:19.899Z","iobWithZeroTemp":{"iob":0.59,"basaliob":-0.65,"bolussnooze":0.0618,"activity":0.0124,"lastBolusTime":1703925222000,"time":"2023-12-30T10:57:19.899Z"}},{"iob":1.038,"basaliob":-0.114,"bolussnooze":0.0509,"activity":0.0153,"lastBolusTime":1703925222000,"time":"2023-12-30T11:02:19.899Z","iobWithZeroTemp":{"iob":0.498,"basaliob":-0.654,"bolussnooze":0.0509,"activity":0.0111,"lastBolusTime":1703925222000,"time":"2023-12-30T11:02:19.899Z"}},{"iob":0.963,"basaliob":-0.106,"bolussnooze":0.0417,"activity":0.0144,"lastBolusTime":1703925222000,"time":"2023-12-30T11:07:19.899Z","iobWithZeroTemp":{"iob":0.411,"basaliob":-0.658,"bolussnooze":0.0417,"activity":0.0101,"lastBolusTime":1703925222000,"time":"2023-12-30T11:07:19.899Z"}},{"iob":0.894,"basaliob":-0.098,"bolussnooze":0.0341,"activity":0.0135,"lastBolusTime":1703925222000,"time":"2023-12-30T11:12:19.899Z","iobWithZeroTemp":{"iob":0.331,"basaliob":-0.661,"bolussnooze":0.0341,"activity":0.009,"lastBolusTime":1703925222000,"time":"2023-12-30T11:12:19.899Z"}},{"iob":0.828,"basaliob":-0.091,"bolussnooze":0.0277,"activity":0.0126,"lastBolusTime":1703925222000,"time":"2023-12-30T11:17:19.899Z","iobWithZeroTemp":{"iob":0.254,"basaliob":-0.665,"bolussnooze":0.0277,"activity":0.008,"lastBolusTime":1703925222000,"time":"2023-12-30T11:17:19.899Z"}},{"iob":0.767,"basaliob":-0.085,"bolussnooze":0.0224,"activity":0.0118,"lastBolusTime":1703925222000,"time":"2023-12-30T11:22:19.899Z","iobWithZeroTemp":{"iob":0.183,"basaliob":-0.669,"bolussnooze":0.0224,"activity":0.007,"lastBolusTime":1703925222000,"time":"2023-12-30T11:22:19.899Z"}},{"iob":0.71,"basaliob":-0.078,"bolussnooze":0.018,"activity":0.0111,"lastBolusTime":1703925222000,"time":"2023-12-30T11:27:19.899Z","iobWithZeroTemp":{"iob":0.117,"basaliob":-0.671,"bolussnooze":0.018,"activity":0.0062,"lastBolusTime":1703925222000,"time":"2023-12-30T11:27:19.899Z"}},{"iob":0.656,"basaliob":-0.073,"bolussnooze":0.0144,"activity":0.0103,"lastBolusTime":1703925222000,"time":"2023-12-30T11:32:19.899Z","iobWithZeroTemp":{"iob":0.055,"basaliob":-0.674,"bolussnooze":0.0144,"activity":0.0053,"lastBolusTime":1703925222000,"time":"2023-12-30T11:32:19.899Z"}},{"iob":0.607,"basaliob":-0.067,"bolussnooze":0.0115,"activity":0.0096,"lastBolusTime":1703925222000,"time":"2023-12-30T11:37:19.899Z","iobWithZeroTemp":{"iob":-0.002,"basaliob":-0.676,"bolussnooze":0.0115,"activity":0.0045,"lastBolusTime":1703925222000,"time":"2023-12-30T11:37:19.899Z"}},{"iob":0.56,"basaliob":-0.062,"bolussnooze":0.009,"activity":0.0089,"lastBolusTime":1703925222000,"time":"2023-12-30T11:42:19.899Z","iobWithZeroTemp":{"iob":-0.057,"basaliob":-0.679,"bolussnooze":0.009,"activity":0.0037,"lastBolusTime":1703925222000,"time":"2023-12-30T11:42:19.899Z"}},{"iob":0.517,"basaliob":-0.057,"bolussnooze":0.007,"activity":0.0084,"lastBolusTime":1703925222000,"time":"2023-12-30T11:47:19.899Z","iobWithZeroTemp":{"iob":-0.107,"basaliob":-0.681,"bolussnooze":0.007,"activity":0.0031,"lastBolusTime":1703925222000,"time":"2023-12-30T11:47:19.899Z"}},{"iob":0.477,"basaliob":-0.053,"bolussnooze":0.0054,"activity":0.0077,"lastBolusTime":1703925222000,"time":"2023-12-30T11:52:19.899Z","iobWithZeroTemp":{"iob":-0.153,"basaliob":-0.683,"bolussnooze":0.0054,"activity":0.0023,"lastBolusTime":1703925222000,"time":"2023-12-30T11:52:19.899Z"}},{"iob":0.439,"basaliob":-0.049,"bolussnooze":0.0042,"activity":0.0072,"lastBolusTime":1703925222000,"time":"2023-12-30T11:57:19.899Z","iobWithZeroTemp":{"iob":-0.197,"basaliob":-0.685,"bolussnooze":0.0042,"activity":0.0017,"lastBolusTime":1703925222000,"time":"2023-12-30T11:57:19.899Z"}},{"iob":0.404,"basaliob":-0.045,"bolussnooze":0.0031,"activity":0.0067,"lastBolusTime":1703925222000,"time":"2023-12-30T12:02:19.899Z","iobWithZeroTemp":{"iob":-0.238,"basaliob":-0.687,"bolussnooze":0.0031,"activity":0.0011,"lastBolusTime":1703925222000,"time":"2023-12-30T12:02:19.899Z"}},{"iob":0.373,"basaliob":-0.041,"bolussnooze":0.0023,"activity":0.0062,"lastBolusTime":1703925222000,"time":"2023-12-30T12:07:19.899Z","iobWithZeroTemp":{"iob":-0.274,"basaliob":-0.688,"bolussnooze":0.0023,"activity":5.0E-4,"lastBolusTime":1703925222000,"time":"2023-12-30T12:07:19.899Z"}},{"iob":0.342,"basaliob":-0.038,"bolussnooze":0.0017,"activity":0.0058,"lastBolusTime":1703925222000,"time":"2023-12-30T12:12:19.899Z","iobWithZeroTemp":{"iob":-0.309,"basaliob":-0.689,"bolussnooze":0.0017,"activity":0,"lastBolusTime":1703925222000,"time":"2023-12-30T12:12:19.899Z"}},{"iob":0.315,"basaliob":-0.035,"bolussnooze":0.0012,"activity":0.0053,"lastBolusTime":1703925222000,"time":"2023-12-30T12:17:19.899Z","iobWithZeroTemp":{"iob":-0.341,"basaliob":-0.691,"bolussnooze":0.0012,"activity":-5.0E-4,"lastBolusTime":1703925222000,"time":"2023-12-30T12:17:19.899Z"}},{"iob":0.289,"basaliob":-0.032,"bolussnooze":9.0E-4,"activity":0.005,"lastBolusTime":1703925222000,"time":"2023-12-30T12:22:19.899Z","iobWithZeroTemp":{"iob":-0.371,"basaliob":-0.692,"bolussnooze":9.0E-4,"activity":-9.0E-4,"lastBolusTime":1703925222000,"time":"2023-12-30T12:22:19.899Z"}},{"iob":0.265,"basaliob":-0.03,"bolussnooze":6.0E-4,"activity":0.0046,"lastBolusTime":1703925222000,"time":"2023-12-30T12:27:19.899Z","iobWithZeroTemp":{"iob":-0.399,"basaliob":-0.694,"bolussnooze":6.0E-4,"activity":-0.0013,"lastBolusTime":1703925222000,"time":"2023-12-30T12:27:19.899Z"}},{"iob":0.243,"basaliob":-0.027,"bolussnooze":4.0E-4,"activity":0.0042,"lastBolusTime":1703925222000,"time":"2023-12-30T12:32:19.899Z","iobWithZeroTemp":{"iob":-0.424,"basaliob":-0.694,"bolussnooze":4.0E-4,"activity":-0.0018,"lastBolusTime":1703925222000,"time":"2023-12-30T12:32:19.899Z"}},{"iob":0.223,"basaliob":-0.025,"bolussnooze":3.0E-4,"activity":0.0039,"lastBolusTime":1703925222000,"time":"2023-12-30T12:37:19.899Z","iobWithZeroTemp":{"iob":-0.447,"basaliob":-0.695,"bolussnooze":3.0E-4,"activity":-0.0022,"lastBolusTime":1703925222000,"time":"2023-12-30T12:37:19.899Z"}},{"iob":0.204,"basaliob":-0.023,"bolussnooze":2.0E-4,"activity":0.0036,"lastBolusTime":1703925222000,"time":"2023-12-30T12:42:19.899Z","iobWithZeroTemp":{"iob":-0.469,"basaliob":-0.696,"bolussnooze":2.0E-4,"activity":-0.0025,"lastBolusTime":1703925222000,"time":"2023-12-30T12:42:19.899Z"}},{"iob":0.186,"basaliob":-0.021,"bolussnooze":1.0E-4,"activity":0.0033,"lastBolusTime":1703925222000,"time":"2023-12-30T12:47:19.899Z","iobWithZeroTemp":{"iob":-0.49,"basaliob":-0.697,"bolussnooze":1.0E-4,"activity":-0.0028,"lastBolusTime":1703925222000,"time":"2023-12-30T12:47:19.899Z"}},{"iob":0.171,"basaliob":-0.019,"bolussnooze":0,"activity":0.0031,"lastBolusTime":1703925222000,"time":"2023-12-30T12:52:19.899Z","iobWithZeroTemp":{"iob":-0.507,"basaliob":-0.697,"bolussnooze":0,"activity":-0.0031,"lastBolusTime":1703925222000,"time":"2023-12-30T12:52:19.899Z"}},{"iob":0.156,"basaliob":-0.017,"bolussnooze":0,"activity":0.0028,"lastBolusTime":1703925222000,"time":"2023-12-30T12:57:19.899Z","iobWithZeroTemp":{"iob":-0.525,"basaliob":-0.698,"bolussnooze":0,"activity":-0.0034,"lastBolusTime":1703925222000,"time":"2023-12-30T12:57:19.899Z"}},{"iob":0.142,"basaliob":-0.016,"bolussnooze":0,"activity":0.0026,"lastBolusTime":1703925222000,"time":"2023-12-30T13:02:19.899Z","iobWithZeroTemp":{"iob":-0.541,"basaliob":-0.699,"bolussnooze":0,"activity":-0.0037,"lastBolusTime":1703925222000,"time":"2023-12-30T13:02:19.899Z"}}],"profile":{"max_iob":7,"type":"current","max_daily_basal":0.45,"max_basal":1.35,"min_bg":81.0000000000001,"max_bg":81.0000000000001,"target_bg":81.0000000000001,"carb_ratio":9,"sens":352.8,"max_daily_safety_multiplier":3,"current_basal_safety_multiplier":4,"lgsThreshold":65,"high_temptarget_raises_sensitivity":false,"low_temptarget_lowers_sensitivity":false,"sensitivity_raises_target":true,"resistance_lowers_target":true,"adv_target_adjustments":false,"exercise_mode":false,"half_basal_exercise_target":160,"maxCOB":120,"skip_neutral_temps":false,"remainingCarbsCap":90,"enableUAM":true,"A52_risk_enable":false,"SMBInterval":4,"enableSMB_with_COB":true,"enableSMB_with_temptarget":false,"allowSMB_with_high_temptarget":true,"enableSMB_always":true,"enableSMB_after_carbs":false,"maxSMBBasalMinutes":60,"maxUAMSMBBasalMinutes":60,"bolus_increment":0.05,"carbsReqThreshold":10,"current_basal":0.4,"temptargetSet":true,"autosens_max":1.2,"autosens_min":0.8,"out_units":"mmol\/L","variable_sens":125.8,"insulinDivisor":65,"TDD":9.824838025000002},"autosens_data":{"ratio":1.1406619199624306},"meal_data":{"carbs":50,"mealCOB":32.82181632653062,"slopeFromMaxDeviation":0,"slopeFromMinDeviation":3.5693749999999986,"lastBolusTime":1703925222000,"lastCarbTime":1703923206000},"microBolusAllowed":true,"currentTime":1703927241995,"flatBGsDetected":false,"tdd1D":23.883833333333342,"tdd7D":27.277071428571436,"tddLast24H":31.113916666666654,"tddLast4H":7.38,"tddLast8to4H":1.1555833333333334},"output":{"temp":"absolute","bg":214,"tick":-25,"eventualBG":124,"targetBG":81.0000000000001,"insulinReq":0,"deliverAt":"2023-12-30T09:07:21.995Z","sensitivityRatio":1.1406619199624306,"variable_sens":125.8,"predBGs":{"IOB":[214,189,162,133,101,64,39,39,39,39,39,39,39],"ZT":[214,190,163,135,104,68,39,39,39,39,39,39,39,39,39,39,39,39,39,39,39,39,39,39,39,39,39,39,39,39,39,39,39,39,39,39,39,39,39,39,39,39,39,39,39,39,39,39],"COB":[214,190,166,143,121,101,81,63,47,39,39,39,39,39,39,39,39,39,39,39,39,39,39,39,39,39,39,39,39,39,39,45,53,61,68,75,82,88,93,99,104,108,112,116,119,121,123,124],"UAM":[214,189,162,133,101,64,39,39,39,39,39,39,39]},"reason":"COB: 32.8, Dev: 1.7, BGI: -1.4, ISF: 7.0, CR: 9, Target: 4.5, minPredBG -18.6, minGuardBG -24.5, IOBpredBG 2.2, COBpredBG 6.9, UAMpredBG 2.2; 14 add'l carbs req w\/in 35m; minGuardBG -24.5<3.6","COB":32.82181632653062,"IOB":4.339,"carbsReq":14,"carbsReqWithin":35,"duration":120,"rate":0,"timestamp":"2023-12-30T09:07:22.032Z"}}