{"algorithm":"OpenAPSSMBDynamicISFPlugin","input":{"glucoseStatus":{"glucose":104,"noise":0,"delta":15,"short_avgdelta":16,"long_avgdelta":-1.41,"date":1703489760924},"currenttemp":{"temp":"absolute","duration":70,"rate":0,"minutesrunning":50},"iob_data":[{"iob":0.272,"basaliob":-0.275,"bolussnooze":0,"activity":0.004,"lastBolusTime":1703486510000,"time":"2023-12-25T07:36:26.688Z","iobWithZeroTemp":{"iob":0.272,"basaliob":-0.275,"bolussnooze":0,"activity":0.004,"lastBolusTime":1703486510000,"time":"2023-12-25T07:36:26.688Z"}},{"iob":0.252,"basaliob":-0.267,"bolussnooze":0,"activity":0.0038,"lastBolusTime":1703486510000,"time":"2023-12-25T07:41:26.688Z","iobWithZeroTemp":{"iob":0.225,"basaliob":-0.294,"bolussnooze":0,"activity":0.0038,"lastBolusTime":1703486510000,"time":"2023-12-25T07:41:26.688Z"}},{"iob":0.234,"basaliob":-0.258,"bolussnooze":0,"activity":0.0035,"lastBolusTime":1703486510000,"time":"2023-12-25T07:46:26.688Z","iobWithZeroTemp":{"iob":0.174,"basaliob":-0.318,"bolussnooze":0,"activity":0.0034,"lastBolusTime":1703486510000,"time":"2023-12-25T07:46:26.688Z"}},{"iob":0.216,"basaliob":-0.249,"bolussnooze":0,"activity":0.0034,"lastBolusTime":1703486510000,"time":"2023-12-25T07:51:26.688Z","iobWithZeroTemp":{"iob":0.124,"basaliob":-0.341,"bolussnooze":0,"activity":0.0032,"lastBolusTime":1703486510000,"time":"2023-12-25T07:51:26.688Z"}},{"iob":0.2,"basaliob":-0.239,"bolussnooze":0,"activity":0.0031,"lastBolusTime":1703486510000,"time":"2023-12-25T07:56:26.688Z","iobWithZeroTemp":{"iob":0.075,"basaliob":-0.364,"bolussnooze":0,"activity":0.0028,"lastBolusTime":1703486510000,"time":"2023-12-25T07:56:26.688Z"}},{"iob":0.185,"basaliob":-0.229,"bolussnooze":0,"activity":0.0029,"lastBolusTime":1703486510000,"time":"2023-12-25T08:01:26.688Z","iobWithZeroTemp":{"iob":0.029,"basaliob":-0.385,"bolussnooze":0,"activity":0.0024,"lastBolusTime":1703486510000,"time":"2023-12-25T08:01:26.688Z"}},{"iob":0.171,"basaliob":-0.219,"bolussnooze":0,"activity":0.0027,"lastBolusTime":1703486510000,"time":"2023-12-25T08:06:26.688Z","iobWithZeroTemp":{"iob":-0.015,"basaliob":-0.405,"bolussnooze":0,"activity":0.002,"lastBolusTime":1703486510000,"time":"2023-12-25T08:06:26.688Z"}},{"iob":0.159,"basaliob":-0.208,"bolussnooze":0,"activity":0.0025,"lastBolusTime":1703486510000,"time":"2023-12-25T08:11:26.688Z","iobWithZeroTemp":{"iob":-0.057,"basaliob":-0.424,"bolussnooze":0,"activity":0.0016,"lastBolusTime":1703486510000,"time":"2023-12-25T08:11:26.688Z"}},{"iob":0.147,"basaliob":-0.198,"bolussnooze":0,"activity":0.0024,"lastBolusTime":1703486510000,"time":"2023-12-25T08:16:26.688Z","iobWithZeroTemp":{"iob":-0.097,"basaliob":-0.442,"bolussnooze":0,"activity":0.0013,"lastBolusTime":1703486510000,"time":"2023-12-25T08:16:26.688Z"}},{"iob":0.135,"basaliob":-0.188,"bolussnooze":0,"activity":0.0022,"lastBolusTime":1703486510000,"time":"2023-12-25T08:21:26.688Z","iobWithZeroTemp":{"iob":-0.137,"basaliob":-0.46,"bolussnooze":0,"activity":9.0E-4,"lastBolusTime":1703486510000,"time":"2023-12-25T08:21:26.688Z"}},{"iob":0.125,"basaliob":-0.178,"bolussnooze":0,"activity":0.0021,"lastBolusTime":1703486510000,"time":"2023-12-25T08:26:26.688Z","iobWithZeroTemp":{"iob":-0.173,"basaliob":-0.476,"bolussnooze":0,"activity":6.0E-4,"lastBolusTime":1703486510000,"time":"2023-12-25T08:26:26.688Z"}},{"iob":0.115,"basaliob":-0.169,"bolussnooze":0,"activity":0.0019,"lastBolusTime":1703486510000,"time":"2023-12-25T08:31:26.688Z","iobWithZeroTemp":{"iob":-0.208,"basaliob":-0.492,"bolussnooze":0,"activity":1.0E-4,"lastBolusTime":1703486510000,"time":"2023-12-25T08:31:26.688Z"}},{"iob":0.106,"basaliob":-0.159,"bolussnooze":0,"activity":0.0018,"lastBolusTime":1703486510000,"time":"2023-12-25T08:36:26.688Z","iobWithZeroTemp":{"iob":-0.241,"basaliob":-0.506,"bolussnooze":0,"activity":-2.0E-4,"lastBolusTime":1703486510000,"time":"2023-12-25T08:36:26.688Z"}},{"iob":0.098,"basaliob":-0.15,"bolussnooze":0,"activity":0.0016,"lastBolusTime":1703486510000,"time":"2023-12-25T08:41:26.688Z","iobWithZeroTemp":{"iob":-0.272,"basaliob":-0.52,"bolussnooze":0,"activity":-6.0E-4,"lastBolusTime":1703486510000,"time":"2023-12-25T08:41:26.688Z"}},{"iob":0.09,"basaliob":-0.142,"bolussnooze":0,"activity":0.0015,"lastBolusTime":1703486510000,"time":"2023-12-25T08:46:26.688Z","iobWithZeroTemp":{"iob":-0.301,"basaliob":-0.533,"bolussnooze":0,"activity":-9.0E-4,"lastBolusTime":1703486510000,"time":"2023-12-25T08:46:26.688Z"}},{"iob":0.083,"basaliob":-0.133,"bolussnooze":0,"activity":0.0014,"lastBolusTime":1703486510000,"time":"2023-12-25T08:51:26.688Z","iobWithZeroTemp":{"iob":-0.329,"basaliob":-0.545,"bolussnooze":0,"activity":-0.0013,"lastBolusTime":1703486510000,"time":"2023-12-25T08:51:26.688Z"}},{"iob":0.076,"basaliob":-0.125,"bolussnooze":0,"activity":0.0013,"lastBolusTime":1703486510000,"time":"2023-12-25T08:56:26.688Z","iobWithZeroTemp":{"iob":-0.355,"basaliob":-0.556,"bolussnooze":0,"activity":-0.0016,"lastBolusTime":1703486510000,"time":"2023-12-25T08:56:26.688Z"}},{"iob":0.07,"basaliob":-0.117,"bolussnooze":0,"activity":0.0012,"lastBolusTime":1703486510000,"time":"2023-12-25T09:01:26.688Z","iobWithZeroTemp":{"iob":-0.38,"basaliob":-0.567,"bolussnooze":0,"activity":-0.0019,"lastBolusTime":1703486510000,"time":"2023-12-25T09:01:26.688Z"}},{"iob":0.064,"basaliob":-0.11,"bolussnooze":0,"activity":0.0011,"lastBolusTime":1703486510000,"time":"2023-12-25T09:06:26.688Z","iobWithZeroTemp":{"iob":-0.403,"basaliob":-0.577,"bolussnooze":0,"activity":-0.0022,"lastBolusTime":1703486510000,"time":"2023-12-25T09:06:26.688Z"}},{"iob":0.059,"basaliob":-0.103,"bolussnooze":0,"activity":0.001,"lastBolusTime":1703486510000,"time":"2023-12-25T09:11:26.688Z","iobWithZeroTemp":{"iob":-0.425,"basaliob":-0.587,"bolussnooze":0,"activity":-0.0025,"lastBolusTime":1703486510000,"time":"2023-12-25T09:11:26.688Z"}},{"iob":0.054,"basaliob":-0.096,"bolussnooze":0,"activity":9.0E-4,"lastBolusTime":1703486510000,"time":"2023-12-25T09:16:26.688Z","iobWithZeroTemp":{"iob":-0.445,"basaliob":-0.595,"bolussnooze":0,"activity":-0.0028,"lastBolusTime":1703486510000,"time":"2023-12-25T09:16:26.688Z"}},{"iob":0.05,"basaliob":-0.09,"bolussnooze":0,"activity":9.0E-4,"lastBolusTime":1703486510000,"time":"2023-12-25T09:21:26.688Z","iobWithZeroTemp":{"iob":-0.464,"basaliob":-0.604,"bolussnooze":0,"activity":-0.003,"lastBolusTime":1703486510000,"time":"2023-12-25T09:21:26.688Z"}},{"iob":0.045,"basaliob":-0.084,"bolussnooze":0,"activity":8.0E-4,"lastBolusTime":1703486510000,"time":"2023-12-25T09:26:26.688Z","iobWithZeroTemp":{"iob":-0.482,"basaliob":-0.611,"bolussnooze":0,"activity":-0.0032,"lastBolusTime":1703486510000,"time":"2023-12-25T09:26:26.688Z"}},{"iob":0.041,"basaliob":-0.079,"bolussnooze":0,"activity":7.0E-4,"lastBolusTime":1703486510000,"time":"2023-12-25T09:31:26.688Z","iobWithZeroTemp":{"iob":-0.499,"basaliob":-0.619,"bolussnooze":0,"activity":-0.0035,"lastBolusTime":1703486510000,"time":"2023-12-25T09:31:26.688Z"}},{"iob":0.038,"basaliob":-0.073,"bolussnooze":0,"activity":7.0E-4,"lastBolusTime":1703486510000,"time":"2023-12-25T09:36:26.688Z","iobWithZeroTemp":{"iob":-0.514,"basaliob":-0.625,"bolussnooze":0,"activity":-0.0036,"lastBolusTime":1703486510000,"time":"2023-12-25T09:36:26.688Z"}},{"iob":0.035,"basaliob":-0.068,"bolussnooze":0,"activity":6.0E-4,"lastBolusTime":1703486510000,"time":"2023-12-25T09:41:26.688Z","iobWithZeroTemp":{"iob":-0.528,"basaliob":-0.631,"bolussnooze":0,"activity":-0.0039,"lastBolusTime":1703486510000,"time":"2023-12-25T09:41:26.688Z"}},{"iob":0.032,"basaliob":-0.063,"bolussnooze":0,"activity":6.0E-4,"lastBolusTime":1703486510000,"time":"2023-12-25T09:46:26.688Z","iobWithZeroTemp":{"iob":-0.542,"basaliob":-0.637,"bolussnooze":0,"activity":-0.004,"lastBolusTime":1703486510000,"time":"2023-12-25T09:46:26.688Z"}},{"iob":0.029,"basaliob":-0.059,"bolussnooze":0,"activity":5.0E-4,"lastBolusTime":1703486510000,"time":"2023-12-25T09:51:26.688Z","iobWithZeroTemp":{"iob":-0.555,"basaliob":-0.643,"bolussnooze":0,"activity":-0.0043,"lastBolusTime":1703486510000,"time":"2023-12-25T09:51:26.688Z"}},{"iob":0.026,"basaliob":-0.055,"bolussnooze":0,"activity":5.0E-4,"lastBolusTime":1703486510000,"time":"2023-12-25T09:56:26.688Z","iobWithZeroTemp":{"iob":-0.567,"basaliob":-0.648,"bolussnooze":0,"activity":-0.0044,"lastBolusTime":1703486510000,"time":"2023-12-25T09:56:26.688Z"}},{"iob":0.024,"basaliob":-0.051,"bolussnooze":0,"activity":4.0E-4,"lastBolusTime":1703486510000,"time":"2023-12-25T10:01:26.688Z","iobWithZeroTemp":{"iob":-0.577,"basaliob":-0.652,"bolussnooze":0,"activity":-0.0046,"lastBolusTime":1703486510000,"time":"2023-12-25T10:01:26.688Z"}},{"iob":0.022,"basaliob":-0.047,"bolussnooze":0,"activity":4.0E-4,"lastBolusTime":1703486510000,"time":"2023-12-25T10:06:26.688Z","iobWithZeroTemp":{"iob":-0.587,"basaliob":-0.656,"bolussnooze":0,"activity":-0.0047,"lastBolusTime":1703486510000,"time":"2023-12-25T10:06:26.688Z"}},{"iob":0.019,"basaliob":-0.044,"bolussnooze":0,"activity":3.0E-4,"lastBolusTime":1703486510000,"time":"2023-12-25T10:11:26.688Z","iobWithZeroTemp":{"iob":-0.598,"basaliob":-0.661,"bolussnooze":0,"activity":-0.0049,"lastBolusTime":1703486510000,"time":"2023-12-25T10:11:26.688Z"}},{"iob":0.018,"basaliob":-0.04,"bolussnooze":0,"activity":4.0E-4,"lastBolusTime":1703486510000,"time":"2023-12-25T10:16:26.688Z","iobWithZeroTemp":{"iob":-0.606,"basaliob":-0.664,"bolussnooze":0,"activity":-0.0049,"lastBolusTime":1703486510000,"time":"2023-12-25T10:16:26.688Z"}},{"iob":0.017,"basaliob":-0.037,"bolussnooze":0,"activity":3.0E-4,"lastBolusTime":1703486510000,"time":"2023-12-25T10:21:26.688Z","iobWithZeroTemp":{"iob":-0.613,"basaliob":-0.667,"bolussnooze":0,"activity":-0.0051,"lastBolusTime":1703486510000,"time":"2023-12-25T10:21:26.688Z"}},{"iob":0.014,"basaliob":-0.035,"bolussnooze":0,"activity":3.0E-4,"lastBolusTime":1703486510000,"time":"2023-12-25T10:26:26.688Z","iobWithZeroTemp":{"iob":-0.622,"basaliob":-0.671,"bolussnooze":0,"activity":-0.0052,"lastBolusTime":1703486510000,"time":"2023-12-25T10:26:26.688Z"}},{"iob":0.013,"basaliob":-0.032,"bolussnooze":0,"activity":3.0E-4,"lastBolusTime":1703486510000,"time":"2023-12-25T10:31:26.688Z","iobWithZeroTemp":{"iob":-0.629,"basaliob":-0.674,"bolussnooze":0,"activity":-0.0053,"lastBolusTime":1703486510000,"time":"2023-12-25T10:31:26.688Z"}},{"iob":0.012,"basaliob":-0.03,"bolussnooze":0,"activity":2.0E-4,"lastBolusTime":1703486510000,"time":"2023-12-25T10:36:26.688Z","iobWithZeroTemp":{"iob":-0.635,"basaliob":-0.677,"bolussnooze":0,"activity":-0.0055,"lastBolusTime":1703486510000,"time":"2023-12-25T10:36:26.688Z"}},{"iob":0.011,"basaliob":-0.027,"bolussnooze":0,"activity":3.0E-4,"lastBolusTime":1703486510000,"time":"2023-12-25T10:41:26.688Z","iobWithZeroTemp":{"iob":-0.64,"basaliob":-0.678,"bolussnooze":0,"activity":-0.0055,"lastBolusTime":1703486510000,"time":"2023-12-25T10:41:26.688Z"}},{"iob":0.01,"basaliob":-0.025,"bolussnooze":0,"activity":2.0E-4,"lastBolusTime":1703486510000,"time":"2023-12-25T10:46:26.688Z","iobWithZeroTemp":{"iob":-0.646,"basaliob":-0.681,"bolussnooze":0,"activity":-0.0056,"lastBolusTime":1703486510000,"time":"2023-12-25T10:46:26.688Z"}},{"iob":0.009,"basaliob":-0.023,"bolussnooze":0,"activity":2.0E-4,"lastBolusTime":1703486510000,"time":"2023-12-25T10:51:26.688Z","iobWithZeroTemp":{"iob":-0.651,"basaliob":-0.683,"bolussnooze":0,"activity":-0.0057,"lastBolusTime":1703486510000,"time":"2023-12-25T10:51:26.688Z"}},{"iob":0.008,"basaliob":-0.021,"bolussnooze":0,"activity":1.0E-4,"lastBolusTime":1703486510000,"time":"2023-12-25T10:56:26.688Z","iobWithZeroTemp":{"iob":-0.656,"basaliob":-0.685,"bolussnooze":0,"activity":-0.0058,"lastBolusTime":1703486510000,"time":"2023-12-25T10:56:26.688Z"}},{"iob":0.007,"basaliob":-0.02,"bolussnooze":0,"activity":2.0E-4,"lastBolusTime":1703486510000,"time":"2023-12-25T11:01:26.688Z","iobWithZeroTemp":{"iob":-0.66,"basaliob":-0.687,"bolussnooze":0,"activity":-0.0058,"lastBolusTime":1703486510000,"time":"2023-12-25T11:01:26.688Z"}},{"iob":0.007,"basaliob":-0.018,"bolussnooze":0,"activity":1.0E-4,"lastBolusTime":1703486510000,"time":"2023-12-25T11:06:26.688Z","iobWithZeroTemp":{"iob":-0.663,"basaliob":-0.688,"bolussnooze":0,"activity":-0.006,"lastBolusTime":1703486510000,"time":"2023-12-25T11:06:26.688Z"}},{"iob":0.005,"basaliob":-0.017,"bolussnooze":0,"activity":1.0E-4,"lastBolusTime":1703486510000,"time":"2023-12-25T11:11:26.688Z","iobWithZeroTemp":{"iob":-0.668,"basaliob":-0.69,"bolussnooze":0,"activity":-0.006,"lastBolusTime":1703486510000,"time":"2023-12-25T11:11:26.688Z"}},{"iob":0.005,"basaliob":-0.015,"bolussnooze":0,"activity":1.0E-4,"lastBolusTime":1703486510000,"time":"2023-12-25T11:16:26.688Z","iobWithZeroTemp":{"iob":-0.671,"basaliob":-0.691,"bolussnooze":0,"activity":-0.006,"lastBolusTime":1703486510000,"time":"2023-12-25T11:16:26.688Z"}},{"iob":0.005,"basaliob":-0.014,"bolussnooze":0,"activity":1.0E-4,"lastBolusTime":1703486510000,"time":"2023-12-25T11:21:26.688Z","iobWithZeroTemp":{"iob":-0.673,"basaliob":-0.692,"bolussnooze":0,"activity":-0.0061,"lastBolusTime":1703486510000,"time":"2023-12-25T11:21:26.688Z"}},{"iob":0.004,"basaliob":-0.013,"bolussnooze":0,"activity":1.0E-4,"lastBolusTime":1703486510000,"time":"2023-12-25T11:26:26.688Z","iobWithZeroTemp":{"iob":-0.677,"basaliob":-0.694,"bolussnooze":0,"activity":-0.0061,"lastBolusTime":1703486510000,"time":"2023-12-25T11:26:26.688Z"}},{"iob":0.003,"basaliob":-0.012,"bolussnooze":0,"activity":1.0E-4,"lastBolusTime":1703486510000,"time":"2023-12-25T11:31:26.688Z","iobWithZeroTemp":{"iob":-0.68,"basaliob":-0.695,"bolussnooze":0,"activity":-0.0062,"lastBolusTime":1703486510000,"time":"2023-12-25T11:31:26.688Z"}}],"profile":{"max_iob":7,"type":"current","max_daily_basal":0.45,"max_basal":1.35,"min_bg":106.2,"max_bg":106.2,"target_bg":106.2,"carb_ratio":9,"sens":352.8,"max_daily_safety_multiplier":3,"current_basal_safety_multiplier":4,"lgsThreshold":65,"high_temptarget_raises_sensitivity":false,"low_temptarget_lowers_sensitivity":false,"sensitivity_raises_target":true,"resistance_lowers_target":true,"adv_target_adjustments":false,"exercise_mode":false,"half_basal_exercise_target":160,"maxCOB":120,"skip_neutral_temps":false,"remainingCarbsCap":90,"enableUAM":true,"A52_risk_enable":false,"SMBInterval":4,"enableSMB_with_COB":true,"enableSMB_with_temptarget":false,"allowSMB_with_high_temptarget":true,"enableSMB_always":true,"enableSMB_after_carbs":false,"maxSMBBasalMinutes":60,"maxUAMSMBBasalMinutes":60,"bolus_increment":0.05,"carbsReqThreshold":10,"current_basal":0.4,"temptargetSet":false,"autosens_max":1.2,"autosens_min":0.8,"out_units":"mmol\/L","variable_sens":225.3,"insulinDivisor":65,"TDD":8.359778494285715},"autosens_data":{"ratio":0.9063592013094479},"meal_data":{"carbs":0,"mealCOB":0,"slopeFromMaxDeviation":-0.9865,"slopeFromMinDeviation":13.068999999999999,"lastBolusTime":1703486510000,"lastCarbTime":0},"microBolusAllowed":true,"currentTime":1703489789019,"flatBGsDetected":false,"tdd1D":26.494500000000002,"tdd7D":31.37635714285714,"tddLast24H":28.43824999999999,"tddLast4H":2.2550000000000003,"tddLast8to4H":1.1532499999999999},"output":{"temp":"absolute","bg":104,"tick":"+15","eventualBG":160,"targetBG":111,"insulinReq":0,"deliverAt":"2023-12-25T07:36:29.019Z","sensitivityRatio":0.9063592013094479,"variable_sens":225.3,"predBGs":{"IOB":[104,117,130,141,151,159,166,172,177,180,181,181,179,178,177,175,174,173,172,171,171,170,169,168,168,167,167,166,166,165,165,165,164,164,164,164,163,163,163,163,162],"ZT":[104,99,95,91,87,84,80,78,76,74,72,72,71,72,73,74,76,78,81,84,87,90,94,98,102,106,110],"UAM":[104,115,121,124,123,120,117,114,111,109,106,104,102,100,98,96,94,93,91,90,89,88,87,86,85,84,83,82,82,81,80,80,79,79,79,78,78,77,77,77,76,76,76,76,76,76,75]},"reason":"COB: 0, Dev: 6.5, BGI: -0.3, ISF: 12.5, CR: 9, Target: 6.2, minPredBG 6.6, minGuardBG 4.2, IOBpredBG 9.0, UAMpredBG 4.2; minGuardBG 4.2<4.2 70m left and 0 ~ req 0U\/hr: no temp required","COB":0,"IOB":0.272,"timestamp":"2023-12-25T07:36:29.044Z"}}