{"algorithm":"OpenAPSSMBDynamicISFPlugin","input":{"glucoseStatus":{"glucose":61,"noise":0,"delta":3,"short_avgdelta":-4.94,"long_avgdelta":-9.89,"date":1703782325917},"currenttemp":{"temp":"absolute","duration":50,"rate":0,"minutesrunning":70},"iob_data":[{"iob":1.31,"basaliob":-0.596,"bolussnooze":0.2196,"activity":0.014,"lastBolusTime":1703780537000,"time":"2023-12-28T16:52:24.824Z","iobWithZeroTemp":{"iob":1.31,"basaliob":-0.596,"bolussnooze":0.2196,"activity":0.014,"lastBolusTime":1703780537000,"time":"2023-12-28T16:52:24.824Z"}},{"iob":1.242,"basaliob":-0.569,"bolussnooze":0.1898,"activity":0.0137,"lastBolusTime":1703780537000,"time":"2023-12-28T16:57:24.824Z","iobWithZeroTemp":{"iob":1.215,"basaliob":-0.596,"bolussnooze":0.1898,"activity":0.0137,"lastBolusTime":1703780537000,"time":"2023-12-28T16:57:24.824Z"}},{"iob":1.175,"basaliob":-0.542,"bolussnooze":0.1635,"activity":0.0133,"lastBolusTime":1703780537000,"time":"2023-12-28T17:02:24.824Z","iobWithZeroTemp":{"iob":1.115,"basaliob":-0.602,"bolussnooze":0.1635,"activity":0.0132,"lastBolusTime":1703780537000,"time":"2023-12-28T17:02:24.824Z"}},{"iob":1.109,"basaliob":-0.516,"bolussnooze":0.1405,"activity":0.0128,"lastBolusTime":1703780537000,"time":"2023-12-28T17:07:24.824Z","iobWithZeroTemp":{"iob":1.017,"basaliob":-0.608,"bolussnooze":0.1405,"activity":0.0126,"lastBolusTime":1703780537000,"time":"2023-12-28T17:07:24.824Z"}},{"iob":1.046,"basaliob":-0.489,"bolussnooze":0.1203,"activity":0.0124,"lastBolusTime":1703780537000,"time":"2023-12-28T17:12:24.824Z","iobWithZeroTemp":{"iob":0.921,"basaliob":-0.614,"bolussnooze":0.1203,"activity":0.0121,"lastBolusTime":1703780537000,"time":"2023-12-28T17:12:24.824Z"}},{"iob":0.985,"basaliob":-0.464,"bolussnooze":0.1028,"activity":0.0119,"lastBolusTime":1703780537000,"time":"2023-12-28T17:17:24.824Z","iobWithZeroTemp":{"iob":0.829,"basaliob":-0.62,"bolussnooze":0.1028,"activity":0.0114,"lastBolusTime":1703780537000,"time":"2023-12-28T17:17:24.824Z"}},{"iob":0.926,"basaliob":-0.439,"bolussnooze":0.0875,"activity":0.0115,"lastBolusTime":1703780537000,"time":"2023-12-28T17:22:24.824Z","iobWithZeroTemp":{"iob":0.74,"basaliob":-0.625,"bolussnooze":0.0875,"activity":0.0108,"lastBolusTime":1703780537000,"time":"2023-12-28T17:22:24.824Z"}},{"iob":0.871,"basaliob":-0.414,"bolussnooze":0.0743,"activity":0.011,"lastBolusTime":1703780537000,"time":"2023-12-28T17:27:24.824Z","iobWithZeroTemp":{"iob":0.655,"basaliob":-0.63,"bolussnooze":0.0743,"activity":0.0101,"lastBolusTime":1703780537000,"time":"2023-12-28T17:27:24.824Z"}},{"iob":0.816,"basaliob":-0.391,"bolussnooze":0.063,"activity":0.0105,"lastBolusTime":1703780537000,"time":"2023-12-28T17:32:24.824Z","iobWithZeroTemp":{"iob":0.572,"basaliob":-0.635,"bolussnooze":0.063,"activity":0.0094,"lastBolusTime":1703780537000,"time":"2023-12-28T17:32:24.824Z"}},{"iob":0.766,"basaliob":-0.368,"bolussnooze":0.0532,"activity":0.01,"lastBolusTime":1703780537000,"time":"2023-12-28T17:37:24.824Z","iobWithZeroTemp":{"iob":0.494,"basaliob":-0.64,"bolussnooze":0.0532,"activity":0.0087,"lastBolusTime":1703780537000,"time":"2023-12-28T17:37:24.824Z"}},{"iob":0.717,"basaliob":-0.346,"bolussnooze":0.0448,"activity":0.0095,"lastBolusTime":1703780537000,"time":"2023-12-28T17:42:24.824Z","iobWithZeroTemp":{"iob":0.419,"basaliob":-0.644,"bolussnooze":0.0448,"activity":0.008,"lastBolusTime":1703780537000,"time":"2023-12-28T17:42:24.824Z"}},{"iob":0.671,"basaliob":-0.325,"bolussnooze":0.0376,"activity":0.009,"lastBolusTime":1703780537000,"time":"2023-12-28T17:47:24.824Z","iobWithZeroTemp":{"iob":0.348,"basaliob":-0.648,"bolussnooze":0.0376,"activity":0.0072,"lastBolusTime":1703780537000,"time":"2023-12-28T17:47:24.824Z"}},{"iob":0.627,"basaliob":-0.305,"bolussnooze":0.0315,"activity":0.0086,"lastBolusTime":1703780537000,"time":"2023-12-28T17:52:24.824Z","iobWithZeroTemp":{"iob":0.28,"basaliob":-0.652,"bolussnooze":0.0315,"activity":0.0066,"lastBolusTime":1703780537000,"time":"2023-12-28T17:52:24.824Z"}},{"iob":0.585,"basaliob":-0.286,"bolussnooze":0.0262,"activity":0.0081,"lastBolusTime":1703780537000,"time":"2023-12-28T17:57:24.824Z","iobWithZeroTemp":{"iob":0.215,"basaliob":-0.656,"bolussnooze":0.0262,"activity":0.0059,"lastBolusTime":1703780537000,"time":"2023-12-28T17:57:24.824Z"}},{"iob":0.545,"basaliob":-0.268,"bolussnooze":0.0218,"activity":0.0076,"lastBolusTime":1703780537000,"time":"2023-12-28T18:02:24.824Z","iobWithZeroTemp":{"iob":0.154,"basaliob":-0.659,"bolussnooze":0.0218,"activity":0.0052,"lastBolusTime":1703780537000,"time":"2023-12-28T18:02:24.824Z"}},{"iob":0.508,"basaliob":-0.251,"bolussnooze":0.0181,"activity":0.0072,"lastBolusTime":1703780537000,"time":"2023-12-28T18:07:24.824Z","iobWithZeroTemp":{"iob":0.096,"basaliob":-0.663,"bolussnooze":0.0181,"activity":0.0045,"lastBolusTime":1703780537000,"time":"2023-12-28T18:07:24.824Z"}},{"iob":0.473,"basaliob":-0.234,"bolussnooze":0.0149,"activity":0.0068,"lastBolusTime":1703780537000,"time":"2023-12-28T18:12:24.824Z","iobWithZeroTemp":{"iob":0.042,"basaliob":-0.665,"bolussnooze":0.0149,"activity":0.0039,"lastBolusTime":1703780537000,"time":"2023-12-28T18:12:24.824Z"}},{"iob":0.44,"basaliob":-0.219,"bolussnooze":0.0123,"activity":0.0064,"lastBolusTime":1703780537000,"time":"2023-12-28T18:17:24.824Z","iobWithZeroTemp":{"iob":-0.01,"basaliob":-0.669,"bolussnooze":0.0123,"activity":0.0033,"lastBolusTime":1703780537000,"time":"2023-12-28T18:17:24.824Z"}},{"iob":0.409,"basaliob":-0.204,"bolussnooze":0.0101,"activity":0.006,"lastBolusTime":1703780537000,"time":"2023-12-28T18:22:24.824Z","iobWithZeroTemp":{"iob":-0.058,"basaliob":-0.671,"bolussnooze":0.0101,"activity":0.0027,"lastBolusTime":1703780537000,"time":"2023-12-28T18:22:24.824Z"}},{"iob":0.38,"basaliob":-0.19,"bolussnooze":0.0082,"activity":0.0056,"lastBolusTime":1703780537000,"time":"2023-12-28T18:27:24.824Z","iobWithZeroTemp":{"iob":-0.104,"basaliob":-0.674,"bolussnooze":0.0082,"activity":0.0021,"lastBolusTime":1703780537000,"time":"2023-12-28T18:27:24.824Z"}},{"iob":0.352,"basaliob":-0.177,"bolussnooze":0.0066,"activity":0.0053,"lastBolusTime":1703780537000,"time":"2023-12-28T18:32:24.824Z","iobWithZeroTemp":{"iob":-0.147,"basaliob":-0.676,"bolussnooze":0.0066,"activity":0.0016,"lastBolusTime":1703780537000,"time":"2023-12-28T18:32:24.824Z"}},{"iob":0.327,"basaliob":-0.164,"bolussnooze":0.0054,"activity":0.005,"lastBolusTime":1703780537000,"time":"2023-12-28T18:37:24.824Z","iobWithZeroTemp":{"iob":-0.187,"basaliob":-0.678,"bolussnooze":0.0054,"activity":0.0011,"lastBolusTime":1703780537000,"time":"2023-12-28T18:37:24.824Z"}},{"iob":0.303,"basaliob":-0.153,"bolussnooze":0.0043,"activity":0.0046,"lastBolusTime":1703780537000,"time":"2023-12-28T18:42:24.824Z","iobWithZeroTemp":{"iob":-0.224,"basaliob":-0.68,"bolussnooze":0.0043,"activity":6.0E-4,"lastBolusTime":1703780537000,"time":"2023-12-28T18:42:24.824Z"}},{"iob":0.28,"basaliob":-0.142,"bolussnooze":0.0034,"activity":0.0043,"lastBolusTime":1703780537000,"time":"2023-12-28T18:47:24.824Z","iobWithZeroTemp":{"iob":-0.26,"basaliob":-0.682,"bolussnooze":0.0034,"activity":1.0E-4,"lastBolusTime":1703780537000,"time":"2023-12-28T18:47:24.824Z"}},{"iob":0.259,"basaliob":-0.132,"bolussnooze":0.0027,"activity":0.004,"lastBolusTime":1703780537000,"time":"2023-12-28T18:52:24.824Z","iobWithZeroTemp":{"iob":-0.293,"basaliob":-0.684,"bolussnooze":0.0027,"activity":-3.0E-4,"lastBolusTime":1703780537000,"time":"2023-12-28T18:52:24.824Z"}},{"iob":0.24,"basaliob":-0.122,"bolussnooze":0.0021,"activity":0.0037,"lastBolusTime":1703780537000,"time":"2023-12-28T18:57:24.824Z","iobWithZeroTemp":{"iob":-0.323,"basaliob":-0.685,"bolussnooze":0.0021,"activity":-8.0E-4,"lastBolusTime":1703780537000,"time":"2023-12-28T18:57:24.824Z"}},{"iob":0.222,"basaliob":-0.113,"bolussnooze":0.0016,"activity":0.0036,"lastBolusTime":1703780537000,"time":"2023-12-28T19:02:24.824Z","iobWithZeroTemp":{"iob":-0.352,"basaliob":-0.687,"bolussnooze":0.0016,"activity":-0.001,"lastBolusTime":1703780537000,"time":"2023-12-28T19:02:24.824Z"}},{"iob":0.205,"basaliob":-0.105,"bolussnooze":0.0013,"activity":0.0033,"lastBolusTime":1703780537000,"time":"2023-12-28T19:07:24.824Z","iobWithZeroTemp":{"iob":-0.379,"basaliob":-0.689,"bolussnooze":0.0013,"activity":-0.0015,"lastBolusTime":1703780537000,"time":"2023-12-28T19:07:24.824Z"}},{"iob":0.189,"basaliob":-0.097,"bolussnooze":9.0E-4,"activity":0.0031,"lastBolusTime":1703780537000,"time":"2023-12-28T19:12:24.824Z","iobWithZeroTemp":{"iob":-0.404,"basaliob":-0.69,"bolussnooze":9.0E-4,"activity":-0.0018,"lastBolusTime":1703780537000,"time":"2023-12-28T19:12:24.824Z"}},{"iob":0.174,"basaliob":-0.09,"bolussnooze":7.0E-4,"activity":0.0029,"lastBolusTime":1703780537000,"time":"2023-12-28T19:17:24.824Z","iobWithZeroTemp":{"iob":-0.427,"basaliob":-0.691,"bolussnooze":7.0E-4,"activity":-0.0021,"lastBolusTime":1703780537000,"time":"2023-12-28T19:17:24.824Z"}},{"iob":0.16,"basaliob":-0.083,"bolussnooze":5.0E-4,"activity":0.0027,"lastBolusTime":1703780537000,"time":"2023-12-28T19:22:24.824Z","iobWithZeroTemp":{"iob":-0.449,"basaliob":-0.692,"bolussnooze":5.0E-4,"activity":-0.0024,"lastBolusTime":1703780537000,"time":"2023-12-28T19:22:24.824Z"}},{"iob":0.148,"basaliob":-0.076,"bolussnooze":4.0E-4,"activity":0.0025,"lastBolusTime":1703780537000,"time":"2023-12-28T19:27:24.824Z","iobWithZeroTemp":{"iob":-0.469,"basaliob":-0.693,"bolussnooze":4.0E-4,"activity":-0.0027,"lastBolusTime":1703780537000,"time":"2023-12-28T19:27:24.824Z"}},{"iob":0.136,"basaliob":-0.07,"bolussnooze":2.0E-4,"activity":0.0023,"lastBolusTime":1703780537000,"time":"2023-12-28T19:32:24.824Z","iobWithZeroTemp":{"iob":-0.488,"basaliob":-0.694,"bolussnooze":2.0E-4,"activity":-0.003,"lastBolusTime":1703780537000,"time":"2023-12-28T19:32:24.824Z"}},{"iob":0.125,"basaliob":-0.065,"bolussnooze":2.0E-4,"activity":0.0021,"lastBolusTime":1703780537000,"time":"2023-12-28T19:37:24.824Z","iobWithZeroTemp":{"iob":-0.505,"basaliob":-0.695,"bolussnooze":2.0E-4,"activity":-0.0033,"lastBolusTime":1703780537000,"time":"2023-12-28T19:37:24.824Z"}},{"iob":0.115,"basaliob":-0.06,"bolussnooze":1.0E-4,"activity":0.0019,"lastBolusTime":1703780537000,"time":"2023-12-28T19:42:24.824Z","iobWithZeroTemp":{"iob":-0.521,"basaliob":-0.696,"bolussnooze":1.0E-4,"activity":-0.0036,"lastBolusTime":1703780537000,"time":"2023-12-28T19:42:24.824Z"}},{"iob":0.106,"basaliob":-0.055,"bolussnooze":1.0E-4,"activity":0.0018,"lastBolusTime":1703780537000,"time":"2023-12-28T19:47:24.824Z","iobWithZeroTemp":{"iob":-0.536,"basaliob":-0.697,"bolussnooze":1.0E-4,"activity":-0.0038,"lastBolusTime":1703780537000,"time":"2023-12-28T19:47:24.824Z"}},{"iob":0.096,"basaliob":-0.051,"bolussnooze":0,"activity":0.0017,"lastBolusTime":1703780537000,"time":"2023-12-28T19:52:24.824Z","iobWithZeroTemp":{"iob":-0.551,"basaliob":-0.698,"bolussnooze":0,"activity":-0.004,"lastBolusTime":1703780537000,"time":"2023-12-28T19:52:24.824Z"}},{"iob":0.088,"basaliob":-0.047,"bolussnooze":0,"activity":0.0015,"lastBolusTime":1703780537000,"time":"2023-12-28T19:57:24.824Z","iobWithZeroTemp":{"iob":-0.563,"basaliob":-0.698,"bolussnooze":0,"activity":-0.0043,"lastBolusTime":1703780537000,"time":"2023-12-28T19:57:24.824Z"}},{"iob":0.081,"basaliob":-0.043,"bolussnooze":0,"activity":0.0015,"lastBolusTime":1703780537000,"time":"2023-12-28T20:02:24.824Z","iobWithZeroTemp":{"iob":-0.575,"basaliob":-0.699,"bolussnooze":0,"activity":-0.0043,"lastBolusTime":1703780537000,"time":"2023-12-28T20:02:24.824Z"}},{"iob":0.075,"basaliob":-0.039,"bolussnooze":0,"activity":0.0013,"lastBolusTime":1703780537000,"time":"2023-12-28T20:07:24.824Z","iobWithZeroTemp":{"iob":-0.585,"basaliob":-0.699,"bolussnooze":0,"activity":-0.0046,"lastBolusTime":1703780537000,"time":"2023-12-28T20:07:24.824Z"}},{"iob":0.068,"basaliob":-0.036,"bolussnooze":0,"activity":0.0012,"lastBolusTime":1703780537000,"time":"2023-12-28T20:12:24.824Z","iobWithZeroTemp":{"iob":-0.596,"basaliob":-0.7,"bolussnooze":0,"activity":-0.0047,"lastBolusTime":1703780537000,"time":"2023-12-28T20:12:24.824Z"}},{"iob":0.062,"basaliob":-0.033,"bolussnooze":0,"activity":0.0011,"lastBolusTime":1703780537000,"time":"2023-12-28T20:17:24.824Z","iobWithZeroTemp":{"iob":-0.605,"basaliob":-0.7,"bolussnooze":0,"activity":-0.0049,"lastBolusTime":1703780537000,"time":"2023-12-28T20:17:24.824Z"}},{"iob":0.057,"basaliob":-0.03,"bolussnooze":0,"activity":0.0011,"lastBolusTime":1703780537000,"time":"2023-12-28T20:22:24.824Z","iobWithZeroTemp":{"iob":-0.613,"basaliob":-0.7,"bolussnooze":0,"activity":-0.005,"lastBolusTime":1703780537000,"time":"2023-12-28T20:22:24.824Z"}},{"iob":0.052,"basaliob":-0.028,"bolussnooze":0,"activity":9.0E-4,"lastBolusTime":1703780537000,"time":"2023-12-28T20:27:24.824Z","iobWithZeroTemp":{"iob":-0.621,"basaliob":-0.701,"bolussnooze":0,"activity":-0.0052,"lastBolusTime":1703780537000,"time":"2023-12-28T20:27:24.824Z"}},{"iob":0.048,"basaliob":-0.025,"bolussnooze":0,"activity":8.0E-4,"lastBolusTime":1703780537000,"time":"2023-12-28T20:32:24.824Z","iobWithZeroTemp":{"iob":-0.628,"basaliob":-0.701,"bolussnooze":0,"activity":-0.0053,"lastBolusTime":1703780537000,"time":"2023-12-28T20:32:24.824Z"}},{"iob":0.043,"basaliob":-0.023,"bolussnooze":0,"activity":8.0E-4,"lastBolusTime":1703780537000,"time":"2023-12-28T20:37:24.824Z","iobWithZeroTemp":{"iob":-0.635,"basaliob":-0.701,"bolussnooze":0,"activity":-0.0054,"lastBolusTime":1703780537000,"time":"2023-12-28T20:37:24.824Z"}},{"iob":0.039,"basaliob":-0.021,"bolussnooze":0,"activity":7.0E-4,"lastBolusTime":1703780537000,"time":"2023-12-28T20:42:24.824Z","iobWithZeroTemp":{"iob":-0.642,"basaliob":-0.702,"bolussnooze":0,"activity":-0.0055,"lastBolusTime":1703780537000,"time":"2023-12-28T20:42:24.824Z"}},{"iob":0.036,"basaliob":-0.019,"bolussnooze":0,"activity":6.0E-4,"lastBolusTime":1703780537000,"time":"2023-12-28T20:47:24.824Z","iobWithZeroTemp":{"iob":-0.647,"basaliob":-0.702,"bolussnooze":0,"activity":-0.0057,"lastBolusTime":1703780537000,"time":"2023-12-28T20:47:24.824Z"}}],"profile":{"max_iob":7,"type":"current","max_daily_basal":0.45,"max_basal":1.35,"min_bg":180,"max_bg":180,"target_bg":180,"carb_ratio":11,"sens":352.8,"max_daily_safety_multiplier":3,"current_basal_safety_multiplier":4,"lgsThreshold":65,"high_temptarget_raises_sensitivity":false,"low_temptarget_lowers_sensitivity":false,"sensitivity_raises_target":true,"resistance_lowers_target":true,"adv_target_adjustments":false,"exercise_mode":false,"half_basal_exercise_target":160,"maxCOB":120,"skip_neutral_temps":false,"remainingCarbsCap":90,"enableUAM":true,"A52_risk_enable":false,"SMBInterval":4,"enableSMB_with_COB":true,"enableSMB_with_temptarget":false,"allowSMB_with_high_temptarget":true,"enableSMB_always":true,"enableSMB_after_carbs":false,"maxSMBBasalMinutes":60,"maxUAMSMBBasalMinutes":60,"bolus_increment":0.05,"carbsReqThreshold":10,"current_basal":0.4,"temptargetSet":true,"autosens_max":1.2,"autosens_min":0.8,"out_units":"mmol\/L","variable_sens":329.4,"insulinDivisor":65,"TDD":8.25705675},"autosens_data":{"ratio":0.5810889664075806},"meal_data":{"carbs":20,"mealCOB":14.448184807256252,"slopeFromMaxDeviation":-2.716,"slopeFromMinDeviation":0,"lastBolusTime":1703780537000,"lastCarbTime":1703775902000},"microBolusAllowed":true,"currentTime":1703782347019,"flatBGsDetected":false,"tdd1D":18.366333333333344,"tdd7D":30.827178571428565,"tddLast24H":17.91333333333334,"tddLast4H":3.083333333333333,"tddLast8to4H":4.673333333333332},"output":{"temp":"absolute","bg":61,"tick":"+3","eventualBG":54,"targetBG":180,"insulinReq":0,"deliverAt":"2023-12-28T16:52:27.019Z","sensitivityRatio":0.5810889664075806,"variable_sens":329.4,"predBGs":{"IOB":[61,55,45,39,39,39,39,39,39,39,39,39,39],"ZT":[61,39,39,39,39,39,39,39,39,39,39,39,39,39,39,39,39,39,39,39,39,39,39,39,39,39,39,39,39,39,39,39,39,39,39,39,39,39,39,39,39,39,39,39,39,39,39,39],"COB":[61,56,50,45,41,39,39,39,39,39,39,39,39,39,39,39,39,39,39,39,39,39,39,39,39,39,39,39,39,39,40,42,44,45,47,49,50,52,53,54,55,55,56,56,56,55,55,54],"UAM":[61,53,41,39,39,39,39,39,39,39,39,39,39]},"reason":"COB: 14.4, Dev: 6.1, BGI: -1.3, ISF: 18.3, CR: 11, Target: 10.0, minPredBG -5.3, minGuardBG -6.7, IOBpredBG 2.2, COBpredBG 3.0, UAMpredBG 2.2; minGuardBG -6.7<6.1","COB":14.448184807256252,"IOB":1.31,"duration":120,"rate":0,"timestamp":"2023-12-28T16:52:27.045Z"}}