{"algorithm":"OpenAPSSMBDynamicISFPlugin","input":{"glucoseStatus":{"glucose":137,"noise":0,"delta":1,"short_avgdelta":1,"long_avgdelta":-2.4,"date":1703574411505},"currenttemp":{"temp":"absolute","duration":45,"rate":0,"minutesrunning":15},"iob_data":[{"iob":0.299,"basaliob":-0.444,"bolussnooze":0,"activity":0.0059,"lastBolusTime":1703570533000,"time":"2023-12-26T07:07:11.343Z","iobWithZeroTemp":{"iob":0.299,"basaliob":-0.444,"bolussnooze":0,"activity":0.0059,"lastBolusTime":1703570533000,"time":"2023-12-26T07:07:11.343Z"}},{"iob":0.271,"basaliob":-0.426,"bolussnooze":0,"activity":0.0054,"lastBolusTime":1703570533000,"time":"2023-12-26T07:12:11.343Z","iobWithZeroTemp":{"iob":0.244,"basaliob":-0.453,"bolussnooze":0,"activity":0.0054,"lastBolusTime":1703570533000,"time":"2023-12-26T07:12:11.343Z"}},{"iob":0.246,"basaliob":-0.408,"bolussnooze":0,"activity":0.0049,"lastBolusTime":1703570533000,"time":"2023-12-26T07:17:11.343Z","iobWithZeroTemp":{"iob":0.186,"basaliob":-0.468,"bolussnooze":0,"activity":0.0048,"lastBolusTime":1703570533000,"time":"2023-12-26T07:17:11.343Z"}},{"iob":0.222,"basaliob":-0.39,"bolussnooze":0,"activity":0.0044,"lastBolusTime":1703570533000,"time":"2023-12-26T07:22:11.343Z","iobWithZeroTemp":{"iob":0.13,"basaliob":-0.482,"bolussnooze":0,"activity":0.0042,"lastBolusTime":1703570533000,"time":"2023-12-26T07:22:11.343Z"}},{"iob":0.2,"basaliob":-0.372,"bolussnooze":0,"activity":0.004,"lastBolusTime":1703570533000,"time":"2023-12-26T07:27:11.343Z","iobWithZeroTemp":{"iob":0.075,"basaliob":-0.497,"bolussnooze":0,"activity":0.0037,"lastBolusTime":1703570533000,"time":"2023-12-26T07:27:11.343Z"}},{"iob":0.182,"basaliob":-0.353,"bolussnooze":0,"activity":0.0037,"lastBolusTime":1703570533000,"time":"2023-12-26T07:32:11.343Z","iobWithZeroTemp":{"iob":0.026,"basaliob":-0.509,"bolussnooze":0,"activity":0.0032,"lastBolusTime":1703570533000,"time":"2023-12-26T07:32:11.343Z"}},{"iob":0.164,"basaliob":-0.335,"bolussnooze":0,"activity":0.0033,"lastBolusTime":1703570533000,"time":"2023-12-26T07:37:11.343Z","iobWithZeroTemp":{"iob":-0.022,"basaliob":-0.521,"bolussnooze":0,"activity":0.0026,"lastBolusTime":1703570533000,"time":"2023-12-26T07:37:11.343Z"}},{"iob":0.147,"basaliob":-0.318,"bolussnooze":0,"activity":0.003,"lastBolusTime":1703570533000,"time":"2023-12-26T07:42:11.343Z","iobWithZeroTemp":{"iob":-0.069,"basaliob":-0.534,"bolussnooze":0,"activity":0.0021,"lastBolusTime":1703570533000,"time":"2023-12-26T07:42:11.343Z"}},{"iob":0.132,"basaliob":-0.301,"bolussnooze":0,"activity":0.0028,"lastBolusTime":1703570533000,"time":"2023-12-26T07:47:11.343Z","iobWithZeroTemp":{"iob":-0.112,"basaliob":-0.545,"bolussnooze":0,"activity":0.0017,"lastBolusTime":1703570533000,"time":"2023-12-26T07:47:11.343Z"}},{"iob":0.119,"basaliob":-0.284,"bolussnooze":0,"activity":0.0025,"lastBolusTime":1703570533000,"time":"2023-12-26T07:52:11.343Z","iobWithZeroTemp":{"iob":-0.153,"basaliob":-0.556,"bolussnooze":0,"activity":0.0012,"lastBolusTime":1703570533000,"time":"2023-12-26T07:52:11.343Z"}},{"iob":0.107,"basaliob":-0.268,"bolussnooze":0,"activity":0.0023,"lastBolusTime":1703570533000,"time":"2023-12-26T07:57:11.343Z","iobWithZeroTemp":{"iob":-0.191,"basaliob":-0.566,"bolussnooze":0,"activity":8.0E-4,"lastBolusTime":1703570533000,"time":"2023-12-26T07:57:11.343Z"}},{"iob":0.097,"basaliob":-0.252,"bolussnooze":0,"activity":0.002,"lastBolusTime":1703570533000,"time":"2023-12-26T08:02:11.343Z","iobWithZeroTemp":{"iob":-0.226,"basaliob":-0.575,"bolussnooze":0,"activity":2.0E-4,"lastBolusTime":1703570533000,"time":"2023-12-26T08:02:11.343Z"}},{"iob":0.087,"basaliob":-0.237,"bolussnooze":0,"activity":0.0019,"lastBolusTime":1703570533000,"time":"2023-12-26T08:07:11.343Z","iobWithZeroTemp":{"iob":-0.26,"basaliob":-0.584,"bolussnooze":0,"activity":-1.0E-4,"lastBolusTime":1703570533000,"time":"2023-12-26T08:07:11.343Z"}},{"iob":0.077,"basaliob":-0.223,"bolussnooze":0,"activity":0.0017,"lastBolusTime":1703570533000,"time":"2023-12-26T08:12:11.343Z","iobWithZeroTemp":{"iob":-0.293,"basaliob":-0.593,"bolussnooze":0,"activity":-5.0E-4,"lastBolusTime":1703570533000,"time":"2023-12-26T08:12:11.343Z"}},{"iob":0.069,"basaliob":-0.209,"bolussnooze":0,"activity":0.0015,"lastBolusTime":1703570533000,"time":"2023-12-26T08:17:11.343Z","iobWithZeroTemp":{"iob":-0.322,"basaliob":-0.6,"bolussnooze":0,"activity":-9.0E-4,"lastBolusTime":1703570533000,"time":"2023-12-26T08:17:11.343Z"}},{"iob":0.062,"basaliob":-0.196,"bolussnooze":0,"activity":0.0014,"lastBolusTime":1703570533000,"time":"2023-12-26T08:22:11.343Z","iobWithZeroTemp":{"iob":-0.35,"basaliob":-0.608,"bolussnooze":0,"activity":-0.0013,"lastBolusTime":1703570533000,"time":"2023-12-26T08:22:11.343Z"}},{"iob":0.056,"basaliob":-0.183,"bolussnooze":0,"activity":0.0013,"lastBolusTime":1703570533000,"time":"2023-12-26T08:27:11.343Z","iobWithZeroTemp":{"iob":-0.375,"basaliob":-0.614,"bolussnooze":0,"activity":-0.0016,"lastBolusTime":1703570533000,"time":"2023-12-26T08:27:11.343Z"}},{"iob":0.05,"basaliob":-0.171,"bolussnooze":0,"activity":0.0012,"lastBolusTime":1703570533000,"time":"2023-12-26T08:32:11.343Z","iobWithZeroTemp":{"iob":-0.4,"basaliob":-0.621,"bolussnooze":0,"activity":-0.0019,"lastBolusTime":1703570533000,"time":"2023-12-26T08:32:11.343Z"}},{"iob":0.044,"basaliob":-0.16,"bolussnooze":0,"activity":0.001,"lastBolusTime":1703570533000,"time":"2023-12-26T08:37:11.343Z","iobWithZeroTemp":{"iob":-0.423,"basaliob":-0.627,"bolussnooze":0,"activity":-0.0023,"lastBolusTime":1703570533000,"time":"2023-12-26T08:37:11.343Z"}},{"iob":0.04,"basaliob":-0.149,"bolussnooze":0,"activity":9.0E-4,"lastBolusTime":1703570533000,"time":"2023-12-26T08:42:11.343Z","iobWithZeroTemp":{"iob":-0.444,"basaliob":-0.633,"bolussnooze":0,"activity":-0.0026,"lastBolusTime":1703570533000,"time":"2023-12-26T08:42:11.343Z"}},{"iob":0.035,"basaliob":-0.139,"bolussnooze":0,"activity":8.0E-4,"lastBolusTime":1703570533000,"time":"2023-12-26T08:47:11.343Z","iobWithZeroTemp":{"iob":-0.464,"basaliob":-0.638,"bolussnooze":0,"activity":-0.0029,"lastBolusTime":1703570533000,"time":"2023-12-26T08:47:11.343Z"}},{"iob":0.031,"basaliob":-0.13,"bolussnooze":0,"activity":8.0E-4,"lastBolusTime":1703570533000,"time":"2023-12-26T08:52:11.343Z","iobWithZeroTemp":{"iob":-0.483,"basaliob":-0.644,"bolussnooze":0,"activity":-0.0031,"lastBolusTime":1703570533000,"time":"2023-12-26T08:52:11.343Z"}},{"iob":0.027,"basaliob":-0.121,"bolussnooze":0,"activity":7.0E-4,"lastBolusTime":1703570533000,"time":"2023-12-26T08:57:11.343Z","iobWithZeroTemp":{"iob":-0.5,"basaliob":-0.648,"bolussnooze":0,"activity":-0.0033,"lastBolusTime":1703570533000,"time":"2023-12-26T08:57:11.343Z"}},{"iob":0.024,"basaliob":-0.112,"bolussnooze":0,"activity":7.0E-4,"lastBolusTime":1703570533000,"time":"2023-12-26T09:02:11.343Z","iobWithZeroTemp":{"iob":-0.516,"basaliob":-0.652,"bolussnooze":0,"activity":-0.0035,"lastBolusTime":1703570533000,"time":"2023-12-26T09:02:11.343Z"}},{"iob":0.021,"basaliob":-0.104,"bolussnooze":0,"activity":6.0E-4,"lastBolusTime":1703570533000,"time":"2023-12-26T09:07:11.343Z","iobWithZeroTemp":{"iob":-0.531,"basaliob":-0.656,"bolussnooze":0,"activity":-0.0037,"lastBolusTime":1703570533000,"time":"2023-12-26T09:07:11.343Z"}},{"iob":0.018,"basaliob":-0.097,"bolussnooze":0,"activity":5.0E-4,"lastBolusTime":1703570533000,"time":"2023-12-26T09:12:11.343Z","iobWithZeroTemp":{"iob":-0.545,"basaliob":-0.66,"bolussnooze":0,"activity":-0.004,"lastBolusTime":1703570533000,"time":"2023-12-26T09:12:11.343Z"}},{"iob":0.016,"basaliob":-0.09,"bolussnooze":0,"activity":4.0E-4,"lastBolusTime":1703570533000,"time":"2023-12-26T09:17:11.343Z","iobWithZeroTemp":{"iob":-0.558,"basaliob":-0.664,"bolussnooze":0,"activity":-0.0042,"lastBolusTime":1703570533000,"time":"2023-12-26T09:17:11.343Z"}},{"iob":0.014,"basaliob":-0.083,"bolussnooze":0,"activity":4.0E-4,"lastBolusTime":1703570533000,"time":"2023-12-26T09:22:11.343Z","iobWithZeroTemp":{"iob":-0.57,"basaliob":-0.667,"bolussnooze":0,"activity":-0.0044,"lastBolusTime":1703570533000,"time":"2023-12-26T09:22:11.343Z"}},{"iob":0.012,"basaliob":-0.077,"bolussnooze":0,"activity":3.0E-4,"lastBolusTime":1703570533000,"time":"2023-12-26T09:27:11.343Z","iobWithZeroTemp":{"iob":-0.581,"basaliob":-0.67,"bolussnooze":0,"activity":-0.0046,"lastBolusTime":1703570533000,"time":"2023-12-26T09:27:11.343Z"}},{"iob":0.01,"basaliob":-0.072,"bolussnooze":0,"activity":3.0E-4,"lastBolusTime":1703570533000,"time":"2023-12-26T09:32:11.343Z","iobWithZeroTemp":{"iob":-0.591,"basaliob":-0.673,"bolussnooze":0,"activity":-0.0047,"lastBolusTime":1703570533000,"time":"2023-12-26T09:32:11.343Z"}},{"iob":0.009,"basaliob":-0.066,"bolussnooze":0,"activity":3.0E-4,"lastBolusTime":1703570533000,"time":"2023-12-26T09:37:11.343Z","iobWithZeroTemp":{"iob":-0.6,"basaliob":-0.675,"bolussnooze":0,"activity":-0.0048,"lastBolusTime":1703570533000,"time":"2023-12-26T09:37:11.343Z"}},{"iob":0.008,"basaliob":-0.061,"bolussnooze":0,"activity":2.0E-4,"lastBolusTime":1703570533000,"time":"2023-12-26T09:42:11.343Z","iobWithZeroTemp":{"iob":-0.609,"basaliob":-0.678,"bolussnooze":0,"activity":-0.005,"lastBolusTime":1703570533000,"time":"2023-12-26T09:42:11.343Z"}},{"iob":0.006,"basaliob":-0.057,"bolussnooze":0,"activity":2.0E-4,"lastBolusTime":1703570533000,"time":"2023-12-26T09:47:11.343Z","iobWithZeroTemp":{"iob":-0.618,"basaliob":-0.681,"bolussnooze":0,"activity":-0.0051,"lastBolusTime":1703570533000,"time":"2023-12-26T09:47:11.343Z"}},{"iob":0.006,"basaliob":-0.052,"bolussnooze":0,"activity":2.0E-4,"lastBolusTime":1703570533000,"time":"2023-12-26T09:52:11.343Z","iobWithZeroTemp":{"iob":-0.624,"basaliob":-0.682,"bolussnooze":0,"activity":-0.0052,"lastBolusTime":1703570533000,"time":"2023-12-26T09:52:11.343Z"}},{"iob":0.005,"basaliob":-0.048,"bolussnooze":0,"activity":2.0E-4,"lastBolusTime":1703570533000,"time":"2023-12-26T09:57:11.343Z","iobWithZeroTemp":{"iob":-0.631,"basaliob":-0.684,"bolussnooze":0,"activity":-0.0053,"lastBolusTime":1703570533000,"time":"2023-12-26T09:57:11.343Z"}},{"iob":0.004,"basaliob":-0.044,"bolussnooze":0,"activity":2.0E-4,"lastBolusTime":1703570533000,"time":"2023-12-26T10:02:11.343Z","iobWithZeroTemp":{"iob":-0.638,"basaliob":-0.686,"bolussnooze":0,"activity":-0.0054,"lastBolusTime":1703570533000,"time":"2023-12-26T10:02:11.343Z"}},{"iob":0.003,"basaliob":-0.041,"bolussnooze":0,"activity":1.0E-4,"lastBolusTime":1703570533000,"time":"2023-12-26T10:07:11.343Z","iobWithZeroTemp":{"iob":-0.644,"basaliob":-0.688,"bolussnooze":0,"activity":-0.0056,"lastBolusTime":1703570533000,"time":"2023-12-26T10:07:11.343Z"}},{"iob":0.002,"basaliob":-0.038,"bolussnooze":0,"activity":1.0E-4,"lastBolusTime":1703570533000,"time":"2023-12-26T10:12:11.343Z","iobWithZeroTemp":{"iob":-0.649,"basaliob":-0.689,"bolussnooze":0,"activity":-0.0057,"lastBolusTime":1703570533000,"time":"2023-12-26T10:12:11.343Z"}},{"iob":0.001,"basaliob":-0.035,"bolussnooze":0,"activity":1.0E-4,"lastBolusTime":1703570533000,"time":"2023-12-26T10:17:11.343Z","iobWithZeroTemp":{"iob":-0.655,"basaliob":-0.691,"bolussnooze":0,"activity":-0.0057,"lastBolusTime":1703570533000,"time":"2023-12-26T10:17:11.343Z"}},{"iob":0.001,"basaliob":-0.032,"bolussnooze":0,"activity":1.0E-4,"lastBolusTime":1703570533000,"time":"2023-12-26T10:22:11.343Z","iobWithZeroTemp":{"iob":-0.659,"basaliob":-0.692,"bolussnooze":0,"activity":-0.0058,"lastBolusTime":1703570533000,"time":"2023-12-26T10:22:11.343Z"}},{"iob":0.001,"basaliob":-0.029,"bolussnooze":0,"activity":1.0E-4,"lastBolusTime":1703570533000,"time":"2023-12-26T10:27:11.343Z","iobWithZeroTemp":{"iob":-0.663,"basaliob":-0.693,"bolussnooze":0,"activity":-0.0058,"lastBolusTime":1703570533000,"time":"2023-12-26T10:27:11.343Z"}},{"iob":0,"basaliob":-0.027,"bolussnooze":0,"activity":0,"lastBolusTime":1703570533000,"time":"2023-12-26T10:32:11.343Z","iobWithZeroTemp":{"iob":-0.667,"basaliob":-0.694,"bolussnooze":0,"activity":-0.006,"lastBolusTime":1703570533000,"time":"2023-12-26T10:32:11.343Z"}},{"iob":0,"basaliob":-0.025,"bolussnooze":0,"activity":1.0E-4,"lastBolusTime":1703570533000,"time":"2023-12-26T10:37:11.343Z","iobWithZeroTemp":{"iob":-0.67,"basaliob":-0.695,"bolussnooze":0,"activity":-0.006,"lastBolusTime":1703570533000,"time":"2023-12-26T10:37:11.343Z"}},{"iob":0,"basaliob":-0.023,"bolussnooze":0,"activity":0,"lastBolusTime":1703570533000,"time":"2023-12-26T10:42:11.343Z","iobWithZeroTemp":{"iob":-0.673,"basaliob":-0.696,"bolussnooze":0,"activity":-0.0061,"lastBolusTime":1703570533000,"time":"2023-12-26T10:42:11.343Z"}},{"iob":-0.001,"basaliob":-0.021,"bolussnooze":0,"activity":0,"lastBolusTime":1703570533000,"time":"2023-12-26T10:47:11.343Z","iobWithZeroTemp":{"iob":-0.677,"basaliob":-0.697,"bolussnooze":0,"activity":-0.0061,"lastBolusTime":1703570533000,"time":"2023-12-26T10:47:11.343Z"}},{"iob":-0.001,"basaliob":-0.019,"bolussnooze":0,"activity":1.0E-4,"lastBolusTime":1703570533000,"time":"2023-12-26T10:52:11.343Z","iobWithZeroTemp":{"iob":-0.679,"basaliob":-0.697,"bolussnooze":0,"activity":-0.0061,"lastBolusTime":1703570533000,"time":"2023-12-26T10:52:11.343Z"}},{"iob":0,"basaliob":-0.017,"bolussnooze":0,"activity":0,"lastBolusTime":1703570533000,"time":"2023-12-26T10:57:11.343Z","iobWithZeroTemp":{"iob":-0.681,"basaliob":-0.698,"bolussnooze":0,"activity":-0.0062,"lastBolusTime":1703570533000,"time":"2023-12-26T10:57:11.343Z"}},{"iob":-0.001,"basaliob":-0.016,"bolussnooze":0,"activity":0,"lastBolusTime":1703570533000,"time":"2023-12-26T11:02:11.343Z","iobWithZeroTemp":{"iob":-0.684,"basaliob":-0.699,"bolussnooze":0,"activity":-0.0063,"lastBolusTime":1703570533000,"time":"2023-12-26T11:02:11.343Z"}}],"profile":{"max_iob":7,"type":"current","max_daily_basal":0.45,"max_basal":1.35,"min_bg":106.2,"max_bg":106.2,"target_bg":106.2,"carb_ratio":9,"sens":352.8,"max_daily_safety_multiplier":3,"current_basal_safety_multiplier":4,"lgsThreshold":65,"high_temptarget_raises_sensitivity":false,"low_temptarget_lowers_sensitivity":false,"sensitivity_raises_target":true,"resistance_lowers_target":true,"adv_target_adjustments":false,"exercise_mode":false,"half_basal_exercise_target":160,"maxCOB":120,"skip_neutral_temps":false,"remainingCarbsCap":90,"enableUAM":true,"A52_risk_enable":false,"SMBInterval":4,"enableSMB_with_COB":true,"enableSMB_with_temptarget":false,"allowSMB_with_high_temptarget":true,"enableSMB_always":true,"enableSMB_after_carbs":false,"maxSMBBasalMinutes":60,"maxUAMSMBBasalMinutes":60,"bolus_increment":0.05,"carbsReqThreshold":10,"current_basal":0.4,"temptargetSet":false,"autosens_max":1.2,"autosens_min":0.8,"out_units":"mmol\/L","variable_sens":157,"insulinDivisor":65,"TDD":10.112940565714288},"autosens_data":{"ratio":1.1261230655185963},"meal_data":{"carbs":0,"mealCOB":0,"slopeFromMaxDeviation":-0.711,"slopeFromMinDeviation":0.288,"lastBolusTime":1703570533000,"lastCarbTime":0},"microBolusAllowed":true,"currentTime":1703574434483,"flatBGsDetected":false,"tdd1D":33.75158333333334,"tdd7D":31.95839285714286,"tddLast24H":35.98908333333333,"tddLast4H":2.893333333333333,"tddLast8to4H":3.497416666666667},"output":{"temp":"absolute","bg":137,"tick":"+1","eventualBG":124,"targetBG":101,"insulinReq":0.06,"deliverAt":"2023-12-26T07:07:14.483Z","sensitivityRatio":1.1261230655185963,"variable_sens":157,"predBGs":{"IOB":[137,138,138,138,139,139,139,138,138,137,136,135,133,132,130,129,128,127,126,125,124,124,123,122,122,121,121,121,120,120,120,119,119,119,119,119,119,119,118],"ZT":[137,132,128,124,121,117,115,112,111,109,108,107,107,107,108,108],"UAM":[137,137,137,137,136,135,133,131,129,127,125,123,121,119,118,117,116,114,113,112,112,111,110,110,109,108,108,108,107,107,107,106,106,106,106,106,106,105]},"reason":"COB: 0, Dev: 1.9, BGI: -0.3, ISF: 8.7, CR: 9, Target: 5.6, minPredBG 6.2, minGuardBG 5.8, IOBpredBG 6.6, UAMpredBG 5.8; Eventual BG 6.9 >= 5.6,  insulinReq 0.06. temp 0.00 < 0.57U\/hr. ","COB":0,"IOB":0.299,"duration":30,"rate":0.5704492262074385,"timestamp":"2023-12-26T07:07:14.508Z"}}