{"algorithm":"OpenAPSSMBDynamicISFPlugin","input":{"glucoseStatus":{"glucose":191,"noise":0,"delta":-1,"short_avgdelta":-0.78,"long_avgdelta":1.43,"date":1703666509945},"currenttemp":{"temp":"absolute","duration":54,"rate":0,"minutesrunning":6},"iob_data":[{"iob":2.952,"basaliob":-0.59,"bolussnooze":0.0668,"activity":0.0264,"lastBolusTime":1703665663000,"time":"2023-12-27T08:43:22.214Z","iobWithZeroTemp":{"iob":2.952,"basaliob":-0.59,"bolussnooze":0.0668,"activity":0.0264,"lastBolusTime":1703665663000,"time":"2023-12-27T08:43:22.214Z"}},{"iob":2.819,"basaliob":-0.565,"bolussnooze":0.0565,"activity":0.0265,"lastBolusTime":1703665663000,"time":"2023-12-27T08:48:22.214Z","iobWithZeroTemp":{"iob":2.792,"basaliob":-0.592,"bolussnooze":0.0565,"activity":0.0265,"lastBolusTime":1703665663000,"time":"2023-12-27T08:48:22.214Z"}},{"iob":2.686,"basaliob":-0.54,"bolussnooze":0.0476,"activity":0.0264,"lastBolusTime":1703665663000,"time":"2023-12-27T08:53:22.214Z","iobWithZeroTemp":{"iob":2.626,"basaliob":-0.6,"bolussnooze":0.0476,"activity":0.0263,"lastBolusTime":1703665663000,"time":"2023-12-27T08:53:22.214Z"}},{"iob":2.554,"basaliob":-0.515,"bolussnooze":0.04,"activity":0.0261,"lastBolusTime":1703665663000,"time":"2023-12-27T08:58:22.214Z","iobWithZeroTemp":{"iob":2.462,"basaliob":-0.607,"bolussnooze":0.04,"activity":0.0259,"lastBolusTime":1703665663000,"time":"2023-12-27T08:58:22.214Z"}},{"iob":2.425,"basaliob":-0.489,"bolussnooze":0.0335,"activity":0.0257,"lastBolusTime":1703665663000,"time":"2023-12-27T09:03:22.214Z","iobWithZeroTemp":{"iob":2.3,"basaliob":-0.614,"bolussnooze":0.0335,"activity":0.0254,"lastBolusTime":1703665663000,"time":"2023-12-27T09:03:22.214Z"}},{"iob":2.297,"basaliob":-0.465,"bolussnooze":0.028,"activity":0.0252,"lastBolusTime":1703665663000,"time":"2023-12-27T09:08:22.214Z","iobWithZeroTemp":{"iob":2.141,"basaliob":-0.621,"bolussnooze":0.028,"activity":0.0247,"lastBolusTime":1703665663000,"time":"2023-12-27T09:08:22.214Z"}},{"iob":2.174,"basaliob":-0.44,"bolussnooze":0.0233,"activity":0.0245,"lastBolusTime":1703665663000,"time":"2023-12-27T09:13:22.214Z","iobWithZeroTemp":{"iob":1.988,"basaliob":-0.626,"bolussnooze":0.0233,"activity":0.0238,"lastBolusTime":1703665663000,"time":"2023-12-27T09:13:22.214Z"}},{"iob":2.053,"basaliob":-0.416,"bolussnooze":0.0193,"activity":0.0237,"lastBolusTime":1703665663000,"time":"2023-12-27T09:18:22.214Z","iobWithZeroTemp":{"iob":1.837,"basaliob":-0.632,"bolussnooze":0.0193,"activity":0.0228,"lastBolusTime":1703665663000,"time":"2023-12-27T09:18:22.214Z"}},{"iob":1.937,"basaliob":-0.393,"bolussnooze":0.016,"activity":0.0229,"lastBolusTime":1703665663000,"time":"2023-12-27T09:23:22.214Z","iobWithZeroTemp":{"iob":1.693,"basaliob":-0.637,"bolussnooze":0.016,"activity":0.0218,"lastBolusTime":1703665663000,"time":"2023-12-27T09:23:22.214Z"}},{"iob":1.824,"basaliob":-0.371,"bolussnooze":0.0132,"activity":0.0221,"lastBolusTime":1703665663000,"time":"2023-12-27T09:28:22.214Z","iobWithZeroTemp":{"iob":1.552,"basaliob":-0.643,"bolussnooze":0.0132,"activity":0.0208,"lastBolusTime":1703665663000,"time":"2023-12-27T09:28:22.214Z"}},{"iob":1.716,"basaliob":-0.349,"bolussnooze":0.0108,"activity":0.0212,"lastBolusTime":1703665663000,"time":"2023-12-27T09:33:22.214Z","iobWithZeroTemp":{"iob":1.418,"basaliob":-0.647,"bolussnooze":0.0108,"activity":0.0197,"lastBolusTime":1703665663000,"time":"2023-12-27T09:33:22.214Z"}},{"iob":1.611,"basaliob":-0.329,"bolussnooze":0.0088,"activity":0.0203,"lastBolusTime":1703665663000,"time":"2023-12-27T09:38:22.214Z","iobWithZeroTemp":{"iob":1.288,"basaliob":-0.652,"bolussnooze":0.0088,"activity":0.0185,"lastBolusTime":1703665663000,"time":"2023-12-27T09:38:22.214Z"}},{"iob":1.512,"basaliob":-0.309,"bolussnooze":0.0072,"activity":0.0194,"lastBolusTime":1703665663000,"time":"2023-12-27T09:43:22.214Z","iobWithZeroTemp":{"iob":1.165,"basaliob":-0.656,"bolussnooze":0.0072,"activity":0.0174,"lastBolusTime":1703665663000,"time":"2023-12-27T09:43:22.214Z"}},{"iob":1.417,"basaliob":-0.29,"bolussnooze":0.0058,"activity":0.0185,"lastBolusTime":1703665663000,"time":"2023-12-27T09:48:22.214Z","iobWithZeroTemp":{"iob":1.047,"basaliob":-0.66,"bolussnooze":0.0058,"activity":0.0163,"lastBolusTime":1703665663000,"time":"2023-12-27T09:48:22.214Z"}},{"iob":1.328,"basaliob":-0.271,"bolussnooze":0.0046,"activity":0.0176,"lastBolusTime":1703665663000,"time":"2023-12-27T09:53:22.214Z","iobWithZeroTemp":{"iob":0.937,"basaliob":-0.662,"bolussnooze":0.0046,"activity":0.0152,"lastBolusTime":1703665663000,"time":"2023-12-27T09:53:22.214Z"}},{"iob":1.242,"basaliob":-0.254,"bolussnooze":0.0037,"activity":0.0167,"lastBolusTime":1703665663000,"time":"2023-12-27T09:58:22.214Z","iobWithZeroTemp":{"iob":0.83,"basaliob":-0.666,"bolussnooze":0.0037,"activity":0.014,"lastBolusTime":1703665663000,"time":"2023-12-27T09:58:22.214Z"}},{"iob":1.16,"basaliob":-0.238,"bolussnooze":0.0029,"activity":0.0158,"lastBolusTime":1703665663000,"time":"2023-12-27T10:03:22.214Z","iobWithZeroTemp":{"iob":0.729,"basaliob":-0.669,"bolussnooze":0.0029,"activity":0.0129,"lastBolusTime":1703665663000,"time":"2023-12-27T10:03:22.214Z"}},{"iob":1.083,"basaliob":-0.222,"bolussnooze":0.0023,"activity":0.015,"lastBolusTime":1703665663000,"time":"2023-12-27T10:08:22.214Z","iobWithZeroTemp":{"iob":0.633,"basaliob":-0.672,"bolussnooze":0.0023,"activity":0.0119,"lastBolusTime":1703665663000,"time":"2023-12-27T10:08:22.214Z"}},{"iob":1.011,"basaliob":-0.207,"bolussnooze":0.0018,"activity":0.0141,"lastBolusTime":1703665663000,"time":"2023-12-27T10:13:22.214Z","iobWithZeroTemp":{"iob":0.544,"basaliob":-0.674,"bolussnooze":0.0018,"activity":0.0108,"lastBolusTime":1703665663000,"time":"2023-12-27T10:13:22.214Z"}},{"iob":0.942,"basaliob":-0.193,"bolussnooze":0.0014,"activity":0.0134,"lastBolusTime":1703665663000,"time":"2023-12-27T10:18:22.214Z","iobWithZeroTemp":{"iob":0.458,"basaliob":-0.677,"bolussnooze":0.0014,"activity":0.0099,"lastBolusTime":1703665663000,"time":"2023-12-27T10:18:22.214Z"}},{"iob":0.877,"basaliob":-0.18,"bolussnooze":0.001,"activity":0.0125,"lastBolusTime":1703665663000,"time":"2023-12-27T10:23:22.214Z","iobWithZeroTemp":{"iob":0.378,"basaliob":-0.679,"bolussnooze":0.001,"activity":0.0088,"lastBolusTime":1703665663000,"time":"2023-12-27T10:23:22.214Z"}},{"iob":0.816,"basaliob":-0.168,"bolussnooze":8.0E-4,"activity":0.0119,"lastBolusTime":1703665663000,"time":"2023-12-27T10:28:22.214Z","iobWithZeroTemp":{"iob":0.302,"basaliob":-0.682,"bolussnooze":8.0E-4,"activity":0.008,"lastBolusTime":1703665663000,"time":"2023-12-27T10:28:22.214Z"}},{"iob":0.758,"basaliob":-0.156,"bolussnooze":6.0E-4,"activity":0.0111,"lastBolusTime":1703665663000,"time":"2023-12-27T10:33:22.214Z","iobWithZeroTemp":{"iob":0.231,"basaliob":-0.683,"bolussnooze":6.0E-4,"activity":0.0071,"lastBolusTime":1703665663000,"time":"2023-12-27T10:33:22.214Z"}},{"iob":0.704,"basaliob":-0.145,"bolussnooze":4.0E-4,"activity":0.0105,"lastBolusTime":1703665663000,"time":"2023-12-27T10:38:22.214Z","iobWithZeroTemp":{"iob":0.164,"basaliob":-0.685,"bolussnooze":4.0E-4,"activity":0.0063,"lastBolusTime":1703665663000,"time":"2023-12-27T10:38:22.214Z"}},{"iob":0.653,"basaliob":-0.135,"bolussnooze":3.0E-4,"activity":0.0098,"lastBolusTime":1703665663000,"time":"2023-12-27T10:43:22.214Z","iobWithZeroTemp":{"iob":0.101,"basaliob":-0.687,"bolussnooze":3.0E-4,"activity":0.0055,"lastBolusTime":1703665663000,"time":"2023-12-27T10:43:22.214Z"}},{"iob":0.606,"basaliob":-0.125,"bolussnooze":2.0E-4,"activity":0.0092,"lastBolusTime":1703665663000,"time":"2023-12-27T10:48:22.214Z","iobWithZeroTemp":{"iob":0.043,"basaliob":-0.688,"bolussnooze":2.0E-4,"activity":0.0047,"lastBolusTime":1703665663000,"time":"2023-12-27T10:48:22.214Z"}},{"iob":0.562,"basaliob":-0.116,"bolussnooze":1.0E-4,"activity":0.0086,"lastBolusTime":1703665663000,"time":"2023-12-27T10:53:22.214Z","iobWithZeroTemp":{"iob":-0.012,"basaliob":-0.69,"bolussnooze":1.0E-4,"activity":0.004,"lastBolusTime":1703665663000,"time":"2023-12-27T10:53:22.214Z"}},{"iob":0.521,"basaliob":-0.107,"bolussnooze":1.0E-4,"activity":0.0081,"lastBolusTime":1703665663000,"time":"2023-12-27T10:58:22.214Z","iobWithZeroTemp":{"iob":-0.063,"basaliob":-0.691,"bolussnooze":1.0E-4,"activity":0.0033,"lastBolusTime":1703665663000,"time":"2023-12-27T10:58:22.214Z"}},{"iob":0.482,"basaliob":-0.099,"bolussnooze":0,"activity":0.0075,"lastBolusTime":1703665663000,"time":"2023-12-27T11:03:22.214Z","iobWithZeroTemp":{"iob":-0.111,"basaliob":-0.692,"bolussnooze":0,"activity":0.0026,"lastBolusTime":1703665663000,"time":"2023-12-27T11:03:22.214Z"}},{"iob":0.445,"basaliob":-0.092,"bolussnooze":0,"activity":0.007,"lastBolusTime":1703665663000,"time":"2023-12-27T11:08:22.214Z","iobWithZeroTemp":{"iob":-0.156,"basaliob":-0.693,"bolussnooze":0,"activity":0.002,"lastBolusTime":1703665663000,"time":"2023-12-27T11:08:22.214Z"}},{"iob":0.411,"basaliob":-0.085,"bolussnooze":0,"activity":0.0066,"lastBolusTime":1703665663000,"time":"2023-12-27T11:13:22.214Z","iobWithZeroTemp":{"iob":-0.198,"basaliob":-0.694,"bolussnooze":0,"activity":0.0015,"lastBolusTime":1703665663000,"time":"2023-12-27T11:13:22.214Z"}},{"iob":0.379,"basaliob":-0.079,"bolussnooze":0,"activity":0.006,"lastBolusTime":1703665663000,"time":"2023-12-27T11:18:22.214Z","iobWithZeroTemp":{"iob":-0.238,"basaliob":-0.696,"bolussnooze":0,"activity":8.0E-4,"lastBolusTime":1703665663000,"time":"2023-12-27T11:18:22.214Z"}},{"iob":0.35,"basaliob":-0.073,"bolussnooze":0,"activity":0.0056,"lastBolusTime":1703665663000,"time":"2023-12-27T11:23:22.214Z","iobWithZeroTemp":{"iob":-0.274,"basaliob":-0.697,"bolussnooze":0,"activity":3.0E-4,"lastBolusTime":1703665663000,"time":"2023-12-27T11:23:22.214Z"}},{"iob":0.323,"basaliob":-0.067,"bolussnooze":0,"activity":0.0053,"lastBolusTime":1703665663000,"time":"2023-12-27T11:28:22.214Z","iobWithZeroTemp":{"iob":-0.307,"basaliob":-0.697,"bolussnooze":0,"activity":-1.0E-4,"lastBolusTime":1703665663000,"time":"2023-12-27T11:28:22.214Z"}},{"iob":0.297,"basaliob":-0.062,"bolussnooze":0,"activity":0.0049,"lastBolusTime":1703665663000,"time":"2023-12-27T11:33:22.214Z","iobWithZeroTemp":{"iob":-0.339,"basaliob":-0.698,"bolussnooze":0,"activity":-6.0E-4,"lastBolusTime":1703665663000,"time":"2023-12-27T11:33:22.214Z"}},{"iob":0.274,"basaliob":-0.057,"bolussnooze":0,"activity":0.0046,"lastBolusTime":1703665663000,"time":"2023-12-27T11:38:22.214Z","iobWithZeroTemp":{"iob":-0.368,"basaliob":-0.699,"bolussnooze":0,"activity":-0.001,"lastBolusTime":1703665663000,"time":"2023-12-27T11:38:22.214Z"}},{"iob":0.253,"basaliob":-0.052,"bolussnooze":0,"activity":0.0042,"lastBolusTime":1703665663000,"time":"2023-12-27T11:43:22.214Z","iobWithZeroTemp":{"iob":-0.394,"basaliob":-0.699,"bolussnooze":0,"activity":-0.0015,"lastBolusTime":1703665663000,"time":"2023-12-27T11:43:22.214Z"}},{"iob":0.232,"basaliob":-0.048,"bolussnooze":0,"activity":0.0039,"lastBolusTime":1703665663000,"time":"2023-12-27T11:48:22.214Z","iobWithZeroTemp":{"iob":-0.419,"basaliob":-0.699,"bolussnooze":0,"activity":-0.0019,"lastBolusTime":1703665663000,"time":"2023-12-27T11:48:22.214Z"}},{"iob":0.213,"basaliob":-0.044,"bolussnooze":0,"activity":0.0037,"lastBolusTime":1703665663000,"time":"2023-12-27T11:53:22.214Z","iobWithZeroTemp":{"iob":-0.443,"basaliob":-0.7,"bolussnooze":0,"activity":-0.0021,"lastBolusTime":1703665663000,"time":"2023-12-27T11:53:22.214Z"}},{"iob":0.195,"basaliob":-0.041,"bolussnooze":0,"activity":0.0034,"lastBolusTime":1703665663000,"time":"2023-12-27T11:58:22.214Z","iobWithZeroTemp":{"iob":-0.465,"basaliob":-0.701,"bolussnooze":0,"activity":-0.0025,"lastBolusTime":1703665663000,"time":"2023-12-27T11:58:22.214Z"}},{"iob":0.18,"basaliob":-0.037,"bolussnooze":0,"activity":0.0031,"lastBolusTime":1703665663000,"time":"2023-12-27T12:03:22.214Z","iobWithZeroTemp":{"iob":-0.484,"basaliob":-0.701,"bolussnooze":0,"activity":-0.0028,"lastBolusTime":1703665663000,"time":"2023-12-27T12:03:22.214Z"}},{"iob":0.165,"basaliob":-0.034,"bolussnooze":0,"activity":0.0029,"lastBolusTime":1703665663000,"time":"2023-12-27T12:08:22.214Z","iobWithZeroTemp":{"iob":-0.502,"basaliob":-0.701,"bolussnooze":0,"activity":-0.0031,"lastBolusTime":1703665663000,"time":"2023-12-27T12:08:22.214Z"}},{"iob":0.151,"basaliob":-0.031,"bolussnooze":0,"activity":0.0027,"lastBolusTime":1703665663000,"time":"2023-12-27T12:13:22.214Z","iobWithZeroTemp":{"iob":-0.519,"basaliob":-0.701,"bolussnooze":0,"activity":-0.0034,"lastBolusTime":1703665663000,"time":"2023-12-27T12:13:22.214Z"}},{"iob":0.138,"basaliob":-0.029,"bolussnooze":0,"activity":0.0025,"lastBolusTime":1703665663000,"time":"2023-12-27T12:18:22.214Z","iobWithZeroTemp":{"iob":-0.535,"basaliob":-0.702,"bolussnooze":0,"activity":-0.0036,"lastBolusTime":1703665663000,"time":"2023-12-27T12:18:22.214Z"}},{"iob":0.127,"basaliob":-0.026,"bolussnooze":0,"activity":0.0022,"lastBolusTime":1703665663000,"time":"2023-12-27T12:23:22.214Z","iobWithZeroTemp":{"iob":-0.549,"basaliob":-0.702,"bolussnooze":0,"activity":-0.0039,"lastBolusTime":1703665663000,"time":"2023-12-27T12:23:22.214Z"}},{"iob":0.115,"basaliob":-0.024,"bolussnooze":0,"activity":0.0021,"lastBolusTime":1703665663000,"time":"2023-12-27T12:28:22.214Z","iobWithZeroTemp":{"iob":-0.563,"basaliob":-0.702,"bolussnooze":0,"activity":-0.0041,"lastBolusTime":1703665663000,"time":"2023-12-27T12:28:22.214Z"}},{"iob":0.105,"basaliob":-0.022,"bolussnooze":0,"activity":0.0019,"lastBolusTime":1703665663000,"time":"2023-12-27T12:33:22.214Z","iobWithZeroTemp":{"iob":-0.576,"basaliob":-0.703,"bolussnooze":0,"activity":-0.0043,"lastBolusTime":1703665663000,"time":"2023-12-27T12:33:22.214Z"}},{"iob":0.096,"basaliob":-0.02,"bolussnooze":0,"activity":0.0017,"lastBolusTime":1703665663000,"time":"2023-12-27T12:38:22.214Z","iobWithZeroTemp":{"iob":-0.587,"basaliob":-0.703,"bolussnooze":0,"activity":-0.0046,"lastBolusTime":1703665663000,"time":"2023-12-27T12:38:22.214Z"}}],"profile":{"max_iob":7,"type":"current","max_daily_basal":0.45,"max_basal":1.35,"min_bg":81.0000000000001,"max_bg":81.0000000000001,"target_bg":81.0000000000001,"carb_ratio":9,"sens":352.8,"max_daily_safety_multiplier":3,"current_basal_safety_multiplier":4,"lgsThreshold":65,"high_temptarget_raises_sensitivity":false,"low_temptarget_lowers_sensitivity":false,"sensitivity_raises_target":true,"resistance_lowers_target":true,"adv_target_adjustments":false,"exercise_mode":false,"half_basal_exercise_target":160,"maxCOB":120,"skip_neutral_temps":false,"remainingCarbsCap":90,"enableUAM":true,"A52_risk_enable":false,"SMBInterval":4,"enableSMB_with_COB":true,"enableSMB_with_temptarget":false,"allowSMB_with_high_temptarget":true,"enableSMB_always":true,"enableSMB_after_carbs":false,"maxSMBBasalMinutes":60,"maxUAMSMBBasalMinutes":60,"bolus_increment":0.05,"carbsReqThreshold":10,"current_basal":0.4,"temptargetSet":true,"autosens_max":1.2,"autosens_min":0.8,"out_units":"mmol\/L","variable_sens":125.7,"insulinDivisor":65,"TDD":10.446422208333335},"autosens_data":{"ratio":0.9321876589750895},"meal_data":{"carbs":50,"mealCOB":33.64255102040816,"slopeFromMaxDeviation":-0.11800000000000212,"slopeFromMinDeviation":1.7225999999999997,"lastBolusTime":1703665663000,"lastCarbTime":1703664875000},"microBolusAllowed":true,"currentTime":1703666603905,"flatBGsDetected":false,"tdd1D":30.685750000000006,"tdd7D":32.38752380952381,"tddLast24H":30.191249999999975,"tddLast4H":5.886666666666666,"tddLast8to4H":0.9258333333333333},"output":{"temp":"absolute","bg":191,"tick":-1,"eventualBG":286,"targetBG":81.0000000000001,"insulinReq":0,"deliverAt":"2023-12-27T08:43:23.905Z","sensitivityRatio":0.9321876589750895,"variable_sens":125.7,"predBGs":{"IOB":[191,189,185,180,173,165,156,145,133,119,103,86,65,40,39],"ZT":[191,174,157,138,119,98,75,48,39,39,39,39,39,39,39,39,39,39,39,39,39,39,39,39,39,39,39,39,39,39,39,39,39,39,39,39,39,39,39,39,39,39,39,39,39,39,39,39],"COB":[191,190,189,187,186,184,183,183,182,182,182,183,184,186,188,190,193,196,200,204,208,213,218,223,229,234,239,244,249,254,258,262,266,270,273,276,279,282,284,286,287,288,289,289,289,289,288,286],"UAM":[191,189,187,184,181,177,173,168,163,158,152,146,140,134,127,120,113,105,97,88,79,69,57,45,39]},"reason":"COB: 33.6, Dev: 5.2, BGI: -0.9, ISF: 7.0, CR: 9, Target: 4.5, minPredBG 7.3, minGuardBG 3.4, IOBpredBG 2.2, COBpredBG 15.9, UAMpredBG 2.2; minGuardBG 3.4<3.6 54m left and 0 ~ req 0U\/hr: no temp required","COB":33.64255102040816,"IOB":2.952,"timestamp":"2023-12-27T08:43:23.929Z"}}