{"algorithm":"OpenAPSSMBDynamicISFPlugin","input":{"glucoseStatus":{"glucose":100,"noise":0,"delta":-2,"short_avgdelta":-1.22,"long_avgdelta":-0.32,"date":1703658711082},"currenttemp":{"temp":"absolute","duration":25,"rate":0.32,"minutesrunning":5},"iob_data":[{"iob":-0.142,"basaliob":-0.232,"bolussnooze":0,"activity":-0.0019,"lastBolusTime":1703656649000,"time":"2023-12-27T06:32:21.357Z","iobWithZeroTemp":{"iob":-0.142,"basaliob":-0.232,"bolussnooze":0,"activity":-0.0019,"lastBolusTime":1703656649000,"time":"2023-12-27T06:32:21.357Z"}},{"iob":-0.133,"basaliob":-0.219,"bolussnooze":0,"activity":-0.0019,"lastBolusTime":1703656649000,"time":"2023-12-27T06:37:21.357Z","iobWithZeroTemp":{"iob":-0.16,"basaliob":-0.246,"bolussnooze":0,"activity":-0.0019,"lastBolusTime":1703656649000,"time":"2023-12-27T06:37:21.357Z"}},{"iob":-0.124,"basaliob":-0.206,"bolussnooze":0,"activity":-0.0017,"lastBolusTime":1703656649000,"time":"2023-12-27T06:42:21.357Z","iobWithZeroTemp":{"iob":-0.184,"basaliob":-0.266,"bolussnooze":0,"activity":-0.0018,"lastBolusTime":1703656649000,"time":"2023-12-27T06:42:21.357Z"}},{"iob":-0.115,"basaliob":-0.194,"bolussnooze":0,"activity":-0.0016,"lastBolusTime":1703656649000,"time":"2023-12-27T06:47:21.357Z","iobWithZeroTemp":{"iob":-0.207,"basaliob":-0.286,"bolussnooze":0,"activity":-0.0018,"lastBolusTime":1703656649000,"time":"2023-12-27T06:47:21.357Z"}},{"iob":-0.107,"basaliob":-0.182,"bolussnooze":0,"activity":-0.0015,"lastBolusTime":1703656649000,"time":"2023-12-27T06:52:21.357Z","iobWithZeroTemp":{"iob":-0.232,"basaliob":-0.307,"bolussnooze":0,"activity":-0.0018,"lastBolusTime":1703656649000,"time":"2023-12-27T06:52:21.357Z"}},{"iob":-0.1,"basaliob":-0.171,"bolussnooze":0,"activity":-0.0015,"lastBolusTime":1703656649000,"time":"2023-12-27T06:57:21.357Z","iobWithZeroTemp":{"iob":-0.256,"basaliob":-0.327,"bolussnooze":0,"activity":-0.002,"lastBolusTime":1703656649000,"time":"2023-12-27T06:57:21.357Z"}},{"iob":-0.094,"basaliob":-0.161,"bolussnooze":0,"activity":-0.0014,"lastBolusTime":1703656649000,"time":"2023-12-27T07:02:21.357Z","iobWithZeroTemp":{"iob":-0.28,"basaliob":-0.347,"bolussnooze":0,"activity":-0.0021,"lastBolusTime":1703656649000,"time":"2023-12-27T07:02:21.357Z"}},{"iob":-0.086,"basaliob":-0.15,"bolussnooze":0,"activity":-0.0013,"lastBolusTime":1703656649000,"time":"2023-12-27T07:07:21.357Z","iobWithZeroTemp":{"iob":-0.302,"basaliob":-0.366,"bolussnooze":0,"activity":-0.0022,"lastBolusTime":1703656649000,"time":"2023-12-27T07:07:21.357Z"}},{"iob":-0.081,"basaliob":-0.141,"bolussnooze":0,"activity":-0.0012,"lastBolusTime":1703656649000,"time":"2023-12-27T07:12:21.357Z","iobWithZeroTemp":{"iob":-0.325,"basaliob":-0.385,"bolussnooze":0,"activity":-0.0023,"lastBolusTime":1703656649000,"time":"2023-12-27T07:12:21.357Z"}},{"iob":-0.075,"basaliob":-0.132,"bolussnooze":0,"activity":-0.0011,"lastBolusTime":1703656649000,"time":"2023-12-27T07:17:21.357Z","iobWithZeroTemp":{"iob":-0.347,"basaliob":-0.404,"bolussnooze":0,"activity":-0.0024,"lastBolusTime":1703656649000,"time":"2023-12-27T07:17:21.357Z"}},{"iob":-0.069,"basaliob":-0.123,"bolussnooze":0,"activity":-0.0011,"lastBolusTime":1703656649000,"time":"2023-12-27T07:22:21.357Z","iobWithZeroTemp":{"iob":-0.367,"basaliob":-0.421,"bolussnooze":0,"activity":-0.0026,"lastBolusTime":1703656649000,"time":"2023-12-27T07:22:21.357Z"}},{"iob":-0.064,"basaliob":-0.115,"bolussnooze":0,"activity":-0.001,"lastBolusTime":1703656649000,"time":"2023-12-27T07:27:21.357Z","iobWithZeroTemp":{"iob":-0.387,"basaliob":-0.438,"bolussnooze":0,"activity":-0.0028,"lastBolusTime":1703656649000,"time":"2023-12-27T07:27:21.357Z"}},{"iob":-0.059,"basaliob":-0.107,"bolussnooze":0,"activity":-9.0E-4,"lastBolusTime":1703656649000,"time":"2023-12-27T07:32:21.357Z","iobWithZeroTemp":{"iob":-0.406,"basaliob":-0.454,"bolussnooze":0,"activity":-0.0029,"lastBolusTime":1703656649000,"time":"2023-12-27T07:32:21.357Z"}},{"iob":-0.055,"basaliob":-0.1,"bolussnooze":0,"activity":-8.0E-4,"lastBolusTime":1703656649000,"time":"2023-12-27T07:37:21.357Z","iobWithZeroTemp":{"iob":-0.425,"basaliob":-0.47,"bolussnooze":0,"activity":-0.003,"lastBolusTime":1703656649000,"time":"2023-12-27T07:37:21.357Z"}},{"iob":-0.051,"basaliob":-0.093,"bolussnooze":0,"activity":-8.0E-4,"lastBolusTime":1703656649000,"time":"2023-12-27T07:42:21.357Z","iobWithZeroTemp":{"iob":-0.442,"basaliob":-0.484,"bolussnooze":0,"activity":-0.0032,"lastBolusTime":1703656649000,"time":"2023-12-27T07:42:21.357Z"}},{"iob":-0.047,"basaliob":-0.086,"bolussnooze":0,"activity":-8.0E-4,"lastBolusTime":1703656649000,"time":"2023-12-27T07:47:21.357Z","iobWithZeroTemp":{"iob":-0.459,"basaliob":-0.498,"bolussnooze":0,"activity":-0.0035,"lastBolusTime":1703656649000,"time":"2023-12-27T07:47:21.357Z"}},{"iob":-0.043,"basaliob":-0.08,"bolussnooze":0,"activity":-7.0E-4,"lastBolusTime":1703656649000,"time":"2023-12-27T07:52:21.357Z","iobWithZeroTemp":{"iob":-0.474,"basaliob":-0.511,"bolussnooze":0,"activity":-0.0036,"lastBolusTime":1703656649000,"time":"2023-12-27T07:52:21.357Z"}},{"iob":-0.04,"basaliob":-0.074,"bolussnooze":0,"activity":-6.0E-4,"lastBolusTime":1703656649000,"time":"2023-12-27T07:57:21.357Z","iobWithZeroTemp":{"iob":-0.49,"basaliob":-0.524,"bolussnooze":0,"activity":-0.0037,"lastBolusTime":1703656649000,"time":"2023-12-27T07:57:21.357Z"}},{"iob":-0.037,"basaliob":-0.069,"bolussnooze":0,"activity":-6.0E-4,"lastBolusTime":1703656649000,"time":"2023-12-27T08:02:21.357Z","iobWithZeroTemp":{"iob":-0.504,"basaliob":-0.536,"bolussnooze":0,"activity":-0.0039,"lastBolusTime":1703656649000,"time":"2023-12-27T08:02:21.357Z"}},{"iob":-0.034,"basaliob":-0.064,"bolussnooze":0,"activity":-6.0E-4,"lastBolusTime":1703656649000,"time":"2023-12-27T08:07:21.357Z","iobWithZeroTemp":{"iob":-0.518,"basaliob":-0.548,"bolussnooze":0,"activity":-0.0041,"lastBolusTime":1703656649000,"time":"2023-12-27T08:07:21.357Z"}},{"iob":-0.031,"basaliob":-0.059,"bolussnooze":0,"activity":-5.0E-4,"lastBolusTime":1703656649000,"time":"2023-12-27T08:12:21.357Z","iobWithZeroTemp":{"iob":-0.53,"basaliob":-0.558,"bolussnooze":0,"activity":-0.0042,"lastBolusTime":1703656649000,"time":"2023-12-27T08:12:21.357Z"}},{"iob":-0.029,"basaliob":-0.055,"bolussnooze":0,"activity":-5.0E-4,"lastBolusTime":1703656649000,"time":"2023-12-27T08:17:21.357Z","iobWithZeroTemp":{"iob":-0.543,"basaliob":-0.569,"bolussnooze":0,"activity":-0.0044,"lastBolusTime":1703656649000,"time":"2023-12-27T08:17:21.357Z"}},{"iob":-0.027,"basaliob":-0.051,"bolussnooze":0,"activity":-5.0E-4,"lastBolusTime":1703656649000,"time":"2023-12-27T08:22:21.357Z","iobWithZeroTemp":{"iob":-0.554,"basaliob":-0.578,"bolussnooze":0,"activity":-0.0045,"lastBolusTime":1703656649000,"time":"2023-12-27T08:22:21.357Z"}},{"iob":-0.024,"basaliob":-0.047,"bolussnooze":0,"activity":-4.0E-4,"lastBolusTime":1703656649000,"time":"2023-12-27T08:27:21.357Z","iobWithZeroTemp":{"iob":-0.564,"basaliob":-0.587,"bolussnooze":0,"activity":-0.0046,"lastBolusTime":1703656649000,"time":"2023-12-27T08:27:21.357Z"}},{"iob":-0.022,"basaliob":-0.043,"bolussnooze":0,"activity":-4.0E-4,"lastBolusTime":1703656649000,"time":"2023-12-27T08:32:21.357Z","iobWithZeroTemp":{"iob":-0.574,"basaliob":-0.595,"bolussnooze":0,"activity":-0.0047,"lastBolusTime":1703656649000,"time":"2023-12-27T08:32:21.357Z"}},{"iob":-0.021,"basaliob":-0.04,"bolussnooze":0,"activity":-3.0E-4,"lastBolusTime":1703656649000,"time":"2023-12-27T08:37:21.357Z","iobWithZeroTemp":{"iob":-0.584,"basaliob":-0.603,"bolussnooze":0,"activity":-0.0048,"lastBolusTime":1703656649000,"time":"2023-12-27T08:37:21.357Z"}},{"iob":-0.019,"basaliob":-0.037,"bolussnooze":0,"activity":-3.0E-4,"lastBolusTime":1703656649000,"time":"2023-12-27T08:42:21.357Z","iobWithZeroTemp":{"iob":-0.593,"basaliob":-0.611,"bolussnooze":0,"activity":-0.0049,"lastBolusTime":1703656649000,"time":"2023-12-27T08:42:21.357Z"}},{"iob":-0.017,"basaliob":-0.034,"bolussnooze":0,"activity":-3.0E-4,"lastBolusTime":1703656649000,"time":"2023-12-27T08:47:21.357Z","iobWithZeroTemp":{"iob":-0.601,"basaliob":-0.618,"bolussnooze":0,"activity":-0.0051,"lastBolusTime":1703656649000,"time":"2023-12-27T08:47:21.357Z"}},{"iob":-0.016,"basaliob":-0.031,"bolussnooze":0,"activity":-3.0E-4,"lastBolusTime":1703656649000,"time":"2023-12-27T08:52:21.357Z","iobWithZeroTemp":{"iob":-0.609,"basaliob":-0.624,"bolussnooze":0,"activity":-0.0052,"lastBolusTime":1703656649000,"time":"2023-12-27T08:52:21.357Z"}},{"iob":-0.015,"basaliob":-0.029,"bolussnooze":0,"activity":-3.0E-4,"lastBolusTime":1703656649000,"time":"2023-12-27T08:57:21.357Z","iobWithZeroTemp":{"iob":-0.616,"basaliob":-0.63,"bolussnooze":0,"activity":-0.0053,"lastBolusTime":1703656649000,"time":"2023-12-27T08:57:21.357Z"}},{"iob":-0.013,"basaliob":-0.026,"bolussnooze":0,"activity":-2.0E-4,"lastBolusTime":1703656649000,"time":"2023-12-27T09:02:21.357Z","iobWithZeroTemp":{"iob":-0.622,"basaliob":-0.635,"bolussnooze":0,"activity":-0.0053,"lastBolusTime":1703656649000,"time":"2023-12-27T09:02:21.357Z"}},{"iob":-0.012,"basaliob":-0.024,"bolussnooze":0,"activity":-2.0E-4,"lastBolusTime":1703656649000,"time":"2023-12-27T09:07:21.357Z","iobWithZeroTemp":{"iob":-0.629,"basaliob":-0.641,"bolussnooze":0,"activity":-0.0054,"lastBolusTime":1703656649000,"time":"2023-12-27T09:07:21.357Z"}},{"iob":-0.011,"basaliob":-0.022,"bolussnooze":0,"activity":-2.0E-4,"lastBolusTime":1703656649000,"time":"2023-12-27T09:12:21.357Z","iobWithZeroTemp":{"iob":-0.635,"basaliob":-0.646,"bolussnooze":0,"activity":-0.0055,"lastBolusTime":1703656649000,"time":"2023-12-27T09:12:21.357Z"}},{"iob":-0.01,"basaliob":-0.02,"bolussnooze":0,"activity":-2.0E-4,"lastBolusTime":1703656649000,"time":"2023-12-27T09:17:21.357Z","iobWithZeroTemp":{"iob":-0.64,"basaliob":-0.65,"bolussnooze":0,"activity":-0.0056,"lastBolusTime":1703656649000,"time":"2023-12-27T09:17:21.357Z"}},{"iob":-0.009,"basaliob":-0.019,"bolussnooze":0,"activity":-1.0E-4,"lastBolusTime":1703656649000,"time":"2023-12-27T09:22:21.357Z","iobWithZeroTemp":{"iob":-0.645,"basaliob":-0.655,"bolussnooze":0,"activity":-0.0056,"lastBolusTime":1703656649000,"time":"2023-12-27T09:22:21.357Z"}},{"iob":-0.008,"basaliob":-0.017,"bolussnooze":0,"activity":-2.0E-4,"lastBolusTime":1703656649000,"time":"2023-12-27T09:27:21.357Z","iobWithZeroTemp":{"iob":-0.65,"basaliob":-0.659,"bolussnooze":0,"activity":-0.0058,"lastBolusTime":1703656649000,"time":"2023-12-27T09:27:21.357Z"}},{"iob":-0.008,"basaliob":-0.016,"bolussnooze":0,"activity":-2.0E-4,"lastBolusTime":1703656649000,"time":"2023-12-27T09:32:21.357Z","iobWithZeroTemp":{"iob":-0.655,"basaliob":-0.663,"bolussnooze":0,"activity":-0.0059,"lastBolusTime":1703656649000,"time":"2023-12-27T09:32:21.357Z"}},{"iob":-0.006,"basaliob":-0.014,"bolussnooze":0,"activity":-2.0E-4,"lastBolusTime":1703656649000,"time":"2023-12-27T09:37:21.357Z","iobWithZeroTemp":{"iob":-0.657,"basaliob":-0.665,"bolussnooze":0,"activity":-0.006,"lastBolusTime":1703656649000,"time":"2023-12-27T09:37:21.357Z"}},{"iob":-0.006,"basaliob":-0.013,"bolussnooze":0,"activity":-1.0E-4,"lastBolusTime":1703656649000,"time":"2023-12-27T09:42:21.357Z","iobWithZeroTemp":{"iob":-0.662,"basaliob":-0.669,"bolussnooze":0,"activity":-0.0059,"lastBolusTime":1703656649000,"time":"2023-12-27T09:42:21.357Z"}},{"iob":-0.006,"basaliob":-0.012,"bolussnooze":0,"activity":-1.0E-4,"lastBolusTime":1703656649000,"time":"2023-12-27T09:47:21.357Z","iobWithZeroTemp":{"iob":-0.666,"basaliob":-0.672,"bolussnooze":0,"activity":-0.006,"lastBolusTime":1703656649000,"time":"2023-12-27T09:47:21.357Z"}},{"iob":-0.005,"basaliob":-0.011,"bolussnooze":0,"activity":-1.0E-4,"lastBolusTime":1703656649000,"time":"2023-12-27T09:52:21.357Z","iobWithZeroTemp":{"iob":-0.669,"basaliob":-0.675,"bolussnooze":0,"activity":-0.006,"lastBolusTime":1703656649000,"time":"2023-12-27T09:52:21.357Z"}},{"iob":-0.005,"basaliob":-0.01,"bolussnooze":0,"activity":-1.0E-4,"lastBolusTime":1703656649000,"time":"2023-12-27T09:57:21.357Z","iobWithZeroTemp":{"iob":-0.672,"basaliob":-0.677,"bolussnooze":0,"activity":-0.0061,"lastBolusTime":1703656649000,"time":"2023-12-27T09:57:21.357Z"}},{"iob":-0.004,"basaliob":-0.009,"bolussnooze":0,"activity":-1.0E-4,"lastBolusTime":1703656649000,"time":"2023-12-27T10:02:21.357Z","iobWithZeroTemp":{"iob":-0.674,"basaliob":-0.679,"bolussnooze":0,"activity":-0.0062,"lastBolusTime":1703656649000,"time":"2023-12-27T10:02:21.357Z"}},{"iob":-0.003,"basaliob":-0.008,"bolussnooze":0,"activity":-1.0E-4,"lastBolusTime":1703656649000,"time":"2023-12-27T10:07:21.357Z","iobWithZeroTemp":{"iob":-0.676,"basaliob":-0.681,"bolussnooze":0,"activity":-0.0062,"lastBolusTime":1703656649000,"time":"2023-12-27T10:07:21.357Z"}},{"iob":-0.004,"basaliob":-0.008,"bolussnooze":0,"activity":0,"lastBolusTime":1703656649000,"time":"2023-12-27T10:12:21.357Z","iobWithZeroTemp":{"iob":-0.68,"basaliob":-0.684,"bolussnooze":0,"activity":-0.0061,"lastBolusTime":1703656649000,"time":"2023-12-27T10:12:21.357Z"}},{"iob":-0.003,"basaliob":-0.007,"bolussnooze":0,"activity":0,"lastBolusTime":1703656649000,"time":"2023-12-27T10:17:21.357Z","iobWithZeroTemp":{"iob":-0.681,"basaliob":-0.685,"bolussnooze":0,"activity":-0.0062,"lastBolusTime":1703656649000,"time":"2023-12-27T10:17:21.357Z"}},{"iob":-0.003,"basaliob":-0.006,"bolussnooze":0,"activity":0,"lastBolusTime":1703656649000,"time":"2023-12-27T10:22:21.357Z","iobWithZeroTemp":{"iob":-0.684,"basaliob":-0.687,"bolussnooze":0,"activity":-0.0062,"lastBolusTime":1703656649000,"time":"2023-12-27T10:22:21.357Z"}},{"iob":-0.003,"basaliob":-0.006,"bolussnooze":0,"activity":0,"lastBolusTime":1703656649000,"time":"2023-12-27T10:27:21.357Z","iobWithZeroTemp":{"iob":-0.686,"basaliob":-0.689,"bolussnooze":0,"activity":-0.0063,"lastBolusTime":1703656649000,"time":"2023-12-27T10:27:21.357Z"}}],"profile":{"max_iob":7,"type":"current","max_daily_basal":0.45,"max_basal":1.35,"min_bg":106.2,"max_bg":106.2,"target_bg":106.2,"carb_ratio":9,"sens":352.8,"max_daily_safety_multiplier":3,"current_basal_safety_multiplier":4,"lgsThreshold":65,"high_temptarget_raises_sensitivity":false,"low_temptarget_lowers_sensitivity":false,"sensitivity_raises_target":true,"resistance_lowers_target":true,"adv_target_adjustments":false,"exercise_mode":false,"half_basal_exercise_target":160,"maxCOB":120,"skip_neutral_temps":false,"remainingCarbsCap":90,"enableUAM":true,"A52_risk_enable":false,"SMBInterval":4,"enableSMB_with_COB":true,"enableSMB_with_temptarget":false,"allowSMB_with_high_temptarget":true,"enableSMB_always":true,"enableSMB_after_carbs":false,"maxSMBBasalMinutes":60,"maxUAMSMBBasalMinutes":60,"bolus_increment":0.05,"carbsReqThreshold":10,"current_basal":0.4,"temptargetSet":false,"autosens_max":1.2,"autosens_min":0.8,"out_units":"mmol\/L","variable_sens":233.9,"insulinDivisor":65,"TDD":8.261705058333336},"autosens_data":{"ratio":0.8266943620265298},"meal_data":{"carbs":0,"mealCOB":0,"slopeFromMaxDeviation":0,"slopeFromMinDeviation":0.06744444444444447,"lastBolusTime":1703656649000,"lastCarbTime":0},"microBolusAllowed":true,"currentTime":1703658743676,"flatBGsDetected":false,"tdd1D":30.685750000000006,"tdd7D":32.38752380952381,"tddLast24H":26.774583333333332,"tddLast4H":1.0346666666666666,"tddLast8to4H":1.7386666666666666},"output":{"temp":"absolute","bg":100,"tick":-2,"eventualBG":118,"targetBG":116,"insulinReq":-0.06,"deliverAt":"2023-12-27T06:32:23.676Z","sensitivityRatio":0.8266943620265298,"variable_sens":233.9,"predBGs":{"IOB":[100,98,97,96,95,94,94,94,94,95,95,96,98,99,100,100,101,102,103,104,104,105,105,106,106,107,107,108,108,108,109,109,109,109,109,110,110,110,110,110,110,111],"ZT":[100,102,104,106,108,110,113,115]},"reason":"COB: 0, Dev: -0.8, BGI: 0.1, ISF: 13.0, CR: 9, Target: 6.4, minPredBG 5.7, minGuardBG 5.2, IOBpredBG 6.2; Eventual BG 6.6 >= 6.4,  insulinReq -0.06. 25m@0.32 > 2 * insulinReq. Setting temp basal of 0.21U\/hr. ","COB":0,"IOB":-0.142,"duration":30,"rate":0.21067774481061197,"timestamp":"2023-12-27T06:32:23.700Z"}}