{"algorithm":"OpenAPSSMBDynamicISFPlugin","input":{"glucoseStatus":{"glucose":135,"noise":0,"delta":-11,"short_avgdelta":-4.33,"long_avgdelta":1.35,"date":1703417163900},"currenttemp":{"temp":"absolute","duration":40,"rate":0,"minutesrunning":80},"iob_data":[{"iob":2.299,"basaliob":-0.691,"bolussnooze":1.0978,"activity":0.0193,"lastBolusTime":1703417117000,"time":"2023-12-24T11:26:22.852Z","iobWithZeroTemp":{"iob":2.299,"basaliob":-0.691,"bolussnooze":1.0978,"activity":0.0193,"lastBolusTime":1703417117000,"time":"2023-12-24T11:26:22.852Z"}},{"iob":2.201,"basaliob":-0.659,"bolussnooze":1.0606,"activity":0.0197,"lastBolusTime":1703417117000,"time":"2023-12-24T11:31:22.852Z","iobWithZeroTemp":{"iob":2.174,"basaliob":-0.686,"bolussnooze":1.0606,"activity":0.0197,"lastBolusTime":1703417117000,"time":"2023-12-24T11:31:22.852Z"}},{"iob":2.103,"basaliob":-0.627,"bolussnooze":1.0045,"activity":0.0197,"lastBolusTime":1703417117000,"time":"2023-12-24T11:36:22.852Z","iobWithZeroTemp":{"iob":2.043,"basaliob":-0.687,"bolussnooze":1.0045,"activity":0.0196,"lastBolusTime":1703417117000,"time":"2023-12-24T11:36:22.852Z"}},{"iob":2.003,"basaliob":-0.596,"bolussnooze":0.9368,"activity":0.0197,"lastBolusTime":1703417117000,"time":"2023-12-24T11:41:22.852Z","iobWithZeroTemp":{"iob":1.911,"basaliob":-0.688,"bolussnooze":0.9368,"activity":0.0195,"lastBolusTime":1703417117000,"time":"2023-12-24T11:41:22.852Z"}},{"iob":1.905,"basaliob":-0.565,"bolussnooze":0.863,"activity":0.0196,"lastBolusTime":1703417117000,"time":"2023-12-24T11:46:22.852Z","iobWithZeroTemp":{"iob":1.78,"basaliob":-0.69,"bolussnooze":0.863,"activity":0.0193,"lastBolusTime":1703417117000,"time":"2023-12-24T11:46:22.852Z"}},{"iob":1.809,"basaliob":-0.534,"bolussnooze":0.7869,"activity":0.0192,"lastBolusTime":1703417117000,"time":"2023-12-24T11:51:22.852Z","iobWithZeroTemp":{"iob":1.653,"basaliob":-0.69,"bolussnooze":0.7869,"activity":0.0187,"lastBolusTime":1703417117000,"time":"2023-12-24T11:51:22.852Z"}},{"iob":1.713,"basaliob":-0.505,"bolussnooze":0.7114,"activity":0.0188,"lastBolusTime":1703417117000,"time":"2023-12-24T11:56:22.852Z","iobWithZeroTemp":{"iob":1.527,"basaliob":-0.691,"bolussnooze":0.7114,"activity":0.0181,"lastBolusTime":1703417117000,"time":"2023-12-24T11:56:22.852Z"}},{"iob":1.621,"basaliob":-0.476,"bolussnooze":0.6385,"activity":0.0183,"lastBolusTime":1703417117000,"time":"2023-12-24T12:01:22.852Z","iobWithZeroTemp":{"iob":1.405,"basaliob":-0.692,"bolussnooze":0.6385,"activity":0.0174,"lastBolusTime":1703417117000,"time":"2023-12-24T12:01:22.852Z"}},{"iob":1.53,"basaliob":-0.449,"bolussnooze":0.5694,"activity":0.0178,"lastBolusTime":1703417117000,"time":"2023-12-24T12:06:22.852Z","iobWithZeroTemp":{"iob":1.286,"basaliob":-0.693,"bolussnooze":0.5694,"activity":0.0167,"lastBolusTime":1703417117000,"time":"2023-12-24T12:06:22.852Z"}},{"iob":1.444,"basaliob":-0.422,"bolussnooze":0.5049,"activity":0.0172,"lastBolusTime":1703417117000,"time":"2023-12-24T12:11:22.852Z","iobWithZeroTemp":{"iob":1.172,"basaliob":-0.694,"bolussnooze":0.5049,"activity":0.0159,"lastBolusTime":1703417117000,"time":"2023-12-24T12:11:22.852Z"}},{"iob":1.359,"basaliob":-0.397,"bolussnooze":0.4455,"activity":0.0165,"lastBolusTime":1703417117000,"time":"2023-12-24T12:16:22.852Z","iobWithZeroTemp":{"iob":1.061,"basaliob":-0.695,"bolussnooze":0.4455,"activity":0.015,"lastBolusTime":1703417117000,"time":"2023-12-24T12:16:22.852Z"}},{"iob":1.278,"basaliob":-0.372,"bolussnooze":0.3913,"activity":0.0158,"lastBolusTime":1703417117000,"time":"2023-12-24T12:21:22.852Z","iobWithZeroTemp":{"iob":0.955,"basaliob":-0.695,"bolussnooze":0.3913,"activity":0.014,"lastBolusTime":1703417117000,"time":"2023-12-24T12:21:22.852Z"}},{"iob":1.2,"basaliob":-0.349,"bolussnooze":0.3423,"activity":0.0152,"lastBolusTime":1703417117000,"time":"2023-12-24T12:26:22.852Z","iobWithZeroTemp":{"iob":0.853,"basaliob":-0.696,"bolussnooze":0.3423,"activity":0.0132,"lastBolusTime":1703417117000,"time":"2023-12-24T12:26:22.852Z"}},{"iob":1.126,"basaliob":-0.327,"bolussnooze":0.2983,"activity":0.0146,"lastBolusTime":1703417117000,"time":"2023-12-24T12:31:22.852Z","iobWithZeroTemp":{"iob":0.756,"basaliob":-0.697,"bolussnooze":0.2983,"activity":0.0124,"lastBolusTime":1703417117000,"time":"2023-12-24T12:31:22.852Z"}},{"iob":1.055,"basaliob":-0.306,"bolussnooze":0.259,"activity":0.0139,"lastBolusTime":1703417117000,"time":"2023-12-24T12:36:22.852Z","iobWithZeroTemp":{"iob":0.664,"basaliob":-0.697,"bolussnooze":0.259,"activity":0.0115,"lastBolusTime":1703417117000,"time":"2023-12-24T12:36:22.852Z"}},{"iob":0.987,"basaliob":-0.286,"bolussnooze":0.2241,"activity":0.0132,"lastBolusTime":1703417117000,"time":"2023-12-24T12:41:22.852Z","iobWithZeroTemp":{"iob":0.575,"basaliob":-0.698,"bolussnooze":0.2241,"activity":0.0105,"lastBolusTime":1703417117000,"time":"2023-12-24T12:41:22.852Z"}},{"iob":0.923,"basaliob":-0.267,"bolussnooze":0.1933,"activity":0.0125,"lastBolusTime":1703417117000,"time":"2023-12-24T12:46:22.852Z","iobWithZeroTemp":{"iob":0.492,"basaliob":-0.698,"bolussnooze":0.1933,"activity":0.0096,"lastBolusTime":1703417117000,"time":"2023-12-24T12:46:22.852Z"}},{"iob":0.862,"basaliob":-0.249,"bolussnooze":0.1662,"activity":0.0118,"lastBolusTime":1703417117000,"time":"2023-12-24T12:51:22.852Z","iobWithZeroTemp":{"iob":0.412,"basaliob":-0.699,"bolussnooze":0.1662,"activity":0.0087,"lastBolusTime":1703417117000,"time":"2023-12-24T12:51:22.852Z"}},{"iob":0.805,"basaliob":-0.232,"bolussnooze":0.1426,"activity":0.0112,"lastBolusTime":1703417117000,"time":"2023-12-24T12:56:22.852Z","iobWithZeroTemp":{"iob":0.338,"basaliob":-0.699,"bolussnooze":0.1426,"activity":0.0079,"lastBolusTime":1703417117000,"time":"2023-12-24T12:56:22.852Z"}},{"iob":0.75,"basaliob":-0.216,"bolussnooze":0.1219,"activity":0.0106,"lastBolusTime":1703417117000,"time":"2023-12-24T13:01:22.852Z","iobWithZeroTemp":{"iob":0.266,"basaliob":-0.7,"bolussnooze":0.1219,"activity":0.0071,"lastBolusTime":1703417117000,"time":"2023-12-24T13:01:22.852Z"}},{"iob":0.699,"basaliob":-0.201,"bolussnooze":0.1039,"activity":0.01,"lastBolusTime":1703417117000,"time":"2023-12-24T13:06:22.852Z","iobWithZeroTemp":{"iob":0.2,"basaliob":-0.7,"bolussnooze":0.1039,"activity":0.0063,"lastBolusTime":1703417117000,"time":"2023-12-24T13:06:22.852Z"}},{"iob":0.65,"basaliob":-0.187,"bolussnooze":0.0884,"activity":0.0095,"lastBolusTime":1703417117000,"time":"2023-12-24T13:11:22.852Z","iobWithZeroTemp":{"iob":0.136,"basaliob":-0.701,"bolussnooze":0.0884,"activity":0.0056,"lastBolusTime":1703417117000,"time":"2023-12-24T13:11:22.852Z"}},{"iob":0.605,"basaliob":-0.173,"bolussnooze":0.0749,"activity":0.0088,"lastBolusTime":1703417117000,"time":"2023-12-24T13:16:22.852Z","iobWithZeroTemp":{"iob":0.078,"basaliob":-0.7,"bolussnooze":0.0749,"activity":0.0048,"lastBolusTime":1703417117000,"time":"2023-12-24T13:16:22.852Z"}},{"iob":0.562,"basaliob":-0.161,"bolussnooze":0.0634,"activity":0.0083,"lastBolusTime":1703417117000,"time":"2023-12-24T13:21:22.852Z","iobWithZeroTemp":{"iob":0.022,"basaliob":-0.701,"bolussnooze":0.0634,"activity":0.0041,"lastBolusTime":1703417117000,"time":"2023-12-24T13:21:22.852Z"}},{"iob":0.522,"basaliob":-0.149,"bolussnooze":0.0535,"activity":0.0078,"lastBolusTime":1703417117000,"time":"2023-12-24T13:26:22.852Z","iobWithZeroTemp":{"iob":-0.03,"basaliob":-0.701,"bolussnooze":0.0535,"activity":0.0035,"lastBolusTime":1703417117000,"time":"2023-12-24T13:26:22.852Z"}},{"iob":0.484,"basaliob":-0.138,"bolussnooze":0.045,"activity":0.0073,"lastBolusTime":1703417117000,"time":"2023-12-24T13:31:22.852Z","iobWithZeroTemp":{"iob":-0.079,"basaliob":-0.701,"bolussnooze":0.045,"activity":0.0028,"lastBolusTime":1703417117000,"time":"2023-12-24T13:31:22.852Z"}},{"iob":0.448,"basaliob":-0.128,"bolussnooze":0.0377,"activity":0.0068,"lastBolusTime":1703417117000,"time":"2023-12-24T13:36:22.852Z","iobWithZeroTemp":{"iob":-0.126,"basaliob":-0.702,"bolussnooze":0.0377,"activity":0.0022,"lastBolusTime":1703417117000,"time":"2023-12-24T13:36:22.852Z"}},{"iob":0.416,"basaliob":-0.118,"bolussnooze":0.0316,"activity":0.0065,"lastBolusTime":1703417117000,"time":"2023-12-24T13:41:22.852Z","iobWithZeroTemp":{"iob":-0.168,"basaliob":-0.702,"bolussnooze":0.0316,"activity":0.0017,"lastBolusTime":1703417117000,"time":"2023-12-24T13:41:22.852Z"}},{"iob":0.384,"basaliob":-0.11,"bolussnooze":0.0263,"activity":0.006,"lastBolusTime":1703417117000,"time":"2023-12-24T13:46:22.852Z","iobWithZeroTemp":{"iob":-0.209,"basaliob":-0.703,"bolussnooze":0.0263,"activity":0.0011,"lastBolusTime":1703417117000,"time":"2023-12-24T13:46:22.852Z"}},{"iob":0.356,"basaliob":-0.101,"bolussnooze":0.0219,"activity":0.0056,"lastBolusTime":1703417117000,"time":"2023-12-24T13:51:22.852Z","iobWithZeroTemp":{"iob":-0.245,"basaliob":-0.702,"bolussnooze":0.0219,"activity":6.0E-4,"lastBolusTime":1703417117000,"time":"2023-12-24T13:51:22.852Z"}},{"iob":0.329,"basaliob":-0.093,"bolussnooze":0.0181,"activity":0.0052,"lastBolusTime":1703417117000,"time":"2023-12-24T13:56:22.852Z","iobWithZeroTemp":{"iob":-0.28,"basaliob":-0.702,"bolussnooze":0.0181,"activity":1.0E-4,"lastBolusTime":1703417117000,"time":"2023-12-24T13:56:22.852Z"}},{"iob":0.303,"basaliob":-0.086,"bolussnooze":0.015,"activity":0.0049,"lastBolusTime":1703417117000,"time":"2023-12-24T14:01:22.852Z","iobWithZeroTemp":{"iob":-0.314,"basaliob":-0.703,"bolussnooze":0.015,"activity":-3.0E-4,"lastBolusTime":1703417117000,"time":"2023-12-24T14:01:22.852Z"}},{"iob":0.28,"basaliob":-0.079,"bolussnooze":0.0123,"activity":0.0045,"lastBolusTime":1703417117000,"time":"2023-12-24T14:06:22.852Z","iobWithZeroTemp":{"iob":-0.344,"basaliob":-0.703,"bolussnooze":0.0123,"activity":-8.0E-4,"lastBolusTime":1703417117000,"time":"2023-12-24T14:06:22.852Z"}},{"iob":0.258,"basaliob":-0.073,"bolussnooze":0.0101,"activity":0.0042,"lastBolusTime":1703417117000,"time":"2023-12-24T14:11:22.852Z","iobWithZeroTemp":{"iob":-0.372,"basaliob":-0.703,"bolussnooze":0.0101,"activity":-0.0012,"lastBolusTime":1703417117000,"time":"2023-12-24T14:11:22.852Z"}},{"iob":0.238,"basaliob":-0.067,"bolussnooze":0.0082,"activity":0.0039,"lastBolusTime":1703417117000,"time":"2023-12-24T14:16:22.852Z","iobWithZeroTemp":{"iob":-0.398,"basaliob":-0.703,"bolussnooze":0.0082,"activity":-0.0016,"lastBolusTime":1703417117000,"time":"2023-12-24T14:16:22.852Z"}},{"iob":0.219,"basaliob":-0.062,"bolussnooze":0.0067,"activity":0.0037,"lastBolusTime":1703417117000,"time":"2023-12-24T14:21:22.852Z","iobWithZeroTemp":{"iob":-0.423,"basaliob":-0.704,"bolussnooze":0.0067,"activity":-0.0019,"lastBolusTime":1703417117000,"time":"2023-12-24T14:21:22.852Z"}},{"iob":0.201,"basaliob":-0.057,"bolussnooze":0.0054,"activity":0.0033,"lastBolusTime":1703417117000,"time":"2023-12-24T14:26:22.852Z","iobWithZeroTemp":{"iob":-0.446,"basaliob":-0.704,"bolussnooze":0.0054,"activity":-0.0024,"lastBolusTime":1703417117000,"time":"2023-12-24T14:26:22.852Z"}},{"iob":0.185,"basaliob":-0.052,"bolussnooze":0.0043,"activity":0.0031,"lastBolusTime":1703417117000,"time":"2023-12-24T14:31:22.852Z","iobWithZeroTemp":{"iob":-0.466,"basaliob":-0.703,"bolussnooze":0.0043,"activity":-0.0027,"lastBolusTime":1703417117000,"time":"2023-12-24T14:31:22.852Z"}},{"iob":0.17,"basaliob":-0.048,"bolussnooze":0.0034,"activity":0.0029,"lastBolusTime":1703417117000,"time":"2023-12-24T14:36:22.852Z","iobWithZeroTemp":{"iob":-0.486,"basaliob":-0.704,"bolussnooze":0.0034,"activity":-0.0029,"lastBolusTime":1703417117000,"time":"2023-12-24T14:36:22.852Z"}},{"iob":0.156,"basaliob":-0.044,"bolussnooze":0.0027,"activity":0.0026,"lastBolusTime":1703417117000,"time":"2023-12-24T14:41:22.852Z","iobWithZeroTemp":{"iob":-0.504,"basaliob":-0.704,"bolussnooze":0.0027,"activity":-0.0033,"lastBolusTime":1703417117000,"time":"2023-12-24T14:41:22.852Z"}},{"iob":0.143,"basaliob":-0.04,"bolussnooze":0.0021,"activity":0.0025,"lastBolusTime":1703417117000,"time":"2023-12-24T14:46:22.852Z","iobWithZeroTemp":{"iob":-0.521,"basaliob":-0.704,"bolussnooze":0.0021,"activity":-0.0034,"lastBolusTime":1703417117000,"time":"2023-12-24T14:46:22.852Z"}},{"iob":0.131,"basaliob":-0.037,"bolussnooze":0.0016,"activity":0.0022,"lastBolusTime":1703417117000,"time":"2023-12-24T14:51:22.852Z","iobWithZeroTemp":{"iob":-0.536,"basaliob":-0.704,"bolussnooze":0.0016,"activity":-0.0038,"lastBolusTime":1703417117000,"time":"2023-12-24T14:51:22.852Z"}},{"iob":0.12,"basaliob":-0.034,"bolussnooze":0.0013,"activity":0.0021,"lastBolusTime":1703417117000,"time":"2023-12-24T14:56:22.852Z","iobWithZeroTemp":{"iob":-0.55,"basaliob":-0.704,"bolussnooze":0.0013,"activity":-0.004,"lastBolusTime":1703417117000,"time":"2023-12-24T14:56:22.852Z"}},{"iob":0.11,"basaliob":-0.031,"bolussnooze":0.001,"activity":0.0019,"lastBolusTime":1703417117000,"time":"2023-12-24T15:01:22.852Z","iobWithZeroTemp":{"iob":-0.563,"basaliob":-0.704,"bolussnooze":0.001,"activity":-0.0042,"lastBolusTime":1703417117000,"time":"2023-12-24T15:01:22.852Z"}},{"iob":0.101,"basaliob":-0.028,"bolussnooze":7.0E-4,"activity":0.0018,"lastBolusTime":1703417117000,"time":"2023-12-24T15:06:22.852Z","iobWithZeroTemp":{"iob":-0.575,"basaliob":-0.704,"bolussnooze":7.0E-4,"activity":-0.0043,"lastBolusTime":1703417117000,"time":"2023-12-24T15:06:22.852Z"}},{"iob":0.092,"basaliob":-0.026,"bolussnooze":5.0E-4,"activity":0.0016,"lastBolusTime":1703417117000,"time":"2023-12-24T15:11:22.852Z","iobWithZeroTemp":{"iob":-0.586,"basaliob":-0.704,"bolussnooze":5.0E-4,"activity":-0.0046,"lastBolusTime":1703417117000,"time":"2023-12-24T15:11:22.852Z"}},{"iob":0.083,"basaliob":-0.024,"bolussnooze":4.0E-4,"activity":0.0016,"lastBolusTime":1703417117000,"time":"2023-12-24T15:16:22.852Z","iobWithZeroTemp":{"iob":-0.598,"basaliob":-0.705,"bolussnooze":4.0E-4,"activity":-0.0046,"lastBolusTime":1703417117000,"time":"2023-12-24T15:16:22.852Z"}},{"iob":0.077,"basaliob":-0.021,"bolussnooze":2.0E-4,"activity":0.0014,"lastBolusTime":1703417117000,"time":"2023-12-24T15:21:22.852Z","iobWithZeroTemp":{"iob":-0.606,"basaliob":-0.704,"bolussnooze":2.0E-4,"activity":-0.0049,"lastBolusTime":1703417117000,"time":"2023-12-24T15:21:22.852Z"}}],"profile":{"max_iob":7,"type":"current","max_daily_basal":0.45,"max_basal":1.35,"min_bg":81.0000000000001,"max_bg":81.0000000000001,"target_bg":81.0000000000001,"carb_ratio":11,"sens":352.8,"max_daily_safety_multiplier":3,"current_basal_safety_multiplier":4,"lgsThreshold":65,"high_temptarget_raises_sensitivity":false,"low_temptarget_lowers_sensitivity":false,"sensitivity_raises_target":true,"resistance_lowers_target":true,"adv_target_adjustments":false,"exercise_mode":false,"half_basal_exercise_target":160,"maxCOB":120,"skip_neutral_temps":false,"remainingCarbsCap":90,"enableUAM":true,"A52_risk_enable":false,"SMBInterval":4,"enableSMB_with_COB":true,"enableSMB_with_temptarget":false,"allowSMB_with_high_temptarget":true,"enableSMB_always":true,"enableSMB_after_carbs":false,"maxSMBBasalMinutes":60,"maxUAMSMBBasalMinutes":60,"bolus_increment":0.05,"carbsReqThreshold":10,"current_basal":0.4,"temptargetSet":true,"autosens_max":1.2,"autosens_min":0.8,"out_units":"mmol\/L","variable_sens":124.6,"insulinDivisor":65,"TDD":12.856000028571428},"autosens_data":{"ratio":0.9379721167687581},"meal_data":{"carbs":90,"mealCOB":20.27339455782313,"slopeFromMaxDeviation":-1.7710975609756094,"slopeFromMinDeviation":0,"lastBolusTime":1703417117000,"lastCarbTime":1703416973000},"microBolusAllowed":true,"currentTime":1703417185137,"flatBGsDetected":false,"tdd1D":36.190166666666634,"tdd7D":31.004297619047623,"tddLast24H":29.081166666666668,"tddLast4H":8.920000000000002,"tddLast8to4H":1.4541666666666666},"output":{"temp":"absolute","bg":135,"tick":-11,"eventualBG":82,"targetBG":81.0000000000001,"insulinReq":0,"deliverAt":"2023-12-24T11:26:25.137Z","sensitivityRatio":0.9379721167687581,"variable_sens":124.6,"predBGs":{"IOB":[135,124,112,99,85,69,50,39,39,39,39,39,39],"ZT":[135,123,110,96,81,64,45,39,39,39,39,39,39,39,39,39,39,39,39,39,39,39,39,39,39,39,39,39,39,39,39,39,39,39,39,39,39,39,39,39,39,39,39,39,39,39,39,39],"COB":[135,124,114,105,95,87,79,72,65,60,55,51,49,47,46,46,47,49,52,55,60,64,68,72,75,79,82,84,87,89,91,93,94,95,95,95,95,94,93,92,90,89,87,86,85,84,83,82],"UAM":[135,123,110,96,81,64,44,39,39,39,39,39,39]},"reason":"COB: 20.3, Dev: 0.3, BGI: -0.7, ISF: 6.9, CR: 11, Target: 4.5, minPredBG -14.8, minGuardBG -19.1, IOBpredBG 2.2, COBpredBG 4.6, UAMpredBG 2.2; 33 add'l carbs req w\/in 45m; minGuardBG -19.1<3.6","COB":20.27339455782313,"IOB":2.299,"carbsReq":33,"carbsReqWithin":45,"duration":120,"rate":0,"timestamp":"2023-12-24T11:26:25.162Z"}}